ISO-10303-21;
HEADER;
/* Generated by software containing ST-Developer
 * from STEP Tools, Inc. (www.steptools.com) 
 */

FILE_DESCRIPTION(
/* description */ (''),
/* implementation_level */ '2;1');

FILE_NAME(
/* name */ 'back_sleeve.stp',
/* time_stamp */ '2026-08-21T19:08:25+02:00',
/* author */ ('zzapa'),
/* organization */ (''),
/* preprocessor_version */ 'ST-DEVELOPER v20',
/* originating_system */ 'Autodesk Inventor 2025',
/* authorisation */ '');

FILE_SCHEMA (('AUTOMOTIVE_DESIGN { 1 0 10303 214 3 1 1 }'));
ENDSEC;

DATA;
#10=MECHANICAL_DESIGN_GEOMETRIC_PRESENTATION_REPRESENTATION('',(#13),#2146);
#11=SHAPE_REPRESENTATION_RELATIONSHIP('SRR','None',#2153,#12);
#12=ADVANCED_BREP_SHAPE_REPRESENTATION('',(#14),#2145);
#13=STYLED_ITEM('',(#2162),#14);
#14=MANIFOLD_SOLID_BREP('Bry\X2\0142\X0\a1',#1176);
#15=B_SPLINE_CURVE_WITH_KNOTS('',3,(#1934,#1935,#1936,#1937,#1938,#1939,
#1940,#1941,#1942,#1943,#1944,#1945,#1946,#1947,#1948,#1949,#1950,#1951),
 .UNSPECIFIED.,.F.,.F.,(4,2,2,2,2,2,2,2,4),(0.,0.0546309356370327,0.109261871274065,
0.163892791316567,0.218523711359069,0.273154631401571,0.327785551444073,
0.382416487081106,0.437047422718138),.UNSPECIFIED.);
#16=B_SPLINE_CURVE_WITH_KNOTS('',3,(#1952,#1953,#1954,#1955,#1956,#1957,
#1958,#1959,#1960,#1961,#1962,#1963,#1964,#1965,#1966,#1967,#1968,#1969),
 .UNSPECIFIED.,.F.,.F.,(4,2,2,2,2,2,2,2,4),(0.437047422718138,0.491678358355171,
0.546309293992204,0.600940214034706,0.655571134077208,0.71020205411971,
0.764832974162212,0.819463909799244,0.874094845436277),.UNSPECIFIED.);
#17=B_SPLINE_CURVE_WITH_KNOTS('',3,(#1978,#1979,#1980,#1981,#1982,#1983,
#1984,#1985,#1986,#1987,#1988,#1989,#1990,#1991,#1992,#1993,#1994,#1995),
 .UNSPECIFIED.,.F.,.F.,(4,2,2,2,2,2,2,2,4),(0.,0.0546309356370327,0.109261871274065,
0.163892791316567,0.218523711359069,0.273154631401571,0.327785551444073,
0.382416487081106,0.437047422718139),.UNSPECIFIED.);
#18=B_SPLINE_CURVE_WITH_KNOTS('',3,(#1996,#1997,#1998,#1999,#2000,#2001,
#2002,#2003,#2004,#2005,#2006,#2007,#2008,#2009,#2010,#2011,#2012,#2013),
 .UNSPECIFIED.,.F.,.F.,(4,2,2,2,2,2,2,2,4),(0.437047422718139,0.491678358355171,
0.546309293992204,0.600940214034706,0.655571134077208,0.71020205411971,
0.764832974162212,0.819463909799244,0.874094845436277),.UNSPECIFIED.);
#19=B_SPLINE_CURVE_WITH_KNOTS('',3,(#2022,#2023,#2024,#2025,#2026,#2027,
#2028,#2029,#2030,#2031,#2032,#2033,#2034,#2035,#2036,#2037,#2038,#2039),
 .UNSPECIFIED.,.F.,.F.,(4,2,2,2,2,2,2,2,4),(0.,0.0546309356370327,0.109261871274065,
0.163892791316567,0.218523711359069,0.273154631401571,0.327785551444073,
0.382416487081106,0.437047422718139),.UNSPECIFIED.);
#20=B_SPLINE_CURVE_WITH_KNOTS('',3,(#2040,#2041,#2042,#2043,#2044,#2045,
#2046,#2047,#2048,#2049,#2050,#2051,#2052,#2053,#2054,#2055,#2056,#2057),
 .UNSPECIFIED.,.F.,.F.,(4,2,2,2,2,2,2,2,4),(0.437047422718139,0.491678358355171,
0.546309293992204,0.600940214034706,0.655571134077208,0.71020205411971,
0.764832974162212,0.819463909799244,0.874094845436277),.UNSPECIFIED.);
#21=B_SPLINE_CURVE_WITH_KNOTS('',3,(#2096,#2097,#2098,#2099,#2100,#2101,
#2102,#2103,#2104,#2105,#2106,#2107,#2108,#2109,#2110,#2111,#2112,#2113),
 .UNSPECIFIED.,.F.,.F.,(4,2,2,2,2,2,2,2,4),(0.,0.0546309356370327,0.109261871274065,
0.163892791316567,0.218523711359069,0.273154631401571,0.327785551444073,
0.382416487081106,0.437047422718138),.UNSPECIFIED.);
#22=B_SPLINE_CURVE_WITH_KNOTS('',3,(#2114,#2115,#2116,#2117,#2118,#2119,
#2120,#2121,#2122,#2123,#2124,#2125,#2126,#2127,#2128,#2129,#2130,#2131),
 .UNSPECIFIED.,.F.,.F.,(4,2,2,2,2,2,2,2,4),(0.437047422718138,0.491678358355171,
0.546309293992204,0.600940214034706,0.655571134077208,0.71020205411971,
0.764832974162212,0.819463909799244,0.874094845436277),.UNSPECIFIED.);
#23=FACE_BOUND('',#206,.T.);
#24=FACE_BOUND('',#207,.T.);
#25=FACE_BOUND('',#208,.T.);
#26=FACE_BOUND('',#214,.T.);
#27=FACE_BOUND('',#215,.T.);
#28=FACE_BOUND('',#216,.T.);
#29=FACE_BOUND('',#221,.T.);
#30=FACE_BOUND('',#227,.T.);
#31=FACE_BOUND('',#230,.T.);
#32=FACE_BOUND('',#233,.T.);
#33=FACE_BOUND('',#235,.T.);
#34=FACE_BOUND('',#238,.T.);
#35=FACE_BOUND('',#241,.T.);
#36=FACE_BOUND('',#254,.T.);
#37=FACE_BOUND('',#256,.T.);
#38=FACE_BOUND('',#259,.T.);
#39=CONICAL_SURFACE('',#1209,29.4,0.785398163397446);
#40=CONICAL_SURFACE('',#1220,29.4,0.785398163397446);
#41=CONICAL_SURFACE('',#1231,29.4,0.785398163397446);
#42=CONICAL_SURFACE('',#1241,29.4,0.785398163397446);
#43=CONICAL_SURFACE('',#1243,2.5,0.78539816339745);
#44=CONICAL_SURFACE('',#1253,2.5,0.78539816339745);
#45=CONICAL_SURFACE('',#1258,2.5,0.78539816339745);
#46=CONICAL_SURFACE('',#1271,2.5,0.78539816339745);
#47=CONICAL_SURFACE('',#1272,11.6,0.785398163397448);
#48=CONICAL_SURFACE('',#1280,11.6,0.785398163397449);
#49=CONICAL_SURFACE('',#1281,32.5,0.785398163397449);
#50=CIRCLE('',#1203,29.9);
#51=CIRCLE('',#1205,29.9);
#52=CIRCLE('',#1208,26.9000000000001);
#53=CIRCLE('',#1210,29.9);
#54=CIRCLE('',#1211,28.9);
#55=CIRCLE('',#1213,29.9);
#56=CIRCLE('',#1219,26.9000000000001);
#57=CIRCLE('',#1221,29.9);
#58=CIRCLE('',#1222,28.9);
#59=CIRCLE('',#1224,29.9);
#60=CIRCLE('',#1230,26.9000000000001);
#61=CIRCLE('',#1232,29.9);
#62=CIRCLE('',#1233,28.9);
#63=CIRCLE('',#1235,29.9);
#64=CIRCLE('',#1240,26.9000000000001);
#65=CIRCLE('',#1242,28.9);
#66=CIRCLE('',#1244,3.);
#67=CIRCLE('',#1245,2.);
#68=CIRCLE('',#1247,32.);
#69=CIRCLE('',#1248,3.);
#70=CIRCLE('',#1249,12.1);
#71=CIRCLE('',#1251,2.);
#72=CIRCLE('',#1252,2.);
#73=CIRCLE('',#1254,2.);
#74=CIRCLE('',#1256,2.);
#75=CIRCLE('',#1257,2.);
#76=CIRCLE('',#1259,3.);
#77=CIRCLE('',#1261,26.9);
#78=CIRCLE('',#1262,27.9);
#79=CIRCLE('',#1263,26.9);
#80=CIRCLE('',#1264,27.9);
#81=CIRCLE('',#1265,26.9);
#82=CIRCLE('',#1266,27.9);
#83=CIRCLE('',#1267,26.9);
#84=CIRCLE('',#1268,27.9);
#85=CIRCLE('',#1269,3.);
#86=CIRCLE('',#1270,13.);
#87=CIRCLE('',#1273,12.1);
#88=CIRCLE('',#1274,11.1);
#89=CIRCLE('',#1275,11.1);
#90=CIRCLE('',#1277,11.1);
#91=CIRCLE('',#1279,13.);
#92=CIRCLE('',#1282,33.);
#93=CIRCLE('',#1283,33.);
#94=CIRCLE('',#1285,33.);
#95=CIRCLE('',#1287,1.45);
#96=CIRCLE('',#1290,1.45);
#97=CIRCLE('',#1293,1.45);
#98=CIRCLE('',#1302,27.9);
#99=CIRCLE('',#1304,27.9);
#100=CIRCLE('',#1306,27.9);
#101=CIRCLE('',#1311,1.45);
#102=CIRCLE('',#1313,27.9);
#103=CYLINDRICAL_SURFACE('',#1202,29.9);
#104=CYLINDRICAL_SURFACE('',#1212,29.9);
#105=CYLINDRICAL_SURFACE('',#1223,29.9);
#106=CYLINDRICAL_SURFACE('',#1234,29.9);
#107=CYLINDRICAL_SURFACE('',#1250,2.);
#108=CYLINDRICAL_SURFACE('',#1255,2.);
#109=CYLINDRICAL_SURFACE('',#1276,11.1);
#110=CYLINDRICAL_SURFACE('',#1284,33.);
#111=CYLINDRICAL_SURFACE('',#1286,1.45);
#112=CYLINDRICAL_SURFACE('',#1289,1.45);
#113=CYLINDRICAL_SURFACE('',#1292,1.45);
#114=CYLINDRICAL_SURFACE('',#1295,26.9);
#115=CYLINDRICAL_SURFACE('',#1297,26.9);
#116=CYLINDRICAL_SURFACE('',#1299,26.9);
#117=CYLINDRICAL_SURFACE('',#1301,27.9);
#118=CYLINDRICAL_SURFACE('',#1303,27.9);
#119=CYLINDRICAL_SURFACE('',#1305,27.9);
#120=CYLINDRICAL_SURFACE('',#1310,1.45);
#121=CYLINDRICAL_SURFACE('',#1314,27.9);
#122=CYLINDRICAL_SURFACE('',#1315,13.);
#123=CYLINDRICAL_SURFACE('',#1317,26.9);
#124=FACE_OUTER_BOUND('',#184,.T.);
#125=FACE_OUTER_BOUND('',#185,.T.);
#126=FACE_OUTER_BOUND('',#186,.T.);
#127=FACE_OUTER_BOUND('',#187,.T.);
#128=FACE_OUTER_BOUND('',#188,.T.);
#129=FACE_OUTER_BOUND('',#189,.T.);
#130=FACE_OUTER_BOUND('',#190,.T.);
#131=FACE_OUTER_BOUND('',#191,.T.);
#132=FACE_OUTER_BOUND('',#192,.T.);
#133=FACE_OUTER_BOUND('',#193,.T.);
#134=FACE_OUTER_BOUND('',#194,.T.);
#135=FACE_OUTER_BOUND('',#195,.T.);
#136=FACE_OUTER_BOUND('',#196,.T.);
#137=FACE_OUTER_BOUND('',#197,.T.);
#138=FACE_OUTER_BOUND('',#198,.T.);
#139=FACE_OUTER_BOUND('',#199,.T.);
#140=FACE_OUTER_BOUND('',#200,.T.);
#141=FACE_OUTER_BOUND('',#201,.T.);
#142=FACE_OUTER_BOUND('',#202,.T.);
#143=FACE_OUTER_BOUND('',#203,.T.);
#144=FACE_OUTER_BOUND('',#204,.T.);
#145=FACE_OUTER_BOUND('',#205,.T.);
#146=FACE_OUTER_BOUND('',#209,.T.);
#147=FACE_OUTER_BOUND('',#210,.T.);
#148=FACE_OUTER_BOUND('',#211,.T.);
#149=FACE_OUTER_BOUND('',#212,.T.);
#150=FACE_OUTER_BOUND('',#213,.T.);
#151=FACE_OUTER_BOUND('',#217,.T.);
#152=FACE_OUTER_BOUND('',#218,.T.);
#153=FACE_OUTER_BOUND('',#219,.T.);
#154=FACE_OUTER_BOUND('',#220,.T.);
#155=FACE_OUTER_BOUND('',#222,.T.);
#156=FACE_OUTER_BOUND('',#223,.T.);
#157=FACE_OUTER_BOUND('',#224,.T.);
#158=FACE_OUTER_BOUND('',#225,.T.);
#159=FACE_OUTER_BOUND('',#226,.T.);
#160=FACE_OUTER_BOUND('',#228,.T.);
#161=FACE_OUTER_BOUND('',#229,.T.);
#162=FACE_OUTER_BOUND('',#231,.T.);
#163=FACE_OUTER_BOUND('',#232,.T.);
#164=FACE_OUTER_BOUND('',#234,.T.);
#165=FACE_OUTER_BOUND('',#236,.T.);
#166=FACE_OUTER_BOUND('',#237,.T.);
#167=FACE_OUTER_BOUND('',#239,.T.);
#168=FACE_OUTER_BOUND('',#240,.T.);
#169=FACE_OUTER_BOUND('',#242,.T.);
#170=FACE_OUTER_BOUND('',#243,.T.);
#171=FACE_OUTER_BOUND('',#244,.T.);
#172=FACE_OUTER_BOUND('',#245,.T.);
#173=FACE_OUTER_BOUND('',#246,.T.);
#174=FACE_OUTER_BOUND('',#247,.T.);
#175=FACE_OUTER_BOUND('',#248,.T.);
#176=FACE_OUTER_BOUND('',#249,.T.);
#177=FACE_OUTER_BOUND('',#250,.T.);
#178=FACE_OUTER_BOUND('',#251,.T.);
#179=FACE_OUTER_BOUND('',#252,.T.);
#180=FACE_OUTER_BOUND('',#253,.T.);
#181=FACE_OUTER_BOUND('',#255,.T.);
#182=FACE_OUTER_BOUND('',#257,.T.);
#183=FACE_OUTER_BOUND('',#258,.T.);
#184=EDGE_LOOP('',(#750,#751,#752,#753,#754,#755));
#185=EDGE_LOOP('',(#756,#757,#758,#759,#760,#761,#762,#763));
#186=EDGE_LOOP('',(#764,#765,#766,#767,#768,#769,#770,#771));
#187=EDGE_LOOP('',(#772,#773,#774,#775));
#188=EDGE_LOOP('',(#776,#777,#778,#779));
#189=EDGE_LOOP('',(#780,#781,#782,#783,#784,#785,#786,#787));
#190=EDGE_LOOP('',(#788,#789,#790,#791,#792,#793));
#191=EDGE_LOOP('',(#794,#795,#796,#797,#798,#799,#800,#801));
#192=EDGE_LOOP('',(#802,#803,#804,#805));
#193=EDGE_LOOP('',(#806,#807,#808,#809));
#194=EDGE_LOOP('',(#810,#811,#812,#813,#814,#815,#816,#817));
#195=EDGE_LOOP('',(#818,#819,#820,#821,#822,#823));
#196=EDGE_LOOP('',(#824,#825,#826,#827,#828,#829,#830,#831));
#197=EDGE_LOOP('',(#832,#833,#834,#835));
#198=EDGE_LOOP('',(#836,#837,#838,#839));
#199=EDGE_LOOP('',(#840,#841,#842,#843,#844,#845,#846,#847));
#200=EDGE_LOOP('',(#848,#849,#850,#851,#852,#853));
#201=EDGE_LOOP('',(#854,#855,#856,#857,#858,#859,#860,#861));
#202=EDGE_LOOP('',(#862,#863,#864,#865));
#203=EDGE_LOOP('',(#866,#867,#868,#869));
#204=EDGE_LOOP('',(#870,#871,#872,#873));
#205=EDGE_LOOP('',(#874));
#206=EDGE_LOOP('',(#875));
#207=EDGE_LOOP('',(#876));
#208=EDGE_LOOP('',(#877));
#209=EDGE_LOOP('',(#878,#879,#880,#881,#882));
#210=EDGE_LOOP('',(#883,#884,#885,#886));
#211=EDGE_LOOP('',(#887,#888,#889,#890,#891));
#212=EDGE_LOOP('',(#892,#893,#894,#895,#896));
#213=EDGE_LOOP('',(#897,#898,#899,#900,#901,#902,#903,#904,#905,#906,#907,
#908,#909,#910,#911,#912));
#214=EDGE_LOOP('',(#913));
#215=EDGE_LOOP('',(#914));
#216=EDGE_LOOP('',(#915));
#217=EDGE_LOOP('',(#916,#917,#918,#919,#920));
#218=EDGE_LOOP('',(#921,#922,#923,#924,#925));
#219=EDGE_LOOP('',(#926,#927,#928,#929,#930));
#220=EDGE_LOOP('',(#931));
#221=EDGE_LOOP('',(#932));
#222=EDGE_LOOP('',(#933,#934,#935,#936));
#223=EDGE_LOOP('',(#937,#938,#939,#940,#941));
#224=EDGE_LOOP('',(#942,#943,#944,#945,#946));
#225=EDGE_LOOP('',(#947,#948,#949,#950,#951));
#226=EDGE_LOOP('',(#952,#953,#954,#955));
#227=EDGE_LOOP('',(#956));
#228=EDGE_LOOP('',(#957,#958,#959,#960,#961));
#229=EDGE_LOOP('',(#962,#963,#964,#965));
#230=EDGE_LOOP('',(#966));
#231=EDGE_LOOP('',(#967,#968,#969,#970,#971));
#232=EDGE_LOOP('',(#972,#973,#974,#975));
#233=EDGE_LOOP('',(#976));
#234=EDGE_LOOP('',(#977,#978,#979,#980));
#235=EDGE_LOOP('',(#981,#982));
#236=EDGE_LOOP('',(#983,#984,#985,#986,#987,#988,#989,#990));
#237=EDGE_LOOP('',(#991,#992,#993,#994));
#238=EDGE_LOOP('',(#995,#996));
#239=EDGE_LOOP('',(#997,#998,#999,#1000,#1001,#1002,#1003,#1004));
#240=EDGE_LOOP('',(#1005,#1006,#1007,#1008));
#241=EDGE_LOOP('',(#1009,#1010));
#242=EDGE_LOOP('',(#1011,#1012,#1013,#1014,#1015,#1016,#1017,#1018));
#243=EDGE_LOOP('',(#1019,#1020,#1021,#1022));
#244=EDGE_LOOP('',(#1023,#1024,#1025,#1026));
#245=EDGE_LOOP('',(#1027,#1028,#1029,#1030));
#246=EDGE_LOOP('',(#1031,#1032,#1033,#1034));
#247=EDGE_LOOP('',(#1035,#1036,#1037,#1038));
#248=EDGE_LOOP('',(#1039,#1040,#1041,#1042));
#249=EDGE_LOOP('',(#1043,#1044,#1045,#1046,#1047));
#250=EDGE_LOOP('',(#1048,#1049,#1050,#1051));
#251=EDGE_LOOP('',(#1052,#1053,#1054,#1055));
#252=EDGE_LOOP('',(#1056,#1057,#1058,#1059));
#253=EDGE_LOOP('',(#1060,#1061,#1062,#1063));
#254=EDGE_LOOP('',(#1064));
#255=EDGE_LOOP('',(#1065,#1066,#1067,#1068));
#256=EDGE_LOOP('',(#1069,#1070));
#257=EDGE_LOOP('',(#1071,#1072,#1073,#1074,#1075,#1076,#1077,#1078));
#258=EDGE_LOOP('',(#1079));
#259=EDGE_LOOP('',(#1080,#1081,#1082,#1083,#1084,#1085,#1086,#1087));
#260=ELLIPSE('',#1200,42.2849855149555,29.9);
#261=ELLIPSE('',#1201,42.2849855149555,29.9);
#262=ELLIPSE('',#1204,42.2849855149555,29.9);
#263=ELLIPSE('',#1214,42.2849855149555,29.9);
#264=ELLIPSE('',#1216,42.2849855149555,29.9);
#265=ELLIPSE('',#1225,42.2849855149555,29.9);
#266=ELLIPSE('',#1227,42.2849855149555,29.9);
#267=ELLIPSE('',#1236,42.2849855149555,29.9);
#268=LINE('',#1668,#368);
#269=LINE('',#1670,#369);
#270=LINE('',#1672,#370);
#271=LINE('',#1676,#371);
#272=LINE('',#1680,#372);
#273=LINE('',#1684,#373);
#274=LINE('',#1688,#374);
#275=LINE('',#1691,#375);
#276=LINE('',#1694,#376);
#277=LINE('',#1696,#377);
#278=LINE('',#1698,#378);
#279=LINE('',#1700,#379);
#280=LINE('',#1702,#380);
#281=LINE('',#1703,#381);
#282=LINE('',#1706,#382);
#283=LINE('',#1711,#383);
#284=LINE('',#1715,#384);
#285=LINE('',#1719,#385);
#286=LINE('',#1723,#386);
#287=LINE('',#1726,#387);
#288=LINE('',#1727,#388);
#289=LINE('',#1731,#389);
#290=LINE('',#1733,#390);
#291=LINE('',#1734,#391);
#292=LINE('',#1736,#392);
#293=LINE('',#1740,#393);
#294=LINE('',#1742,#394);
#295=LINE('',#1744,#395);
#296=LINE('',#1746,#396);
#297=LINE('',#1747,#397);
#298=LINE('',#1750,#398);
#299=LINE('',#1755,#399);
#300=LINE('',#1759,#400);
#301=LINE('',#1763,#401);
#302=LINE('',#1767,#402);
#303=LINE('',#1770,#403);
#304=LINE('',#1771,#404);
#305=LINE('',#1775,#405);
#306=LINE('',#1777,#406);
#307=LINE('',#1778,#407);
#308=LINE('',#1780,#408);
#309=LINE('',#1784,#409);
#310=LINE('',#1786,#410);
#311=LINE('',#1788,#411);
#312=LINE('',#1790,#412);
#313=LINE('',#1791,#413);
#314=LINE('',#1794,#414);
#315=LINE('',#1799,#415);
#316=LINE('',#1803,#416);
#317=LINE('',#1807,#417);
#318=LINE('',#1811,#418);
#319=LINE('',#1814,#419);
#320=LINE('',#1815,#420);
#321=LINE('',#1818,#421);
#322=LINE('',#1820,#422);
#323=LINE('',#1821,#423);
#324=LINE('',#1822,#424);
#325=LINE('',#1825,#425);
#326=LINE('',#1827,#426);
#327=LINE('',#1829,#427);
#328=LINE('',#1831,#428);
#329=LINE('',#1832,#429);
#330=LINE('',#1835,#430);
#331=LINE('',#1839,#431);
#332=LINE('',#1845,#432);
#333=LINE('',#1859,#433);
#334=LINE('',#1862,#434);
#335=LINE('',#1869,#435);
#336=LINE('',#1873,#436);
#337=LINE('',#1878,#437);
#338=LINE('',#1883,#438);
#339=LINE('',#1888,#439);
#340=LINE('',#1893,#440);
#341=LINE('',#1900,#441);
#342=LINE('',#1905,#442);
#343=LINE('',#1911,#443);
#344=LINE('',#1917,#444);
#345=LINE('',#1923,#445);
#346=LINE('',#1927,#446);
#347=LINE('',#1932,#447);
#348=LINE('',#1971,#448);
#349=LINE('',#1976,#449);
#350=LINE('',#2015,#450);
#351=LINE('',#2020,#451);
#352=LINE('',#2059,#452);
#353=LINE('',#2061,#453);
#354=LINE('',#2064,#454);
#355=LINE('',#2065,#455);
#356=LINE('',#2067,#456);
#357=LINE('',#2070,#457);
#358=LINE('',#2071,#458);
#359=LINE('',#2073,#459);
#360=LINE('',#2076,#460);
#361=LINE('',#2077,#461);
#362=LINE('',#2082,#462);
#363=LINE('',#2088,#463);
#364=LINE('',#2094,#464);
#365=LINE('',#2136,#465);
#366=LINE('',#2138,#466);
#367=LINE('',#2140,#467);
#368=VECTOR('',#1324,10.);
#369=VECTOR('',#1325,10.);
#370=VECTOR('',#1326,10.);
#371=VECTOR('',#1329,10.);
#372=VECTOR('',#1334,10.);
#373=VECTOR('',#1337,10.);
#374=VECTOR('',#1340,10.);
#375=VECTOR('',#1343,10.);
#376=VECTOR('',#1346,10.);
#377=VECTOR('',#1347,10.);
#378=VECTOR('',#1348,10.);
#379=VECTOR('',#1349,10.);
#380=VECTOR('',#1350,10.);
#381=VECTOR('',#1351,10.);
#382=VECTOR('',#1354,10.);
#383=VECTOR('',#1359,10.);
#384=VECTOR('',#1362,10.);
#385=VECTOR('',#1367,10.);
#386=VECTOR('',#1370,10.);
#387=VECTOR('',#1373,10.);
#388=VECTOR('',#1374,10.);
#389=VECTOR('',#1377,10.);
#390=VECTOR('',#1378,10.);
#391=VECTOR('',#1379,10.);
#392=VECTOR('',#1380,10.);
#393=VECTOR('',#1385,10.);
#394=VECTOR('',#1386,10.);
#395=VECTOR('',#1387,10.);
#396=VECTOR('',#1388,10.);
#397=VECTOR('',#1389,10.);
#398=VECTOR('',#1392,10.);
#399=VECTOR('',#1397,10.);
#400=VECTOR('',#1400,10.);
#401=VECTOR('',#1405,10.);
#402=VECTOR('',#1408,10.);
#403=VECTOR('',#1411,10.);
#404=VECTOR('',#1412,10.);
#405=VECTOR('',#1415,10.);
#406=VECTOR('',#1416,10.);
#407=VECTOR('',#1417,10.);
#408=VECTOR('',#1418,10.);
#409=VECTOR('',#1423,10.);
#410=VECTOR('',#1424,10.);
#411=VECTOR('',#1425,10.);
#412=VECTOR('',#1426,10.);
#413=VECTOR('',#1427,10.);
#414=VECTOR('',#1430,10.);
#415=VECTOR('',#1435,10.);
#416=VECTOR('',#1438,10.);
#417=VECTOR('',#1443,10.);
#418=VECTOR('',#1446,10.);
#419=VECTOR('',#1449,10.);
#420=VECTOR('',#1450,10.);
#421=VECTOR('',#1453,10.);
#422=VECTOR('',#1454,10.);
#423=VECTOR('',#1455,10.);
#424=VECTOR('',#1456,10.);
#425=VECTOR('',#1459,10.);
#426=VECTOR('',#1460,10.);
#427=VECTOR('',#1461,10.);
#428=VECTOR('',#1462,10.);
#429=VECTOR('',#1463,10.);
#430=VECTOR('',#1466,10.);
#431=VECTOR('',#1471,10.);
#432=VECTOR('',#1478,2.5);
#433=VECTOR('',#1495,2.);
#434=VECTOR('',#1498,2.5);
#435=VECTOR('',#1507,2.);
#436=VECTOR('',#1512,2.5);
#437=VECTOR('',#1517,10.);
#438=VECTOR('',#1522,10.);
#439=VECTOR('',#1527,10.);
#440=VECTOR('',#1532,10.);
#441=VECTOR('',#1541,2.5);
#442=VECTOR('',#1546,11.6);
#443=VECTOR('',#1553,11.1);
#444=VECTOR('',#1562,11.6);
#445=VECTOR('',#1569,32.5);
#446=VECTOR('',#1574,33.);
#447=VECTOR('',#1579,1.45);
#448=VECTOR('',#1582,10.);
#449=VECTOR('',#1587,1.45);
#450=VECTOR('',#1590,10.);
#451=VECTOR('',#1595,1.45);
#452=VECTOR('',#1598,10.);
#453=VECTOR('',#1601,10.);
#454=VECTOR('',#1604,10.);
#455=VECTOR('',#1605,10.);
#456=VECTOR('',#1608,10.);
#457=VECTOR('',#1611,10.);
#458=VECTOR('',#1612,10.);
#459=VECTOR('',#1615,10.);
#460=VECTOR('',#1618,10.);
#461=VECTOR('',#1619,10.);
#462=VECTOR('',#1626,10.);
#463=VECTOR('',#1637,10.);
#464=VECTOR('',#1644,1.45);
#465=VECTOR('',#1653,13.);
#466=VECTOR('',#1656,10.);
#467=VECTOR('',#1659,10.);
#468=VERTEX_POINT('',#1666);
#469=VERTEX_POINT('',#1667);
#470=VERTEX_POINT('',#1669);
#471=VERTEX_POINT('',#1671);
#472=VERTEX_POINT('',#1673);
#473=VERTEX_POINT('',#1675);
#474=VERTEX_POINT('',#1679);
#475=VERTEX_POINT('',#1681);
#476=VERTEX_POINT('',#1683);
#477=VERTEX_POINT('',#1685);
#478=VERTEX_POINT('',#1687);
#479=VERTEX_POINT('',#1689);
#480=VERTEX_POINT('',#1693);
#481=VERTEX_POINT('',#1695);
#482=VERTEX_POINT('',#1697);
#483=VERTEX_POINT('',#1699);
#484=VERTEX_POINT('',#1701);
#485=VERTEX_POINT('',#1705);
#486=VERTEX_POINT('',#1709);
#487=VERTEX_POINT('',#1710);
#488=VERTEX_POINT('',#1712);
#489=VERTEX_POINT('',#1714);
#490=VERTEX_POINT('',#1718);
#491=VERTEX_POINT('',#1720);
#492=VERTEX_POINT('',#1722);
#493=VERTEX_POINT('',#1724);
#494=VERTEX_POINT('',#1729);
#495=VERTEX_POINT('',#1730);
#496=VERTEX_POINT('',#1732);
#497=VERTEX_POINT('',#1735);
#498=VERTEX_POINT('',#1739);
#499=VERTEX_POINT('',#1741);
#500=VERTEX_POINT('',#1743);
#501=VERTEX_POINT('',#1745);
#502=VERTEX_POINT('',#1749);
#503=VERTEX_POINT('',#1753);
#504=VERTEX_POINT('',#1754);
#505=VERTEX_POINT('',#1756);
#506=VERTEX_POINT('',#1758);
#507=VERTEX_POINT('',#1762);
#508=VERTEX_POINT('',#1764);
#509=VERTEX_POINT('',#1766);
#510=VERTEX_POINT('',#1768);
#511=VERTEX_POINT('',#1773);
#512=VERTEX_POINT('',#1774);
#513=VERTEX_POINT('',#1776);
#514=VERTEX_POINT('',#1779);
#515=VERTEX_POINT('',#1783);
#516=VERTEX_POINT('',#1785);
#517=VERTEX_POINT('',#1787);
#518=VERTEX_POINT('',#1789);
#519=VERTEX_POINT('',#1793);
#520=VERTEX_POINT('',#1797);
#521=VERTEX_POINT('',#1798);
#522=VERTEX_POINT('',#1800);
#523=VERTEX_POINT('',#1802);
#524=VERTEX_POINT('',#1806);
#525=VERTEX_POINT('',#1808);
#526=VERTEX_POINT('',#1810);
#527=VERTEX_POINT('',#1812);
#528=VERTEX_POINT('',#1817);
#529=VERTEX_POINT('',#1819);
#530=VERTEX_POINT('',#1824);
#531=VERTEX_POINT('',#1826);
#532=VERTEX_POINT('',#1828);
#533=VERTEX_POINT('',#1830);
#534=VERTEX_POINT('',#1834);
#535=VERTEX_POINT('',#1838);
#536=VERTEX_POINT('',#1842);
#537=VERTEX_POINT('',#1844);
#538=VERTEX_POINT('',#1848);
#539=VERTEX_POINT('',#1850);
#540=VERTEX_POINT('',#1852);
#541=VERTEX_POINT('',#1855);
#542=VERTEX_POINT('',#1856);
#543=VERTEX_POINT('',#1861);
#544=VERTEX_POINT('',#1865);
#545=VERTEX_POINT('',#1866);
#546=VERTEX_POINT('',#1871);
#547=VERTEX_POINT('',#1875);
#548=VERTEX_POINT('',#1877);
#549=VERTEX_POINT('',#1880);
#550=VERTEX_POINT('',#1882);
#551=VERTEX_POINT('',#1885);
#552=VERTEX_POINT('',#1887);
#553=VERTEX_POINT('',#1890);
#554=VERTEX_POINT('',#1892);
#555=VERTEX_POINT('',#1895);
#556=VERTEX_POINT('',#1897);
#557=VERTEX_POINT('',#1902);
#558=VERTEX_POINT('',#1904);
#559=VERTEX_POINT('',#1906);
#560=VERTEX_POINT('',#1910);
#561=VERTEX_POINT('',#1914);
#562=VERTEX_POINT('',#1919);
#563=VERTEX_POINT('',#1920);
#564=VERTEX_POINT('',#1925);
#565=VERTEX_POINT('',#1929);
#566=VERTEX_POINT('',#1931);
#567=VERTEX_POINT('',#1933);
#568=VERTEX_POINT('',#1973);
#569=VERTEX_POINT('',#1975);
#570=VERTEX_POINT('',#1977);
#571=VERTEX_POINT('',#2017);
#572=VERTEX_POINT('',#2019);
#573=VERTEX_POINT('',#2021);
#574=VERTEX_POINT('',#2063);
#575=VERTEX_POINT('',#2069);
#576=VERTEX_POINT('',#2075);
#577=VERTEX_POINT('',#2081);
#578=VERTEX_POINT('',#2091);
#579=VERTEX_POINT('',#2093);
#580=VERTEX_POINT('',#2095);
#581=EDGE_CURVE('',#468,#469,#268,.T.);
#582=EDGE_CURVE('',#469,#470,#269,.T.);
#583=EDGE_CURVE('',#470,#471,#270,.T.);
#584=EDGE_CURVE('',#471,#472,#260,.T.);
#585=EDGE_CURVE('',#472,#473,#271,.T.);
#586=EDGE_CURVE('',#473,#468,#261,.T.);
#587=EDGE_CURVE('',#471,#474,#272,.T.);
#588=EDGE_CURVE('',#475,#474,#50,.T.);
#589=EDGE_CURVE('',#476,#475,#273,.T.);
#590=EDGE_CURVE('',#477,#476,#262,.T.);
#591=EDGE_CURVE('',#477,#478,#274,.T.);
#592=EDGE_CURVE('',#479,#478,#51,.T.);
#593=EDGE_CURVE('',#479,#472,#275,.T.);
#594=EDGE_CURVE('',#480,#470,#276,.T.);
#595=EDGE_CURVE('',#481,#480,#277,.T.);
#596=EDGE_CURVE('',#482,#481,#278,.T.);
#597=EDGE_CURVE('',#483,#482,#279,.T.);
#598=EDGE_CURVE('',#484,#483,#280,.T.);
#599=EDGE_CURVE('',#474,#484,#281,.F.);
#600=EDGE_CURVE('',#485,#469,#282,.T.);
#601=EDGE_CURVE('',#480,#485,#52,.T.);
#602=EDGE_CURVE('',#486,#487,#283,.F.);
#603=EDGE_CURVE('',#487,#488,#53,.T.);
#604=EDGE_CURVE('',#488,#489,#284,.F.);
#605=EDGE_CURVE('',#489,#486,#54,.T.);
#606=EDGE_CURVE('',#473,#490,#285,.T.);
#607=EDGE_CURVE('',#491,#490,#55,.T.);
#608=EDGE_CURVE('',#491,#492,#286,.T.);
#609=EDGE_CURVE('',#493,#492,#263,.T.);
#610=EDGE_CURVE('',#493,#488,#287,.T.);
#611=EDGE_CURVE('',#468,#487,#288,.T.);
#612=EDGE_CURVE('',#494,#495,#289,.T.);
#613=EDGE_CURVE('',#495,#496,#290,.T.);
#614=EDGE_CURVE('',#496,#493,#291,.T.);
#615=EDGE_CURVE('',#492,#497,#292,.T.);
#616=EDGE_CURVE('',#497,#494,#264,.T.);
#617=EDGE_CURVE('',#498,#496,#293,.T.);
#618=EDGE_CURVE('',#499,#498,#294,.T.);
#619=EDGE_CURVE('',#500,#499,#295,.T.);
#620=EDGE_CURVE('',#501,#500,#296,.T.);
#621=EDGE_CURVE('',#489,#501,#297,.T.);
#622=EDGE_CURVE('',#502,#495,#298,.T.);
#623=EDGE_CURVE('',#498,#502,#56,.T.);
#624=EDGE_CURVE('',#503,#504,#299,.F.);
#625=EDGE_CURVE('',#504,#505,#57,.T.);
#626=EDGE_CURVE('',#505,#506,#300,.F.);
#627=EDGE_CURVE('',#506,#503,#58,.T.);
#628=EDGE_CURVE('',#497,#507,#301,.T.);
#629=EDGE_CURVE('',#508,#507,#59,.T.);
#630=EDGE_CURVE('',#508,#509,#302,.T.);
#631=EDGE_CURVE('',#510,#509,#265,.T.);
#632=EDGE_CURVE('',#510,#505,#303,.T.);
#633=EDGE_CURVE('',#494,#504,#304,.T.);
#634=EDGE_CURVE('',#511,#512,#305,.T.);
#635=EDGE_CURVE('',#512,#513,#306,.T.);
#636=EDGE_CURVE('',#513,#510,#307,.T.);
#637=EDGE_CURVE('',#509,#514,#308,.T.);
#638=EDGE_CURVE('',#514,#511,#266,.T.);
#639=EDGE_CURVE('',#515,#513,#309,.T.);
#640=EDGE_CURVE('',#516,#515,#310,.T.);
#641=EDGE_CURVE('',#517,#516,#311,.T.);
#642=EDGE_CURVE('',#518,#517,#312,.T.);
#643=EDGE_CURVE('',#506,#518,#313,.T.);
#644=EDGE_CURVE('',#519,#512,#314,.T.);
#645=EDGE_CURVE('',#515,#519,#60,.T.);
#646=EDGE_CURVE('',#520,#521,#315,.F.);
#647=EDGE_CURVE('',#521,#522,#61,.T.);
#648=EDGE_CURVE('',#522,#523,#316,.F.);
#649=EDGE_CURVE('',#523,#520,#62,.T.);
#650=EDGE_CURVE('',#514,#524,#317,.T.);
#651=EDGE_CURVE('',#525,#524,#63,.T.);
#652=EDGE_CURVE('',#525,#526,#318,.T.);
#653=EDGE_CURVE('',#527,#526,#267,.T.);
#654=EDGE_CURVE('',#527,#522,#319,.T.);
#655=EDGE_CURVE('',#511,#521,#320,.T.);
#656=EDGE_CURVE('',#476,#528,#321,.T.);
#657=EDGE_CURVE('',#528,#529,#322,.T.);
#658=EDGE_CURVE('',#529,#527,#323,.T.);
#659=EDGE_CURVE('',#526,#477,#324,.T.);
#660=EDGE_CURVE('',#530,#529,#325,.T.);
#661=EDGE_CURVE('',#531,#530,#326,.T.);
#662=EDGE_CURVE('',#532,#531,#327,.T.);
#663=EDGE_CURVE('',#533,#532,#328,.T.);
#664=EDGE_CURVE('',#523,#533,#329,.T.);
#665=EDGE_CURVE('',#534,#528,#330,.T.);
#666=EDGE_CURVE('',#530,#534,#64,.T.);
#667=EDGE_CURVE('',#535,#475,#331,.F.);
#668=EDGE_CURVE('',#484,#535,#65,.T.);
#669=EDGE_CURVE('',#536,#536,#66,.T.);
#670=EDGE_CURVE('',#536,#537,#332,.T.);
#671=EDGE_CURVE('',#537,#537,#67,.T.);
#672=EDGE_CURVE('',#538,#538,#68,.T.);
#673=EDGE_CURVE('',#539,#539,#69,.T.);
#674=EDGE_CURVE('',#540,#540,#70,.T.);
#675=EDGE_CURVE('',#541,#542,#71,.T.);
#676=EDGE_CURVE('',#542,#541,#72,.T.);
#677=EDGE_CURVE('',#542,#537,#333,.T.);
#678=EDGE_CURVE('',#539,#543,#334,.T.);
#679=EDGE_CURVE('',#543,#543,#73,.T.);
#680=EDGE_CURVE('',#544,#545,#74,.T.);
#681=EDGE_CURVE('',#545,#544,#75,.T.);
#682=EDGE_CURVE('',#545,#543,#335,.T.);
#683=EDGE_CURVE('',#546,#546,#76,.T.);
#684=EDGE_CURVE('',#546,#544,#336,.T.);
#685=EDGE_CURVE('',#481,#547,#77,.T.);
#686=EDGE_CURVE('',#547,#548,#337,.T.);
#687=EDGE_CURVE('',#548,#500,#78,.T.);
#688=EDGE_CURVE('',#499,#549,#79,.T.);
#689=EDGE_CURVE('',#549,#550,#338,.T.);
#690=EDGE_CURVE('',#550,#517,#80,.T.);
#691=EDGE_CURVE('',#516,#551,#81,.T.);
#692=EDGE_CURVE('',#551,#552,#339,.T.);
#693=EDGE_CURVE('',#552,#532,#82,.T.);
#694=EDGE_CURVE('',#531,#553,#83,.T.);
#695=EDGE_CURVE('',#553,#554,#340,.T.);
#696=EDGE_CURVE('',#554,#482,#84,.T.);
#697=EDGE_CURVE('',#555,#555,#85,.T.);
#698=EDGE_CURVE('',#556,#556,#86,.T.);
#699=EDGE_CURVE('',#555,#541,#341,.T.);
#700=EDGE_CURVE('',#557,#557,#87,.T.);
#701=EDGE_CURVE('',#557,#558,#342,.T.);
#702=EDGE_CURVE('',#558,#559,#88,.T.);
#703=EDGE_CURVE('',#559,#558,#89,.T.);
#704=EDGE_CURVE('',#559,#560,#343,.T.);
#705=EDGE_CURVE('',#560,#560,#90,.T.);
#706=EDGE_CURVE('',#561,#561,#91,.T.);
#707=EDGE_CURVE('',#560,#540,#344,.T.);
#708=EDGE_CURVE('',#562,#563,#92,.T.);
#709=EDGE_CURVE('',#563,#562,#93,.T.);
#710=EDGE_CURVE('',#562,#538,#345,.T.);
#711=EDGE_CURVE('',#564,#564,#94,.T.);
#712=EDGE_CURVE('',#564,#563,#346,.T.);
#713=EDGE_CURVE('',#565,#565,#95,.T.);
#714=EDGE_CURVE('',#565,#566,#347,.T.);
#715=EDGE_CURVE('',#567,#566,#15,.T.);
#716=EDGE_CURVE('',#566,#567,#16,.T.);
#717=EDGE_CURVE('',#479,#490,#348,.T.);
#718=EDGE_CURVE('',#568,#568,#96,.T.);
#719=EDGE_CURVE('',#568,#569,#349,.T.);
#720=EDGE_CURVE('',#570,#569,#17,.T.);
#721=EDGE_CURVE('',#569,#570,#18,.T.);
#722=EDGE_CURVE('',#525,#478,#350,.T.);
#723=EDGE_CURVE('',#571,#571,#97,.T.);
#724=EDGE_CURVE('',#571,#572,#351,.T.);
#725=EDGE_CURVE('',#573,#572,#19,.T.);
#726=EDGE_CURVE('',#572,#573,#20,.T.);
#727=EDGE_CURVE('',#508,#524,#352,.T.);
#728=EDGE_CURVE('',#547,#485,#353,.T.);
#729=EDGE_CURVE('',#574,#486,#354,.T.);
#730=EDGE_CURVE('',#548,#574,#355,.T.);
#731=EDGE_CURVE('',#553,#534,#356,.T.);
#732=EDGE_CURVE('',#575,#535,#357,.T.);
#733=EDGE_CURVE('',#554,#575,#358,.T.);
#734=EDGE_CURVE('',#551,#519,#359,.T.);
#735=EDGE_CURVE('',#576,#520,#360,.T.);
#736=EDGE_CURVE('',#552,#576,#361,.T.);
#737=EDGE_CURVE('',#501,#574,#98,.T.);
#738=EDGE_CURVE('',#550,#577,#362,.T.);
#739=EDGE_CURVE('',#518,#577,#99,.T.);
#740=EDGE_CURVE('',#533,#576,#100,.T.);
#741=EDGE_CURVE('',#577,#503,#363,.T.);
#742=EDGE_CURVE('',#578,#578,#101,.T.);
#743=EDGE_CURVE('',#578,#579,#364,.T.);
#744=EDGE_CURVE('',#580,#579,#21,.T.);
#745=EDGE_CURVE('',#579,#580,#22,.T.);
#746=EDGE_CURVE('',#483,#575,#102,.T.);
#747=EDGE_CURVE('',#561,#556,#365,.T.);
#748=EDGE_CURVE('',#491,#507,#366,.T.);
#749=EDGE_CURVE('',#549,#502,#367,.T.);
#750=ORIENTED_EDGE('',*,*,#581,.T.);
#751=ORIENTED_EDGE('',*,*,#582,.T.);
#752=ORIENTED_EDGE('',*,*,#583,.T.);
#753=ORIENTED_EDGE('',*,*,#584,.T.);
#754=ORIENTED_EDGE('',*,*,#585,.T.);
#755=ORIENTED_EDGE('',*,*,#586,.T.);
#756=ORIENTED_EDGE('',*,*,#584,.F.);
#757=ORIENTED_EDGE('',*,*,#587,.T.);
#758=ORIENTED_EDGE('',*,*,#588,.F.);
#759=ORIENTED_EDGE('',*,*,#589,.F.);
#760=ORIENTED_EDGE('',*,*,#590,.F.);
#761=ORIENTED_EDGE('',*,*,#591,.T.);
#762=ORIENTED_EDGE('',*,*,#592,.F.);
#763=ORIENTED_EDGE('',*,*,#593,.T.);
#764=ORIENTED_EDGE('',*,*,#583,.F.);
#765=ORIENTED_EDGE('',*,*,#594,.F.);
#766=ORIENTED_EDGE('',*,*,#595,.F.);
#767=ORIENTED_EDGE('',*,*,#596,.F.);
#768=ORIENTED_EDGE('',*,*,#597,.F.);
#769=ORIENTED_EDGE('',*,*,#598,.F.);
#770=ORIENTED_EDGE('',*,*,#599,.F.);
#771=ORIENTED_EDGE('',*,*,#587,.F.);
#772=ORIENTED_EDGE('',*,*,#582,.F.);
#773=ORIENTED_EDGE('',*,*,#600,.F.);
#774=ORIENTED_EDGE('',*,*,#601,.F.);
#775=ORIENTED_EDGE('',*,*,#594,.T.);
#776=ORIENTED_EDGE('',*,*,#602,.T.);
#777=ORIENTED_EDGE('',*,*,#603,.T.);
#778=ORIENTED_EDGE('',*,*,#604,.T.);
#779=ORIENTED_EDGE('',*,*,#605,.T.);
#780=ORIENTED_EDGE('',*,*,#586,.F.);
#781=ORIENTED_EDGE('',*,*,#606,.T.);
#782=ORIENTED_EDGE('',*,*,#607,.F.);
#783=ORIENTED_EDGE('',*,*,#608,.T.);
#784=ORIENTED_EDGE('',*,*,#609,.F.);
#785=ORIENTED_EDGE('',*,*,#610,.T.);
#786=ORIENTED_EDGE('',*,*,#603,.F.);
#787=ORIENTED_EDGE('',*,*,#611,.F.);
#788=ORIENTED_EDGE('',*,*,#612,.T.);
#789=ORIENTED_EDGE('',*,*,#613,.T.);
#790=ORIENTED_EDGE('',*,*,#614,.T.);
#791=ORIENTED_EDGE('',*,*,#609,.T.);
#792=ORIENTED_EDGE('',*,*,#615,.T.);
#793=ORIENTED_EDGE('',*,*,#616,.T.);
#794=ORIENTED_EDGE('',*,*,#614,.F.);
#795=ORIENTED_EDGE('',*,*,#617,.F.);
#796=ORIENTED_EDGE('',*,*,#618,.F.);
#797=ORIENTED_EDGE('',*,*,#619,.F.);
#798=ORIENTED_EDGE('',*,*,#620,.F.);
#799=ORIENTED_EDGE('',*,*,#621,.F.);
#800=ORIENTED_EDGE('',*,*,#604,.F.);
#801=ORIENTED_EDGE('',*,*,#610,.F.);
#802=ORIENTED_EDGE('',*,*,#613,.F.);
#803=ORIENTED_EDGE('',*,*,#622,.F.);
#804=ORIENTED_EDGE('',*,*,#623,.F.);
#805=ORIENTED_EDGE('',*,*,#617,.T.);
#806=ORIENTED_EDGE('',*,*,#624,.T.);
#807=ORIENTED_EDGE('',*,*,#625,.T.);
#808=ORIENTED_EDGE('',*,*,#626,.T.);
#809=ORIENTED_EDGE('',*,*,#627,.T.);
#810=ORIENTED_EDGE('',*,*,#616,.F.);
#811=ORIENTED_EDGE('',*,*,#628,.T.);
#812=ORIENTED_EDGE('',*,*,#629,.F.);
#813=ORIENTED_EDGE('',*,*,#630,.T.);
#814=ORIENTED_EDGE('',*,*,#631,.F.);
#815=ORIENTED_EDGE('',*,*,#632,.T.);
#816=ORIENTED_EDGE('',*,*,#625,.F.);
#817=ORIENTED_EDGE('',*,*,#633,.F.);
#818=ORIENTED_EDGE('',*,*,#634,.T.);
#819=ORIENTED_EDGE('',*,*,#635,.T.);
#820=ORIENTED_EDGE('',*,*,#636,.T.);
#821=ORIENTED_EDGE('',*,*,#631,.T.);
#822=ORIENTED_EDGE('',*,*,#637,.T.);
#823=ORIENTED_EDGE('',*,*,#638,.T.);
#824=ORIENTED_EDGE('',*,*,#636,.F.);
#825=ORIENTED_EDGE('',*,*,#639,.F.);
#826=ORIENTED_EDGE('',*,*,#640,.F.);
#827=ORIENTED_EDGE('',*,*,#641,.F.);
#828=ORIENTED_EDGE('',*,*,#642,.F.);
#829=ORIENTED_EDGE('',*,*,#643,.F.);
#830=ORIENTED_EDGE('',*,*,#626,.F.);
#831=ORIENTED_EDGE('',*,*,#632,.F.);
#832=ORIENTED_EDGE('',*,*,#635,.F.);
#833=ORIENTED_EDGE('',*,*,#644,.F.);
#834=ORIENTED_EDGE('',*,*,#645,.F.);
#835=ORIENTED_EDGE('',*,*,#639,.T.);
#836=ORIENTED_EDGE('',*,*,#646,.T.);
#837=ORIENTED_EDGE('',*,*,#647,.T.);
#838=ORIENTED_EDGE('',*,*,#648,.T.);
#839=ORIENTED_EDGE('',*,*,#649,.T.);
#840=ORIENTED_EDGE('',*,*,#638,.F.);
#841=ORIENTED_EDGE('',*,*,#650,.T.);
#842=ORIENTED_EDGE('',*,*,#651,.F.);
#843=ORIENTED_EDGE('',*,*,#652,.T.);
#844=ORIENTED_EDGE('',*,*,#653,.F.);
#845=ORIENTED_EDGE('',*,*,#654,.T.);
#846=ORIENTED_EDGE('',*,*,#647,.F.);
#847=ORIENTED_EDGE('',*,*,#655,.F.);
#848=ORIENTED_EDGE('',*,*,#656,.T.);
#849=ORIENTED_EDGE('',*,*,#657,.T.);
#850=ORIENTED_EDGE('',*,*,#658,.T.);
#851=ORIENTED_EDGE('',*,*,#653,.T.);
#852=ORIENTED_EDGE('',*,*,#659,.T.);
#853=ORIENTED_EDGE('',*,*,#590,.T.);
#854=ORIENTED_EDGE('',*,*,#658,.F.);
#855=ORIENTED_EDGE('',*,*,#660,.F.);
#856=ORIENTED_EDGE('',*,*,#661,.F.);
#857=ORIENTED_EDGE('',*,*,#662,.F.);
#858=ORIENTED_EDGE('',*,*,#663,.F.);
#859=ORIENTED_EDGE('',*,*,#664,.F.);
#860=ORIENTED_EDGE('',*,*,#648,.F.);
#861=ORIENTED_EDGE('',*,*,#654,.F.);
#862=ORIENTED_EDGE('',*,*,#657,.F.);
#863=ORIENTED_EDGE('',*,*,#665,.F.);
#864=ORIENTED_EDGE('',*,*,#666,.F.);
#865=ORIENTED_EDGE('',*,*,#660,.T.);
#866=ORIENTED_EDGE('',*,*,#667,.T.);
#867=ORIENTED_EDGE('',*,*,#588,.T.);
#868=ORIENTED_EDGE('',*,*,#599,.T.);
#869=ORIENTED_EDGE('',*,*,#668,.T.);
#870=ORIENTED_EDGE('',*,*,#669,.T.);
#871=ORIENTED_EDGE('',*,*,#670,.T.);
#872=ORIENTED_EDGE('',*,*,#671,.T.);
#873=ORIENTED_EDGE('',*,*,#670,.F.);
#874=ORIENTED_EDGE('',*,*,#672,.F.);
#875=ORIENTED_EDGE('',*,*,#673,.F.);
#876=ORIENTED_EDGE('',*,*,#674,.F.);
#877=ORIENTED_EDGE('',*,*,#669,.F.);
#878=ORIENTED_EDGE('',*,*,#675,.F.);
#879=ORIENTED_EDGE('',*,*,#676,.F.);
#880=ORIENTED_EDGE('',*,*,#677,.T.);
#881=ORIENTED_EDGE('',*,*,#671,.F.);
#882=ORIENTED_EDGE('',*,*,#677,.F.);
#883=ORIENTED_EDGE('',*,*,#673,.T.);
#884=ORIENTED_EDGE('',*,*,#678,.T.);
#885=ORIENTED_EDGE('',*,*,#679,.T.);
#886=ORIENTED_EDGE('',*,*,#678,.F.);
#887=ORIENTED_EDGE('',*,*,#680,.F.);
#888=ORIENTED_EDGE('',*,*,#681,.F.);
#889=ORIENTED_EDGE('',*,*,#682,.T.);
#890=ORIENTED_EDGE('',*,*,#679,.F.);
#891=ORIENTED_EDGE('',*,*,#682,.F.);
#892=ORIENTED_EDGE('',*,*,#683,.T.);
#893=ORIENTED_EDGE('',*,*,#684,.T.);
#894=ORIENTED_EDGE('',*,*,#680,.T.);
#895=ORIENTED_EDGE('',*,*,#681,.T.);
#896=ORIENTED_EDGE('',*,*,#684,.F.);
#897=ORIENTED_EDGE('',*,*,#596,.T.);
#898=ORIENTED_EDGE('',*,*,#685,.T.);
#899=ORIENTED_EDGE('',*,*,#686,.T.);
#900=ORIENTED_EDGE('',*,*,#687,.T.);
#901=ORIENTED_EDGE('',*,*,#619,.T.);
#902=ORIENTED_EDGE('',*,*,#688,.T.);
#903=ORIENTED_EDGE('',*,*,#689,.T.);
#904=ORIENTED_EDGE('',*,*,#690,.T.);
#905=ORIENTED_EDGE('',*,*,#641,.T.);
#906=ORIENTED_EDGE('',*,*,#691,.T.);
#907=ORIENTED_EDGE('',*,*,#692,.T.);
#908=ORIENTED_EDGE('',*,*,#693,.T.);
#909=ORIENTED_EDGE('',*,*,#662,.T.);
#910=ORIENTED_EDGE('',*,*,#694,.T.);
#911=ORIENTED_EDGE('',*,*,#695,.T.);
#912=ORIENTED_EDGE('',*,*,#696,.T.);
#913=ORIENTED_EDGE('',*,*,#697,.F.);
#914=ORIENTED_EDGE('',*,*,#698,.T.);
#915=ORIENTED_EDGE('',*,*,#683,.F.);
#916=ORIENTED_EDGE('',*,*,#697,.T.);
#917=ORIENTED_EDGE('',*,*,#699,.T.);
#918=ORIENTED_EDGE('',*,*,#675,.T.);
#919=ORIENTED_EDGE('',*,*,#676,.T.);
#920=ORIENTED_EDGE('',*,*,#699,.F.);
#921=ORIENTED_EDGE('',*,*,#700,.T.);
#922=ORIENTED_EDGE('',*,*,#701,.T.);
#923=ORIENTED_EDGE('',*,*,#702,.T.);
#924=ORIENTED_EDGE('',*,*,#703,.T.);
#925=ORIENTED_EDGE('',*,*,#701,.F.);
#926=ORIENTED_EDGE('',*,*,#702,.F.);
#927=ORIENTED_EDGE('',*,*,#703,.F.);
#928=ORIENTED_EDGE('',*,*,#704,.T.);
#929=ORIENTED_EDGE('',*,*,#705,.F.);
#930=ORIENTED_EDGE('',*,*,#704,.F.);
#931=ORIENTED_EDGE('',*,*,#706,.T.);
#932=ORIENTED_EDGE('',*,*,#700,.F.);
#933=ORIENTED_EDGE('',*,*,#705,.T.);
#934=ORIENTED_EDGE('',*,*,#707,.T.);
#935=ORIENTED_EDGE('',*,*,#674,.T.);
#936=ORIENTED_EDGE('',*,*,#707,.F.);
#937=ORIENTED_EDGE('',*,*,#708,.T.);
#938=ORIENTED_EDGE('',*,*,#709,.T.);
#939=ORIENTED_EDGE('',*,*,#710,.T.);
#940=ORIENTED_EDGE('',*,*,#672,.T.);
#941=ORIENTED_EDGE('',*,*,#710,.F.);
#942=ORIENTED_EDGE('',*,*,#711,.F.);
#943=ORIENTED_EDGE('',*,*,#712,.T.);
#944=ORIENTED_EDGE('',*,*,#708,.F.);
#945=ORIENTED_EDGE('',*,*,#709,.F.);
#946=ORIENTED_EDGE('',*,*,#712,.F.);
#947=ORIENTED_EDGE('',*,*,#713,.T.);
#948=ORIENTED_EDGE('',*,*,#714,.T.);
#949=ORIENTED_EDGE('',*,*,#715,.F.);
#950=ORIENTED_EDGE('',*,*,#716,.F.);
#951=ORIENTED_EDGE('',*,*,#714,.F.);
#952=ORIENTED_EDGE('',*,*,#585,.F.);
#953=ORIENTED_EDGE('',*,*,#593,.F.);
#954=ORIENTED_EDGE('',*,*,#717,.T.);
#955=ORIENTED_EDGE('',*,*,#606,.F.);
#956=ORIENTED_EDGE('',*,*,#713,.F.);
#957=ORIENTED_EDGE('',*,*,#718,.T.);
#958=ORIENTED_EDGE('',*,*,#719,.T.);
#959=ORIENTED_EDGE('',*,*,#720,.F.);
#960=ORIENTED_EDGE('',*,*,#721,.F.);
#961=ORIENTED_EDGE('',*,*,#719,.F.);
#962=ORIENTED_EDGE('',*,*,#659,.F.);
#963=ORIENTED_EDGE('',*,*,#652,.F.);
#964=ORIENTED_EDGE('',*,*,#722,.T.);
#965=ORIENTED_EDGE('',*,*,#591,.F.);
#966=ORIENTED_EDGE('',*,*,#718,.F.);
#967=ORIENTED_EDGE('',*,*,#723,.T.);
#968=ORIENTED_EDGE('',*,*,#724,.T.);
#969=ORIENTED_EDGE('',*,*,#725,.F.);
#970=ORIENTED_EDGE('',*,*,#726,.F.);
#971=ORIENTED_EDGE('',*,*,#724,.F.);
#972=ORIENTED_EDGE('',*,*,#637,.F.);
#973=ORIENTED_EDGE('',*,*,#630,.F.);
#974=ORIENTED_EDGE('',*,*,#727,.T.);
#975=ORIENTED_EDGE('',*,*,#650,.F.);
#976=ORIENTED_EDGE('',*,*,#723,.F.);
#977=ORIENTED_EDGE('',*,*,#595,.T.);
#978=ORIENTED_EDGE('',*,*,#601,.T.);
#979=ORIENTED_EDGE('',*,*,#728,.F.);
#980=ORIENTED_EDGE('',*,*,#685,.F.);
#981=ORIENTED_EDGE('',*,*,#715,.T.);
#982=ORIENTED_EDGE('',*,*,#716,.T.);
#983=ORIENTED_EDGE('',*,*,#581,.F.);
#984=ORIENTED_EDGE('',*,*,#611,.T.);
#985=ORIENTED_EDGE('',*,*,#602,.F.);
#986=ORIENTED_EDGE('',*,*,#729,.F.);
#987=ORIENTED_EDGE('',*,*,#730,.F.);
#988=ORIENTED_EDGE('',*,*,#686,.F.);
#989=ORIENTED_EDGE('',*,*,#728,.T.);
#990=ORIENTED_EDGE('',*,*,#600,.T.);
#991=ORIENTED_EDGE('',*,*,#661,.T.);
#992=ORIENTED_EDGE('',*,*,#666,.T.);
#993=ORIENTED_EDGE('',*,*,#731,.F.);
#994=ORIENTED_EDGE('',*,*,#694,.F.);
#995=ORIENTED_EDGE('',*,*,#720,.T.);
#996=ORIENTED_EDGE('',*,*,#721,.T.);
#997=ORIENTED_EDGE('',*,*,#656,.F.);
#998=ORIENTED_EDGE('',*,*,#589,.T.);
#999=ORIENTED_EDGE('',*,*,#667,.F.);
#1000=ORIENTED_EDGE('',*,*,#732,.F.);
#1001=ORIENTED_EDGE('',*,*,#733,.F.);
#1002=ORIENTED_EDGE('',*,*,#695,.F.);
#1003=ORIENTED_EDGE('',*,*,#731,.T.);
#1004=ORIENTED_EDGE('',*,*,#665,.T.);
#1005=ORIENTED_EDGE('',*,*,#640,.T.);
#1006=ORIENTED_EDGE('',*,*,#645,.T.);
#1007=ORIENTED_EDGE('',*,*,#734,.F.);
#1008=ORIENTED_EDGE('',*,*,#691,.F.);
#1009=ORIENTED_EDGE('',*,*,#725,.T.);
#1010=ORIENTED_EDGE('',*,*,#726,.T.);
#1011=ORIENTED_EDGE('',*,*,#634,.F.);
#1012=ORIENTED_EDGE('',*,*,#655,.T.);
#1013=ORIENTED_EDGE('',*,*,#646,.F.);
#1014=ORIENTED_EDGE('',*,*,#735,.F.);
#1015=ORIENTED_EDGE('',*,*,#736,.F.);
#1016=ORIENTED_EDGE('',*,*,#692,.F.);
#1017=ORIENTED_EDGE('',*,*,#734,.T.);
#1018=ORIENTED_EDGE('',*,*,#644,.T.);
#1019=ORIENTED_EDGE('',*,*,#730,.T.);
#1020=ORIENTED_EDGE('',*,*,#737,.F.);
#1021=ORIENTED_EDGE('',*,*,#620,.T.);
#1022=ORIENTED_EDGE('',*,*,#687,.F.);
#1023=ORIENTED_EDGE('',*,*,#642,.T.);
#1024=ORIENTED_EDGE('',*,*,#690,.F.);
#1025=ORIENTED_EDGE('',*,*,#738,.T.);
#1026=ORIENTED_EDGE('',*,*,#739,.F.);
#1027=ORIENTED_EDGE('',*,*,#663,.T.);
#1028=ORIENTED_EDGE('',*,*,#693,.F.);
#1029=ORIENTED_EDGE('',*,*,#736,.T.);
#1030=ORIENTED_EDGE('',*,*,#740,.F.);
#1031=ORIENTED_EDGE('',*,*,#605,.F.);
#1032=ORIENTED_EDGE('',*,*,#621,.T.);
#1033=ORIENTED_EDGE('',*,*,#737,.T.);
#1034=ORIENTED_EDGE('',*,*,#729,.T.);
#1035=ORIENTED_EDGE('',*,*,#627,.F.);
#1036=ORIENTED_EDGE('',*,*,#643,.T.);
#1037=ORIENTED_EDGE('',*,*,#739,.T.);
#1038=ORIENTED_EDGE('',*,*,#741,.T.);
#1039=ORIENTED_EDGE('',*,*,#649,.F.);
#1040=ORIENTED_EDGE('',*,*,#664,.T.);
#1041=ORIENTED_EDGE('',*,*,#740,.T.);
#1042=ORIENTED_EDGE('',*,*,#735,.T.);
#1043=ORIENTED_EDGE('',*,*,#742,.F.);
#1044=ORIENTED_EDGE('',*,*,#743,.T.);
#1045=ORIENTED_EDGE('',*,*,#744,.F.);
#1046=ORIENTED_EDGE('',*,*,#745,.F.);
#1047=ORIENTED_EDGE('',*,*,#743,.F.);
#1048=ORIENTED_EDGE('',*,*,#668,.F.);
#1049=ORIENTED_EDGE('',*,*,#598,.T.);
#1050=ORIENTED_EDGE('',*,*,#746,.T.);
#1051=ORIENTED_EDGE('',*,*,#732,.T.);
#1052=ORIENTED_EDGE('',*,*,#597,.T.);
#1053=ORIENTED_EDGE('',*,*,#696,.F.);
#1054=ORIENTED_EDGE('',*,*,#733,.T.);
#1055=ORIENTED_EDGE('',*,*,#746,.F.);
#1056=ORIENTED_EDGE('',*,*,#706,.F.);
#1057=ORIENTED_EDGE('',*,*,#747,.T.);
#1058=ORIENTED_EDGE('',*,*,#698,.F.);
#1059=ORIENTED_EDGE('',*,*,#747,.F.);
#1060=ORIENTED_EDGE('',*,*,#615,.F.);
#1061=ORIENTED_EDGE('',*,*,#608,.F.);
#1062=ORIENTED_EDGE('',*,*,#748,.T.);
#1063=ORIENTED_EDGE('',*,*,#628,.F.);
#1064=ORIENTED_EDGE('',*,*,#742,.T.);
#1065=ORIENTED_EDGE('',*,*,#618,.T.);
#1066=ORIENTED_EDGE('',*,*,#623,.T.);
#1067=ORIENTED_EDGE('',*,*,#749,.F.);
#1068=ORIENTED_EDGE('',*,*,#688,.F.);
#1069=ORIENTED_EDGE('',*,*,#744,.T.);
#1070=ORIENTED_EDGE('',*,*,#745,.T.);
#1071=ORIENTED_EDGE('',*,*,#612,.F.);
#1072=ORIENTED_EDGE('',*,*,#633,.T.);
#1073=ORIENTED_EDGE('',*,*,#624,.F.);
#1074=ORIENTED_EDGE('',*,*,#741,.F.);
#1075=ORIENTED_EDGE('',*,*,#738,.F.);
#1076=ORIENTED_EDGE('',*,*,#689,.F.);
#1077=ORIENTED_EDGE('',*,*,#749,.T.);
#1078=ORIENTED_EDGE('',*,*,#622,.T.);
#1079=ORIENTED_EDGE('',*,*,#711,.T.);
#1080=ORIENTED_EDGE('',*,*,#592,.T.);
#1081=ORIENTED_EDGE('',*,*,#722,.F.);
#1082=ORIENTED_EDGE('',*,*,#651,.T.);
#1083=ORIENTED_EDGE('',*,*,#727,.F.);
#1084=ORIENTED_EDGE('',*,*,#629,.T.);
#1085=ORIENTED_EDGE('',*,*,#748,.F.);
#1086=ORIENTED_EDGE('',*,*,#607,.T.);
#1087=ORIENTED_EDGE('',*,*,#717,.F.);
#1088=PLANE('',#1199);
#1089=PLANE('',#1206);
#1090=PLANE('',#1207);
#1091=PLANE('',#1215);
#1092=PLANE('',#1217);
#1093=PLANE('',#1218);
#1094=PLANE('',#1226);
#1095=PLANE('',#1228);
#1096=PLANE('',#1229);
#1097=PLANE('',#1237);
#1098=PLANE('',#1238);
#1099=PLANE('',#1239);
#1100=PLANE('',#1246);
#1101=PLANE('',#1260);
#1102=PLANE('',#1278);
#1103=PLANE('',#1288);
#1104=PLANE('',#1291);
#1105=PLANE('',#1294);
#1106=PLANE('',#1296);
#1107=PLANE('',#1298);
#1108=PLANE('',#1300);
#1109=PLANE('',#1307);
#1110=PLANE('',#1308);
#1111=PLANE('',#1309);
#1112=PLANE('',#1312);
#1113=PLANE('',#1316);
#1114=PLANE('',#1318);
#1115=PLANE('',#1319);
#1116=ADVANCED_FACE('',(#124),#1088,.T.);
#1117=ADVANCED_FACE('',(#125),#103,.T.);
#1118=ADVANCED_FACE('',(#126),#1089,.F.);
#1119=ADVANCED_FACE('',(#127),#1090,.T.);
#1120=ADVANCED_FACE('',(#128),#39,.T.);
#1121=ADVANCED_FACE('',(#129),#104,.T.);
#1122=ADVANCED_FACE('',(#130),#1091,.T.);
#1123=ADVANCED_FACE('',(#131),#1092,.F.);
#1124=ADVANCED_FACE('',(#132),#1093,.T.);
#1125=ADVANCED_FACE('',(#133),#40,.T.);
#1126=ADVANCED_FACE('',(#134),#105,.T.);
#1127=ADVANCED_FACE('',(#135),#1094,.T.);
#1128=ADVANCED_FACE('',(#136),#1095,.F.);
#1129=ADVANCED_FACE('',(#137),#1096,.T.);
#1130=ADVANCED_FACE('',(#138),#41,.T.);
#1131=ADVANCED_FACE('',(#139),#106,.T.);
#1132=ADVANCED_FACE('',(#140),#1097,.T.);
#1133=ADVANCED_FACE('',(#141),#1098,.F.);
#1134=ADVANCED_FACE('',(#142),#1099,.T.);
#1135=ADVANCED_FACE('',(#143),#42,.T.);
#1136=ADVANCED_FACE('',(#144),#43,.F.);
#1137=ADVANCED_FACE('',(#145,#23,#24,#25),#1100,.F.);
#1138=ADVANCED_FACE('',(#146),#107,.F.);
#1139=ADVANCED_FACE('',(#147),#44,.F.);
#1140=ADVANCED_FACE('',(#148),#108,.F.);
#1141=ADVANCED_FACE('',(#149),#45,.F.);
#1142=ADVANCED_FACE('',(#150,#26,#27,#28),#1101,.T.);
#1143=ADVANCED_FACE('',(#151),#46,.F.);
#1144=ADVANCED_FACE('',(#152),#47,.F.);
#1145=ADVANCED_FACE('',(#153),#109,.F.);
#1146=ADVANCED_FACE('',(#154,#29),#1102,.T.);
#1147=ADVANCED_FACE('',(#155),#48,.F.);
#1148=ADVANCED_FACE('',(#156),#49,.T.);
#1149=ADVANCED_FACE('',(#157),#110,.T.);
#1150=ADVANCED_FACE('',(#158),#111,.F.);
#1151=ADVANCED_FACE('',(#159,#30),#1103,.F.);
#1152=ADVANCED_FACE('',(#160),#112,.F.);
#1153=ADVANCED_FACE('',(#161,#31),#1104,.F.);
#1154=ADVANCED_FACE('',(#162),#113,.F.);
#1155=ADVANCED_FACE('',(#163,#32),#1105,.F.);
#1156=ADVANCED_FACE('',(#164,#33),#114,.F.);
#1157=ADVANCED_FACE('',(#165),#1106,.T.);
#1158=ADVANCED_FACE('',(#166,#34),#115,.F.);
#1159=ADVANCED_FACE('',(#167),#1107,.T.);
#1160=ADVANCED_FACE('',(#168,#35),#116,.F.);
#1161=ADVANCED_FACE('',(#169),#1108,.T.);
#1162=ADVANCED_FACE('',(#170),#117,.F.);
#1163=ADVANCED_FACE('',(#171),#118,.F.);
#1164=ADVANCED_FACE('',(#172),#119,.F.);
#1165=ADVANCED_FACE('',(#173),#1109,.T.);
#1166=ADVANCED_FACE('',(#174),#1110,.T.);
#1167=ADVANCED_FACE('',(#175),#1111,.T.);
#1168=ADVANCED_FACE('',(#176),#120,.F.);
#1169=ADVANCED_FACE('',(#177),#1112,.T.);
#1170=ADVANCED_FACE('',(#178),#121,.F.);
#1171=ADVANCED_FACE('',(#179),#122,.T.);
#1172=ADVANCED_FACE('',(#180,#36),#1113,.F.);
#1173=ADVANCED_FACE('',(#181,#37),#123,.F.);
#1174=ADVANCED_FACE('',(#182),#1114,.T.);
#1175=ADVANCED_FACE('',(#183,#38),#1115,.T.);
#1176=CLOSED_SHELL('',(#1116,#1117,#1118,#1119,#1120,#1121,#1122,#1123,
#1124,#1125,#1126,#1127,#1128,#1129,#1130,#1131,#1132,#1133,#1134,#1135,
#1136,#1137,#1138,#1139,#1140,#1141,#1142,#1143,#1144,#1145,#1146,#1147,
#1148,#1149,#1150,#1151,#1152,#1153,#1154,#1155,#1156,#1157,#1158,#1159,
#1160,#1161,#1162,#1163,#1164,#1165,#1166,#1167,#1168,#1169,#1170,#1171,
#1172,#1173,#1174,#1175));
#1177=DERIVED_UNIT_ELEMENT(#1180,1.);
#1178=DERIVED_UNIT_ELEMENT(#2148,-3.);
#1179=DIMENSIONAL_EXPONENTS(0.,1.,0.,0.,0.,0.,0.);
#1180=(
CONVERSION_BASED_UNIT('gram',#1182)
MASS_UNIT()
NAMED_UNIT(#1179)
);
#1181=(
MASS_UNIT()
NAMED_UNIT(*)
SI_UNIT(.KILO.,.GRAM.)
);
#1182=MASS_MEASURE_WITH_UNIT(MASS_MEASURE(0.001),#1181);
#1183=DERIVED_UNIT((#1177,#1178));
#1184=MEASURE_REPRESENTATION_ITEM('density measure',
POSITIVE_RATIO_MEASURE(1.),#1183);
#1185=PROPERTY_DEFINITION_REPRESENTATION(#1190,#1187);
#1186=PROPERTY_DEFINITION_REPRESENTATION(#1191,#1188);
#1187=REPRESENTATION('material name',(#1189),#2145);
#1188=REPRESENTATION('density',(#1184),#2145);
#1189=DESCRIPTIVE_REPRESENTATION_ITEM('Og\X\F3lny','Og\X\F3lny');
#1190=PROPERTY_DEFINITION('material property','material name',#2155);
#1191=PROPERTY_DEFINITION('material property','density of part',#2155);
#1192=DATE_TIME_ROLE('creation_date');
#1193=APPLIED_DATE_AND_TIME_ASSIGNMENT(#1194,#1192,(#2155));
#1194=DATE_AND_TIME(#1195,#1196);
#1195=CALENDAR_DATE(2026,15,8);
#1196=LOCAL_TIME(0,0,0.,#1197);
#1197=COORDINATED_UNIVERSAL_TIME_OFFSET(0,0,.BEHIND.);
#1198=AXIS2_PLACEMENT_3D('',#1664,#1320,#1321);
#1199=AXIS2_PLACEMENT_3D('',#1665,#1322,#1323);
#1200=AXIS2_PLACEMENT_3D('',#1674,#1327,#1328);
#1201=AXIS2_PLACEMENT_3D('',#1677,#1330,#1331);
#1202=AXIS2_PLACEMENT_3D('',#1678,#1332,#1333);
#1203=AXIS2_PLACEMENT_3D('',#1682,#1335,#1336);
#1204=AXIS2_PLACEMENT_3D('',#1686,#1338,#1339);
#1205=AXIS2_PLACEMENT_3D('',#1690,#1341,#1342);
#1206=AXIS2_PLACEMENT_3D('',#1692,#1344,#1345);
#1207=AXIS2_PLACEMENT_3D('',#1704,#1352,#1353);
#1208=AXIS2_PLACEMENT_3D('',#1707,#1355,#1356);
#1209=AXIS2_PLACEMENT_3D('',#1708,#1357,#1358);
#1210=AXIS2_PLACEMENT_3D('',#1713,#1360,#1361);
#1211=AXIS2_PLACEMENT_3D('',#1716,#1363,#1364);
#1212=AXIS2_PLACEMENT_3D('',#1717,#1365,#1366);
#1213=AXIS2_PLACEMENT_3D('',#1721,#1368,#1369);
#1214=AXIS2_PLACEMENT_3D('',#1725,#1371,#1372);
#1215=AXIS2_PLACEMENT_3D('',#1728,#1375,#1376);
#1216=AXIS2_PLACEMENT_3D('',#1737,#1381,#1382);
#1217=AXIS2_PLACEMENT_3D('',#1738,#1383,#1384);
#1218=AXIS2_PLACEMENT_3D('',#1748,#1390,#1391);
#1219=AXIS2_PLACEMENT_3D('',#1751,#1393,#1394);
#1220=AXIS2_PLACEMENT_3D('',#1752,#1395,#1396);
#1221=AXIS2_PLACEMENT_3D('',#1757,#1398,#1399);
#1222=AXIS2_PLACEMENT_3D('',#1760,#1401,#1402);
#1223=AXIS2_PLACEMENT_3D('',#1761,#1403,#1404);
#1224=AXIS2_PLACEMENT_3D('',#1765,#1406,#1407);
#1225=AXIS2_PLACEMENT_3D('',#1769,#1409,#1410);
#1226=AXIS2_PLACEMENT_3D('',#1772,#1413,#1414);
#1227=AXIS2_PLACEMENT_3D('',#1781,#1419,#1420);
#1228=AXIS2_PLACEMENT_3D('',#1782,#1421,#1422);
#1229=AXIS2_PLACEMENT_3D('',#1792,#1428,#1429);
#1230=AXIS2_PLACEMENT_3D('',#1795,#1431,#1432);
#1231=AXIS2_PLACEMENT_3D('',#1796,#1433,#1434);
#1232=AXIS2_PLACEMENT_3D('',#1801,#1436,#1437);
#1233=AXIS2_PLACEMENT_3D('',#1804,#1439,#1440);
#1234=AXIS2_PLACEMENT_3D('',#1805,#1441,#1442);
#1235=AXIS2_PLACEMENT_3D('',#1809,#1444,#1445);
#1236=AXIS2_PLACEMENT_3D('',#1813,#1447,#1448);
#1237=AXIS2_PLACEMENT_3D('',#1816,#1451,#1452);
#1238=AXIS2_PLACEMENT_3D('',#1823,#1457,#1458);
#1239=AXIS2_PLACEMENT_3D('',#1833,#1464,#1465);
#1240=AXIS2_PLACEMENT_3D('',#1836,#1467,#1468);
#1241=AXIS2_PLACEMENT_3D('',#1837,#1469,#1470);
#1242=AXIS2_PLACEMENT_3D('',#1840,#1472,#1473);
#1243=AXIS2_PLACEMENT_3D('',#1841,#1474,#1475);
#1244=AXIS2_PLACEMENT_3D('',#1843,#1476,#1477);
#1245=AXIS2_PLACEMENT_3D('',#1846,#1479,#1480);
#1246=AXIS2_PLACEMENT_3D('',#1847,#1481,#1482);
#1247=AXIS2_PLACEMENT_3D('',#1849,#1483,#1484);
#1248=AXIS2_PLACEMENT_3D('',#1851,#1485,#1486);
#1249=AXIS2_PLACEMENT_3D('',#1853,#1487,#1488);
#1250=AXIS2_PLACEMENT_3D('',#1854,#1489,#1490);
#1251=AXIS2_PLACEMENT_3D('',#1857,#1491,#1492);
#1252=AXIS2_PLACEMENT_3D('',#1858,#1493,#1494);
#1253=AXIS2_PLACEMENT_3D('',#1860,#1496,#1497);
#1254=AXIS2_PLACEMENT_3D('',#1863,#1499,#1500);
#1255=AXIS2_PLACEMENT_3D('',#1864,#1501,#1502);
#1256=AXIS2_PLACEMENT_3D('',#1867,#1503,#1504);
#1257=AXIS2_PLACEMENT_3D('',#1868,#1505,#1506);
#1258=AXIS2_PLACEMENT_3D('',#1870,#1508,#1509);
#1259=AXIS2_PLACEMENT_3D('',#1872,#1510,#1511);
#1260=AXIS2_PLACEMENT_3D('',#1874,#1513,#1514);
#1261=AXIS2_PLACEMENT_3D('',#1876,#1515,#1516);
#1262=AXIS2_PLACEMENT_3D('',#1879,#1518,#1519);
#1263=AXIS2_PLACEMENT_3D('',#1881,#1520,#1521);
#1264=AXIS2_PLACEMENT_3D('',#1884,#1523,#1524);
#1265=AXIS2_PLACEMENT_3D('',#1886,#1525,#1526);
#1266=AXIS2_PLACEMENT_3D('',#1889,#1528,#1529);
#1267=AXIS2_PLACEMENT_3D('',#1891,#1530,#1531);
#1268=AXIS2_PLACEMENT_3D('',#1894,#1533,#1534);
#1269=AXIS2_PLACEMENT_3D('',#1896,#1535,#1536);
#1270=AXIS2_PLACEMENT_3D('',#1898,#1537,#1538);
#1271=AXIS2_PLACEMENT_3D('',#1899,#1539,#1540);
#1272=AXIS2_PLACEMENT_3D('',#1901,#1542,#1543);
#1273=AXIS2_PLACEMENT_3D('',#1903,#1544,#1545);
#1274=AXIS2_PLACEMENT_3D('',#1907,#1547,#1548);
#1275=AXIS2_PLACEMENT_3D('',#1908,#1549,#1550);
#1276=AXIS2_PLACEMENT_3D('',#1909,#1551,#1552);
#1277=AXIS2_PLACEMENT_3D('',#1912,#1554,#1555);
#1278=AXIS2_PLACEMENT_3D('',#1913,#1556,#1557);
#1279=AXIS2_PLACEMENT_3D('',#1915,#1558,#1559);
#1280=AXIS2_PLACEMENT_3D('',#1916,#1560,#1561);
#1281=AXIS2_PLACEMENT_3D('',#1918,#1563,#1564);
#1282=AXIS2_PLACEMENT_3D('',#1921,#1565,#1566);
#1283=AXIS2_PLACEMENT_3D('',#1922,#1567,#1568);
#1284=AXIS2_PLACEMENT_3D('',#1924,#1570,#1571);
#1285=AXIS2_PLACEMENT_3D('',#1926,#1572,#1573);
#1286=AXIS2_PLACEMENT_3D('',#1928,#1575,#1576);
#1287=AXIS2_PLACEMENT_3D('',#1930,#1577,#1578);
#1288=AXIS2_PLACEMENT_3D('',#1970,#1580,#1581);
#1289=AXIS2_PLACEMENT_3D('',#1972,#1583,#1584);
#1290=AXIS2_PLACEMENT_3D('',#1974,#1585,#1586);
#1291=AXIS2_PLACEMENT_3D('',#2014,#1588,#1589);
#1292=AXIS2_PLACEMENT_3D('',#2016,#1591,#1592);
#1293=AXIS2_PLACEMENT_3D('',#2018,#1593,#1594);
#1294=AXIS2_PLACEMENT_3D('',#2058,#1596,#1597);
#1295=AXIS2_PLACEMENT_3D('',#2060,#1599,#1600);
#1296=AXIS2_PLACEMENT_3D('',#2062,#1602,#1603);
#1297=AXIS2_PLACEMENT_3D('',#2066,#1606,#1607);
#1298=AXIS2_PLACEMENT_3D('',#2068,#1609,#1610);
#1299=AXIS2_PLACEMENT_3D('',#2072,#1613,#1614);
#1300=AXIS2_PLACEMENT_3D('',#2074,#1616,#1617);
#1301=AXIS2_PLACEMENT_3D('',#2078,#1620,#1621);
#1302=AXIS2_PLACEMENT_3D('',#2079,#1622,#1623);
#1303=AXIS2_PLACEMENT_3D('',#2080,#1624,#1625);
#1304=AXIS2_PLACEMENT_3D('',#2083,#1627,#1628);
#1305=AXIS2_PLACEMENT_3D('',#2084,#1629,#1630);
#1306=AXIS2_PLACEMENT_3D('',#2085,#1631,#1632);
#1307=AXIS2_PLACEMENT_3D('',#2086,#1633,#1634);
#1308=AXIS2_PLACEMENT_3D('',#2087,#1635,#1636);
#1309=AXIS2_PLACEMENT_3D('',#2089,#1638,#1639);
#1310=AXIS2_PLACEMENT_3D('',#2090,#1640,#1641);
#1311=AXIS2_PLACEMENT_3D('',#2092,#1642,#1643);
#1312=AXIS2_PLACEMENT_3D('',#2132,#1645,#1646);
#1313=AXIS2_PLACEMENT_3D('',#2133,#1647,#1648);
#1314=AXIS2_PLACEMENT_3D('',#2134,#1649,#1650);
#1315=AXIS2_PLACEMENT_3D('',#2135,#1651,#1652);
#1316=AXIS2_PLACEMENT_3D('',#2137,#1654,#1655);
#1317=AXIS2_PLACEMENT_3D('',#2139,#1657,#1658);
#1318=AXIS2_PLACEMENT_3D('',#2141,#1660,#1661);
#1319=AXIS2_PLACEMENT_3D('',#2142,#1662,#1663);
#1320=DIRECTION('axis',(0.,0.,1.));
#1321=DIRECTION('refdir',(1.,0.,0.));
#1322=DIRECTION('center_axis',(1.29893408435324E-16,0.707106781186548,-0.707106781186548));
#1323=DIRECTION('ref_axis',(-1.,0.,-1.83697019872103E-16));
#1324=DIRECTION('',(0.123724030206484,0.701673843159863,0.701673843159863));
#1325=DIRECTION('',(1.,0.,1.83697019872103E-16));
#1326=DIRECTION('',(0.123724030206484,-0.701673843159863,-0.701673843159863));
#1327=DIRECTION('center_axis',(1.29893408435324E-16,0.707106781186548,-0.707106781186548));
#1328=DIRECTION('ref_axis',(0.,-0.707106781186548,-0.707106781186548));
#1329=DIRECTION('',(-1.,0.,-1.83697019872103E-16));
#1330=DIRECTION('center_axis',(1.29893408435324E-16,0.707106781186548,-0.707106781186548));
#1331=DIRECTION('ref_axis',(0.,-0.707106781186548,-0.707106781186548));
#1332=DIRECTION('center_axis',(0.,1.,0.));
#1333=DIRECTION('ref_axis',(1.,0.,0.));
#1334=DIRECTION('',(-8.56836466800116E-17,-1.,4.85936107654897E-16));
#1335=DIRECTION('center_axis',(0.,1.,0.));
#1336=DIRECTION('ref_axis',(1.,0.,0.));
#1337=DIRECTION('',(-4.85936107654897E-16,-1.,8.56836466800114E-17));
#1338=DIRECTION('center_axis',(0.707106781186548,0.707106781186548,8.65956056235493E-17));
#1339=DIRECTION('ref_axis',(0.707106781186548,-0.707106781186548,0.));
#1340=DIRECTION('',(0.,-1.,0.));
#1341=DIRECTION('center_axis',(0.,-1.,0.));
#1342=DIRECTION('ref_axis',(1.,0.,0.));
#1343=DIRECTION('',(0.,1.,0.));
#1344=DIRECTION('center_axis',(-0.984807753012208,0.,-0.173648177666931));
#1345=DIRECTION('ref_axis',(-0.17364817766693,0.,0.984807753012208));
#1346=DIRECTION('',(0.17364817766693,0.,-0.984807753012208));
#1347=DIRECTION('',(1.71367293360023E-16,1.,-9.71872215309794E-16));
#1348=DIRECTION('',(-0.17364817766693,0.,0.984807753012208));
#1349=DIRECTION('',(0.,-1.,0.));
#1350=DIRECTION('',(-0.17364817766693,0.,0.984807753012208));
#1351=DIRECTION('',(0.122787803968973,-0.707106781186549,-0.696364240320017));
#1352=DIRECTION('center_axis',(0.,1.,0.));
#1353=DIRECTION('ref_axis',(-0.984807753012208,0.,-0.17364817766693));
#1354=DIRECTION('',(-0.17364817766693,0.,-0.984807753012208));
#1355=DIRECTION('center_axis',(0.,1.,0.));
#1356=DIRECTION('ref_axis',(0.17364817766693,0.,-0.984807753012208));
#1357=DIRECTION('center_axis',(0.,-1.,0.));
#1358=DIRECTION('ref_axis',(-1.,0.,0.));
#1359=DIRECTION('',(0.122787803968972,0.707106781186549,0.696364240320017));
#1360=DIRECTION('center_axis',(0.,1.,0.));
#1361=DIRECTION('ref_axis',(-1.,0.,0.));
#1362=DIRECTION('',(-0.696364240320017,-0.707106781186549,-0.122787803968973));
#1363=DIRECTION('center_axis',(0.,-1.,0.));
#1364=DIRECTION('ref_axis',(-1.,0.,0.));
#1365=DIRECTION('center_axis',(0.,1.,0.));
#1366=DIRECTION('ref_axis',(1.,0.,0.));
#1367=DIRECTION('',(0.,-1.,0.));
#1368=DIRECTION('center_axis',(0.,-1.,0.));
#1369=DIRECTION('ref_axis',(1.,0.,0.));
#1370=DIRECTION('',(0.,1.,0.));
#1371=DIRECTION('center_axis',(-0.707106781186548,0.707106781186548,0.));
#1372=DIRECTION('ref_axis',(0.707106781186548,0.707106781186548,0.));
#1373=DIRECTION('',(4.85936107654897E-16,-1.,8.56836466800115E-17));
#1374=DIRECTION('',(8.56836466800114E-17,-1.,4.85936107654897E-16));
#1375=DIRECTION('center_axis',(-0.707106781186548,0.707106781186548,0.));
#1376=DIRECTION('ref_axis',(0.,0.,1.));
#1377=DIRECTION('',(0.701673843159863,0.701673843159863,-0.123724030206484));
#1378=DIRECTION('',(0.,0.,-1.));
#1379=DIRECTION('',(-0.701673843159863,-0.701673843159863,-0.123724030206484));
#1380=DIRECTION('',(0.,0.,1.));
#1381=DIRECTION('center_axis',(-0.707106781186548,0.707106781186548,0.));
#1382=DIRECTION('ref_axis',(0.707106781186548,0.707106781186548,0.));
#1383=DIRECTION('center_axis',(-0.17364817766693,0.,0.984807753012208));
#1384=DIRECTION('ref_axis',(0.984807753012208,0.,0.17364817766693));
#1385=DIRECTION('',(-0.984807753012208,0.,-0.17364817766693));
#1386=DIRECTION('',(-9.71872215309794E-16,1.,-1.71367293360023E-16));
#1387=DIRECTION('',(0.984807753012208,0.,0.17364817766693));
#1388=DIRECTION('',(0.,-1.,0.));
#1389=DIRECTION('',(0.984807753012208,0.,0.17364817766693));
#1390=DIRECTION('center_axis',(0.,1.,0.));
#1391=DIRECTION('ref_axis',(-0.17364817766693,0.,0.984807753012208));
#1392=DIRECTION('',(-0.984807753012208,0.,0.17364817766693));
#1393=DIRECTION('center_axis',(0.,1.,0.));
#1394=DIRECTION('ref_axis',(-0.984807753012208,0.,-0.17364817766693));
#1395=DIRECTION('center_axis',(0.,-1.,0.));
#1396=DIRECTION('ref_axis',(-1.,0.,0.));
#1397=DIRECTION('',(0.696364240320017,0.707106781186549,-0.122787803968973));
#1398=DIRECTION('center_axis',(0.,1.,0.));
#1399=DIRECTION('ref_axis',(-1.,0.,0.));
#1400=DIRECTION('',(-0.122787803968973,-0.707106781186549,0.696364240320017));
#1401=DIRECTION('center_axis',(0.,-1.,0.));
#1402=DIRECTION('ref_axis',(-1.,0.,0.));
#1403=DIRECTION('center_axis',(0.,1.,0.));
#1404=DIRECTION('ref_axis',(1.,0.,0.));
#1405=DIRECTION('',(0.,-1.,0.));
#1406=DIRECTION('center_axis',(0.,-1.,0.));
#1407=DIRECTION('ref_axis',(1.,0.,0.));
#1408=DIRECTION('',(0.,1.,0.));
#1409=DIRECTION('center_axis',(-4.32978028117747E-17,0.707106781186548,
0.707106781186548));
#1410=DIRECTION('ref_axis',(0.,0.707106781186548,-0.707106781186548));
#1411=DIRECTION('',(8.56836466800116E-17,-1.,-4.85936107654897E-16));
#1412=DIRECTION('',(4.85936107654897E-16,-1.,-8.56836466800115E-17));
#1413=DIRECTION('center_axis',(-4.32978028117747E-17,0.707106781186548,
0.707106781186548));
#1414=DIRECTION('ref_axis',(1.,0.,6.12323399573677E-17));
#1415=DIRECTION('',(-0.123724030206484,0.701673843159863,-0.701673843159863));
#1416=DIRECTION('',(-1.,0.,-6.12323399573677E-17));
#1417=DIRECTION('',(-0.123724030206484,-0.701673843159863,0.701673843159863));
#1418=DIRECTION('',(1.,0.,6.12323399573677E-17));
#1419=DIRECTION('center_axis',(-4.32978028117747E-17,0.707106781186548,
0.707106781186548));
#1420=DIRECTION('ref_axis',(0.,0.707106781186548,-0.707106781186548));
#1421=DIRECTION('center_axis',(0.984807753012208,0.,0.17364817766693));
#1422=DIRECTION('ref_axis',(0.17364817766693,0.,-0.984807753012208));
#1423=DIRECTION('',(-0.17364817766693,0.,0.984807753012208));
#1424=DIRECTION('',(-1.71367293360023E-16,1.,9.71872215309794E-16));
#1425=DIRECTION('',(0.17364817766693,0.,-0.984807753012208));
#1426=DIRECTION('',(0.,-1.,0.));
#1427=DIRECTION('',(0.17364817766693,0.,-0.984807753012208));
#1428=DIRECTION('center_axis',(0.,1.,0.));
#1429=DIRECTION('ref_axis',(0.984807753012208,0.,0.17364817766693));
#1430=DIRECTION('',(0.17364817766693,0.,0.984807753012208));
#1431=DIRECTION('center_axis',(0.,1.,0.));
#1432=DIRECTION('ref_axis',(-0.17364817766693,0.,0.984807753012208));
#1433=DIRECTION('center_axis',(0.,-1.,0.));
#1434=DIRECTION('ref_axis',(1.,0.,0.));
#1435=DIRECTION('',(-0.122787803968972,0.707106781186549,-0.696364240320017));
#1436=DIRECTION('center_axis',(0.,1.,0.));
#1437=DIRECTION('ref_axis',(1.,0.,0.));
#1438=DIRECTION('',(0.696364240320017,-0.707106781186549,0.122787803968973));
#1439=DIRECTION('center_axis',(0.,-1.,0.));
#1440=DIRECTION('ref_axis',(1.,0.,0.));
#1441=DIRECTION('center_axis',(0.,1.,0.));
#1442=DIRECTION('ref_axis',(1.,0.,0.));
#1443=DIRECTION('',(0.,-1.,0.));
#1444=DIRECTION('center_axis',(0.,-1.,0.));
#1445=DIRECTION('ref_axis',(1.,0.,0.));
#1446=DIRECTION('',(0.,1.,0.));
#1447=DIRECTION('center_axis',(0.707106781186548,0.707106781186548,8.65956056235493E-17));
#1448=DIRECTION('ref_axis',(0.707106781186548,-0.707106781186548,0.));
#1449=DIRECTION('',(-4.85936107654897E-16,-1.,-8.56836466800116E-17));
#1450=DIRECTION('',(-8.56836466800115E-17,-1.,-4.85936107654897E-16));
#1451=DIRECTION('center_axis',(0.707106781186548,0.707106781186548,8.65956056235493E-17));
#1452=DIRECTION('ref_axis',(1.22464679914735E-16,0.,-1.));
#1453=DIRECTION('',(-0.701673843159863,0.701673843159863,0.123724030206484));
#1454=DIRECTION('',(-1.22464679914735E-16,0.,1.));
#1455=DIRECTION('',(0.701673843159863,-0.701673843159863,0.123724030206484));
#1456=DIRECTION('',(1.22464679914735E-16,0.,-1.));
#1457=DIRECTION('center_axis',(0.17364817766693,0.,-0.984807753012208));
#1458=DIRECTION('ref_axis',(-0.984807753012208,0.,-0.17364817766693));
#1459=DIRECTION('',(0.984807753012208,0.,0.17364817766693));
#1460=DIRECTION('',(9.71872215309794E-16,1.,1.71367293360023E-16));
#1461=DIRECTION('',(-0.984807753012208,0.,-0.17364817766693));
#1462=DIRECTION('',(0.,-1.,0.));
#1463=DIRECTION('',(-0.984807753012208,0.,-0.17364817766693));
#1464=DIRECTION('center_axis',(0.,1.,0.));
#1465=DIRECTION('ref_axis',(0.17364817766693,0.,-0.984807753012208));
#1466=DIRECTION('',(0.984807753012208,0.,-0.17364817766693));
#1467=DIRECTION('center_axis',(0.,1.,0.));
#1468=DIRECTION('ref_axis',(0.984807753012208,0.,0.17364817766693));
#1469=DIRECTION('center_axis',(0.,-1.,0.));
#1470=DIRECTION('ref_axis',(1.,0.,0.));
#1471=DIRECTION('',(-0.696364240320017,0.707106781186549,0.122787803968972));
#1472=DIRECTION('center_axis',(0.,-1.,0.));
#1473=DIRECTION('ref_axis',(1.,0.,0.));
#1474=DIRECTION('center_axis',(0.,-1.,0.));
#1475=DIRECTION('ref_axis',(1.,0.,0.));
#1476=DIRECTION('center_axis',(0.,-1.,0.));
#1477=DIRECTION('ref_axis',(1.,0.,0.));
#1478=DIRECTION('',(0.707106781186549,0.707106781186546,8.65956056235495E-17));
#1479=DIRECTION('center_axis',(0.,1.,0.));
#1480=DIRECTION('ref_axis',(1.,0.,0.));
#1481=DIRECTION('center_axis',(0.,1.,0.));
#1482=DIRECTION('ref_axis',(0.,0.,1.));
#1483=DIRECTION('center_axis',(0.,1.,0.));
#1484=DIRECTION('ref_axis',(1.,0.,0.));
#1485=DIRECTION('center_axis',(0.,-1.,0.));
#1486=DIRECTION('ref_axis',(1.,0.,0.));
#1487=DIRECTION('center_axis',(0.,-1.,0.));
#1488=DIRECTION('ref_axis',(1.,0.,0.));
#1489=DIRECTION('center_axis',(0.,1.,0.));
#1490=DIRECTION('ref_axis',(1.,0.,0.));
#1491=DIRECTION('center_axis',(0.,-1.,0.));
#1492=DIRECTION('ref_axis',(-1.,0.,0.));
#1493=DIRECTION('center_axis',(0.,-1.,0.));
#1494=DIRECTION('ref_axis',(-1.,0.,0.));
#1495=DIRECTION('',(0.,-1.,0.));
#1496=DIRECTION('center_axis',(0.,-1.,0.));
#1497=DIRECTION('ref_axis',(1.,0.,0.));
#1498=DIRECTION('',(0.707106781186549,0.707106781186546,8.65956056235495E-17));
#1499=DIRECTION('center_axis',(0.,1.,0.));
#1500=DIRECTION('ref_axis',(1.,0.,0.));
#1501=DIRECTION('center_axis',(0.,1.,0.));
#1502=DIRECTION('ref_axis',(1.,0.,0.));
#1503=DIRECTION('center_axis',(0.,-1.,0.));
#1504=DIRECTION('ref_axis',(-1.,0.,0.));
#1505=DIRECTION('center_axis',(0.,-1.,0.));
#1506=DIRECTION('ref_axis',(-1.,0.,0.));
#1507=DIRECTION('',(0.,-1.,0.));
#1508=DIRECTION('center_axis',(0.,1.,0.));
#1509=DIRECTION('ref_axis',(-1.,0.,0.));
#1510=DIRECTION('center_axis',(0.,1.,0.));
#1511=DIRECTION('ref_axis',(-1.,0.,0.));
#1512=DIRECTION('',(-0.707106781186549,-0.707106781186546,8.65956056235495E-17));
#1513=DIRECTION('center_axis',(0.,1.,0.));
#1514=DIRECTION('ref_axis',(0.,0.,1.));
#1515=DIRECTION('center_axis',(0.,1.,0.));
#1516=DIRECTION('ref_axis',(0.173648177666931,0.,-0.984807753012208));
#1517=DIRECTION('',(-0.17364817766693,0.,-0.984807753012208));
#1518=DIRECTION('center_axis',(0.,1.,0.));
#1519=DIRECTION('ref_axis',(-1.,0.,0.));
#1520=DIRECTION('center_axis',(0.,1.,0.));
#1521=DIRECTION('ref_axis',(-0.984807753012208,0.,-0.17364817766693));
#1522=DIRECTION('',(-0.984807753012208,0.,0.17364817766693));
#1523=DIRECTION('center_axis',(0.,1.,0.));
#1524=DIRECTION('ref_axis',(-1.,0.,0.));
#1525=DIRECTION('center_axis',(0.,1.,0.));
#1526=DIRECTION('ref_axis',(-0.17364817766693,0.,0.984807753012208));
#1527=DIRECTION('',(0.17364817766693,0.,0.984807753012208));
#1528=DIRECTION('center_axis',(0.,1.,0.));
#1529=DIRECTION('ref_axis',(-1.,0.,0.));
#1530=DIRECTION('center_axis',(0.,1.,0.));
#1531=DIRECTION('ref_axis',(0.984807753012208,0.,0.17364817766693));
#1532=DIRECTION('',(0.984807753012208,0.,-0.17364817766693));
#1533=DIRECTION('center_axis',(0.,1.,0.));
#1534=DIRECTION('ref_axis',(-1.,0.,0.));
#1535=DIRECTION('center_axis',(0.,1.,0.));
#1536=DIRECTION('ref_axis',(-1.,0.,0.));
#1537=DIRECTION('center_axis',(0.,-1.,0.));
#1538=DIRECTION('ref_axis',(1.,0.,0.));
#1539=DIRECTION('center_axis',(0.,1.,0.));
#1540=DIRECTION('ref_axis',(-1.,0.,0.));
#1541=DIRECTION('',(-0.707106781186549,-0.707106781186546,8.65956056235495E-17));
#1542=DIRECTION('center_axis',(0.,1.,0.));
#1543=DIRECTION('ref_axis',(-1.,0.,0.));
#1544=DIRECTION('center_axis',(0.,1.,0.));
#1545=DIRECTION('ref_axis',(-1.,0.,0.));
#1546=DIRECTION('',(-0.707106781186548,-0.707106781186548,8.65956056235493E-17));
#1547=DIRECTION('center_axis',(0.,-1.,0.));
#1548=DIRECTION('ref_axis',(-1.,0.,0.));
#1549=DIRECTION('center_axis',(0.,-1.,0.));
#1550=DIRECTION('ref_axis',(-1.,0.,0.));
#1551=DIRECTION('center_axis',(0.,1.,0.));
#1552=DIRECTION('ref_axis',(1.,0.,0.));
#1553=DIRECTION('',(0.,-1.,0.));
#1554=DIRECTION('center_axis',(0.,1.,0.));
#1555=DIRECTION('ref_axis',(1.,0.,0.));
#1556=DIRECTION('center_axis',(0.,1.,0.));
#1557=DIRECTION('ref_axis',(0.,0.,1.));
#1558=DIRECTION('center_axis',(0.,1.,0.));
#1559=DIRECTION('ref_axis',(1.,0.,0.));
#1560=DIRECTION('center_axis',(0.,-1.,0.));
#1561=DIRECTION('ref_axis',(1.,0.,0.));
#1562=DIRECTION('',(-0.707106781186548,-0.707106781186547,8.65956056235494E-17));
#1563=DIRECTION('center_axis',(0.,1.,0.));
#1564=DIRECTION('ref_axis',(1.,0.,0.));
#1565=DIRECTION('center_axis',(0.,-1.,0.));
#1566=DIRECTION('ref_axis',(1.,0.,0.));
#1567=DIRECTION('center_axis',(0.,-1.,0.));
#1568=DIRECTION('ref_axis',(1.,0.,0.));
#1569=DIRECTION('',(0.707106781186548,-0.707106781186547,-8.65956056235494E-17));
#1570=DIRECTION('center_axis',(0.,1.,0.));
#1571=DIRECTION('ref_axis',(-1.,0.,0.));
#1572=DIRECTION('center_axis',(0.,1.,0.));
#1573=DIRECTION('ref_axis',(-1.,0.,0.));
#1574=DIRECTION('',(0.,-1.,0.));
#1575=DIRECTION('center_axis',(1.83697019872103E-16,0.,-1.));
#1576=DIRECTION('ref_axis',(-1.,0.,-1.83697019872103E-16));
#1577=DIRECTION('center_axis',(1.83697019872103E-16,0.,-1.));
#1578=DIRECTION('ref_axis',(-1.,0.,-1.83697019872103E-16));
#1579=DIRECTION('',(-1.83697019872103E-16,0.,1.));
#1580=DIRECTION('center_axis',(-1.83697019872103E-16,0.,1.));
#1581=DIRECTION('ref_axis',(-1.,0.,-1.83697019872103E-16));
#1582=DIRECTION('',(-1.,0.,-1.83697019872103E-16));
#1583=DIRECTION('center_axis',(1.,0.,1.22464679914735E-16));
#1584=DIRECTION('ref_axis',(1.22464679914735E-16,0.,-1.));
#1585=DIRECTION('center_axis',(1.,0.,1.22464679914735E-16));
#1586=DIRECTION('ref_axis',(1.22464679914735E-16,0.,-1.));
#1587=DIRECTION('',(-1.,0.,-1.22464679914735E-16));
#1588=DIRECTION('center_axis',(-1.,0.,-1.22464679914735E-16));
#1589=DIRECTION('ref_axis',(1.22464679914735E-16,0.,-1.));
#1590=DIRECTION('',(1.22464679914735E-16,0.,-1.));
#1591=DIRECTION('center_axis',(-6.12323399573677E-17,0.,1.));
#1592=DIRECTION('ref_axis',(1.,0.,6.12323399573676E-17));
#1593=DIRECTION('center_axis',(-6.12323399573677E-17,0.,1.));
#1594=DIRECTION('ref_axis',(1.,0.,6.12323399573676E-17));
#1595=DIRECTION('',(6.12323399573676E-17,0.,-1.));
#1596=DIRECTION('center_axis',(6.12323399573677E-17,0.,-1.));
#1597=DIRECTION('ref_axis',(1.,0.,6.12323399573677E-17));
#1598=DIRECTION('',(1.,0.,6.12323399573677E-17));
#1599=DIRECTION('center_axis',(0.,1.,0.));
#1600=DIRECTION('ref_axis',(0.173648177666931,0.,-0.984807753012208));
#1601=DIRECTION('',(-1.71367293360023E-16,1.,-9.71872215309794E-16));
#1602=DIRECTION('center_axis',(-0.984807753012208,0.,0.17364817766693));
#1603=DIRECTION('ref_axis',(0.17364817766693,0.,0.984807753012208));
#1604=DIRECTION('',(-0.17364817766693,0.,-0.984807753012208));
#1605=DIRECTION('',(0.,1.,0.));
#1606=DIRECTION('center_axis',(0.,1.,0.));
#1607=DIRECTION('ref_axis',(0.984807753012208,0.,0.17364817766693));
#1608=DIRECTION('',(9.71872215309794E-16,1.,-1.71367293360023E-16));
#1609=DIRECTION('center_axis',(-0.17364817766693,0.,-0.984807753012208));
#1610=DIRECTION('ref_axis',(-0.984807753012208,0.,0.17364817766693));
#1611=DIRECTION('',(0.984807753012208,0.,-0.17364817766693));
#1612=DIRECTION('',(0.,1.,0.));
#1613=DIRECTION('center_axis',(0.,1.,0.));
#1614=DIRECTION('ref_axis',(-0.17364817766693,0.,0.984807753012208));
#1615=DIRECTION('',(1.71367293360023E-16,1.,9.71872215309794E-16));
#1616=DIRECTION('center_axis',(0.984807753012208,0.,-0.17364817766693));
#1617=DIRECTION('ref_axis',(-0.17364817766693,0.,-0.984807753012208));
#1618=DIRECTION('',(0.17364817766693,0.,0.984807753012208));
#1619=DIRECTION('',(0.,1.,0.));
#1620=DIRECTION('center_axis',(0.,1.,0.));
#1621=DIRECTION('ref_axis',(-1.,0.,0.));
#1622=DIRECTION('center_axis',(0.,-1.,0.));
#1623=DIRECTION('ref_axis',(-1.,0.,0.));
#1624=DIRECTION('center_axis',(0.,1.,0.));
#1625=DIRECTION('ref_axis',(-1.,0.,0.));
#1626=DIRECTION('',(0.,1.,0.));
#1627=DIRECTION('center_axis',(0.,-1.,0.));
#1628=DIRECTION('ref_axis',(-1.,0.,0.));
#1629=DIRECTION('center_axis',(0.,1.,0.));
#1630=DIRECTION('ref_axis',(-1.,0.,0.));
#1631=DIRECTION('center_axis',(0.,-1.,0.));
#1632=DIRECTION('ref_axis',(-1.,0.,0.));
#1633=DIRECTION('center_axis',(0.,1.,0.));
#1634=DIRECTION('ref_axis',(0.,0.,1.));
#1635=DIRECTION('center_axis',(0.,1.,0.));
#1636=DIRECTION('ref_axis',(0.,0.,1.));
#1637=DIRECTION('',(-0.984807753012208,0.,0.17364817766693));
#1638=DIRECTION('center_axis',(0.,1.,0.));
#1639=DIRECTION('ref_axis',(0.,0.,1.));
#1640=DIRECTION('center_axis',(-1.,0.,0.));
#1641=DIRECTION('ref_axis',(0.,0.,1.));
#1642=DIRECTION('center_axis',(1.,0.,0.));
#1643=DIRECTION('ref_axis',(0.,0.,1.));
#1644=DIRECTION('',(1.,0.,0.));
#1645=DIRECTION('center_axis',(0.,1.,0.));
#1646=DIRECTION('ref_axis',(0.,0.,1.));
#1647=DIRECTION('center_axis',(0.,-1.,0.));
#1648=DIRECTION('ref_axis',(-1.,0.,0.));
#1649=DIRECTION('center_axis',(0.,1.,0.));
#1650=DIRECTION('ref_axis',(-1.,0.,0.));
#1651=DIRECTION('center_axis',(0.,1.,0.));
#1652=DIRECTION('ref_axis',(1.,0.,0.));
#1653=DIRECTION('',(0.,-1.,0.));
#1654=DIRECTION('center_axis',(1.,0.,0.));
#1655=DIRECTION('ref_axis',(0.,0.,1.));
#1656=DIRECTION('',(0.,0.,1.));
#1657=DIRECTION('center_axis',(0.,1.,0.));
#1658=DIRECTION('ref_axis',(-0.984807753012208,0.,-0.17364817766693));
#1659=DIRECTION('',(-9.71872215309794E-16,1.,1.71367293360023E-16));
#1660=DIRECTION('center_axis',(0.17364817766693,0.,0.984807753012208));
#1661=DIRECTION('ref_axis',(0.984807753012208,0.,-0.17364817766693));
#1662=DIRECTION('center_axis',(0.,1.,0.));
#1663=DIRECTION('ref_axis',(0.,0.,1.));
#1664=CARTESIAN_POINT('',(0.,0.,0.));
#1665=CARTESIAN_POINT('Origin',(4.06183563978342,13.5,-29.2));
#1666=CARTESIAN_POINT('',(-5.19208051224121,13.254248184935,-29.445751815065));
#1667=CARTESIAN_POINT('',(-5.06058434633294,14.,-28.7));
#1668=CARTESIAN_POINT('',(-5.1967636690538,13.2276886828453,-29.4723113171547));
#1669=CARTESIAN_POINT('',(5.06058434633295,14.,-28.7));
#1670=CARTESIAN_POINT('',(4.06183563978342,14.,-28.7));
#1671=CARTESIAN_POINT('',(5.19208051224122,13.254248184935,-29.445751815065));
#1672=CARTESIAN_POINT('',(5.25894076909997,12.875064825757,-29.824935174243));
#1673=CARTESIAN_POINT('',(3.45253530032641,13.,-29.7));
#1674=CARTESIAN_POINT('Origin',(0.,42.7,0.));
#1675=CARTESIAN_POINT('',(-3.4525353003264,13.,-29.7));
#1676=CARTESIAN_POINT('',(4.06183563978342,13.,-29.7));
#1677=CARTESIAN_POINT('Origin',(0.,42.7,0.));
#1678=CARTESIAN_POINT('Origin',(0.,5.,0.));
#1679=CARTESIAN_POINT('',(5.19208051224122,10.,-29.445751815065));
#1680=CARTESIAN_POINT('',(5.19208051224122,14.,-29.445751815065));
#1681=CARTESIAN_POINT('',(29.445751815065,10.,-5.19208051224121));
#1682=CARTESIAN_POINT('Origin',(0.,10.,0.));
#1683=CARTESIAN_POINT('',(29.445751815065,13.254248184935,-5.19208051224121));
#1684=CARTESIAN_POINT('',(29.445751815065,14.,-5.19208051224121));
#1685=CARTESIAN_POINT('',(29.7,13.,-3.4525353003264));
#1686=CARTESIAN_POINT('Origin',(0.,42.7,0.));
#1687=CARTESIAN_POINT('',(29.7,5.,-3.4525353003264));
#1688=CARTESIAN_POINT('',(29.7,5.,-3.4525353003264));
#1689=CARTESIAN_POINT('',(3.45253530032641,5.,-29.7));
#1690=CARTESIAN_POINT('Origin',(0.,5.,0.));
#1691=CARTESIAN_POINT('',(3.45253530032641,5.,-29.7));
#1692=CARTESIAN_POINT('Origin',(4.93160824574083,9.5,-27.9685401855467));
#1693=CARTESIAN_POINT('',(4.67113597924043,14.,-26.4913285560284));
#1694=CARTESIAN_POINT('',(4.67113597924043,14.,-26.4913285560284));
#1695=CARTESIAN_POINT('',(4.67113597924043,5.,-26.4913285560284));
#1696=CARTESIAN_POINT('',(4.67113597924043,5.,-26.4913285560284));
#1697=CARTESIAN_POINT('',(4.84478415690736,5.,-27.4761363090406));
#1698=CARTESIAN_POINT('',(2.46580412287041,5.,-13.9842700927734));
#1699=CARTESIAN_POINT('',(4.84478415690736,11.,-27.4761363090406));
#1700=CARTESIAN_POINT('',(4.84478415690736,5.,-27.4761363090406));
#1701=CARTESIAN_POINT('',(5.01843233457429,11.,-28.4609440620528));
#1702=CARTESIAN_POINT('',(2.46580412287041,11.,-13.9842700927734));
#1703=CARTESIAN_POINT('',(5.10525642340776,10.5,-28.9533479385589));
#1704=CARTESIAN_POINT('Origin',(4.67113597924043,14.,-26.4913285560284));
#1705=CARTESIAN_POINT('',(-4.67113597924042,14.,-26.4913285560284));
#1706=CARTESIAN_POINT('',(-4.67113597924042,14.,-26.4913285560284));
#1707=CARTESIAN_POINT('Origin',(-1.92254356798005E-15,14.,4.92644038880149E-14));
#1708=CARTESIAN_POINT('Origin',(0.,10.5,0.));
#1709=CARTESIAN_POINT('',(-5.01843233457428,11.,-28.4609440620528));
#1710=CARTESIAN_POINT('',(-5.19208051224121,10.,-29.445751815065));
#1711=CARTESIAN_POINT('',(-5.10525642340774,10.5,-28.9533479385589));
#1712=CARTESIAN_POINT('',(-29.445751815065,10.,-5.19208051224122));
#1713=CARTESIAN_POINT('Origin',(0.,10.,0.));
#1714=CARTESIAN_POINT('',(-28.4609440620528,11.,-5.01843233457429));
#1715=CARTESIAN_POINT('',(-28.9533479385589,10.5,-5.10525642340775));
#1716=CARTESIAN_POINT('Origin',(0.,11.,0.));
#1717=CARTESIAN_POINT('Origin',(0.,5.,0.));
#1718=CARTESIAN_POINT('',(-3.4525353003264,5.,-29.7));
#1719=CARTESIAN_POINT('',(-3.4525353003264,5.,-29.7));
#1720=CARTESIAN_POINT('',(-29.7,5.,-3.4525353003264));
#1721=CARTESIAN_POINT('Origin',(0.,5.,0.));
#1722=CARTESIAN_POINT('',(-29.7,13.,-3.4525353003264));
#1723=CARTESIAN_POINT('',(-29.7,5.,-3.4525353003264));
#1724=CARTESIAN_POINT('',(-29.445751815065,13.254248184935,-5.19208051224122));
#1725=CARTESIAN_POINT('Origin',(0.,42.7,0.));
#1726=CARTESIAN_POINT('',(-29.445751815065,14.,-5.19208051224122));
#1727=CARTESIAN_POINT('',(-5.19208051224121,14.,-29.445751815065));
#1728=CARTESIAN_POINT('Origin',(-29.2,13.5,-4.06183563978341));
#1729=CARTESIAN_POINT('',(-29.445751815065,13.254248184935,5.19208051224122));
#1730=CARTESIAN_POINT('',(-28.7,14.,5.06058434633294));
#1731=CARTESIAN_POINT('',(-29.4723113171547,13.2276886828453,5.1967636690538));
#1732=CARTESIAN_POINT('',(-28.7,14.,-5.06058434633295));
#1733=CARTESIAN_POINT('',(-28.7,14.,-4.06183563978341));
#1734=CARTESIAN_POINT('',(-29.824935174243,12.875064825757,-5.25894076909997));
#1735=CARTESIAN_POINT('',(-29.7,13.,3.4525353003264));
#1736=CARTESIAN_POINT('',(-29.7,13.,-4.06183563978341));
#1737=CARTESIAN_POINT('Origin',(0.,42.7,0.));
#1738=CARTESIAN_POINT('Origin',(-27.9685401855467,9.5,-4.93160824574082));
#1739=CARTESIAN_POINT('',(-26.4913285560284,14.,-4.67113597924043));
#1740=CARTESIAN_POINT('',(-26.4913285560284,14.,-4.67113597924043));
#1741=CARTESIAN_POINT('',(-26.4913285560284,5.,-4.67113597924043));
#1742=CARTESIAN_POINT('',(-26.4913285560284,5.,-4.67113597924043));
#1743=CARTESIAN_POINT('',(-27.4761363090406,5.,-4.84478415690736));
#1744=CARTESIAN_POINT('',(-13.9842700927734,5.,-2.46580412287041));
#1745=CARTESIAN_POINT('',(-27.4761363090406,11.,-4.84478415690736));
#1746=CARTESIAN_POINT('',(-27.4761363090406,5.,-4.84478415690736));
#1747=CARTESIAN_POINT('',(-13.9842700927734,11.,-2.46580412287041));
#1748=CARTESIAN_POINT('Origin',(-26.4913285560284,14.,-4.67113597924043));
#1749=CARTESIAN_POINT('',(-26.4913285560284,14.,4.67113597924043));
#1750=CARTESIAN_POINT('',(-26.4913285560284,14.,4.67113597924042));
#1751=CARTESIAN_POINT('Origin',(4.92644038880149E-14,14.,1.92254356798004E-15));
#1752=CARTESIAN_POINT('Origin',(0.,10.5,0.));
#1753=CARTESIAN_POINT('',(-28.4609440620528,11.,5.01843233457428));
#1754=CARTESIAN_POINT('',(-29.445751815065,10.,5.19208051224121));
#1755=CARTESIAN_POINT('',(-28.9533479385589,10.5,5.10525642340775));
#1756=CARTESIAN_POINT('',(-5.19208051224122,10.,29.445751815065));
#1757=CARTESIAN_POINT('Origin',(0.,10.,0.));
#1758=CARTESIAN_POINT('',(-5.01843233457429,11.,28.4609440620528));
#1759=CARTESIAN_POINT('',(-5.10525642340775,10.5,28.9533479385589));
#1760=CARTESIAN_POINT('Origin',(0.,11.,0.));
#1761=CARTESIAN_POINT('Origin',(0.,5.,0.));
#1762=CARTESIAN_POINT('',(-29.7,5.,3.4525353003264));
#1763=CARTESIAN_POINT('',(-29.7,5.,3.4525353003264));
#1764=CARTESIAN_POINT('',(-3.4525353003264,5.,29.7));
#1765=CARTESIAN_POINT('Origin',(0.,5.,0.));
#1766=CARTESIAN_POINT('',(-3.4525353003264,13.,29.7));
#1767=CARTESIAN_POINT('',(-3.4525353003264,5.,29.7));
#1768=CARTESIAN_POINT('',(-5.19208051224122,13.254248184935,29.445751815065));
#1769=CARTESIAN_POINT('Origin',(0.,42.7,0.));
#1770=CARTESIAN_POINT('',(-5.19208051224122,14.,29.445751815065));
#1771=CARTESIAN_POINT('',(-29.445751815065,14.,5.19208051224122));
#1772=CARTESIAN_POINT('Origin',(-4.06183563978342,13.5,29.2));
#1773=CARTESIAN_POINT('',(5.19208051224121,13.254248184935,29.445751815065));
#1774=CARTESIAN_POINT('',(5.06058434633294,14.,28.7));
#1775=CARTESIAN_POINT('',(5.1967636690538,13.2276886828453,29.4723113171547));
#1776=CARTESIAN_POINT('',(-5.06058434633295,14.,28.7));
#1777=CARTESIAN_POINT('',(-4.06183563978342,14.,28.7));
#1778=CARTESIAN_POINT('',(-5.25894076909997,12.875064825757,29.824935174243));
#1779=CARTESIAN_POINT('',(3.4525353003264,13.,29.7));
#1780=CARTESIAN_POINT('',(-4.06183563978342,13.,29.7));
#1781=CARTESIAN_POINT('Origin',(0.,42.7,0.));
#1782=CARTESIAN_POINT('Origin',(-4.93160824574082,9.5,27.9685401855467));
#1783=CARTESIAN_POINT('',(-4.67113597924043,14.,26.4913285560284));
#1784=CARTESIAN_POINT('',(-4.67113597924043,14.,26.4913285560284));
#1785=CARTESIAN_POINT('',(-4.67113597924043,5.,26.4913285560284));
#1786=CARTESIAN_POINT('',(-4.67113597924043,5.,26.4913285560284));
#1787=CARTESIAN_POINT('',(-4.84478415690736,5.,27.4761363090406));
#1788=CARTESIAN_POINT('',(-2.46580412287041,5.,13.9842700927734));
#1789=CARTESIAN_POINT('',(-4.84478415690736,11.,27.4761363090406));
#1790=CARTESIAN_POINT('',(-4.84478415690736,5.,27.4761363090406));
#1791=CARTESIAN_POINT('',(-2.46580412287041,11.,13.9842700927734));
#1792=CARTESIAN_POINT('Origin',(-4.67113597924043,14.,26.4913285560284));
#1793=CARTESIAN_POINT('',(4.67113597924042,14.,26.4913285560284));
#1794=CARTESIAN_POINT('',(4.67113597924042,14.,26.4913285560284));
#1795=CARTESIAN_POINT('Origin',(1.92254356798004E-15,14.,-4.92644038880149E-14));
#1796=CARTESIAN_POINT('Origin',(0.,10.5,0.));
#1797=CARTESIAN_POINT('',(5.01843233457428,11.,28.4609440620528));
#1798=CARTESIAN_POINT('',(5.19208051224121,10.,29.445751815065));
#1799=CARTESIAN_POINT('',(5.10525642340775,10.5,28.9533479385589));
#1800=CARTESIAN_POINT('',(29.445751815065,10.,5.19208051224122));
#1801=CARTESIAN_POINT('Origin',(0.,10.,0.));
#1802=CARTESIAN_POINT('',(28.4609440620528,11.,5.01843233457429));
#1803=CARTESIAN_POINT('',(28.9533479385589,10.5,5.10525642340776));
#1804=CARTESIAN_POINT('Origin',(0.,11.,0.));
#1805=CARTESIAN_POINT('Origin',(0.,5.,0.));
#1806=CARTESIAN_POINT('',(3.4525353003264,5.,29.7));
#1807=CARTESIAN_POINT('',(3.4525353003264,5.,29.7));
#1808=CARTESIAN_POINT('',(29.7,5.,3.4525353003264));
#1809=CARTESIAN_POINT('Origin',(0.,5.,0.));
#1810=CARTESIAN_POINT('',(29.7,13.,3.4525353003264));
#1811=CARTESIAN_POINT('',(29.7,5.,3.4525353003264));
#1812=CARTESIAN_POINT('',(29.445751815065,13.254248184935,5.19208051224122));
#1813=CARTESIAN_POINT('Origin',(0.,42.7,0.));
#1814=CARTESIAN_POINT('',(29.445751815065,14.,5.19208051224122));
#1815=CARTESIAN_POINT('',(5.19208051224121,14.,29.445751815065));
#1816=CARTESIAN_POINT('Origin',(29.2,13.5,4.06183563978342));
#1817=CARTESIAN_POINT('',(28.7,14.,-5.06058434633294));
#1818=CARTESIAN_POINT('',(29.4723113171547,13.2276886828453,-5.1967636690538));
#1819=CARTESIAN_POINT('',(28.7,14.,5.06058434633295));
#1820=CARTESIAN_POINT('',(28.7,14.,4.06183563978342));
#1821=CARTESIAN_POINT('',(29.824935174243,12.875064825757,5.25894076909997));
#1822=CARTESIAN_POINT('',(29.7,13.,4.06183563978342));
#1823=CARTESIAN_POINT('Origin',(27.9685401855467,9.5,4.93160824574082));
#1824=CARTESIAN_POINT('',(26.4913285560284,14.,4.67113597924043));
#1825=CARTESIAN_POINT('',(26.4913285560284,14.,4.67113597924043));
#1826=CARTESIAN_POINT('',(26.4913285560284,5.,4.67113597924043));
#1827=CARTESIAN_POINT('',(26.4913285560284,5.,4.67113597924043));
#1828=CARTESIAN_POINT('',(27.4761363090406,5.,4.84478415690736));
#1829=CARTESIAN_POINT('',(13.9842700927734,5.,2.46580412287041));
#1830=CARTESIAN_POINT('',(27.4761363090406,11.,4.84478415690736));
#1831=CARTESIAN_POINT('',(27.4761363090406,5.,4.84478415690736));
#1832=CARTESIAN_POINT('',(13.9842700927734,11.,2.46580412287041));
#1833=CARTESIAN_POINT('Origin',(26.4913285560284,14.,4.67113597924043));
#1834=CARTESIAN_POINT('',(26.4913285560284,14.,-4.67113597924042));
#1835=CARTESIAN_POINT('',(26.4913285560284,14.,-4.67113597924042));
#1836=CARTESIAN_POINT('Origin',(-4.92644038880149E-14,14.,-1.92254356798004E-15));
#1837=CARTESIAN_POINT('Origin',(0.,10.5,0.));
#1838=CARTESIAN_POINT('',(28.4609440620528,11.,-5.01843233457428));
#1839=CARTESIAN_POINT('',(28.9533479385589,10.5,-5.10525642340775));
#1840=CARTESIAN_POINT('Origin',(0.,11.,0.));
#1841=CARTESIAN_POINT('Origin',(0.,0.499999999999998,21.));
#1842=CARTESIAN_POINT('',(-3.,0.,21.));
#1843=CARTESIAN_POINT('Origin',(0.,0.,21.));
#1844=CARTESIAN_POINT('',(-2.,0.999999999999996,21.));
#1845=CARTESIAN_POINT('',(-2.5,0.499999999999998,21.));
#1846=CARTESIAN_POINT('Origin',(0.,0.999999999999996,21.));
#1847=CARTESIAN_POINT('Origin',(0.,0.,0.));
#1848=CARTESIAN_POINT('',(-32.,0.,3.91886975727153E-15));
#1849=CARTESIAN_POINT('Origin',(0.,0.,0.));
#1850=CARTESIAN_POINT('',(-3.,0.,-21.));
#1851=CARTESIAN_POINT('Origin',(0.,0.,-21.));
#1852=CARTESIAN_POINT('',(-12.1,0.,-1.4818226269683E-15));
#1853=CARTESIAN_POINT('Origin',(0.,0.,0.));
#1854=CARTESIAN_POINT('Origin',(0.,-88.9840411984928,21.));
#1855=CARTESIAN_POINT('',(2.,4.,21.));
#1856=CARTESIAN_POINT('',(-2.,4.,21.));
#1857=CARTESIAN_POINT('Origin',(0.,4.,21.));
#1858=CARTESIAN_POINT('Origin',(0.,4.,21.));
#1859=CARTESIAN_POINT('',(-2.,-88.9840411984928,21.));
#1860=CARTESIAN_POINT('Origin',(0.,0.499999999999998,-21.));
#1861=CARTESIAN_POINT('',(-2.,0.999999999999996,-21.));
#1862=CARTESIAN_POINT('',(-2.5,0.499999999999998,-21.));
#1863=CARTESIAN_POINT('Origin',(0.,0.999999999999996,-21.));
#1864=CARTESIAN_POINT('Origin',(0.,-88.9840411984928,-21.));
#1865=CARTESIAN_POINT('',(2.,4.,-21.));
#1866=CARTESIAN_POINT('',(-2.,4.,-21.));
#1867=CARTESIAN_POINT('Origin',(0.,4.,-21.));
#1868=CARTESIAN_POINT('Origin',(0.,4.,-21.));
#1869=CARTESIAN_POINT('',(-2.,-88.9840411984928,-21.));
#1870=CARTESIAN_POINT('Origin',(0.,4.5,-21.));
#1871=CARTESIAN_POINT('',(3.,5.,-21.));
#1872=CARTESIAN_POINT('Origin',(0.,5.,-21.));
#1873=CARTESIAN_POINT('',(2.5,4.5,-21.));
#1874=CARTESIAN_POINT('Origin',(0.,5.,0.));
#1875=CARTESIAN_POINT('',(-4.67113597924042,5.,-26.4913285560284));
#1876=CARTESIAN_POINT('Origin',(0.,5.,0.));
#1877=CARTESIAN_POINT('',(-4.84478415690735,5.,-27.4761363090406));
#1878=CARTESIAN_POINT('',(-2.46580412287041,5.,-13.9842700927734));
#1879=CARTESIAN_POINT('Origin',(0.,5.,0.));
#1880=CARTESIAN_POINT('',(-26.4913285560284,5.,4.67113597924042));
#1881=CARTESIAN_POINT('Origin',(0.,5.,0.));
#1882=CARTESIAN_POINT('',(-27.4761363090406,5.,4.84478415690735));
#1883=CARTESIAN_POINT('',(-13.9842700927734,5.,2.46580412287041));
#1884=CARTESIAN_POINT('Origin',(0.,5.,0.));
#1885=CARTESIAN_POINT('',(4.67113597924042,5.,26.4913285560284));
#1886=CARTESIAN_POINT('Origin',(0.,5.,0.));
#1887=CARTESIAN_POINT('',(4.84478415690735,5.,27.4761363090406));
#1888=CARTESIAN_POINT('',(2.46580412287041,5.,13.9842700927734));
#1889=CARTESIAN_POINT('Origin',(0.,5.,0.));
#1890=CARTESIAN_POINT('',(26.4913285560284,5.,-4.67113597924042));
#1891=CARTESIAN_POINT('Origin',(0.,5.,0.));
#1892=CARTESIAN_POINT('',(27.4761363090406,5.,-4.84478415690735));
#1893=CARTESIAN_POINT('',(13.9842700927734,5.,-2.46580412287041));
#1894=CARTESIAN_POINT('Origin',(0.,5.,0.));
#1895=CARTESIAN_POINT('',(3.,5.,21.));
#1896=CARTESIAN_POINT('Origin',(0.,5.,21.));
#1897=CARTESIAN_POINT('',(-13.,5.,1.59204083889156E-15));
#1898=CARTESIAN_POINT('Origin',(0.,5.,0.));
#1899=CARTESIAN_POINT('Origin',(0.,4.5,21.));
#1900=CARTESIAN_POINT('',(2.5,4.5,21.));
#1901=CARTESIAN_POINT('Origin',(0.,10.5,0.));
#1902=CARTESIAN_POINT('',(12.1,11.,-1.4818226269683E-15));
#1903=CARTESIAN_POINT('Origin',(0.,11.,0.));
#1904=CARTESIAN_POINT('',(11.1,10.,1.35935794705356E-15));
#1905=CARTESIAN_POINT('',(11.6,10.5,-1.42059028701093E-15));
#1906=CARTESIAN_POINT('',(-11.1,10.,1.35935794705356E-15));
#1907=CARTESIAN_POINT('Origin',(0.,10.,0.));
#1908=CARTESIAN_POINT('Origin',(0.,10.,0.));
#1909=CARTESIAN_POINT('Origin',(0.,0.,0.));
#1910=CARTESIAN_POINT('',(-11.1,1.,1.35935794705356E-15));
#1911=CARTESIAN_POINT('',(-11.1,0.,1.35935794705356E-15));
#1912=CARTESIAN_POINT('Origin',(0.,1.,0.));
#1913=CARTESIAN_POINT('Origin',(0.,11.,0.));
#1914=CARTESIAN_POINT('',(-13.,11.,1.59204083889156E-15));
#1915=CARTESIAN_POINT('Origin',(0.,11.,0.));
#1916=CARTESIAN_POINT('Origin',(0.,0.5,0.));
#1917=CARTESIAN_POINT('',(-11.6,0.5,1.42059028701093E-15));
#1918=CARTESIAN_POINT('Origin',(0.,0.5,0.));
#1919=CARTESIAN_POINT('',(-33.,1.,-4.04133443718627E-15));
#1920=CARTESIAN_POINT('',(33.,1.,-4.04133443718627E-15));
#1921=CARTESIAN_POINT('Origin',(0.,1.,0.));
#1922=CARTESIAN_POINT('Origin',(0.,1.,0.));
#1923=CARTESIAN_POINT('',(-32.5,0.5,3.9801020972289E-15));
#1924=CARTESIAN_POINT('Origin',(0.,0.,0.));
#1925=CARTESIAN_POINT('',(33.,5.,-4.04133443718627E-15));
#1926=CARTESIAN_POINT('Origin',(0.,5.,0.));
#1927=CARTESIAN_POINT('',(33.,0.,-4.04133443718627E-15));
#1928=CARTESIAN_POINT('Origin',(-1.07717046686309E-14,9.9,64.6822017119753));
#1929=CARTESIAN_POINT('',(1.45000000000001,9.9,-29.7));
#1930=CARTESIAN_POINT('Origin',(6.56602451482662E-15,9.9,-29.7));
#1931=CARTESIAN_POINT('',(1.45000000000001,9.9,-26.8608916456621));
#1932=CARTESIAN_POINT('',(1.44999999999999,9.9,64.6822017119753));
#1933=CARTESIAN_POINT('',(-1.44999999999999,9.9,-26.8608916456621));
#1934=CARTESIAN_POINT('Ctrl Pts',(-1.44999999999999,9.9,-26.8608916456621));
#1935=CARTESIAN_POINT('Ctrl Pts',(-1.44999999999999,10.0821031187901,-26.8608916456621));
#1936=CARTESIAN_POINT('Ctrl Pts',(-1.41359942335995,10.2763201663632,-26.8629340440676));
#1937=CARTESIAN_POINT('Ctrl Pts',(-1.26561063855487,10.6335597569322,-26.8703129585484));
#1938=CARTESIAN_POINT('Ctrl Pts',(-1.15402437292116,10.7965852925198,-26.8755431679538));
#1939=CARTESIAN_POINT('Ctrl Pts',(-0.896585329263111,11.0540243361779,-26.8853627009888));
#1940=CARTESIAN_POINT('Ctrl Pts',(-0.733559777010809,11.1656106294815,-26.89058959336));
#1941=CARTESIAN_POINT('Ctrl Pts',(-0.376320133367344,11.3135994377844,-26.8979609223821));
#1942=CARTESIAN_POINT('Ctrl Pts',(-0.182103066808334,11.35,-26.9));
#1943=CARTESIAN_POINT('Ctrl Pts',(0.182103066808346,11.35,-26.9));
#1944=CARTESIAN_POINT('Ctrl Pts',(0.376320133367356,11.3135994377844,-26.8979609223821));
#1945=CARTESIAN_POINT('Ctrl Pts',(0.733559777010821,11.1656106294815,-26.89058959336));
#1946=CARTESIAN_POINT('Ctrl Pts',(0.896585329263123,11.0540243361779,-26.8853627009888));
#1947=CARTESIAN_POINT('Ctrl Pts',(1.15402437292118,10.7965852925198,-26.8755431679538));
#1948=CARTESIAN_POINT('Ctrl Pts',(1.26561063855488,10.6335597569322,-26.8703129585484));
#1949=CARTESIAN_POINT('Ctrl Pts',(1.41359942335996,10.2763201663632,-26.8629340440676));
#1950=CARTESIAN_POINT('Ctrl Pts',(1.45000000000001,10.0821031187901,-26.8608916456621));
#1951=CARTESIAN_POINT('Ctrl Pts',(1.45000000000001,9.9,-26.8608916456621));
#1952=CARTESIAN_POINT('Ctrl Pts',(1.45000000000001,9.9,-26.8608916456621));
#1953=CARTESIAN_POINT('Ctrl Pts',(1.45000000000001,9.71789688120989,-26.8608916456621));
#1954=CARTESIAN_POINT('Ctrl Pts',(1.41359942335996,9.52367983363679,-26.8629340440676));
#1955=CARTESIAN_POINT('Ctrl Pts',(1.26561063855489,9.16644024306777,-26.8703129585484));
#1956=CARTESIAN_POINT('Ctrl Pts',(1.15402437292118,9.00341470748018,-26.8755431679538));
#1957=CARTESIAN_POINT('Ctrl Pts',(0.896585329263123,8.74597566382213,-26.8853627009888));
#1958=CARTESIAN_POINT('Ctrl Pts',(0.733559777010821,8.63438937051846,-26.89058959336));
#1959=CARTESIAN_POINT('Ctrl Pts',(0.376320133367357,8.48640056221564,-26.8979609223821));
#1960=CARTESIAN_POINT('Ctrl Pts',(0.182103066808346,8.45,-26.9));
#1961=CARTESIAN_POINT('Ctrl Pts',(-0.182103066808334,8.45,-26.9));
#1962=CARTESIAN_POINT('Ctrl Pts',(-0.376320133367343,8.48640056221564,-26.8979609223821));
#1963=CARTESIAN_POINT('Ctrl Pts',(-0.733559777010808,8.63438937051846,-26.89058959336));
#1964=CARTESIAN_POINT('Ctrl Pts',(-0.896585329263111,8.74597566382213,-26.8853627009888));
#1965=CARTESIAN_POINT('Ctrl Pts',(-1.15402437292116,9.00341470748018,-26.8755431679538));
#1966=CARTESIAN_POINT('Ctrl Pts',(-1.26561063855487,9.16644024306777,-26.8703129585484));
#1967=CARTESIAN_POINT('Ctrl Pts',(-1.41359942335995,9.52367983363679,-26.8629340440676));
#1968=CARTESIAN_POINT('Ctrl Pts',(-1.44999999999999,9.71789688120989,-26.8608916456621));
#1969=CARTESIAN_POINT('Ctrl Pts',(-1.44999999999999,9.9,-26.8608916456621));
#1970=CARTESIAN_POINT('Origin',(3.45253530032641,14.,-29.7));
#1971=CARTESIAN_POINT('',(1.72626765016321,5.,-29.7));
#1972=CARTESIAN_POINT('Origin',(-64.6822017119753,9.9,-6.81106210421225E-15));
#1973=CARTESIAN_POINT('',(29.7,9.9,1.45));
#1974=CARTESIAN_POINT('Origin',(29.7,9.9,4.7474240180928E-15));
#1975=CARTESIAN_POINT('',(26.8608916456621,9.9,1.45));
#1976=CARTESIAN_POINT('',(-64.6822017119753,9.9,1.44999999999999));
#1977=CARTESIAN_POINT('',(26.8608916456621,9.9,-1.45));
#1978=CARTESIAN_POINT('Ctrl Pts',(26.8608916456621,9.9,-1.45));
#1979=CARTESIAN_POINT('Ctrl Pts',(26.8608916456621,10.0821031187901,-1.45));
#1980=CARTESIAN_POINT('Ctrl Pts',(26.8629340440676,10.2763201663632,-1.41359942335995));
#1981=CARTESIAN_POINT('Ctrl Pts',(26.8703129585484,10.6335597569322,-1.26561063855487));
#1982=CARTESIAN_POINT('Ctrl Pts',(26.8755431679538,10.7965852925198,-1.15402437292117));
#1983=CARTESIAN_POINT('Ctrl Pts',(26.8853627009888,11.0540243361779,-0.896585329263113));
#1984=CARTESIAN_POINT('Ctrl Pts',(26.89058959336,11.1656106294815,-0.733559777010812));
#1985=CARTESIAN_POINT('Ctrl Pts',(26.8979609223821,11.3135994377844,-0.376320133367347));
#1986=CARTESIAN_POINT('Ctrl Pts',(26.9,11.35,-0.182103066808335));
#1987=CARTESIAN_POINT('Ctrl Pts',(26.9,11.35,0.182103066808344));
#1988=CARTESIAN_POINT('Ctrl Pts',(26.8979609223821,11.3135994377844,0.376320133367354));
#1989=CARTESIAN_POINT('Ctrl Pts',(26.89058959336,11.1656106294815,0.733559777010819));
#1990=CARTESIAN_POINT('Ctrl Pts',(26.8853627009888,11.0540243361779,0.896585329263122));
#1991=CARTESIAN_POINT('Ctrl Pts',(26.8755431679538,10.7965852925198,1.15402437292117));
#1992=CARTESIAN_POINT('Ctrl Pts',(26.8703129585484,10.6335597569322,1.26561063855488));
#1993=CARTESIAN_POINT('Ctrl Pts',(26.8629340440676,10.2763201663632,1.41359942335996));
#1994=CARTESIAN_POINT('Ctrl Pts',(26.8608916456621,10.0821031187901,1.45));
#1995=CARTESIAN_POINT('Ctrl Pts',(26.8608916456621,9.9,1.45));
#1996=CARTESIAN_POINT('Ctrl Pts',(26.8608916456621,9.9,1.45));
#1997=CARTESIAN_POINT('Ctrl Pts',(26.8608916456621,9.71789688120989,1.45));
#1998=CARTESIAN_POINT('Ctrl Pts',(26.8629340440676,9.52367983363679,1.41359942335996));
#1999=CARTESIAN_POINT('Ctrl Pts',(26.8703129585484,9.16644024306777,1.26561063855488));
#2000=CARTESIAN_POINT('Ctrl Pts',(26.8755431679538,9.00341470748018,1.15402437292117));
#2001=CARTESIAN_POINT('Ctrl Pts',(26.8853627009888,8.74597566382213,0.896585329263122));
#2002=CARTESIAN_POINT('Ctrl Pts',(26.89058959336,8.63438937051846,0.733559777010819));
#2003=CARTESIAN_POINT('Ctrl Pts',(26.8979609223821,8.48640056221564,0.376320133367355));
#2004=CARTESIAN_POINT('Ctrl Pts',(26.9,8.45,0.182103066808345));
#2005=CARTESIAN_POINT('Ctrl Pts',(26.9,8.45,-0.182103066808335));
#2006=CARTESIAN_POINT('Ctrl Pts',(26.8979609223821,8.48640056221564,-0.376320133367345));
#2007=CARTESIAN_POINT('Ctrl Pts',(26.89058959336,8.63438937051846,-0.73355977701081));
#2008=CARTESIAN_POINT('Ctrl Pts',(26.8853627009888,8.74597566382213,-0.896585329263112));
#2009=CARTESIAN_POINT('Ctrl Pts',(26.8755431679538,9.00341470748018,-1.15402437292117));
#2010=CARTESIAN_POINT('Ctrl Pts',(26.8703129585484,9.16644024306777,-1.26561063855487));
#2011=CARTESIAN_POINT('Ctrl Pts',(26.8629340440676,9.52367983363679,-1.41359942335995));
#2012=CARTESIAN_POINT('Ctrl Pts',(26.8608916456621,9.71789688120989,-1.45));
#2013=CARTESIAN_POINT('Ctrl Pts',(26.8608916456621,9.9,-1.45));
#2014=CARTESIAN_POINT('Origin',(29.7,14.,3.4525353003264));
#2015=CARTESIAN_POINT('',(29.7,5.,1.7262676501632));
#2016=CARTESIAN_POINT('Origin',(2.85041953979354E-15,9.9,-64.6822017119753));
#2017=CARTESIAN_POINT('',(-1.45,9.9,29.7));
#2018=CARTESIAN_POINT('Origin',(-2.92882352135898E-15,9.9,29.7));
#2019=CARTESIAN_POINT('',(-1.45,9.9,26.8608916456621));
#2020=CARTESIAN_POINT('',(-1.45,9.9,-64.6822017119753));
#2021=CARTESIAN_POINT('',(1.45,9.9,26.8608916456621));
#2022=CARTESIAN_POINT('Ctrl Pts',(1.45,9.9,26.8608916456621));
#2023=CARTESIAN_POINT('Ctrl Pts',(1.45,10.0821031187901,26.8608916456621));
#2024=CARTESIAN_POINT('Ctrl Pts',(1.41359942335996,10.2763201663632,26.8629340440676));
#2025=CARTESIAN_POINT('Ctrl Pts',(1.26561063855488,10.6335597569322,26.8703129585484));
#2026=CARTESIAN_POINT('Ctrl Pts',(1.15402437292117,10.7965852925198,26.8755431679538));
#2027=CARTESIAN_POINT('Ctrl Pts',(0.896585329263114,11.0540243361779,26.8853627009888));
#2028=CARTESIAN_POINT('Ctrl Pts',(0.733559777010812,11.1656106294815,26.89058959336));
#2029=CARTESIAN_POINT('Ctrl Pts',(0.376320133367347,11.3135994377844,26.8979609223821));
#2030=CARTESIAN_POINT('Ctrl Pts',(0.182103066808337,11.35,26.9));
#2031=CARTESIAN_POINT('Ctrl Pts',(-0.182103066808342,11.35,26.9));
#2032=CARTESIAN_POINT('Ctrl Pts',(-0.376320133367352,11.3135994377844,26.8979609223821));
#2033=CARTESIAN_POINT('Ctrl Pts',(-0.733559777010817,11.1656106294815,26.89058959336));
#2034=CARTESIAN_POINT('Ctrl Pts',(-0.89658532926312,11.0540243361779,26.8853627009888));
#2035=CARTESIAN_POINT('Ctrl Pts',(-1.15402437292117,10.7965852925198,26.8755431679538));
#2036=CARTESIAN_POINT('Ctrl Pts',(-1.26561063855488,10.6335597569322,26.8703129585484));
#2037=CARTESIAN_POINT('Ctrl Pts',(-1.41359942335996,10.2763201663632,26.8629340440676));
#2038=CARTESIAN_POINT('Ctrl Pts',(-1.45,10.0821031187901,26.8608916456621));
#2039=CARTESIAN_POINT('Ctrl Pts',(-1.45,9.9,26.8608916456621));
#2040=CARTESIAN_POINT('Ctrl Pts',(-1.45,9.9,26.8608916456621));
#2041=CARTESIAN_POINT('Ctrl Pts',(-1.45,9.71789688120989,26.8608916456621));
#2042=CARTESIAN_POINT('Ctrl Pts',(-1.41359942335996,9.52367983363679,26.8629340440676));
#2043=CARTESIAN_POINT('Ctrl Pts',(-1.26561063855488,9.16644024306777,26.8703129585484));
#2044=CARTESIAN_POINT('Ctrl Pts',(-1.15402437292117,9.00341470748018,26.8755431679538));
#2045=CARTESIAN_POINT('Ctrl Pts',(-0.89658532926312,8.74597566382213,26.8853627009888));
#2046=CARTESIAN_POINT('Ctrl Pts',(-0.733559777010818,8.63438937051846,26.89058959336));
#2047=CARTESIAN_POINT('Ctrl Pts',(-0.376320133367353,8.48640056221564,26.8979609223821));
#2048=CARTESIAN_POINT('Ctrl Pts',(-0.182103066808343,8.45,26.9));
#2049=CARTESIAN_POINT('Ctrl Pts',(0.182103066808337,8.45,26.9));
#2050=CARTESIAN_POINT('Ctrl Pts',(0.376320133367347,8.48640056221564,26.8979609223821));
#2051=CARTESIAN_POINT('Ctrl Pts',(0.733559777010812,8.63438937051846,26.89058959336));
#2052=CARTESIAN_POINT('Ctrl Pts',(0.896585329263114,8.74597566382213,26.8853627009888));
#2053=CARTESIAN_POINT('Ctrl Pts',(1.15402437292117,9.00341470748018,26.8755431679538));
#2054=CARTESIAN_POINT('Ctrl Pts',(1.26561063855488,9.16644024306777,26.8703129585484));
#2055=CARTESIAN_POINT('Ctrl Pts',(1.41359942335996,9.52367983363679,26.8629340440676));
#2056=CARTESIAN_POINT('Ctrl Pts',(1.45,9.71789688120989,26.8608916456621));
#2057=CARTESIAN_POINT('Ctrl Pts',(1.45,9.9,26.8608916456621));
#2058=CARTESIAN_POINT('Origin',(-3.4525353003264,14.,29.7));
#2059=CARTESIAN_POINT('',(-1.7262676501632,5.,29.7));
#2060=CARTESIAN_POINT('Origin',(0.,9.5,0.));
#2061=CARTESIAN_POINT('',(-4.67113597924042,5.,-26.4913285560284));
#2062=CARTESIAN_POINT('Origin',(-4.93160824574081,9.5,-27.9685401855467));
#2063=CARTESIAN_POINT('',(-4.84478415690735,11.,-27.4761363090406));
#2064=CARTESIAN_POINT('',(-2.46580412287041,11.,-13.9842700927734));
#2065=CARTESIAN_POINT('',(-4.84478415690735,5.,-27.4761363090406));
#2066=CARTESIAN_POINT('Origin',(0.,9.5,0.));
#2067=CARTESIAN_POINT('',(26.4913285560284,5.,-4.67113597924042));
#2068=CARTESIAN_POINT('Origin',(27.9685401855467,9.5,-4.93160824574081));
#2069=CARTESIAN_POINT('',(27.4761363090406,11.,-4.84478415690735));
#2070=CARTESIAN_POINT('',(13.9842700927734,11.,-2.46580412287041));
#2071=CARTESIAN_POINT('',(27.4761363090406,5.,-4.84478415690735));
#2072=CARTESIAN_POINT('Origin',(0.,9.5,0.));
#2073=CARTESIAN_POINT('',(4.67113597924042,5.,26.4913285560284));
#2074=CARTESIAN_POINT('Origin',(4.93160824574082,9.5,27.9685401855467));
#2075=CARTESIAN_POINT('',(4.84478415690735,11.,27.4761363090406));
#2076=CARTESIAN_POINT('',(2.46580412287041,11.,13.9842700927734));
#2077=CARTESIAN_POINT('',(4.84478415690735,5.,27.4761363090406));
#2078=CARTESIAN_POINT('Origin',(0.,5.,0.));
#2079=CARTESIAN_POINT('Origin',(0.,11.,0.));
#2080=CARTESIAN_POINT('Origin',(0.,5.,0.));
#2081=CARTESIAN_POINT('',(-27.4761363090406,11.,4.84478415690735));
#2082=CARTESIAN_POINT('',(-27.4761363090406,5.,4.84478415690735));
#2083=CARTESIAN_POINT('Origin',(0.,11.,0.));
#2084=CARTESIAN_POINT('Origin',(0.,5.,0.));
#2085=CARTESIAN_POINT('Origin',(0.,11.,0.));
#2086=CARTESIAN_POINT('Origin',(0.,11.,0.));
#2087=CARTESIAN_POINT('Origin',(0.,11.,0.));
#2088=CARTESIAN_POINT('',(-13.9842700927734,11.,2.46580412287041));
#2089=CARTESIAN_POINT('Origin',(0.,11.,0.));
#2090=CARTESIAN_POINT('Origin',(64.6822017119753,9.9,-1.11022302462516E-15));
#2091=CARTESIAN_POINT('',(-29.7,9.9,-1.45));
#2092=CARTESIAN_POINT('Origin',(-29.7,9.9,-1.11022302462516E-15));
#2093=CARTESIAN_POINT('',(-26.8608916456621,9.9,-1.45));
#2094=CARTESIAN_POINT('',(64.6822017119753,9.9,-1.45));
#2095=CARTESIAN_POINT('',(-26.8608916456621,9.9,1.45));
#2096=CARTESIAN_POINT('Ctrl Pts',(-26.8608916456621,9.9,1.45));
#2097=CARTESIAN_POINT('Ctrl Pts',(-26.8608916456621,10.0821031187901,1.45));
#2098=CARTESIAN_POINT('Ctrl Pts',(-26.8629340440676,10.2763201663632,1.41359942335996));
#2099=CARTESIAN_POINT('Ctrl Pts',(-26.8703129585484,10.6335597569322,1.26561063855488));
#2100=CARTESIAN_POINT('Ctrl Pts',(-26.8755431679538,10.7965852925198,1.15402437292117));
#2101=CARTESIAN_POINT('Ctrl Pts',(-26.8853627009888,11.0540243361779,0.896585329263116));
#2102=CARTESIAN_POINT('Ctrl Pts',(-26.89058959336,11.1656106294815,0.733559777010814));
#2103=CARTESIAN_POINT('Ctrl Pts',(-26.8979609223821,11.3135994377844,0.376320133367349));
#2104=CARTESIAN_POINT('Ctrl Pts',(-26.9,11.35,0.182103066808339));
#2105=CARTESIAN_POINT('Ctrl Pts',(-26.9,11.35,-0.182103066808341));
#2106=CARTESIAN_POINT('Ctrl Pts',(-26.8979609223821,11.3135994377844,-0.376320133367351));
#2107=CARTESIAN_POINT('Ctrl Pts',(-26.89058959336,11.1656106294815,-0.733559777010816));
#2108=CARTESIAN_POINT('Ctrl Pts',(-26.8853627009888,11.0540243361779,-0.896585329263118));
#2109=CARTESIAN_POINT('Ctrl Pts',(-26.8755431679538,10.7965852925198,-1.15402437292117));
#2110=CARTESIAN_POINT('Ctrl Pts',(-26.8703129585484,10.6335597569322,-1.26561063855488));
#2111=CARTESIAN_POINT('Ctrl Pts',(-26.8629340440676,10.2763201663632,-1.41359942335996));
#2112=CARTESIAN_POINT('Ctrl Pts',(-26.8608916456621,10.0821031187901,-1.45));
#2113=CARTESIAN_POINT('Ctrl Pts',(-26.8608916456621,9.9,-1.45));
#2114=CARTESIAN_POINT('Ctrl Pts',(-26.8608916456621,9.9,-1.45));
#2115=CARTESIAN_POINT('Ctrl Pts',(-26.8608916456621,9.71789688120989,-1.45));
#2116=CARTESIAN_POINT('Ctrl Pts',(-26.8629340440676,9.52367983363679,-1.41359942335996));
#2117=CARTESIAN_POINT('Ctrl Pts',(-26.8703129585484,9.16644024306777,-1.26561063855488));
#2118=CARTESIAN_POINT('Ctrl Pts',(-26.8755431679538,9.00341470748018,-1.15402437292117));
#2119=CARTESIAN_POINT('Ctrl Pts',(-26.8853627009888,8.74597566382213,-0.896585329263118));
#2120=CARTESIAN_POINT('Ctrl Pts',(-26.89058959336,8.63438937051845,-0.733559777010815));
#2121=CARTESIAN_POINT('Ctrl Pts',(-26.8979609223821,8.48640056221564,-0.37632013336735));
#2122=CARTESIAN_POINT('Ctrl Pts',(-26.9,8.45,-0.182103066808341));
#2123=CARTESIAN_POINT('Ctrl Pts',(-26.9,8.45,0.182103066808338));
#2124=CARTESIAN_POINT('Ctrl Pts',(-26.8979609223821,8.48640056221564,0.376320133367348));
#2125=CARTESIAN_POINT('Ctrl Pts',(-26.89058959336,8.63438937051845,0.733559777010813));
#2126=CARTESIAN_POINT('Ctrl Pts',(-26.8853627009888,8.74597566382213,0.896585329263116));
#2127=CARTESIAN_POINT('Ctrl Pts',(-26.8755431679538,9.00341470748018,1.15402437292117));
#2128=CARTESIAN_POINT('Ctrl Pts',(-26.8703129585484,9.16644024306776,1.26561063855488));
#2129=CARTESIAN_POINT('Ctrl Pts',(-26.8629340440676,9.52367983363679,1.41359942335996));
#2130=CARTESIAN_POINT('Ctrl Pts',(-26.8608916456621,9.71789688120989,1.45));
#2131=CARTESIAN_POINT('Ctrl Pts',(-26.8608916456621,9.9,1.45));
#2132=CARTESIAN_POINT('Origin',(0.,11.,0.));
#2133=CARTESIAN_POINT('Origin',(0.,11.,0.));
#2134=CARTESIAN_POINT('Origin',(0.,5.,0.));
#2135=CARTESIAN_POINT('Origin',(0.,5.,0.));
#2136=CARTESIAN_POINT('',(-13.,5.,1.59204083889156E-15));
#2137=CARTESIAN_POINT('Origin',(-29.7,14.,-3.4525353003264));
#2138=CARTESIAN_POINT('',(-29.7,5.,-1.7262676501632));
#2139=CARTESIAN_POINT('Origin',(0.,9.5,0.));
#2140=CARTESIAN_POINT('',(-26.4913285560284,5.,4.67113597924042));
#2141=CARTESIAN_POINT('Origin',(-27.9685401855467,9.5,4.93160824574082));
#2142=CARTESIAN_POINT('Origin',(0.,5.,0.));
#2143=UNCERTAINTY_MEASURE_WITH_UNIT(LENGTH_MEASURE(0.01),#2147,
'DISTANCE_ACCURACY_VALUE',
'Maximum model space distance between geometric entities at asserted c
onnectivities');
#2144=UNCERTAINTY_MEASURE_WITH_UNIT(LENGTH_MEASURE(0.01),#2147,
'DISTANCE_ACCURACY_VALUE',
'Maximum model space distance between geometric entities at asserted c
onnectivities');
#2145=(
GEOMETRIC_REPRESENTATION_CONTEXT(3)
GLOBAL_UNCERTAINTY_ASSIGNED_CONTEXT((#2143))
GLOBAL_UNIT_ASSIGNED_CONTEXT((#2147,#2149,#2150))
REPRESENTATION_CONTEXT('','3D')
);
#2146=(
GEOMETRIC_REPRESENTATION_CONTEXT(3)
GLOBAL_UNCERTAINTY_ASSIGNED_CONTEXT((#2144))
GLOBAL_UNIT_ASSIGNED_CONTEXT((#2147,#2149,#2150))
REPRESENTATION_CONTEXT('','3D')
);
#2147=(
LENGTH_UNIT()
NAMED_UNIT(*)
SI_UNIT(.MILLI.,.METRE.)
);
#2148=(
LENGTH_UNIT()
NAMED_UNIT(*)
SI_UNIT(.CENTI.,.METRE.)
);
#2149=(
NAMED_UNIT(*)
PLANE_ANGLE_UNIT()
SI_UNIT($,.RADIAN.)
);
#2150=(
NAMED_UNIT(*)
SI_UNIT($,.STERADIAN.)
SOLID_ANGLE_UNIT()
);
#2151=SHAPE_DEFINITION_REPRESENTATION(#2152,#2153);
#2152=PRODUCT_DEFINITION_SHAPE('',$,#2155);
#2153=SHAPE_REPRESENTATION('',(#1198),#2145);
#2154=PRODUCT_DEFINITION_CONTEXT('part definition',#2159,'design');
#2155=PRODUCT_DEFINITION('back_sleeve','back_sleeve',#2156,#2154);
#2156=PRODUCT_DEFINITION_FORMATION('',$,#2161);
#2157=PRODUCT_RELATED_PRODUCT_CATEGORY('back_sleeve','back_sleeve',(#2161));
#2158=APPLICATION_PROTOCOL_DEFINITION('international standard',
'automotive_design',2009,#2159);
#2159=APPLICATION_CONTEXT(
'Core Data for Automotive Mechanical Design Process');
#2160=PRODUCT_CONTEXT('part definition',#2159,'mechanical');
#2161=PRODUCT('back_sleeve','back_sleeve',$,(#2160));
#2162=PRESENTATION_STYLE_ASSIGNMENT((#2163));
#2163=SURFACE_STYLE_USAGE(.BOTH.,#2166);
#2164=SURFACE_STYLE_RENDERING_WITH_PROPERTIES($,#2170,(#2165));
#2165=SURFACE_STYLE_TRANSPARENT(0.);
#2166=SURFACE_SIDE_STYLE('',(#2167,#2164));
#2167=SURFACE_STYLE_FILL_AREA(#2168);
#2168=FILL_AREA_STYLE('',(#2169));
#2169=FILL_AREA_STYLE_COLOUR('',#2170);
#2170=COLOUR_RGB('',0.32156862745098,0.411764705882353,0.168627450980392);
ENDSEC;
END-ISO-10303-21;
