ISO-10303-21;
HEADER;
/* Generated by software containing ST-Developer
 * from STEP Tools, Inc. (www.steptools.com) 
 */

FILE_DESCRIPTION(
/* description */ (''),
/* implementation_level */ '2;1');

FILE_NAME(
/* name */ 'casing_cylindrical.stp',
/* time_stamp */ '2026-08-21T23:40:15+02:00',
/* author */ ('zzapa'),
/* organization */ (''),
/* preprocessor_version */ 'ST-DEVELOPER v20',
/* originating_system */ 'Autodesk Inventor 2025',
/* authorisation */ '');

FILE_SCHEMA (('AUTOMOTIVE_DESIGN { 1 0 10303 214 3 1 1 }'));
ENDSEC;

DATA;
#10=MECHANICAL_DESIGN_GEOMETRIC_PRESENTATION_REPRESENTATION('',(#13),#6046);
#11=SHAPE_REPRESENTATION_RELATIONSHIP('SRR','None',#6053,#12);
#12=ADVANCED_BREP_SHAPE_REPRESENTATION('',(#14),#6045);
#13=STYLED_ITEM('',(#6062),#14);
#14=MANIFOLD_SOLID_BREP('Bry\X2\0142\X0\a1',#3397);
#15=PLANE('',#3439);
#16=PLANE('',#3440);
#17=PLANE('',#3441);
#18=PLANE('',#3449);
#19=PLANE('',#3452);
#20=PLANE('',#3454);
#21=PLANE('',#3457);
#22=PLANE('',#3458);
#23=PLANE('',#3459);
#24=PLANE('',#3460);
#25=PLANE('',#3461);
#26=PLANE('',#3464);
#27=PLANE('',#3479);
#28=PLANE('',#3480);
#29=PLANE('',#3484);
#30=PLANE('',#3486);
#31=PLANE('',#3487);
#32=PLANE('',#3489);
#33=PLANE('',#3490);
#34=PLANE('',#3491);
#35=PLANE('',#3492);
#36=PLANE('',#3493);
#37=PLANE('',#3494);
#38=PLANE('',#3495);
#39=PLANE('',#3496);
#40=PLANE('',#3497);
#41=PLANE('',#3498);
#42=PLANE('',#3499);
#43=PLANE('',#3500);
#44=PLANE('',#3504);
#45=PLANE('',#3506);
#46=PLANE('',#3508);
#47=PLANE('',#3510);
#48=PLANE('',#3511);
#49=PLANE('',#3512);
#50=PLANE('',#3514);
#51=PLANE('',#3515);
#52=PLANE('',#3516);
#53=PLANE('',#3517);
#54=PLANE('',#3518);
#55=PLANE('',#3519);
#56=PLANE('',#3520);
#57=PLANE('',#3521);
#58=PLANE('',#3522);
#59=PLANE('',#3523);
#60=PLANE('',#3526);
#61=PLANE('',#3533);
#62=PLANE('',#3536);
#63=PLANE('',#3537);
#64=PLANE('',#3544);
#65=PLANE('',#3546);
#66=PLANE('',#3549);
#67=PLANE('',#3555);
#68=PLANE('',#3556);
#69=PLANE('',#3557);
#70=PLANE('',#3558);
#71=PLANE('',#3559);
#72=PLANE('',#3560);
#73=PLANE('',#3562);
#74=PLANE('',#3564);
#75=PLANE('',#3572);
#76=PLANE('',#3574);
#77=PLANE('',#3589);
#78=PLANE('',#3591);
#79=PLANE('',#3596);
#80=PLANE('',#3597);
#81=PLANE('',#3598);
#82=PLANE('',#3599);
#83=PLANE('',#3600);
#84=PLANE('',#3605);
#85=PLANE('',#3611);
#86=PLANE('',#3612);
#87=PLANE('',#3614);
#88=PLANE('',#3615);
#89=PLANE('',#3616);
#90=PLANE('',#3617);
#91=PLANE('',#3618);
#92=PLANE('',#3627);
#93=PLANE('',#3629);
#94=PLANE('',#3631);
#95=PLANE('',#3632);
#96=PLANE('',#3634);
#97=PLANE('',#3637);
#98=PLANE('',#3672);
#99=PLANE('',#3676);
#100=PLANE('',#3680);
#101=PLANE('',#3683);
#102=PLANE('',#3686);
#103=PLANE('',#3689);
#104=PLANE('',#3692);
#105=PLANE('',#3696);
#106=PLANE('',#3700);
#107=PLANE('',#3706);
#108=PLANE('',#3709);
#109=PLANE('',#3712);
#110=PLANE('',#3715);
#111=PLANE('',#3718);
#112=PLANE('',#3721);
#113=PLANE('',#3725);
#114=PLANE('',#3729);
#115=PLANE('',#3735);
#116=PLANE('',#3749);
#117=PLANE('',#3757);
#118=PLANE('',#3759);
#119=PLANE('',#3760);
#120=PLANE('',#3762);
#121=FACE_BOUND('',#352,.T.);
#122=FACE_BOUND('',#353,.T.);
#123=FACE_BOUND('',#354,.T.);
#124=FACE_BOUND('',#355,.T.);
#125=FACE_BOUND('',#356,.T.);
#126=FACE_BOUND('',#357,.T.);
#127=FACE_BOUND('',#376,.T.);
#128=FACE_BOUND('',#378,.T.);
#129=FACE_BOUND('',#379,.T.);
#130=FACE_BOUND('',#380,.T.);
#131=FACE_BOUND('',#381,.T.);
#132=FACE_BOUND('',#382,.T.);
#133=FACE_BOUND('',#383,.T.);
#134=FACE_BOUND('',#388,.T.);
#135=FACE_BOUND('',#389,.T.);
#136=FACE_BOUND('',#392,.T.);
#137=FACE_BOUND('',#405,.T.);
#138=FACE_BOUND('',#408,.T.);
#139=FACE_BOUND('',#410,.T.);
#140=FACE_BOUND('',#412,.T.);
#141=FACE_BOUND('',#416,.T.);
#142=FACE_BOUND('',#429,.T.);
#143=FACE_BOUND('',#430,.T.);
#144=FACE_BOUND('',#436,.T.);
#145=FACE_BOUND('',#437,.T.);
#146=FACE_BOUND('',#463,.T.);
#147=FACE_BOUND('',#464,.T.);
#148=FACE_BOUND('',#465,.T.);
#149=FACE_BOUND('',#466,.T.);
#150=FACE_BOUND('',#467,.T.);
#151=FACE_BOUND('',#468,.T.);
#152=FACE_BOUND('',#472,.T.);
#153=FACE_BOUND('',#483,.T.);
#154=FACE_BOUND('',#492,.T.);
#155=FACE_BOUND('',#493,.T.);
#156=FACE_BOUND('',#494,.T.);
#157=FACE_BOUND('',#495,.T.);
#158=FACE_BOUND('',#551,.T.);
#159=FACE_BOUND('',#552,.T.);
#160=FACE_BOUND('',#553,.T.);
#161=FACE_BOUND('',#554,.T.);
#162=FACE_BOUND('',#555,.T.);
#163=FACE_BOUND('',#556,.T.);
#164=FACE_BOUND('',#563,.T.);
#165=FACE_BOUND('',#564,.T.);
#166=FACE_BOUND('',#565,.T.);
#167=FACE_BOUND('',#566,.T.);
#168=FACE_BOUND('',#568,.T.);
#169=FACE_BOUND('',#570,.T.);
#170=FACE_BOUND('',#571,.T.);
#171=FACE_BOUND('',#572,.T.);
#172=FACE_BOUND('',#573,.T.);
#173=FACE_BOUND('',#574,.T.);
#174=FACE_BOUND('',#575,.T.);
#175=FACE_BOUND('',#576,.T.);
#176=FACE_BOUND('',#577,.T.);
#177=FACE_BOUND('',#578,.T.);
#178=FACE_BOUND('',#579,.T.);
#179=FACE_OUTER_BOUND('',#351,.T.);
#180=FACE_OUTER_BOUND('',#358,.T.);
#181=FACE_OUTER_BOUND('',#359,.T.);
#182=FACE_OUTER_BOUND('',#360,.T.);
#183=FACE_OUTER_BOUND('',#361,.T.);
#184=FACE_OUTER_BOUND('',#362,.T.);
#185=FACE_OUTER_BOUND('',#363,.T.);
#186=FACE_OUTER_BOUND('',#364,.T.);
#187=FACE_OUTER_BOUND('',#365,.T.);
#188=FACE_OUTER_BOUND('',#366,.T.);
#189=FACE_OUTER_BOUND('',#367,.T.);
#190=FACE_OUTER_BOUND('',#368,.T.);
#191=FACE_OUTER_BOUND('',#369,.T.);
#192=FACE_OUTER_BOUND('',#370,.T.);
#193=FACE_OUTER_BOUND('',#371,.T.);
#194=FACE_OUTER_BOUND('',#372,.T.);
#195=FACE_OUTER_BOUND('',#373,.T.);
#196=FACE_OUTER_BOUND('',#374,.T.);
#197=FACE_OUTER_BOUND('',#375,.T.);
#198=FACE_OUTER_BOUND('',#377,.T.);
#199=FACE_OUTER_BOUND('',#384,.T.);
#200=FACE_OUTER_BOUND('',#385,.T.);
#201=FACE_OUTER_BOUND('',#386,.T.);
#202=FACE_OUTER_BOUND('',#387,.T.);
#203=FACE_OUTER_BOUND('',#390,.T.);
#204=FACE_OUTER_BOUND('',#391,.T.);
#205=FACE_OUTER_BOUND('',#393,.T.);
#206=FACE_OUTER_BOUND('',#394,.T.);
#207=FACE_OUTER_BOUND('',#395,.T.);
#208=FACE_OUTER_BOUND('',#396,.T.);
#209=FACE_OUTER_BOUND('',#397,.T.);
#210=FACE_OUTER_BOUND('',#398,.T.);
#211=FACE_OUTER_BOUND('',#399,.T.);
#212=FACE_OUTER_BOUND('',#400,.T.);
#213=FACE_OUTER_BOUND('',#401,.T.);
#214=FACE_OUTER_BOUND('',#402,.T.);
#215=FACE_OUTER_BOUND('',#403,.T.);
#216=FACE_OUTER_BOUND('',#404,.T.);
#217=FACE_OUTER_BOUND('',#406,.T.);
#218=FACE_OUTER_BOUND('',#407,.T.);
#219=FACE_OUTER_BOUND('',#409,.T.);
#220=FACE_OUTER_BOUND('',#411,.T.);
#221=FACE_OUTER_BOUND('',#413,.T.);
#222=FACE_OUTER_BOUND('',#414,.T.);
#223=FACE_OUTER_BOUND('',#415,.T.);
#224=FACE_OUTER_BOUND('',#417,.T.);
#225=FACE_OUTER_BOUND('',#418,.T.);
#226=FACE_OUTER_BOUND('',#419,.T.);
#227=FACE_OUTER_BOUND('',#420,.T.);
#228=FACE_OUTER_BOUND('',#421,.T.);
#229=FACE_OUTER_BOUND('',#422,.T.);
#230=FACE_OUTER_BOUND('',#423,.T.);
#231=FACE_OUTER_BOUND('',#424,.T.);
#232=FACE_OUTER_BOUND('',#425,.T.);
#233=FACE_OUTER_BOUND('',#426,.T.);
#234=FACE_OUTER_BOUND('',#427,.T.);
#235=FACE_OUTER_BOUND('',#428,.T.);
#236=FACE_OUTER_BOUND('',#431,.T.);
#237=FACE_OUTER_BOUND('',#432,.T.);
#238=FACE_OUTER_BOUND('',#433,.T.);
#239=FACE_OUTER_BOUND('',#434,.T.);
#240=FACE_OUTER_BOUND('',#435,.T.);
#241=FACE_OUTER_BOUND('',#438,.T.);
#242=FACE_OUTER_BOUND('',#439,.T.);
#243=FACE_OUTER_BOUND('',#440,.T.);
#244=FACE_OUTER_BOUND('',#441,.T.);
#245=FACE_OUTER_BOUND('',#442,.T.);
#246=FACE_OUTER_BOUND('',#443,.T.);
#247=FACE_OUTER_BOUND('',#444,.T.);
#248=FACE_OUTER_BOUND('',#445,.T.);
#249=FACE_OUTER_BOUND('',#446,.T.);
#250=FACE_OUTER_BOUND('',#447,.T.);
#251=FACE_OUTER_BOUND('',#448,.T.);
#252=FACE_OUTER_BOUND('',#449,.T.);
#253=FACE_OUTER_BOUND('',#450,.T.);
#254=FACE_OUTER_BOUND('',#451,.T.);
#255=FACE_OUTER_BOUND('',#452,.T.);
#256=FACE_OUTER_BOUND('',#453,.T.);
#257=FACE_OUTER_BOUND('',#454,.T.);
#258=FACE_OUTER_BOUND('',#455,.T.);
#259=FACE_OUTER_BOUND('',#456,.T.);
#260=FACE_OUTER_BOUND('',#457,.T.);
#261=FACE_OUTER_BOUND('',#458,.T.);
#262=FACE_OUTER_BOUND('',#459,.T.);
#263=FACE_OUTER_BOUND('',#460,.T.);
#264=FACE_OUTER_BOUND('',#461,.T.);
#265=FACE_OUTER_BOUND('',#462,.T.);
#266=FACE_OUTER_BOUND('',#469,.T.);
#267=FACE_OUTER_BOUND('',#470,.T.);
#268=FACE_OUTER_BOUND('',#471,.T.);
#269=FACE_OUTER_BOUND('',#473,.T.);
#270=FACE_OUTER_BOUND('',#474,.T.);
#271=FACE_OUTER_BOUND('',#475,.T.);
#272=FACE_OUTER_BOUND('',#476,.T.);
#273=FACE_OUTER_BOUND('',#477,.T.);
#274=FACE_OUTER_BOUND('',#478,.T.);
#275=FACE_OUTER_BOUND('',#479,.T.);
#276=FACE_OUTER_BOUND('',#480,.T.);
#277=FACE_OUTER_BOUND('',#481,.T.);
#278=FACE_OUTER_BOUND('',#482,.T.);
#279=FACE_OUTER_BOUND('',#484,.T.);
#280=FACE_OUTER_BOUND('',#485,.T.);
#281=FACE_OUTER_BOUND('',#486,.T.);
#282=FACE_OUTER_BOUND('',#487,.T.);
#283=FACE_OUTER_BOUND('',#488,.T.);
#284=FACE_OUTER_BOUND('',#489,.T.);
#285=FACE_OUTER_BOUND('',#490,.T.);
#286=FACE_OUTER_BOUND('',#491,.T.);
#287=FACE_OUTER_BOUND('',#496,.T.);
#288=FACE_OUTER_BOUND('',#497,.T.);
#289=FACE_OUTER_BOUND('',#498,.T.);
#290=FACE_OUTER_BOUND('',#499,.T.);
#291=FACE_OUTER_BOUND('',#500,.T.);
#292=FACE_OUTER_BOUND('',#501,.T.);
#293=FACE_OUTER_BOUND('',#502,.T.);
#294=FACE_OUTER_BOUND('',#503,.T.);
#295=FACE_OUTER_BOUND('',#504,.T.);
#296=FACE_OUTER_BOUND('',#505,.T.);
#297=FACE_OUTER_BOUND('',#506,.T.);
#298=FACE_OUTER_BOUND('',#507,.T.);
#299=FACE_OUTER_BOUND('',#508,.T.);
#300=FACE_OUTER_BOUND('',#509,.T.);
#301=FACE_OUTER_BOUND('',#510,.T.);
#302=FACE_OUTER_BOUND('',#511,.T.);
#303=FACE_OUTER_BOUND('',#512,.T.);
#304=FACE_OUTER_BOUND('',#513,.T.);
#305=FACE_OUTER_BOUND('',#514,.T.);
#306=FACE_OUTER_BOUND('',#515,.T.);
#307=FACE_OUTER_BOUND('',#516,.T.);
#308=FACE_OUTER_BOUND('',#517,.T.);
#309=FACE_OUTER_BOUND('',#518,.T.);
#310=FACE_OUTER_BOUND('',#519,.T.);
#311=FACE_OUTER_BOUND('',#520,.T.);
#312=FACE_OUTER_BOUND('',#521,.T.);
#313=FACE_OUTER_BOUND('',#522,.T.);
#314=FACE_OUTER_BOUND('',#523,.T.);
#315=FACE_OUTER_BOUND('',#524,.T.);
#316=FACE_OUTER_BOUND('',#525,.T.);
#317=FACE_OUTER_BOUND('',#526,.T.);
#318=FACE_OUTER_BOUND('',#527,.T.);
#319=FACE_OUTER_BOUND('',#528,.T.);
#320=FACE_OUTER_BOUND('',#529,.T.);
#321=FACE_OUTER_BOUND('',#530,.T.);
#322=FACE_OUTER_BOUND('',#531,.T.);
#323=FACE_OUTER_BOUND('',#532,.T.);
#324=FACE_OUTER_BOUND('',#533,.T.);
#325=FACE_OUTER_BOUND('',#534,.T.);
#326=FACE_OUTER_BOUND('',#535,.T.);
#327=FACE_OUTER_BOUND('',#536,.T.);
#328=FACE_OUTER_BOUND('',#537,.T.);
#329=FACE_OUTER_BOUND('',#538,.T.);
#330=FACE_OUTER_BOUND('',#539,.T.);
#331=FACE_OUTER_BOUND('',#540,.T.);
#332=FACE_OUTER_BOUND('',#541,.T.);
#333=FACE_OUTER_BOUND('',#542,.T.);
#334=FACE_OUTER_BOUND('',#543,.T.);
#335=FACE_OUTER_BOUND('',#544,.T.);
#336=FACE_OUTER_BOUND('',#545,.T.);
#337=FACE_OUTER_BOUND('',#546,.T.);
#338=FACE_OUTER_BOUND('',#547,.T.);
#339=FACE_OUTER_BOUND('',#548,.T.);
#340=FACE_OUTER_BOUND('',#549,.T.);
#341=FACE_OUTER_BOUND('',#550,.T.);
#342=FACE_OUTER_BOUND('',#557,.T.);
#343=FACE_OUTER_BOUND('',#558,.T.);
#344=FACE_OUTER_BOUND('',#559,.T.);
#345=FACE_OUTER_BOUND('',#560,.T.);
#346=FACE_OUTER_BOUND('',#561,.T.);
#347=FACE_OUTER_BOUND('',#562,.T.);
#348=FACE_OUTER_BOUND('',#567,.T.);
#349=FACE_OUTER_BOUND('',#569,.T.);
#350=FACE_OUTER_BOUND('',#580,.T.);
#351=EDGE_LOOP('',(#2179,#2180,#2181,#2182,#2183,#2184,#2185,#2186,#2187,
#2188,#2189,#2190,#2191,#2192,#2193,#2194));
#352=EDGE_LOOP('',(#2195,#2196,#2197));
#353=EDGE_LOOP('',(#2198,#2199,#2200));
#354=EDGE_LOOP('',(#2201,#2202,#2203));
#355=EDGE_LOOP('',(#2204,#2205,#2206));
#356=EDGE_LOOP('',(#2207,#2208,#2209,#2210,#2211,#2212,#2213,#2214));
#357=EDGE_LOOP('',(#2215,#2216,#2217,#2218,#2219,#2220,#2221,#2222));
#358=EDGE_LOOP('',(#2223,#2224,#2225,#2226));
#359=EDGE_LOOP('',(#2227,#2228,#2229,#2230));
#360=EDGE_LOOP('',(#2231,#2232,#2233,#2234));
#361=EDGE_LOOP('',(#2235,#2236,#2237,#2238,#2239));
#362=EDGE_LOOP('',(#2240,#2241,#2242,#2243));
#363=EDGE_LOOP('',(#2244,#2245,#2246,#2247));
#364=EDGE_LOOP('',(#2248,#2249,#2250,#2251));
#365=EDGE_LOOP('',(#2252,#2253,#2254,#2255));
#366=EDGE_LOOP('',(#2256,#2257,#2258,#2259));
#367=EDGE_LOOP('',(#2260,#2261,#2262,#2263));
#368=EDGE_LOOP('',(#2264,#2265,#2266,#2267));
#369=EDGE_LOOP('',(#2268,#2269,#2270,#2271));
#370=EDGE_LOOP('',(#2272,#2273,#2274,#2275));
#371=EDGE_LOOP('',(#2276,#2277,#2278,#2279));
#372=EDGE_LOOP('',(#2280,#2281,#2282,#2283));
#373=EDGE_LOOP('',(#2284,#2285,#2286,#2287));
#374=EDGE_LOOP('',(#2288,#2289,#2290,#2291));
#375=EDGE_LOOP('',(#2292,#2293,#2294));
#376=EDGE_LOOP('',(#2295,#2296,#2297));
#377=EDGE_LOOP('',(#2298,#2299,#2300,#2301,#2302,#2303,#2304,#2305,#2306,
#2307,#2308,#2309,#2310,#2311,#2312,#2313,#2314,#2315,#2316,#2317,#2318,
#2319,#2320,#2321,#2322,#2323,#2324,#2325));
#378=EDGE_LOOP('',(#2326,#2327,#2328));
#379=EDGE_LOOP('',(#2329,#2330,#2331));
#380=EDGE_LOOP('',(#2332,#2333,#2334));
#381=EDGE_LOOP('',(#2335,#2336,#2337));
#382=EDGE_LOOP('',(#2338,#2339,#2340));
#383=EDGE_LOOP('',(#2341,#2342,#2343));
#384=EDGE_LOOP('',(#2344,#2345,#2346,#2347));
#385=EDGE_LOOP('',(#2348,#2349,#2350,#2351));
#386=EDGE_LOOP('',(#2352,#2353,#2354,#2355));
#387=EDGE_LOOP('',(#2356,#2357,#2358,#2359));
#388=EDGE_LOOP('',(#2360,#2361,#2362));
#389=EDGE_LOOP('',(#2363,#2364,#2365));
#390=EDGE_LOOP('',(#2366,#2367,#2368,#2369));
#391=EDGE_LOOP('',(#2370,#2371,#2372));
#392=EDGE_LOOP('',(#2373,#2374,#2375));
#393=EDGE_LOOP('',(#2376,#2377,#2378,#2379));
#394=EDGE_LOOP('',(#2380,#2381,#2382,#2383));
#395=EDGE_LOOP('',(#2384,#2385,#2386,#2387));
#396=EDGE_LOOP('',(#2388,#2389,#2390,#2391));
#397=EDGE_LOOP('',(#2392,#2393,#2394,#2395));
#398=EDGE_LOOP('',(#2396,#2397,#2398,#2399));
#399=EDGE_LOOP('',(#2400,#2401,#2402,#2403));
#400=EDGE_LOOP('',(#2404,#2405,#2406,#2407));
#401=EDGE_LOOP('',(#2408,#2409,#2410,#2411));
#402=EDGE_LOOP('',(#2412,#2413,#2414,#2415));
#403=EDGE_LOOP('',(#2416,#2417,#2418,#2419));
#404=EDGE_LOOP('',(#2420,#2421,#2422,#2423));
#405=EDGE_LOOP('',(#2424,#2425,#2426));
#406=EDGE_LOOP('',(#2427,#2428,#2429,#2430));
#407=EDGE_LOOP('',(#2431,#2432,#2433));
#408=EDGE_LOOP('',(#2434,#2435,#2436));
#409=EDGE_LOOP('',(#2437,#2438,#2439,#2440));
#410=EDGE_LOOP('',(#2441,#2442,#2443));
#411=EDGE_LOOP('',(#2444,#2445,#2446));
#412=EDGE_LOOP('',(#2447,#2448,#2449));
#413=EDGE_LOOP('',(#2450,#2451,#2452,#2453));
#414=EDGE_LOOP('',(#2454,#2455,#2456,#2457));
#415=EDGE_LOOP('',(#2458,#2459,#2460));
#416=EDGE_LOOP('',(#2461,#2462,#2463));
#417=EDGE_LOOP('',(#2464,#2465,#2466,#2467));
#418=EDGE_LOOP('',(#2468,#2469,#2470,#2471));
#419=EDGE_LOOP('',(#2472,#2473,#2474,#2475));
#420=EDGE_LOOP('',(#2476,#2477,#2478,#2479));
#421=EDGE_LOOP('',(#2480,#2481,#2482,#2483));
#422=EDGE_LOOP('',(#2484,#2485,#2486,#2487));
#423=EDGE_LOOP('',(#2488,#2489,#2490,#2491));
#424=EDGE_LOOP('',(#2492,#2493,#2494,#2495));
#425=EDGE_LOOP('',(#2496,#2497,#2498,#2499));
#426=EDGE_LOOP('',(#2500,#2501,#2502,#2503));
#427=EDGE_LOOP('',(#2504,#2505,#2506,#2507));
#428=EDGE_LOOP('',(#2508,#2509,#2510,#2511,#2512,#2513,#2514,#2515,#2516,
#2517,#2518,#2519));
#429=EDGE_LOOP('',(#2520,#2521,#2522));
#430=EDGE_LOOP('',(#2523,#2524,#2525));
#431=EDGE_LOOP('',(#2526,#2527,#2528,#2529));
#432=EDGE_LOOP('',(#2530,#2531,#2532,#2533));
#433=EDGE_LOOP('',(#2534,#2535,#2536,#2537));
#434=EDGE_LOOP('',(#2538,#2539,#2540,#2541));
#435=EDGE_LOOP('',(#2542,#2543,#2544,#2545,#2546,#2547,#2548,#2549,#2550,
#2551,#2552,#2553));
#436=EDGE_LOOP('',(#2554,#2555,#2556));
#437=EDGE_LOOP('',(#2557,#2558,#2559));
#438=EDGE_LOOP('',(#2560,#2561,#2562,#2563));
#439=EDGE_LOOP('',(#2564,#2565,#2566,#2567));
#440=EDGE_LOOP('',(#2568,#2569,#2570,#2571));
#441=EDGE_LOOP('',(#2572,#2573,#2574,#2575));
#442=EDGE_LOOP('',(#2576,#2577,#2578,#2579));
#443=EDGE_LOOP('',(#2580,#2581,#2582,#2583));
#444=EDGE_LOOP('',(#2584,#2585,#2586,#2587));
#445=EDGE_LOOP('',(#2588,#2589,#2590,#2591));
#446=EDGE_LOOP('',(#2592,#2593,#2594,#2595));
#447=EDGE_LOOP('',(#2596,#2597,#2598,#2599));
#448=EDGE_LOOP('',(#2600,#2601,#2602,#2603));
#449=EDGE_LOOP('',(#2604,#2605,#2606,#2607));
#450=EDGE_LOOP('',(#2608,#2609,#2610,#2611));
#451=EDGE_LOOP('',(#2612,#2613,#2614,#2615));
#452=EDGE_LOOP('',(#2616,#2617,#2618,#2619));
#453=EDGE_LOOP('',(#2620,#2621,#2622,#2623));
#454=EDGE_LOOP('',(#2624,#2625,#2626,#2627));
#455=EDGE_LOOP('',(#2628,#2629,#2630,#2631,#2632,#2633));
#456=EDGE_LOOP('',(#2634,#2635,#2636,#2637,#2638,#2639));
#457=EDGE_LOOP('',(#2640,#2641,#2642,#2643));
#458=EDGE_LOOP('',(#2644,#2645,#2646,#2647));
#459=EDGE_LOOP('',(#2648,#2649,#2650,#2651));
#460=EDGE_LOOP('',(#2652,#2653,#2654,#2655));
#461=EDGE_LOOP('',(#2656,#2657,#2658,#2659,#2660,#2661));
#462=EDGE_LOOP('',(#2662,#2663,#2664,#2665,#2666,#2667,#2668,#2669));
#463=EDGE_LOOP('',(#2670,#2671,#2672,#2673,#2674,#2675,#2676,#2677));
#464=EDGE_LOOP('',(#2678,#2679,#2680,#2681));
#465=EDGE_LOOP('',(#2682,#2683,#2684,#2685));
#466=EDGE_LOOP('',(#2686,#2687,#2688,#2689));
#467=EDGE_LOOP('',(#2690,#2691,#2692,#2693));
#468=EDGE_LOOP('',(#2694,#2695,#2696,#2697));
#469=EDGE_LOOP('',(#2698,#2699,#2700,#2701,#2702,#2703,#2704,#2705));
#470=EDGE_LOOP('',(#2706,#2707,#2708,#2709));
#471=EDGE_LOOP('',(#2710,#2711,#2712));
#472=EDGE_LOOP('',(#2713,#2714,#2715));
#473=EDGE_LOOP('',(#2716,#2717,#2718,#2719));
#474=EDGE_LOOP('',(#2720,#2721,#2722,#2723));
#475=EDGE_LOOP('',(#2724,#2725,#2726,#2727));
#476=EDGE_LOOP('',(#2728,#2729,#2730,#2731));
#477=EDGE_LOOP('',(#2732,#2733,#2734,#2735));
#478=EDGE_LOOP('',(#2736,#2737,#2738,#2739));
#479=EDGE_LOOP('',(#2740,#2741,#2742,#2743));
#480=EDGE_LOOP('',(#2744,#2745,#2746,#2747,#2748,#2749,#2750,#2751));
#481=EDGE_LOOP('',(#2752,#2753,#2754,#2755));
#482=EDGE_LOOP('',(#2756,#2757,#2758,#2759,#2760,#2761,#2762,#2763,#2764,
#2765,#2766,#2767,#2768,#2769,#2770,#2771));
#483=EDGE_LOOP('',(#2772));
#484=EDGE_LOOP('',(#2773,#2774,#2775,#2776));
#485=EDGE_LOOP('',(#2777,#2778,#2779,#2780));
#486=EDGE_LOOP('',(#2781,#2782,#2783,#2784,#2785,#2786));
#487=EDGE_LOOP('',(#2787,#2788,#2789,#2790));
#488=EDGE_LOOP('',(#2791,#2792,#2793,#2794,#2795,#2796));
#489=EDGE_LOOP('',(#2797,#2798,#2799,#2800,#2801,#2802));
#490=EDGE_LOOP('',(#2803,#2804,#2805,#2806,#2807,#2808));
#491=EDGE_LOOP('',(#2809));
#492=EDGE_LOOP('',(#2810));
#493=EDGE_LOOP('',(#2811));
#494=EDGE_LOOP('',(#2812));
#495=EDGE_LOOP('',(#2813));
#496=EDGE_LOOP('',(#2814,#2815,#2816,#2817));
#497=EDGE_LOOP('',(#2818,#2819,#2820,#2821));
#498=EDGE_LOOP('',(#2822,#2823,#2824,#2825,#2826,#2827,#2828,#2829));
#499=EDGE_LOOP('',(#2830,#2831,#2832,#2833,#2834,#2835));
#500=EDGE_LOOP('',(#2836,#2837,#2838,#2839));
#501=EDGE_LOOP('',(#2840,#2841,#2842,#2843));
#502=EDGE_LOOP('',(#2844,#2845,#2846,#2847));
#503=EDGE_LOOP('',(#2848,#2849,#2850,#2851));
#504=EDGE_LOOP('',(#2852,#2853,#2854,#2855));
#505=EDGE_LOOP('',(#2856,#2857,#2858,#2859));
#506=EDGE_LOOP('',(#2860,#2861,#2862,#2863));
#507=EDGE_LOOP('',(#2864,#2865,#2866,#2867));
#508=EDGE_LOOP('',(#2868,#2869,#2870,#2871));
#509=EDGE_LOOP('',(#2872,#2873,#2874,#2875));
#510=EDGE_LOOP('',(#2876,#2877,#2878,#2879,#2880));
#511=EDGE_LOOP('',(#2881,#2882,#2883,#2884));
#512=EDGE_LOOP('',(#2885,#2886,#2887,#2888));
#513=EDGE_LOOP('',(#2889,#2890,#2891,#2892));
#514=EDGE_LOOP('',(#2893,#2894,#2895,#2896));
#515=EDGE_LOOP('',(#2897,#2898,#2899,#2900));
#516=EDGE_LOOP('',(#2901,#2902,#2903,#2904));
#517=EDGE_LOOP('',(#2905,#2906,#2907,#2908));
#518=EDGE_LOOP('',(#2909,#2910,#2911,#2912));
#519=EDGE_LOOP('',(#2913,#2914,#2915,#2916));
#520=EDGE_LOOP('',(#2917,#2918,#2919,#2920));
#521=EDGE_LOOP('',(#2921,#2922,#2923,#2924));
#522=EDGE_LOOP('',(#2925,#2926,#2927,#2928));
#523=EDGE_LOOP('',(#2929,#2930,#2931,#2932));
#524=EDGE_LOOP('',(#2933,#2934,#2935,#2936));
#525=EDGE_LOOP('',(#2937,#2938,#2939,#2940));
#526=EDGE_LOOP('',(#2941,#2942,#2943,#2944));
#527=EDGE_LOOP('',(#2945,#2946,#2947,#2948));
#528=EDGE_LOOP('',(#2949,#2950,#2951,#2952));
#529=EDGE_LOOP('',(#2953,#2954,#2955,#2956));
#530=EDGE_LOOP('',(#2957,#2958,#2959,#2960));
#531=EDGE_LOOP('',(#2961,#2962,#2963,#2964));
#532=EDGE_LOOP('',(#2965,#2966,#2967,#2968));
#533=EDGE_LOOP('',(#2969,#2970,#2971,#2972));
#534=EDGE_LOOP('',(#2973,#2974,#2975,#2976));
#535=EDGE_LOOP('',(#2977,#2978,#2979,#2980));
#536=EDGE_LOOP('',(#2981,#2982,#2983,#2984));
#537=EDGE_LOOP('',(#2985,#2986,#2987,#2988));
#538=EDGE_LOOP('',(#2989,#2990,#2991,#2992));
#539=EDGE_LOOP('',(#2993,#2994,#2995,#2996));
#540=EDGE_LOOP('',(#2997,#2998,#2999,#3000));
#541=EDGE_LOOP('',(#3001,#3002,#3003,#3004));
#542=EDGE_LOOP('',(#3005,#3006,#3007,#3008));
#543=EDGE_LOOP('',(#3009,#3010,#3011,#3012));
#544=EDGE_LOOP('',(#3013,#3014,#3015,#3016));
#545=EDGE_LOOP('',(#3017,#3018,#3019,#3020));
#546=EDGE_LOOP('',(#3021,#3022,#3023,#3024));
#547=EDGE_LOOP('',(#3025,#3026,#3027,#3028));
#548=EDGE_LOOP('',(#3029,#3030,#3031,#3032));
#549=EDGE_LOOP('',(#3033,#3034,#3035,#3036));
#550=EDGE_LOOP('',(#3037,#3038,#3039,#3040,#3041,#3042,#3043,#3044));
#551=EDGE_LOOP('',(#3045,#3046,#3047,#3048,#3049,#3050,#3051,#3052));
#552=EDGE_LOOP('',(#3053,#3054,#3055,#3056));
#553=EDGE_LOOP('',(#3057,#3058,#3059,#3060));
#554=EDGE_LOOP('',(#3061,#3062,#3063,#3064));
#555=EDGE_LOOP('',(#3065,#3066,#3067,#3068));
#556=EDGE_LOOP('',(#3069,#3070,#3071,#3072));
#557=EDGE_LOOP('',(#3073,#3074,#3075,#3076));
#558=EDGE_LOOP('',(#3077,#3078,#3079,#3080));
#559=EDGE_LOOP('',(#3081,#3082,#3083,#3084));
#560=EDGE_LOOP('',(#3085,#3086,#3087,#3088));
#561=EDGE_LOOP('',(#3089,#3090,#3091,#3092,#3093,#3094,#3095,#3096));
#562=EDGE_LOOP('',(#3097,#3098,#3099,#3100,#3101,#3102,#3103,#3104));
#563=EDGE_LOOP('',(#3105));
#564=EDGE_LOOP('',(#3106));
#565=EDGE_LOOP('',(#3107));
#566=EDGE_LOOP('',(#3108));
#567=EDGE_LOOP('',(#3109));
#568=EDGE_LOOP('',(#3110));
#569=EDGE_LOOP('',(#3111,#3112,#3113,#3114));
#570=EDGE_LOOP('',(#3115,#3116,#3117,#3118));
#571=EDGE_LOOP('',(#3119,#3120,#3121,#3122));
#572=EDGE_LOOP('',(#3123,#3124,#3125,#3126));
#573=EDGE_LOOP('',(#3127,#3128,#3129,#3130));
#574=EDGE_LOOP('',(#3131,#3132,#3133,#3134));
#575=EDGE_LOOP('',(#3135,#3136,#3137,#3138));
#576=EDGE_LOOP('',(#3139,#3140,#3141,#3142));
#577=EDGE_LOOP('',(#3143,#3144,#3145,#3146));
#578=EDGE_LOOP('',(#3147,#3148,#3149,#3150));
#579=EDGE_LOOP('',(#3151,#3152,#3153,#3154));
#580=EDGE_LOOP('',(#3155,#3156,#3157,#3158));
#581=B_SPLINE_CURVE_WITH_KNOTS('',3,(#4761,#4762,#4763,#4764,#4765,#4766,
#4767,#4768,#4769,#4770,#4771,#4772,#4773,#4774,#4775),.UNSPECIFIED.,.F.,
 .F.,(4,2,2,2,3,2,4),(-0.195902786768005,-0.146927092860364,-0.0979513989527233,
-0.0489756994763617,0.,0.0489756994763617,0.0979513989527233),
 .UNSPECIFIED.);
#582=B_SPLINE_CURVE_WITH_KNOTS('',3,(#4781,#4782,#4783,#4784,#4785,#4786,
#4787,#4788,#4789,#4790,#4791,#4792,#4793,#4794,#4795),.UNSPECIFIED.,.F.,
 .F.,(4,2,2,2,3,2,4),(-0.195902786768005,-0.146927092860365,-0.0979513989527241,
-0.048975699476362,0.,0.0489756994763617,0.0979513989527233),
 .UNSPECIFIED.);
#583=B_SPLINE_CURVE_WITH_KNOTS('',3,(#4800,#4801,#4802,#4803,#4804,#4805,
#4806,#4807,#4808,#4809,#4810,#4811,#4812,#4813),.UNSPECIFIED.,.F.,.F.,
(4,2,2,2,2,2,4),(-0.489756972488734,-0.440781273012372,-0.391805573536011,
-0.342829874059649,-0.293854174583287,-0.244878480675646,-0.195902786768005),
 .UNSPECIFIED.);
#584=B_SPLINE_CURVE_WITH_KNOTS('',3,(#4816,#4817,#4818,#4819,#4820,#4821,
#4822,#4823,#4824,#4825,#4826,#4827,#4828,#4829),.UNSPECIFIED.,.F.,.F.,
(4,2,2,2,2,2,4),(-0.489756972488733,-0.440781273012371,-0.39180557353601,
-0.342829874059648,-0.293854174583287,-0.244878480675646,-0.195902786768005),
 .UNSPECIFIED.);
#585=B_SPLINE_CURVE_WITH_KNOTS('',3,(#4836,#4837,#4838,#4839,#4840,#4841,
#4842,#4843,#4844,#4845,#4846,#4847,#4848,#4849,#4850,#4851,#4852,#4853,
#4854,#4855,#4856,#4857,#4858,#4859,#4860,#4861,#4862),.UNSPECIFIED.,.F.,
 .F.,(4,2,3,2,2,2,2,2,2,2,2,2,4),(-0.0979513989527234,-0.0489756994763617,
0.,0.048975699476362,0.097951398952724,0.146927092860365,0.195902786768005,
0.244878480675646,0.293854174583287,0.342829874059649,0.391805573536011,
0.440781273012372,0.489756972488734),.UNSPECIFIED.);
#586=B_SPLINE_CURVE_WITH_KNOTS('',3,(#4868,#4869,#4870,#4871,#4872,#4873,
#4874,#4875,#4876,#4877,#4878,#4879,#4880,#4881,#4882,#4883,#4884,#4885,
#4886,#4887,#4888,#4889,#4890,#4891,#4892,#4893,#4894),.UNSPECIFIED.,.F.,
 .F.,(4,2,2,2,2,2,2,2,2,2,3,2,4),(-0.489756972488733,-0.440781273012371,
-0.39180557353601,-0.342829874059648,-0.293854174583286,-0.244878480675646,
-0.195902786768005,-0.146927092860364,-0.0979513989527232,-0.0489756994763616,
0.,0.0489756994763616,0.0979513989527233),.UNSPECIFIED.);
#587=B_SPLINE_CURVE_WITH_KNOTS('',3,(#4899,#4900,#4901,#4902,#4903,#4904,
#4905,#4906,#4907,#4908,#4909,#4910,#4911,#4912,#4913,#4914,#4915,#4916,
#4917,#4918,#4919,#4920,#4921,#4922,#4923,#4924,#4925),.UNSPECIFIED.,.F.,
 .F.,(4,2,2,2,2,2,2,2,2,2,3,2,4),(-0.489756972488733,-0.440781273012371,
-0.39180557353601,-0.342829874059648,-0.293854174583287,-0.244878480675646,
-0.195902786768005,-0.146927092860364,-0.0979513989527233,-0.0489756994763617,
0.,0.0489756994763616,0.0979513989527233),.UNSPECIFIED.);
#588=B_SPLINE_CURVE_WITH_KNOTS('',3,(#4931,#4932,#4933,#4934,#4935,#4936,
#4937,#4938,#4939,#4940,#4941,#4942,#4943,#4944,#4945,#4946,#4947,#4948,
#4949,#4950,#4951,#4952,#4953,#4954,#4955,#4956,#4957),.UNSPECIFIED.,.F.,
 .F.,(4,2,3,2,2,2,2,2,2,2,2,2,4),(-0.0979513989527233,-0.0489756994763617,
0.,0.0489756994763616,0.0979513989527232,0.146927092860364,0.195902786768005,
0.244878480675646,0.293854174583287,0.342829874059648,0.39180557353601,
0.440781273012371,0.489756972488733),.UNSPECIFIED.);
#589=B_SPLINE_CURVE_WITH_KNOTS('',3,(#4961,#4962,#4963,#4964,#4965,#4966,
#4967,#4968,#4969,#4970),.UNSPECIFIED.,.F.,.F.,(4,2,2,2,4),(0.,0.0376689430022862,
0.0753378860045724,0.113015126405203,0.150692366805834),.UNSPECIFIED.);
#590=B_SPLINE_CURVE_WITH_KNOTS('',3,(#4974,#4975,#4976,#4977,#4978,#4979,
#4980,#4981,#4982,#4983),.UNSPECIFIED.,.F.,.F.,(4,2,2,2,4),(0.150762368444622,
0.188439608845253,0.226116849245884,0.263785792248171,0.301454735250457),
 .UNSPECIFIED.);
#591=B_SPLINE_CURVE_WITH_KNOTS('',3,(#4987,#4988,#4989,#4990,#4991,#4992,
#4993,#4994,#4995,#4996),.UNSPECIFIED.,.F.,.F.,(4,2,2,2,4),(0.,0.0376689430022862,
0.0753378860045724,0.113015126405203,0.150692366805834),.UNSPECIFIED.);
#592=B_SPLINE_CURVE_WITH_KNOTS('',3,(#5000,#5001,#5002,#5003,#5004,#5005,
#5006,#5007,#5008,#5009),.UNSPECIFIED.,.F.,.F.,(4,2,2,2,4),(0.150762368444623,
0.188439608845253,0.226116849245884,0.263785792248171,0.301454735250457),
 .UNSPECIFIED.);
#593=B_SPLINE_CURVE_WITH_KNOTS('',3,(#5013,#5014,#5015,#5016,#5017,#5018,
#5019,#5020,#5021,#5022),.UNSPECIFIED.,.F.,.F.,(4,2,2,2,4),(0.,0.0376689430022862,
0.0753378860045724,0.113015126405203,0.150692366805834),.UNSPECIFIED.);
#594=B_SPLINE_CURVE_WITH_KNOTS('',3,(#5026,#5027,#5028,#5029,#5030,#5031,
#5032,#5033,#5034,#5035),.UNSPECIFIED.,.F.,.F.,(4,2,2,2,4),(0.150762368444622,
0.188439608845253,0.226116849245884,0.26378579224817,0.301454735250457),
 .UNSPECIFIED.);
#595=B_SPLINE_CURVE_WITH_KNOTS('',3,(#5039,#5040,#5041,#5042,#5043,#5044,
#5045,#5046,#5047,#5048),.UNSPECIFIED.,.F.,.F.,(4,2,2,2,4),(0.,0.0376689430022862,
0.0753378860045723,0.113015126405204,0.150692366805835),.UNSPECIFIED.);
#596=B_SPLINE_CURVE_WITH_KNOTS('',3,(#5052,#5053,#5054,#5055,#5056,#5057,
#5058,#5059,#5060,#5061),.UNSPECIFIED.,.F.,.F.,(4,2,2,2,4),(0.150762368444623,
0.188439608845254,0.226116849245885,0.263785792248171,0.301454735250457),
 .UNSPECIFIED.);
#597=B_SPLINE_CURVE_WITH_KNOTS('',3,(#5103,#5104,#5105,#5106,#5107,#5108,
#5109,#5110,#5111,#5112),.UNSPECIFIED.,.F.,.F.,(4,2,2,2,4),(0.150748153513961,
0.188424006575669,0.226099859637376,0.263768758426928,0.301437657216481),
 .UNSPECIFIED.);
#598=B_SPLINE_CURVE_WITH_KNOTS('',3,(#5121,#5122,#5123,#5124,#5125,#5126,
#5127,#5128,#5129,#5130),.UNSPECIFIED.,.F.,.F.,(4,2,2,2,4),(0.,0.0376688987895526,
0.0753377975791052,0.113013650640813,0.150689503702521),.UNSPECIFIED.);
#599=B_SPLINE_CURVE_WITH_KNOTS('',3,(#5139,#5140,#5141,#5142,#5143,#5144,
#5145,#5146,#5147,#5148),.UNSPECIFIED.,.F.,.F.,(4,2,2,2,4),(0.150748153513961,
0.188424006575669,0.226099859637376,0.263768758426929,0.301437657216482),
 .UNSPECIFIED.);
#600=B_SPLINE_CURVE_WITH_KNOTS('',3,(#5157,#5158,#5159,#5160,#5161,#5162,
#5163,#5164,#5165,#5166),.UNSPECIFIED.,.F.,.F.,(4,2,2,2,4),(0.,0.0376688987895525,
0.075337797579105,0.113013650640812,0.15068950370252),.UNSPECIFIED.);
#601=B_SPLINE_CURVE_WITH_KNOTS('',3,(#5613,#5614,#5615,#5616,#5617,#5618,
#5619,#5620,#5621,#5622),.UNSPECIFIED.,.F.,.F.,(4,2,2,2,4),(0.150748153513961,
0.188424006575669,0.226099859637376,0.263768758426929,0.301437657216481),
 .UNSPECIFIED.);
#602=B_SPLINE_CURVE_WITH_KNOTS('',3,(#5626,#5627,#5628,#5629,#5630,#5631,
#5632,#5633,#5634,#5635),.UNSPECIFIED.,.F.,.F.,(4,2,2,2,4),(0.,0.0376688987895525,
0.075337797579105,0.113013650640812,0.150689503702519),.UNSPECIFIED.);
#603=B_SPLINE_CURVE_WITH_KNOTS('',3,(#5788,#5789,#5790,#5791,#5792,#5793,
#5794,#5795,#5796,#5797),.UNSPECIFIED.,.F.,.F.,(4,2,2,2,4),(0.,0.0376688987895526,
0.0753377975791052,0.113013650640813,0.15068950370252),.UNSPECIFIED.);
#604=B_SPLINE_CURVE_WITH_KNOTS('',3,(#5802,#5803,#5804,#5805,#5806,#5807,
#5808,#5809,#5810,#5811),.UNSPECIFIED.,.F.,.F.,(4,2,2,2,4),(0.150748153513962,
0.188424006575669,0.226099859637376,0.263768758426928,0.301437657216481),
 .UNSPECIFIED.);
#605=ELLIPSE('',#3422,42.9213816180231,30.35);
#606=ELLIPSE('',#3423,42.9213816180233,30.35);
#607=ELLIPSE('',#3425,42.9213816180232,30.35);
#608=ELLIPSE('',#3426,42.9213816180232,30.35);
#609=ELLIPSE('',#3427,42.9213816180232,30.35);
#610=ELLIPSE('',#3428,42.9213816180233,30.35);
#611=ELLIPSE('',#3429,42.9213816180232,30.35);
#612=ELLIPSE('',#3430,42.9213816180231,30.35);
#613=ELLIPSE('',#3431,42.9213816180231,30.35);
#614=ELLIPSE('',#3432,42.9213816180232,30.35);
#615=ELLIPSE('',#3433,42.9213816180231,30.35);
#616=ELLIPSE('',#3434,42.9213816180232,30.35);
#617=LINE('',#4757,#909);
#618=LINE('',#4777,#910);
#619=LINE('',#4797,#911);
#620=LINE('',#4972,#912);
#621=LINE('',#4998,#913);
#622=LINE('',#5024,#914);
#623=LINE('',#5050,#915);
#624=LINE('',#5065,#916);
#625=LINE('',#5067,#917);
#626=LINE('',#5068,#918);
#627=LINE('',#5071,#919);
#628=LINE('',#5073,#920);
#629=LINE('',#5074,#921);
#630=LINE('',#5077,#922);
#631=LINE('',#5079,#923);
#632=LINE('',#5080,#924);
#633=LINE('',#5083,#925);
#634=LINE('',#5086,#926);
#635=LINE('',#5089,#927);
#636=LINE('',#5092,#928);
#637=LINE('',#5095,#929);
#638=LINE('',#5098,#930);
#639=LINE('',#5101,#931);
#640=LINE('',#5113,#932);
#641=LINE('',#5116,#933);
#642=LINE('',#5120,#934);
#643=LINE('',#5133,#935);
#644=LINE('',#5134,#936);
#645=LINE('',#5137,#937);
#646=LINE('',#5149,#938);
#647=LINE('',#5152,#939);
#648=LINE('',#5156,#940);
#649=LINE('',#5169,#941);
#650=LINE('',#5170,#942);
#651=LINE('',#5173,#943);
#652=LINE('',#5174,#944);
#653=LINE('',#5178,#945);
#654=LINE('',#5180,#946);
#655=LINE('',#5182,#947);
#656=LINE('',#5183,#948);
#657=LINE('',#5186,#949);
#658=LINE('',#5188,#950);
#659=LINE('',#5189,#951);
#660=LINE('',#5198,#952);
#661=LINE('',#5200,#953);
#662=LINE('',#5202,#954);
#663=LINE('',#5204,#955);
#664=LINE('',#5206,#956);
#665=LINE('',#5208,#957);
#666=LINE('',#5210,#958);
#667=LINE('',#5214,#959);
#668=LINE('',#5218,#960);
#669=LINE('',#5222,#961);
#670=LINE('',#5226,#962);
#671=LINE('',#5228,#963);
#672=LINE('',#5230,#964);
#673=LINE('',#5232,#965);
#674=LINE('',#5234,#966);
#675=LINE('',#5236,#967);
#676=LINE('',#5238,#968);
#677=LINE('',#5242,#969);
#678=LINE('',#5246,#970);
#679=LINE('',#5249,#971);
#680=LINE('',#5252,#972);
#681=LINE('',#5254,#973);
#682=LINE('',#5258,#974);
#683=LINE('',#5260,#975);
#684=LINE('',#5264,#976);
#685=LINE('',#5266,#977);
#686=LINE('',#5271,#978);
#687=LINE('',#5273,#979);
#688=LINE('',#5277,#980);
#689=LINE('',#5280,#981);
#690=LINE('',#5284,#982);
#691=LINE('',#5286,#983);
#692=LINE('',#5288,#984);
#693=LINE('',#5289,#985);
#694=LINE('',#5292,#986);
#695=LINE('',#5294,#987);
#696=LINE('',#5295,#988);
#697=LINE('',#5302,#989);
#698=LINE('',#5304,#990);
#699=LINE('',#5306,#991);
#700=LINE('',#5307,#992);
#701=LINE('',#5310,#993);
#702=LINE('',#5312,#994);
#703=LINE('',#5316,#995);
#704=LINE('',#5317,#996);
#705=LINE('',#5323,#997);
#706=LINE('',#5325,#998);
#707=LINE('',#5327,#999);
#708=LINE('',#5328,#1000);
#709=LINE('',#5331,#1001);
#710=LINE('',#5333,#1002);
#711=LINE('',#5334,#1003);
#712=LINE('',#5337,#1004);
#713=LINE('',#5338,#1005);
#714=LINE('',#5342,#1006);
#715=LINE('',#5343,#1007);
#716=LINE('',#5344,#1008);
#717=LINE('',#5347,#1009);
#718=LINE('',#5348,#1010);
#719=LINE('',#5351,#1011);
#720=LINE('',#5352,#1012);
#721=LINE('',#5354,#1013);
#722=LINE('',#5358,#1014);
#723=LINE('',#5360,#1015);
#724=LINE('',#5362,#1016);
#725=LINE('',#5363,#1017);
#726=LINE('',#5366,#1018);
#727=LINE('',#5368,#1019);
#728=LINE('',#5369,#1020);
#729=LINE('',#5372,#1021);
#730=LINE('',#5373,#1022);
#731=LINE('',#5375,#1023);
#732=LINE('',#5379,#1024);
#733=LINE('',#5381,#1025);
#734=LINE('',#5383,#1026);
#735=LINE('',#5384,#1027);
#736=LINE('',#5393,#1028);
#737=LINE('',#5395,#1029);
#738=LINE('',#5397,#1030);
#739=LINE('',#5398,#1031);
#740=LINE('',#5404,#1032);
#741=LINE('',#5405,#1033);
#742=LINE('',#5407,#1034);
#743=LINE('',#5413,#1035);
#744=LINE('',#5414,#1036);
#745=LINE('',#5416,#1037);
#746=LINE('',#5417,#1038);
#747=LINE('',#5419,#1039);
#748=LINE('',#5422,#1040);
#749=LINE('',#5424,#1041);
#750=LINE('',#5425,#1042);
#751=LINE('',#5428,#1043);
#752=LINE('',#5429,#1044);
#753=LINE('',#5432,#1045);
#754=LINE('',#5434,#1046);
#755=LINE('',#5435,#1047);
#756=LINE('',#5438,#1048);
#757=LINE('',#5439,#1049);
#758=LINE('',#5442,#1050);
#759=LINE('',#5444,#1051);
#760=LINE('',#5445,#1052);
#761=LINE('',#5448,#1053);
#762=LINE('',#5449,#1054);
#763=LINE('',#5452,#1055);
#764=LINE('',#5454,#1056);
#765=LINE('',#5455,#1057);
#766=LINE('',#5458,#1058);
#767=LINE('',#5459,#1059);
#768=LINE('',#5467,#1060);
#769=LINE('',#5471,#1061);
#770=LINE('',#5475,#1062);
#771=LINE('',#5479,#1063);
#772=LINE('',#5481,#1064);
#773=LINE('',#5483,#1065);
#774=LINE('',#5485,#1066);
#775=LINE('',#5486,#1067);
#776=LINE('',#5489,#1068);
#777=LINE('',#5490,#1069);
#778=LINE('',#5492,#1070);
#779=LINE('',#5497,#1071);
#780=LINE('',#5498,#1072);
#781=LINE('',#5501,#1073);
#782=LINE('',#5502,#1074);
#783=LINE('',#5505,#1075);
#784=LINE('',#5509,#1076);
#785=LINE('',#5511,#1077);
#786=LINE('',#5513,#1078);
#787=LINE('',#5515,#1079);
#788=LINE('',#5517,#1080);
#789=LINE('',#5521,#1081);
#790=LINE('',#5526,#1082);
#791=LINE('',#5527,#1083);
#792=LINE('',#5529,#1084);
#793=LINE('',#5531,#1085);
#794=LINE('',#5533,#1086);
#795=LINE('',#5535,#1087);
#796=LINE('',#5537,#1088);
#797=LINE('',#5538,#1089);
#798=LINE('',#5540,#1090);
#799=LINE('',#5542,#1091);
#800=LINE('',#5544,#1092);
#801=LINE('',#5549,#1093);
#802=LINE('',#5552,#1094);
#803=LINE('',#5555,#1095);
#804=LINE('',#5558,#1096);
#805=LINE('',#5561,#1097);
#806=LINE('',#5564,#1098);
#807=LINE('',#5567,#1099);
#808=LINE('',#5571,#1100);
#809=LINE('',#5575,#1101);
#810=LINE('',#5580,#1102);
#811=LINE('',#5584,#1103);
#812=LINE('',#5588,#1104);
#813=LINE('',#5590,#1105);
#814=LINE('',#5594,#1106);
#815=LINE('',#5596,#1107);
#816=LINE('',#5600,#1108);
#817=LINE('',#5601,#1109);
#818=LINE('',#5602,#1110);
#819=LINE('',#5605,#1111);
#820=LINE('',#5608,#1112);
#821=LINE('',#5610,#1113);
#822=LINE('',#5636,#1114);
#823=LINE('',#5641,#1115);
#824=LINE('',#5644,#1116);
#825=LINE('',#5649,#1117);
#826=LINE('',#5652,#1118);
#827=LINE('',#5657,#1119);
#828=LINE('',#5660,#1120);
#829=LINE('',#5665,#1121);
#830=LINE('',#5668,#1122);
#831=LINE('',#5673,#1123);
#832=LINE('',#5676,#1124);
#833=LINE('',#5678,#1125);
#834=LINE('',#5680,#1126);
#835=LINE('',#5682,#1127);
#836=LINE('',#5683,#1128);
#837=LINE('',#5693,#1129);
#838=LINE('',#5694,#1130);
#839=LINE('',#5695,#1131);
#840=LINE('',#5699,#1132);
#841=LINE('',#5700,#1133);
#842=LINE('',#5701,#1134);
#843=LINE('',#5705,#1135);
#844=LINE('',#5706,#1136);
#845=LINE('',#5707,#1137);
#846=LINE('',#5711,#1138);
#847=LINE('',#5712,#1139);
#848=LINE('',#5713,#1140);
#849=LINE('',#5717,#1141);
#850=LINE('',#5724,#1142);
#851=LINE('',#5726,#1143);
#852=LINE('',#5729,#1144);
#853=LINE('',#5733,#1145);
#854=LINE('',#5737,#1146);
#855=LINE('',#5738,#1147);
#856=LINE('',#5741,#1148);
#857=LINE('',#5744,#1149);
#858=LINE('',#5747,#1150);
#859=LINE('',#5748,#1151);
#860=LINE('',#5750,#1152);
#861=LINE('',#5765,#1153);
#862=LINE('',#5771,#1154);
#863=LINE('',#5772,#1155);
#864=LINE('',#5774,#1156);
#865=LINE('',#5776,#1157);
#866=LINE('',#5778,#1158);
#867=LINE('',#5780,#1159);
#868=LINE('',#5784,#1160);
#869=LINE('',#5785,#1161);
#870=LINE('',#5798,#1162);
#871=LINE('',#5801,#1163);
#872=LINE('',#5820,#1164);
#873=LINE('',#5824,#1165);
#874=LINE('',#5828,#1166);
#875=LINE('',#5832,#1167);
#876=LINE('',#5836,#1168);
#877=LINE('',#5841,#1169);
#878=LINE('',#5845,#1170);
#879=LINE('',#5850,#1171);
#880=LINE('',#5854,#1172);
#881=LINE('',#5859,#1173);
#882=LINE('',#5863,#1174);
#883=LINE('',#5869,#1175);
#884=LINE('',#5875,#1176);
#885=LINE('',#5881,#1177);
#886=LINE('',#5887,#1178);
#887=LINE('',#5937,#1179);
#888=LINE('',#5979,#1180);
#889=LINE('',#5981,#1181);
#890=LINE('',#5987,#1182);
#891=LINE('',#5988,#1183);
#892=LINE('',#5990,#1184);
#893=LINE('',#5992,#1185);
#894=LINE('',#5994,#1186);
#895=LINE('',#5996,#1187);
#896=LINE('',#5998,#1188);
#897=LINE('',#6000,#1189);
#898=LINE('',#6001,#1190);
#899=LINE('',#6003,#1191);
#900=LINE('',#6004,#1192);
#901=LINE('',#6006,#1193);
#902=LINE('',#6011,#1194);
#903=LINE('',#6014,#1195);
#904=LINE('',#6023,#1196);
#905=LINE('',#6027,#1197);
#906=LINE('',#6032,#1198);
#907=LINE('',#6040,#1199);
#908=LINE('',#6042,#1200);
#909=VECTOR('',#3772,30.35);
#910=VECTOR('',#3775,30.35);
#911=VECTOR('',#3778,30.35);
#912=VECTOR('',#3801,10.);
#913=VECTOR('',#3804,10.);
#914=VECTOR('',#3807,10.);
#915=VECTOR('',#3810,10.);
#916=VECTOR('',#3815,10.);
#917=VECTOR('',#3816,10.);
#918=VECTOR('',#3817,10.);
#919=VECTOR('',#3820,10.);
#920=VECTOR('',#3821,10.);
#921=VECTOR('',#3822,10.);
#922=VECTOR('',#3825,10.);
#923=VECTOR('',#3826,10.);
#924=VECTOR('',#3827,10.);
#925=VECTOR('',#3830,10.);
#926=VECTOR('',#3833,10.);
#927=VECTOR('',#3836,10.);
#928=VECTOR('',#3839,10.);
#929=VECTOR('',#3842,10.);
#930=VECTOR('',#3845,10.);
#931=VECTOR('',#3848,10.);
#932=VECTOR('',#3849,10.);
#933=VECTOR('',#3852,10.);
#934=VECTOR('',#3857,10.);
#935=VECTOR('',#3860,10.);
#936=VECTOR('',#3861,10.);
#937=VECTOR('',#3864,10.);
#938=VECTOR('',#3865,10.);
#939=VECTOR('',#3868,10.);
#940=VECTOR('',#3873,10.);
#941=VECTOR('',#3876,10.);
#942=VECTOR('',#3877,10.);
#943=VECTOR('',#3880,10.);
#944=VECTOR('',#3881,10.);
#945=VECTOR('',#3884,10.);
#946=VECTOR('',#3885,10.);
#947=VECTOR('',#3886,10.);
#948=VECTOR('',#3887,10.);
#949=VECTOR('',#3890,10.);
#950=VECTOR('',#3891,10.);
#951=VECTOR('',#3892,10.);
#952=VECTOR('',#3903,10.);
#953=VECTOR('',#3904,10.);
#954=VECTOR('',#3905,10.);
#955=VECTOR('',#3906,10.);
#956=VECTOR('',#3907,10.);
#957=VECTOR('',#3908,10.);
#958=VECTOR('',#3909,10.);
#959=VECTOR('',#3912,10.);
#960=VECTOR('',#3915,10.);
#961=VECTOR('',#3918,10.);
#962=VECTOR('',#3921,10.);
#963=VECTOR('',#3922,10.);
#964=VECTOR('',#3923,10.);
#965=VECTOR('',#3924,10.);
#966=VECTOR('',#3925,10.);
#967=VECTOR('',#3926,10.);
#968=VECTOR('',#3927,10.);
#969=VECTOR('',#3930,10.);
#970=VECTOR('',#3933,10.);
#971=VECTOR('',#3936,10.);
#972=VECTOR('',#3937,10.);
#973=VECTOR('',#3938,10.);
#974=VECTOR('',#3941,10.);
#975=VECTOR('',#3942,10.);
#976=VECTOR('',#3945,10.);
#977=VECTOR('',#3946,10.);
#978=VECTOR('',#3951,10.);
#979=VECTOR('',#3952,10.);
#980=VECTOR('',#3955,10.);
#981=VECTOR('',#3958,10.);
#982=VECTOR('',#3961,10.);
#983=VECTOR('',#3962,10.);
#984=VECTOR('',#3963,10.);
#985=VECTOR('',#3964,10.);
#986=VECTOR('',#3967,10.);
#987=VECTOR('',#3968,10.);
#988=VECTOR('',#3969,10.);
#989=VECTOR('',#3978,10.);
#990=VECTOR('',#3979,10.);
#991=VECTOR('',#3980,10.);
#992=VECTOR('',#3981,10.);
#993=VECTOR('',#3982,10.);
#994=VECTOR('',#3983,10.);
#995=VECTOR('',#3988,10.);
#996=VECTOR('',#3989,10.);
#997=VECTOR('',#3996,10.);
#998=VECTOR('',#3997,10.);
#999=VECTOR('',#3998,10.);
#1000=VECTOR('',#3999,10.);
#1001=VECTOR('',#4002,10.);
#1002=VECTOR('',#4003,10.);
#1003=VECTOR('',#4004,10.);
#1004=VECTOR('',#4007,10.);
#1005=VECTOR('',#4008,10.);
#1006=VECTOR('',#4011,10.);
#1007=VECTOR('',#4012,10.);
#1008=VECTOR('',#4013,10.);
#1009=VECTOR('',#4016,10.);
#1010=VECTOR('',#4017,10.);
#1011=VECTOR('',#4020,10.);
#1012=VECTOR('',#4021,10.);
#1013=VECTOR('',#4024,10.);
#1014=VECTOR('',#4027,10.);
#1015=VECTOR('',#4028,10.);
#1016=VECTOR('',#4029,10.);
#1017=VECTOR('',#4030,10.);
#1018=VECTOR('',#4033,10.);
#1019=VECTOR('',#4034,10.);
#1020=VECTOR('',#4035,10.);
#1021=VECTOR('',#4038,10.);
#1022=VECTOR('',#4039,10.);
#1023=VECTOR('',#4042,10.);
#1024=VECTOR('',#4045,10.);
#1025=VECTOR('',#4046,10.);
#1026=VECTOR('',#4047,10.);
#1027=VECTOR('',#4048,10.);
#1028=VECTOR('',#4061,10.);
#1029=VECTOR('',#4062,10.);
#1030=VECTOR('',#4063,10.);
#1031=VECTOR('',#4064,10.);
#1032=VECTOR('',#4073,10.);
#1033=VECTOR('',#4074,10.);
#1034=VECTOR('',#4077,10.);
#1035=VECTOR('',#4082,10.);
#1036=VECTOR('',#4083,10.);
#1037=VECTOR('',#4086,10.);
#1038=VECTOR('',#4087,10.);
#1039=VECTOR('',#4090,10.);
#1040=VECTOR('',#4093,10.);
#1041=VECTOR('',#4094,10.);
#1042=VECTOR('',#4095,10.);
#1043=VECTOR('',#4098,10.);
#1044=VECTOR('',#4099,10.);
#1045=VECTOR('',#4102,10.);
#1046=VECTOR('',#4103,10.);
#1047=VECTOR('',#4104,10.);
#1048=VECTOR('',#4107,10.);
#1049=VECTOR('',#4108,10.);
#1050=VECTOR('',#4111,10.);
#1051=VECTOR('',#4112,10.);
#1052=VECTOR('',#4113,10.);
#1053=VECTOR('',#4116,10.);
#1054=VECTOR('',#4117,10.);
#1055=VECTOR('',#4120,10.);
#1056=VECTOR('',#4121,10.);
#1057=VECTOR('',#4122,10.);
#1058=VECTOR('',#4125,10.);
#1059=VECTOR('',#4126,10.);
#1060=VECTOR('',#4135,10.);
#1061=VECTOR('',#4138,10.);
#1062=VECTOR('',#4141,10.);
#1063=VECTOR('',#4144,10.);
#1064=VECTOR('',#4145,10.);
#1065=VECTOR('',#4146,10.);
#1066=VECTOR('',#4147,10.);
#1067=VECTOR('',#4148,10.);
#1068=VECTOR('',#4153,10.);
#1069=VECTOR('',#4154,10.);
#1070=VECTOR('',#4157,10.);
#1071=VECTOR('',#4162,10.);
#1072=VECTOR('',#4163,10.);
#1073=VECTOR('',#4166,10.);
#1074=VECTOR('',#4167,10.);
#1075=VECTOR('',#4170,10.);
#1076=VECTOR('',#4173,10.);
#1077=VECTOR('',#4174,10.);
#1078=VECTOR('',#4175,10.);
#1079=VECTOR('',#4176,10.);
#1080=VECTOR('',#4177,10.);
#1081=VECTOR('',#4180,10.);
#1082=VECTOR('',#4189,10.);
#1083=VECTOR('',#4190,10.);
#1084=VECTOR('',#4193,10.);
#1085=VECTOR('',#4196,10.);
#1086=VECTOR('',#4199,10.);
#1087=VECTOR('',#4202,10.);
#1088=VECTOR('',#4205,10.);
#1089=VECTOR('',#4206,10.);
#1090=VECTOR('',#4209,10.);
#1091=VECTOR('',#4212,10.);
#1092=VECTOR('',#4215,10.);
#1093=VECTOR('',#4224,10.);
#1094=VECTOR('',#4229,10.);
#1095=VECTOR('',#4234,10.);
#1096=VECTOR('',#4237,10.);
#1097=VECTOR('',#4240,10.);
#1098=VECTOR('',#4243,10.);
#1099=VECTOR('',#4246,10.);
#1100=VECTOR('',#4249,10.);
#1101=VECTOR('',#4252,10.);
#1102=VECTOR('',#4257,10.);
#1103=VECTOR('',#4260,10.);
#1104=VECTOR('',#4265,10.);
#1105=VECTOR('',#4266,10.);
#1106=VECTOR('',#4271,10.);
#1107=VECTOR('',#4272,10.);
#1108=VECTOR('',#4277,10.);
#1109=VECTOR('',#4278,10.);
#1110=VECTOR('',#4279,10.);
#1111=VECTOR('',#4282,10.);
#1112=VECTOR('',#4285,10.);
#1113=VECTOR('',#4286,10.);
#1114=VECTOR('',#4291,10.);
#1115=VECTOR('',#4294,10.);
#1116=VECTOR('',#4297,10.);
#1117=VECTOR('',#4300,10.);
#1118=VECTOR('',#4303,10.);
#1119=VECTOR('',#4306,10.);
#1120=VECTOR('',#4309,10.);
#1121=VECTOR('',#4312,10.);
#1122=VECTOR('',#4315,10.);
#1123=VECTOR('',#4318,10.);
#1124=VECTOR('',#4321,10.);
#1125=VECTOR('',#4324,10.);
#1126=VECTOR('',#4325,10.);
#1127=VECTOR('',#4326,10.);
#1128=VECTOR('',#4327,10.);
#1129=VECTOR('',#4342,10.);
#1130=VECTOR('',#4343,10.);
#1131=VECTOR('',#4344,10.);
#1132=VECTOR('',#4347,10.);
#1133=VECTOR('',#4348,10.);
#1134=VECTOR('',#4349,10.);
#1135=VECTOR('',#4352,10.);
#1136=VECTOR('',#4353,10.);
#1137=VECTOR('',#4354,10.);
#1138=VECTOR('',#4357,10.);
#1139=VECTOR('',#4358,10.);
#1140=VECTOR('',#4359,10.);
#1141=VECTOR('',#4364,10.);
#1142=VECTOR('',#4375,10.);
#1143=VECTOR('',#4376,10.);
#1144=VECTOR('',#4379,10.);
#1145=VECTOR('',#4384,10.);
#1146=VECTOR('',#4389,10.);
#1147=VECTOR('',#4390,10.);
#1148=VECTOR('',#4393,10.);
#1149=VECTOR('',#4398,10.);
#1150=VECTOR('',#4403,10.);
#1151=VECTOR('',#4404,10.);
#1152=VECTOR('',#4407,10.);
#1153=VECTOR('',#4424,10.);
#1154=VECTOR('',#4431,10.);
#1155=VECTOR('',#4432,10.);
#1156=VECTOR('',#4435,10.);
#1157=VECTOR('',#4438,10.);
#1158=VECTOR('',#4441,10.);
#1159=VECTOR('',#4444,10.);
#1160=VECTOR('',#4449,10.);
#1161=VECTOR('',#4450,10.);
#1162=VECTOR('',#4453,10.);
#1163=VECTOR('',#4456,10.);
#1164=VECTOR('',#4471,1.3);
#1165=VECTOR('',#4476,1.3);
#1166=VECTOR('',#4481,1.3);
#1167=VECTOR('',#4484,10.);
#1168=VECTOR('',#4487,10.);
#1169=VECTOR('',#4492,10.);
#1170=VECTOR('',#4495,10.);
#1171=VECTOR('',#4500,10.);
#1172=VECTOR('',#4503,10.);
#1173=VECTOR('',#4508,10.);
#1174=VECTOR('',#4511,10.);
#1175=VECTOR('',#4518,10.);
#1176=VECTOR('',#4525,10.);
#1177=VECTOR('',#4532,10.);
#1178=VECTOR('',#4539,10.);
#1179=VECTOR('',#4608,10.);
#1180=VECTOR('',#4667,10.);
#1181=VECTOR('',#4668,10.);
#1182=VECTOR('',#4679,10.);
#1183=VECTOR('',#4680,10.);
#1184=VECTOR('',#4683,10.);
#1185=VECTOR('',#4686,10.);
#1186=VECTOR('',#4689,10.);
#1187=VECTOR('',#4692,10.);
#1188=VECTOR('',#4695,10.);
#1189=VECTOR('',#4698,10.);
#1190=VECTOR('',#4699,10.);
#1191=VECTOR('',#4702,10.);
#1192=VECTOR('',#4703,10.);
#1193=VECTOR('',#4706,10.);
#1194=VECTOR('',#4709,10.);
#1195=VECTOR('',#4712,10.);
#1196=VECTOR('',#4723,10.);
#1197=VECTOR('',#4728,10.);
#1198=VECTOR('',#4737,10.);
#1199=VECTOR('',#4748,23.);
#1200=VECTOR('',#4751,14.25);
#1201=CIRCLE('',#3421,30.35);
#1202=CIRCLE('',#3424,30.35);
#1203=CIRCLE('',#3435,30.35);
#1204=CIRCLE('',#3436,30.35);
#1205=CIRCLE('',#3437,30.35);
#1206=CIRCLE('',#3438,30.35);
#1207=CIRCLE('',#3443,1.3);
#1208=CIRCLE('',#3445,1.3);
#1209=CIRCLE('',#3447,1.3);
#1210=CIRCLE('',#3450,33.15);
#1211=CIRCLE('',#3455,33.15);
#1212=CIRCLE('',#3462,2.25);
#1213=CIRCLE('',#3463,1.3);
#1214=CIRCLE('',#3465,3.);
#1215=CIRCLE('',#3466,3.);
#1216=CIRCLE('',#3467,3.);
#1217=CIRCLE('',#3468,3.);
#1218=CIRCLE('',#3469,3.);
#1219=CIRCLE('',#3470,3.);
#1220=CIRCLE('',#3471,3.);
#1221=CIRCLE('',#3472,3.);
#1222=CIRCLE('',#3473,2.15);
#1223=CIRCLE('',#3474,2.15);
#1224=CIRCLE('',#3475,2.15);
#1225=CIRCLE('',#3476,2.25);
#1226=CIRCLE('',#3477,2.25);
#1227=CIRCLE('',#3478,2.15);
#1228=CIRCLE('',#3482,2.25);
#1229=CIRCLE('',#3483,2.25);
#1230=CIRCLE('',#3485,2.25);
#1231=CIRCLE('',#3488,1.3);
#1232=CIRCLE('',#3501,2.25);
#1233=CIRCLE('',#3503,1.3);
#1234=CIRCLE('',#3505,2.25);
#1235=CIRCLE('',#3507,2.25);
#1236=CIRCLE('',#3509,2.25);
#1237=CIRCLE('',#3513,2.25);
#1238=CIRCLE('',#3525,2.15);
#1239=CIRCLE('',#3527,3.);
#1240=CIRCLE('',#3528,3.);
#1241=CIRCLE('',#3529,3.);
#1242=CIRCLE('',#3530,3.);
#1243=CIRCLE('',#3531,2.15);
#1244=CIRCLE('',#3535,3.);
#1245=CIRCLE('',#3538,3.);
#1246=CIRCLE('',#3539,3.);
#1247=CIRCLE('',#3540,3.);
#1248=CIRCLE('',#3541,2.15);
#1249=CIRCLE('',#3542,2.15);
#1250=CIRCLE('',#3561,33.15);
#1251=CIRCLE('',#3563,33.15);
#1252=CIRCLE('',#3565,33.15);
#1253=CIRCLE('',#3566,34.6057352390354);
#1254=CIRCLE('',#3568,34.6057352390354);
#1255=CIRCLE('',#3569,34.6057352390354);
#1256=CIRCLE('',#3571,34.6057352390354);
#1257=CIRCLE('',#3573,33.15);
#1258=CIRCLE('',#3576,33.15);
#1259=CIRCLE('',#3577,33.15);
#1260=CIRCLE('',#3578,33.15);
#1261=CIRCLE('',#3579,33.15);
#1262=CIRCLE('',#3580,33.15);
#1263=CIRCLE('',#3581,33.15);
#1264=CIRCLE('',#3582,33.15);
#1265=CIRCLE('',#3583,33.15);
#1266=CIRCLE('',#3584,33.15);
#1267=CIRCLE('',#3585,33.15);
#1268=CIRCLE('',#3586,33.15);
#1269=CIRCLE('',#3587,33.15);
#1270=CIRCLE('',#3588,33.15);
#1271=CIRCLE('',#3592,2.25);
#1272=CIRCLE('',#3601,34.6057352390354);
#1273=CIRCLE('',#3602,34.6057352390354);
#1274=CIRCLE('',#3604,34.6057352390354);
#1275=CIRCLE('',#3606,34.6057352390354);
#1276=CIRCLE('',#3607,34.6057352390354);
#1277=CIRCLE('',#3608,34.6057352390354);
#1278=CIRCLE('',#3610,34.6057352390354);
#1279=CIRCLE('',#3613,33.15);
#1280=CIRCLE('',#3619,23.);
#1281=CIRCLE('',#3620,1.3);
#1282=CIRCLE('',#3621,1.3);
#1283=CIRCLE('',#3622,1.3);
#1284=CIRCLE('',#3623,14.25);
#1285=CIRCLE('',#3625,34.6057352390354);
#1286=CIRCLE('',#3628,33.15);
#1287=CIRCLE('',#3638,33.15);
#1288=CIRCLE('',#3643,1.3);
#1289=CIRCLE('',#3645,1.3);
#1290=CIRCLE('',#3647,1.3);
#1291=CIRCLE('',#3649,9997.00000404923);
#1292=CIRCLE('',#3650,9997.00000404923);
#1293=CIRCLE('',#3652,9997.00000404923);
#1294=CIRCLE('',#3653,9997.00000404923);
#1295=CIRCLE('',#3655,9997.00000404924);
#1296=CIRCLE('',#3656,9997.00000404924);
#1297=CIRCLE('',#3658,9997.00000404924);
#1298=CIRCLE('',#3659,9997.00000404924);
#1299=CIRCLE('',#3661,9997.00000404924);
#1300=CIRCLE('',#3662,9997.00000404924);
#1301=CIRCLE('',#3664,9997.00000404924);
#1302=CIRCLE('',#3665,9997.00000404924);
#1303=CIRCLE('',#3667,9997.00000404923);
#1304=CIRCLE('',#3668,9997.00000404923);
#1305=CIRCLE('',#3670,9997.00000404924);
#1306=CIRCLE('',#3671,9997.00000404924);
#1307=CIRCLE('',#3673,33.15);
#1308=CIRCLE('',#3674,10002.9999958075);
#1309=CIRCLE('',#3675,23.);
#1310=CIRCLE('',#3677,10002.9999958075);
#1311=CIRCLE('',#3678,23.);
#1312=CIRCLE('',#3679,9997.00000404924);
#1313=CIRCLE('',#3681,10002.9999958075);
#1314=CIRCLE('',#3682,23.);
#1315=CIRCLE('',#3684,10002.9999958075);
#1316=CIRCLE('',#3685,23.);
#1317=CIRCLE('',#3687,10002.9999958075);
#1318=CIRCLE('',#3688,23.);
#1319=CIRCLE('',#3690,10002.9999958075);
#1320=CIRCLE('',#3691,23.);
#1321=CIRCLE('',#3693,33.15);
#1322=CIRCLE('',#3694,10002.9999958075);
#1323=CIRCLE('',#3695,23.);
#1324=CIRCLE('',#3697,33.15);
#1325=CIRCLE('',#3698,10002.9999958075);
#1326=CIRCLE('',#3699,23.);
#1327=CIRCLE('',#3701,23.);
#1328=CIRCLE('',#3702,33.15);
#1329=CIRCLE('',#3703,10002.9999958075);
#1330=CIRCLE('',#3705,9997.00000404924);
#1331=CIRCLE('',#3707,23.);
#1332=CIRCLE('',#3708,10002.9999958075);
#1333=CIRCLE('',#3710,23.);
#1334=CIRCLE('',#3711,10002.9999958075);
#1335=CIRCLE('',#3713,23.);
#1336=CIRCLE('',#3714,10002.9999958075);
#1337=CIRCLE('',#3716,23.);
#1338=CIRCLE('',#3717,10002.9999958075);
#1339=CIRCLE('',#3719,23.);
#1340=CIRCLE('',#3720,10002.9999958075);
#1341=CIRCLE('',#3722,33.15);
#1342=CIRCLE('',#3723,23.);
#1343=CIRCLE('',#3724,10002.9999958075);
#1344=CIRCLE('',#3726,33.15);
#1345=CIRCLE('',#3727,23.);
#1346=CIRCLE('',#3728,10002.9999958075);
#1347=CIRCLE('',#3730,33.15);
#1348=CIRCLE('',#3731,23.);
#1349=CIRCLE('',#3732,10002.9999958075);
#1350=CIRCLE('',#3734,10002.9999958075);
#1351=CIRCLE('',#3736,23.);
#1352=CIRCLE('',#3737,33.15);
#1353=CIRCLE('',#3747,33.15);
#1354=CIRCLE('',#3748,33.15);
#1355=CIRCLE('',#3750,23.);
#1356=CIRCLE('',#3751,9997.00000404923);
#1357=CIRCLE('',#3752,10002.9999958075);
#1358=CIRCLE('',#3754,9997.00000404923);
#1359=CIRCLE('',#3756,10002.9999958075);
#1360=CIRCLE('',#3758,23.);
#1361=CIRCLE('',#3761,14.25);
#1362=CIRCLE('',#3763,23.);
#1363=VERTEX_POINT('',#4754);
#1364=VERTEX_POINT('',#4756);
#1365=VERTEX_POINT('',#4758);
#1366=VERTEX_POINT('',#4760);
#1367=VERTEX_POINT('',#4776);
#1368=VERTEX_POINT('',#4778);
#1369=VERTEX_POINT('',#4780);
#1370=VERTEX_POINT('',#4796);
#1371=VERTEX_POINT('',#4799);
#1372=VERTEX_POINT('',#4815);
#1373=VERTEX_POINT('',#4831);
#1374=VERTEX_POINT('',#4832);
#1375=VERTEX_POINT('',#4834);
#1376=VERTEX_POINT('',#4863);
#1377=VERTEX_POINT('',#4864);
#1378=VERTEX_POINT('',#4866);
#1379=VERTEX_POINT('',#4895);
#1380=VERTEX_POINT('',#4896);
#1381=VERTEX_POINT('',#4898);
#1382=VERTEX_POINT('',#4927);
#1383=VERTEX_POINT('',#4928);
#1384=VERTEX_POINT('',#4930);
#1385=VERTEX_POINT('',#4959);
#1386=VERTEX_POINT('',#4960);
#1387=VERTEX_POINT('',#4971);
#1388=VERTEX_POINT('',#4973);
#1389=VERTEX_POINT('',#4984);
#1390=VERTEX_POINT('',#4986);
#1391=VERTEX_POINT('',#4997);
#1392=VERTEX_POINT('',#4999);
#1393=VERTEX_POINT('',#5011);
#1394=VERTEX_POINT('',#5012);
#1395=VERTEX_POINT('',#5023);
#1396=VERTEX_POINT('',#5025);
#1397=VERTEX_POINT('',#5036);
#1398=VERTEX_POINT('',#5038);
#1399=VERTEX_POINT('',#5049);
#1400=VERTEX_POINT('',#5051);
#1401=VERTEX_POINT('',#5064);
#1402=VERTEX_POINT('',#5066);
#1403=VERTEX_POINT('',#5070);
#1404=VERTEX_POINT('',#5072);
#1405=VERTEX_POINT('',#5076);
#1406=VERTEX_POINT('',#5078);
#1407=VERTEX_POINT('',#5082);
#1408=VERTEX_POINT('',#5084);
#1409=VERTEX_POINT('',#5088);
#1410=VERTEX_POINT('',#5090);
#1411=VERTEX_POINT('',#5094);
#1412=VERTEX_POINT('',#5096);
#1413=VERTEX_POINT('',#5100);
#1414=VERTEX_POINT('',#5102);
#1415=VERTEX_POINT('',#5115);
#1416=VERTEX_POINT('',#5119);
#1417=VERTEX_POINT('',#5132);
#1418=VERTEX_POINT('',#5136);
#1419=VERTEX_POINT('',#5138);
#1420=VERTEX_POINT('',#5151);
#1421=VERTEX_POINT('',#5155);
#1422=VERTEX_POINT('',#5168);
#1423=VERTEX_POINT('',#5172);
#1424=VERTEX_POINT('',#5176);
#1425=VERTEX_POINT('',#5177);
#1426=VERTEX_POINT('',#5179);
#1427=VERTEX_POINT('',#5181);
#1428=VERTEX_POINT('',#5185);
#1429=VERTEX_POINT('',#5187);
#1430=VERTEX_POINT('',#5194);
#1431=VERTEX_POINT('',#5195);
#1432=VERTEX_POINT('',#5197);
#1433=VERTEX_POINT('',#5199);
#1434=VERTEX_POINT('',#5201);
#1435=VERTEX_POINT('',#5203);
#1436=VERTEX_POINT('',#5205);
#1437=VERTEX_POINT('',#5207);
#1438=VERTEX_POINT('',#5209);
#1439=VERTEX_POINT('',#5211);
#1440=VERTEX_POINT('',#5213);
#1441=VERTEX_POINT('',#5215);
#1442=VERTEX_POINT('',#5217);
#1443=VERTEX_POINT('',#5219);
#1444=VERTEX_POINT('',#5221);
#1445=VERTEX_POINT('',#5223);
#1446=VERTEX_POINT('',#5225);
#1447=VERTEX_POINT('',#5227);
#1448=VERTEX_POINT('',#5229);
#1449=VERTEX_POINT('',#5231);
#1450=VERTEX_POINT('',#5233);
#1451=VERTEX_POINT('',#5235);
#1452=VERTEX_POINT('',#5237);
#1453=VERTEX_POINT('',#5239);
#1454=VERTEX_POINT('',#5241);
#1455=VERTEX_POINT('',#5243);
#1456=VERTEX_POINT('',#5245);
#1457=VERTEX_POINT('',#5247);
#1458=VERTEX_POINT('',#5250);
#1459=VERTEX_POINT('',#5251);
#1460=VERTEX_POINT('',#5253);
#1461=VERTEX_POINT('',#5256);
#1462=VERTEX_POINT('',#5257);
#1463=VERTEX_POINT('',#5259);
#1464=VERTEX_POINT('',#5262);
#1465=VERTEX_POINT('',#5263);
#1466=VERTEX_POINT('',#5265);
#1467=VERTEX_POINT('',#5269);
#1468=VERTEX_POINT('',#5270);
#1469=VERTEX_POINT('',#5272);
#1470=VERTEX_POINT('',#5275);
#1471=VERTEX_POINT('',#5276);
#1472=VERTEX_POINT('',#5278);
#1473=VERTEX_POINT('',#5282);
#1474=VERTEX_POINT('',#5283);
#1475=VERTEX_POINT('',#5285);
#1476=VERTEX_POINT('',#5287);
#1477=VERTEX_POINT('',#5291);
#1478=VERTEX_POINT('',#5293);
#1479=VERTEX_POINT('',#5300);
#1480=VERTEX_POINT('',#5301);
#1481=VERTEX_POINT('',#5303);
#1482=VERTEX_POINT('',#5305);
#1483=VERTEX_POINT('',#5308);
#1484=VERTEX_POINT('',#5309);
#1485=VERTEX_POINT('',#5311);
#1486=VERTEX_POINT('',#5315);
#1487=VERTEX_POINT('',#5321);
#1488=VERTEX_POINT('',#5322);
#1489=VERTEX_POINT('',#5324);
#1490=VERTEX_POINT('',#5326);
#1491=VERTEX_POINT('',#5330);
#1492=VERTEX_POINT('',#5332);
#1493=VERTEX_POINT('',#5336);
#1494=VERTEX_POINT('',#5340);
#1495=VERTEX_POINT('',#5341);
#1496=VERTEX_POINT('',#5346);
#1497=VERTEX_POINT('',#5350);
#1498=VERTEX_POINT('',#5356);
#1499=VERTEX_POINT('',#5357);
#1500=VERTEX_POINT('',#5359);
#1501=VERTEX_POINT('',#5361);
#1502=VERTEX_POINT('',#5365);
#1503=VERTEX_POINT('',#5367);
#1504=VERTEX_POINT('',#5371);
#1505=VERTEX_POINT('',#5377);
#1506=VERTEX_POINT('',#5378);
#1507=VERTEX_POINT('',#5380);
#1508=VERTEX_POINT('',#5382);
#1509=VERTEX_POINT('',#5391);
#1510=VERTEX_POINT('',#5392);
#1511=VERTEX_POINT('',#5394);
#1512=VERTEX_POINT('',#5396);
#1513=VERTEX_POINT('',#5403);
#1514=VERTEX_POINT('',#5409);
#1515=VERTEX_POINT('',#5410);
#1516=VERTEX_POINT('',#5412);
#1517=VERTEX_POINT('',#5421);
#1518=VERTEX_POINT('',#5423);
#1519=VERTEX_POINT('',#5427);
#1520=VERTEX_POINT('',#5431);
#1521=VERTEX_POINT('',#5433);
#1522=VERTEX_POINT('',#5437);
#1523=VERTEX_POINT('',#5441);
#1524=VERTEX_POINT('',#5443);
#1525=VERTEX_POINT('',#5447);
#1526=VERTEX_POINT('',#5451);
#1527=VERTEX_POINT('',#5453);
#1528=VERTEX_POINT('',#5457);
#1529=VERTEX_POINT('',#5463);
#1530=VERTEX_POINT('',#5464);
#1531=VERTEX_POINT('',#5466);
#1532=VERTEX_POINT('',#5468);
#1533=VERTEX_POINT('',#5470);
#1534=VERTEX_POINT('',#5472);
#1535=VERTEX_POINT('',#5474);
#1536=VERTEX_POINT('',#5476);
#1537=VERTEX_POINT('',#5478);
#1538=VERTEX_POINT('',#5480);
#1539=VERTEX_POINT('',#5482);
#1540=VERTEX_POINT('',#5484);
#1541=VERTEX_POINT('',#5494);
#1542=VERTEX_POINT('',#5495);
#1543=VERTEX_POINT('',#5500);
#1544=VERTEX_POINT('',#5504);
#1545=VERTEX_POINT('',#5506);
#1546=VERTEX_POINT('',#5508);
#1547=VERTEX_POINT('',#5510);
#1548=VERTEX_POINT('',#5512);
#1549=VERTEX_POINT('',#5514);
#1550=VERTEX_POINT('',#5516);
#1551=VERTEX_POINT('',#5518);
#1552=VERTEX_POINT('',#5520);
#1553=VERTEX_POINT('',#5557);
#1554=VERTEX_POINT('',#5559);
#1555=VERTEX_POINT('',#5563);
#1556=VERTEX_POINT('',#5565);
#1557=VERTEX_POINT('',#5569);
#1558=VERTEX_POINT('',#5570);
#1559=VERTEX_POINT('',#5572);
#1560=VERTEX_POINT('',#5574);
#1561=VERTEX_POINT('',#5578);
#1562=VERTEX_POINT('',#5579);
#1563=VERTEX_POINT('',#5581);
#1564=VERTEX_POINT('',#5583);
#1565=VERTEX_POINT('',#5587);
#1566=VERTEX_POINT('',#5589);
#1567=VERTEX_POINT('',#5593);
#1568=VERTEX_POINT('',#5595);
#1569=VERTEX_POINT('',#5599);
#1570=VERTEX_POINT('',#5604);
#1571=VERTEX_POINT('',#5606);
#1572=VERTEX_POINT('',#5609);
#1573=VERTEX_POINT('',#5612);
#1574=VERTEX_POINT('',#5623);
#1575=VERTEX_POINT('',#5625);
#1576=VERTEX_POINT('',#5637);
#1577=VERTEX_POINT('',#5638);
#1578=VERTEX_POINT('',#5640);
#1579=VERTEX_POINT('',#5642);
#1580=VERTEX_POINT('',#5645);
#1581=VERTEX_POINT('',#5646);
#1582=VERTEX_POINT('',#5648);
#1583=VERTEX_POINT('',#5650);
#1584=VERTEX_POINT('',#5653);
#1585=VERTEX_POINT('',#5654);
#1586=VERTEX_POINT('',#5656);
#1587=VERTEX_POINT('',#5658);
#1588=VERTEX_POINT('',#5661);
#1589=VERTEX_POINT('',#5662);
#1590=VERTEX_POINT('',#5664);
#1591=VERTEX_POINT('',#5666);
#1592=VERTEX_POINT('',#5669);
#1593=VERTEX_POINT('',#5670);
#1594=VERTEX_POINT('',#5672);
#1595=VERTEX_POINT('',#5674);
#1596=VERTEX_POINT('',#5679);
#1597=VERTEX_POINT('',#5681);
#1598=VERTEX_POINT('',#5691);
#1599=VERTEX_POINT('',#5692);
#1600=VERTEX_POINT('',#5697);
#1601=VERTEX_POINT('',#5698);
#1602=VERTEX_POINT('',#5703);
#1603=VERTEX_POINT('',#5704);
#1604=VERTEX_POINT('',#5709);
#1605=VERTEX_POINT('',#5710);
#1606=VERTEX_POINT('',#5715);
#1607=VERTEX_POINT('',#5722);
#1608=VERTEX_POINT('',#5725);
#1609=VERTEX_POINT('',#5728);
#1610=VERTEX_POINT('',#5732);
#1611=VERTEX_POINT('',#5736);
#1612=VERTEX_POINT('',#5740);
#1613=VERTEX_POINT('',#5752);
#1614=VERTEX_POINT('',#5754);
#1615=VERTEX_POINT('',#5756);
#1616=VERTEX_POINT('',#5758);
#1617=VERTEX_POINT('',#5760);
#1618=VERTEX_POINT('',#5763);
#1619=VERTEX_POINT('',#5768);
#1620=VERTEX_POINT('',#5769);
#1621=VERTEX_POINT('',#5783);
#1622=VERTEX_POINT('',#5787);
#1623=VERTEX_POINT('',#5800);
#1624=VERTEX_POINT('',#5818);
#1625=VERTEX_POINT('',#5822);
#1626=VERTEX_POINT('',#5826);
#1627=VERTEX_POINT('',#5830);
#1628=VERTEX_POINT('',#5831);
#1629=VERTEX_POINT('',#5833);
#1630=VERTEX_POINT('',#5835);
#1631=VERTEX_POINT('',#5839);
#1632=VERTEX_POINT('',#5840);
#1633=VERTEX_POINT('',#5842);
#1634=VERTEX_POINT('',#5844);
#1635=VERTEX_POINT('',#5848);
#1636=VERTEX_POINT('',#5849);
#1637=VERTEX_POINT('',#5851);
#1638=VERTEX_POINT('',#5853);
#1639=VERTEX_POINT('',#5857);
#1640=VERTEX_POINT('',#5858);
#1641=VERTEX_POINT('',#5860);
#1642=VERTEX_POINT('',#5862);
#1643=VERTEX_POINT('',#5866);
#1644=VERTEX_POINT('',#5868);
#1645=VERTEX_POINT('',#5872);
#1646=VERTEX_POINT('',#5874);
#1647=VERTEX_POINT('',#5878);
#1648=VERTEX_POINT('',#5880);
#1649=VERTEX_POINT('',#5884);
#1650=VERTEX_POINT('',#5886);
#1651=VERTEX_POINT('',#5890);
#1652=VERTEX_POINT('',#5892);
#1653=VERTEX_POINT('',#5896);
#1654=VERTEX_POINT('',#5898);
#1655=VERTEX_POINT('',#5902);
#1656=VERTEX_POINT('',#5906);
#1657=VERTEX_POINT('',#5910);
#1658=VERTEX_POINT('',#5914);
#1659=VERTEX_POINT('',#5918);
#1660=VERTEX_POINT('',#5920);
#1661=VERTEX_POINT('',#5924);
#1662=VERTEX_POINT('',#5926);
#1663=VERTEX_POINT('',#5930);
#1664=VERTEX_POINT('',#5932);
#1665=VERTEX_POINT('',#5936);
#1666=VERTEX_POINT('',#5940);
#1667=VERTEX_POINT('',#5944);
#1668=VERTEX_POINT('',#5948);
#1669=VERTEX_POINT('',#5952);
#1670=VERTEX_POINT('',#5956);
#1671=VERTEX_POINT('',#5960);
#1672=VERTEX_POINT('',#5962);
#1673=VERTEX_POINT('',#5966);
#1674=VERTEX_POINT('',#5968);
#1675=VERTEX_POINT('',#5972);
#1676=VERTEX_POINT('',#5974);
#1677=VERTEX_POINT('',#5978);
#1678=VERTEX_POINT('',#5980);
#1679=VERTEX_POINT('',#6007);
#1680=VERTEX_POINT('',#6008);
#1681=VERTEX_POINT('',#6010);
#1682=VERTEX_POINT('',#6012);
#1683=VERTEX_POINT('',#6016);
#1684=VERTEX_POINT('',#6017);
#1685=VERTEX_POINT('',#6022);
#1686=VERTEX_POINT('',#6026);
#1687=VERTEX_POINT('',#6034);
#1688=VERTEX_POINT('',#6037);
#1689=EDGE_CURVE('',#1363,#1363,#1201,.T.);
#1690=EDGE_CURVE('',#1363,#1364,#617,.T.);
#1691=EDGE_CURVE('',#1365,#1364,#605,.T.);
#1692=EDGE_CURVE('',#1366,#1365,#581,.T.);
#1693=EDGE_CURVE('',#1366,#1367,#618,.T.);
#1694=EDGE_CURVE('',#1368,#1367,#606,.T.);
#1695=EDGE_CURVE('',#1369,#1368,#582,.T.);
#1696=EDGE_CURVE('',#1369,#1370,#619,.T.);
#1697=EDGE_CURVE('',#1370,#1370,#1202,.T.);
#1698=EDGE_CURVE('',#1371,#1369,#583,.T.);
#1699=EDGE_CURVE('',#1367,#1371,#607,.T.);
#1700=EDGE_CURVE('',#1372,#1366,#584,.T.);
#1701=EDGE_CURVE('',#1364,#1372,#608,.T.);
#1702=EDGE_CURVE('',#1373,#1374,#609,.T.);
#1703=EDGE_CURVE('',#1375,#1373,#610,.T.);
#1704=EDGE_CURVE('',#1374,#1375,#585,.T.);
#1705=EDGE_CURVE('',#1376,#1377,#611,.T.);
#1706=EDGE_CURVE('',#1378,#1376,#612,.T.);
#1707=EDGE_CURVE('',#1377,#1378,#586,.T.);
#1708=EDGE_CURVE('',#1379,#1380,#613,.T.);
#1709=EDGE_CURVE('',#1381,#1379,#587,.T.);
#1710=EDGE_CURVE('',#1380,#1381,#614,.T.);
#1711=EDGE_CURVE('',#1382,#1383,#615,.T.);
#1712=EDGE_CURVE('',#1384,#1382,#588,.T.);
#1713=EDGE_CURVE('',#1383,#1384,#616,.T.);
#1714=EDGE_CURVE('',#1385,#1386,#589,.T.);
#1715=EDGE_CURVE('',#1387,#1385,#620,.T.);
#1716=EDGE_CURVE('',#1388,#1387,#590,.T.);
#1717=EDGE_CURVE('',#1389,#1388,#1203,.T.);
#1718=EDGE_CURVE('',#1390,#1389,#591,.T.);
#1719=EDGE_CURVE('',#1391,#1390,#621,.T.);
#1720=EDGE_CURVE('',#1392,#1391,#592,.T.);
#1721=EDGE_CURVE('',#1386,#1392,#1204,.T.);
#1722=EDGE_CURVE('',#1393,#1394,#593,.T.);
#1723=EDGE_CURVE('',#1395,#1393,#622,.T.);
#1724=EDGE_CURVE('',#1396,#1395,#594,.T.);
#1725=EDGE_CURVE('',#1397,#1396,#1205,.T.);
#1726=EDGE_CURVE('',#1398,#1397,#595,.T.);
#1727=EDGE_CURVE('',#1399,#1398,#623,.T.);
#1728=EDGE_CURVE('',#1400,#1399,#596,.T.);
#1729=EDGE_CURVE('',#1394,#1400,#1206,.T.);
#1730=EDGE_CURVE('',#1401,#1373,#624,.T.);
#1731=EDGE_CURVE('',#1402,#1401,#625,.T.);
#1732=EDGE_CURVE('',#1375,#1402,#626,.T.);
#1733=EDGE_CURVE('',#1403,#1367,#627,.T.);
#1734=EDGE_CURVE('',#1404,#1403,#628,.T.);
#1735=EDGE_CURVE('',#1404,#1368,#629,.T.);
#1736=EDGE_CURVE('',#1405,#1376,#630,.T.);
#1737=EDGE_CURVE('',#1406,#1405,#631,.T.);
#1738=EDGE_CURVE('',#1406,#1378,#632,.T.);
#1739=EDGE_CURVE('',#1407,#1365,#633,.T.);
#1740=EDGE_CURVE('',#1407,#1408,#1207,.T.);
#1741=EDGE_CURVE('',#1408,#1372,#634,.T.);
#1742=EDGE_CURVE('',#1409,#1379,#635,.T.);
#1743=EDGE_CURVE('',#1409,#1410,#1208,.T.);
#1744=EDGE_CURVE('',#1410,#1381,#636,.T.);
#1745=EDGE_CURVE('',#1382,#1411,#637,.T.);
#1746=EDGE_CURVE('',#1411,#1412,#1209,.T.);
#1747=EDGE_CURVE('',#1384,#1412,#638,.T.);
#1748=EDGE_CURVE('',#1389,#1413,#639,.T.);
#1749=EDGE_CURVE('',#1413,#1414,#597,.T.);
#1750=EDGE_CURVE('',#1414,#1390,#640,.T.);
#1751=EDGE_CURVE('',#1415,#1388,#641,.T.);
#1752=EDGE_CURVE('',#1413,#1415,#1210,.T.);
#1753=EDGE_CURVE('',#1387,#1416,#642,.T.);
#1754=EDGE_CURVE('',#1416,#1415,#598,.T.);
#1755=EDGE_CURVE('',#1417,#1385,#643,.T.);
#1756=EDGE_CURVE('',#1416,#1417,#644,.T.);
#1757=EDGE_CURVE('',#1397,#1418,#645,.T.);
#1758=EDGE_CURVE('',#1418,#1419,#599,.T.);
#1759=EDGE_CURVE('',#1419,#1398,#646,.T.);
#1760=EDGE_CURVE('',#1420,#1396,#647,.T.);
#1761=EDGE_CURVE('',#1418,#1420,#1211,.T.);
#1762=EDGE_CURVE('',#1395,#1421,#648,.T.);
#1763=EDGE_CURVE('',#1421,#1420,#600,.T.);
#1764=EDGE_CURVE('',#1422,#1393,#649,.T.);
#1765=EDGE_CURVE('',#1421,#1422,#650,.T.);
#1766=EDGE_CURVE('',#1374,#1423,#651,.T.);
#1767=EDGE_CURVE('',#1401,#1423,#652,.T.);
#1768=EDGE_CURVE('',#1424,#1425,#653,.T.);
#1769=EDGE_CURVE('',#1424,#1426,#654,.T.);
#1770=EDGE_CURVE('',#1427,#1426,#655,.T.);
#1771=EDGE_CURVE('',#1427,#1425,#656,.T.);
#1772=EDGE_CURVE('',#1425,#1428,#657,.T.);
#1773=EDGE_CURVE('',#1429,#1427,#658,.T.);
#1774=EDGE_CURVE('',#1428,#1429,#659,.T.);
#1775=EDGE_CURVE('',#1424,#1428,#1212,.T.);
#1776=EDGE_CURVE('',#1423,#1402,#1213,.T.);
#1777=EDGE_CURVE('',#1430,#1431,#1214,.T.);
#1778=EDGE_CURVE('',#1430,#1432,#660,.T.);
#1779=EDGE_CURVE('',#1433,#1432,#661,.T.);
#1780=EDGE_CURVE('',#1433,#1434,#662,.T.);
#1781=EDGE_CURVE('',#1434,#1435,#663,.T.);
#1782=EDGE_CURVE('',#1436,#1435,#664,.T.);
#1783=EDGE_CURVE('',#1437,#1436,#665,.T.);
#1784=EDGE_CURVE('',#1437,#1438,#666,.T.);
#1785=EDGE_CURVE('',#1439,#1438,#1215,.T.);
#1786=EDGE_CURVE('',#1439,#1440,#667,.T.);
#1787=EDGE_CURVE('',#1441,#1440,#1216,.T.);
#1788=EDGE_CURVE('',#1441,#1442,#668,.T.);
#1789=EDGE_CURVE('',#1443,#1442,#1217,.T.);
#1790=EDGE_CURVE('',#1443,#1444,#669,.T.);
#1791=EDGE_CURVE('',#1445,#1444,#1218,.T.);
#1792=EDGE_CURVE('',#1445,#1446,#670,.T.);
#1793=EDGE_CURVE('',#1447,#1446,#671,.T.);
#1794=EDGE_CURVE('',#1448,#1447,#672,.T.);
#1795=EDGE_CURVE('',#1449,#1448,#673,.T.);
#1796=EDGE_CURVE('',#1449,#1450,#674,.T.);
#1797=EDGE_CURVE('',#1451,#1450,#675,.T.);
#1798=EDGE_CURVE('',#1451,#1452,#676,.T.);
#1799=EDGE_CURVE('',#1453,#1452,#1219,.T.);
#1800=EDGE_CURVE('',#1453,#1454,#677,.T.);
#1801=EDGE_CURVE('',#1455,#1454,#1220,.T.);
#1802=EDGE_CURVE('',#1455,#1456,#678,.T.);
#1803=EDGE_CURVE('',#1457,#1456,#1221,.T.);
#1804=EDGE_CURVE('',#1457,#1431,#679,.T.);
#1805=EDGE_CURVE('',#1458,#1459,#680,.T.);
#1806=EDGE_CURVE('',#1459,#1460,#681,.T.);
#1807=EDGE_CURVE('',#1460,#1458,#1222,.T.);
#1808=EDGE_CURVE('',#1461,#1462,#682,.T.);
#1809=EDGE_CURVE('',#1462,#1463,#683,.T.);
#1810=EDGE_CURVE('',#1463,#1461,#1223,.T.);
#1811=EDGE_CURVE('',#1464,#1465,#684,.T.);
#1812=EDGE_CURVE('',#1465,#1466,#685,.T.);
#1813=EDGE_CURVE('',#1466,#1464,#1224,.T.);
#1814=EDGE_CURVE('',#1426,#1429,#1225,.T.);
#1815=EDGE_CURVE('',#1467,#1468,#686,.T.);
#1816=EDGE_CURVE('',#1468,#1469,#687,.T.);
#1817=EDGE_CURVE('',#1469,#1467,#1226,.T.);
#1818=EDGE_CURVE('',#1470,#1471,#688,.T.);
#1819=EDGE_CURVE('',#1471,#1472,#1227,.T.);
#1820=EDGE_CURVE('',#1472,#1470,#689,.T.);
#1821=EDGE_CURVE('',#1473,#1474,#690,.T.);
#1822=EDGE_CURVE('',#1475,#1473,#691,.T.);
#1823=EDGE_CURVE('',#1476,#1475,#692,.T.);
#1824=EDGE_CURVE('',#1476,#1474,#693,.T.);
#1825=EDGE_CURVE('',#1474,#1477,#694,.T.);
#1826=EDGE_CURVE('',#1478,#1476,#695,.T.);
#1827=EDGE_CURVE('',#1478,#1477,#696,.T.);
#1828=EDGE_CURVE('',#1475,#1478,#1228,.T.);
#1829=EDGE_CURVE('',#1477,#1473,#1229,.T.);
#1830=EDGE_CURVE('',#1479,#1480,#697,.T.);
#1831=EDGE_CURVE('',#1481,#1480,#698,.T.);
#1832=EDGE_CURVE('',#1482,#1481,#699,.T.);
#1833=EDGE_CURVE('',#1482,#1479,#700,.T.);
#1834=EDGE_CURVE('',#1483,#1484,#701,.T.);
#1835=EDGE_CURVE('',#1484,#1485,#702,.T.);
#1836=EDGE_CURVE('',#1485,#1483,#1230,.T.);
#1837=EDGE_CURVE('',#1486,#1371,#703,.T.);
#1838=EDGE_CURVE('',#1403,#1486,#704,.T.);
#1839=EDGE_CURVE('',#1404,#1486,#1231,.T.);
#1840=EDGE_CURVE('',#1487,#1488,#705,.T.);
#1841=EDGE_CURVE('',#1489,#1487,#706,.T.);
#1842=EDGE_CURVE('',#1490,#1489,#707,.T.);
#1843=EDGE_CURVE('',#1490,#1488,#708,.T.);
#1844=EDGE_CURVE('',#1488,#1491,#709,.T.);
#1845=EDGE_CURVE('',#1492,#1490,#710,.T.);
#1846=EDGE_CURVE('',#1492,#1491,#711,.T.);
#1847=EDGE_CURVE('',#1493,#1377,#712,.T.);
#1848=EDGE_CURVE('',#1405,#1493,#713,.T.);
#1849=EDGE_CURVE('',#1494,#1495,#714,.T.);
#1850=EDGE_CURVE('',#1485,#1494,#715,.T.);
#1851=EDGE_CURVE('',#1484,#1495,#716,.T.);
#1852=EDGE_CURVE('',#1495,#1496,#717,.T.);
#1853=EDGE_CURVE('',#1483,#1496,#718,.T.);
#1854=EDGE_CURVE('',#1497,#1364,#719,.T.);
#1855=EDGE_CURVE('',#1407,#1497,#720,.T.);
#1856=EDGE_CURVE('',#1497,#1408,#721,.T.);
#1857=EDGE_CURVE('',#1498,#1499,#722,.T.);
#1858=EDGE_CURVE('',#1500,#1498,#723,.T.);
#1859=EDGE_CURVE('',#1501,#1500,#724,.T.);
#1860=EDGE_CURVE('',#1501,#1499,#725,.T.);
#1861=EDGE_CURVE('',#1499,#1502,#726,.T.);
#1862=EDGE_CURVE('',#1503,#1501,#727,.T.);
#1863=EDGE_CURVE('',#1503,#1502,#728,.T.);
#1864=EDGE_CURVE('',#1504,#1380,#729,.T.);
#1865=EDGE_CURVE('',#1409,#1504,#730,.T.);
#1866=EDGE_CURVE('',#1504,#1410,#731,.T.);
#1867=EDGE_CURVE('',#1505,#1506,#732,.T.);
#1868=EDGE_CURVE('',#1507,#1505,#733,.T.);
#1869=EDGE_CURVE('',#1508,#1507,#734,.T.);
#1870=EDGE_CURVE('',#1508,#1506,#735,.T.);
#1871=EDGE_CURVE('',#1489,#1492,#1232,.T.);
#1872=EDGE_CURVE('',#1406,#1493,#1233,.T.);
#1873=EDGE_CURVE('',#1496,#1494,#1234,.T.);
#1874=EDGE_CURVE('',#1509,#1510,#736,.T.);
#1875=EDGE_CURVE('',#1511,#1509,#737,.T.);
#1876=EDGE_CURVE('',#1512,#1511,#738,.T.);
#1877=EDGE_CURVE('',#1512,#1510,#739,.T.);
#1878=EDGE_CURVE('',#1500,#1503,#1235,.T.);
#1879=EDGE_CURVE('',#1502,#1498,#1236,.T.);
#1880=EDGE_CURVE('',#1513,#1383,#740,.T.);
#1881=EDGE_CURVE('',#1411,#1513,#741,.T.);
#1882=EDGE_CURVE('',#1513,#1412,#742,.T.);
#1883=EDGE_CURVE('',#1514,#1515,#1237,.T.);
#1884=EDGE_CURVE('',#1515,#1516,#743,.T.);
#1885=EDGE_CURVE('',#1516,#1514,#744,.T.);
#1886=EDGE_CURVE('',#1469,#1515,#745,.T.);
#1887=EDGE_CURVE('',#1468,#1516,#746,.T.);
#1888=EDGE_CURVE('',#1467,#1514,#747,.T.);
#1889=EDGE_CURVE('',#1517,#1458,#748,.T.);
#1890=EDGE_CURVE('',#1518,#1517,#749,.T.);
#1891=EDGE_CURVE('',#1518,#1459,#750,.T.);
#1892=EDGE_CURVE('',#1519,#1518,#751,.T.);
#1893=EDGE_CURVE('',#1519,#1460,#752,.T.);
#1894=EDGE_CURVE('',#1520,#1464,#753,.T.);
#1895=EDGE_CURVE('',#1521,#1520,#754,.T.);
#1896=EDGE_CURVE('',#1521,#1465,#755,.T.);
#1897=EDGE_CURVE('',#1522,#1521,#756,.T.);
#1898=EDGE_CURVE('',#1522,#1466,#757,.T.);
#1899=EDGE_CURVE('',#1523,#1461,#758,.T.);
#1900=EDGE_CURVE('',#1524,#1523,#759,.T.);
#1901=EDGE_CURVE('',#1524,#1462,#760,.T.);
#1902=EDGE_CURVE('',#1525,#1524,#761,.T.);
#1903=EDGE_CURVE('',#1525,#1463,#762,.T.);
#1904=EDGE_CURVE('',#1526,#1472,#763,.T.);
#1905=EDGE_CURVE('',#1527,#1526,#764,.T.);
#1906=EDGE_CURVE('',#1527,#1470,#765,.T.);
#1907=EDGE_CURVE('',#1528,#1527,#766,.T.);
#1908=EDGE_CURVE('',#1528,#1471,#767,.T.);
#1909=EDGE_CURVE('',#1520,#1522,#1238,.T.);
#1910=EDGE_CURVE('',#1529,#1530,#1239,.T.);
#1911=EDGE_CURVE('',#1529,#1531,#768,.T.);
#1912=EDGE_CURVE('',#1532,#1531,#1240,.T.);
#1913=EDGE_CURVE('',#1532,#1533,#769,.T.);
#1914=EDGE_CURVE('',#1534,#1533,#1241,.T.);
#1915=EDGE_CURVE('',#1534,#1535,#770,.T.);
#1916=EDGE_CURVE('',#1536,#1535,#1242,.T.);
#1917=EDGE_CURVE('',#1536,#1537,#771,.T.);
#1918=EDGE_CURVE('',#1538,#1537,#772,.T.);
#1919=EDGE_CURVE('',#1538,#1539,#773,.T.);
#1920=EDGE_CURVE('',#1540,#1539,#774,.T.);
#1921=EDGE_CURVE('',#1540,#1530,#775,.T.);
#1922=EDGE_CURVE('',#1526,#1528,#1243,.T.);
#1923=EDGE_CURVE('',#1530,#1430,#776,.T.);
#1924=EDGE_CURVE('',#1431,#1529,#777,.T.);
#1925=EDGE_CURVE('',#1531,#1457,#778,.T.);
#1926=EDGE_CURVE('',#1541,#1542,#1244,.T.);
#1927=EDGE_CURVE('',#1542,#1441,#779,.T.);
#1928=EDGE_CURVE('',#1440,#1541,#780,.T.);
#1929=EDGE_CURVE('',#1543,#1542,#781,.T.);
#1930=EDGE_CURVE('',#1442,#1543,#782,.T.);
#1931=EDGE_CURVE('',#1541,#1544,#783,.T.);
#1932=EDGE_CURVE('',#1545,#1544,#1245,.T.);
#1933=EDGE_CURVE('',#1545,#1546,#784,.T.);
#1934=EDGE_CURVE('',#1547,#1546,#785,.T.);
#1935=EDGE_CURVE('',#1548,#1547,#786,.T.);
#1936=EDGE_CURVE('',#1549,#1548,#787,.T.);
#1937=EDGE_CURVE('',#1549,#1550,#788,.T.);
#1938=EDGE_CURVE('',#1551,#1550,#1246,.T.);
#1939=EDGE_CURVE('',#1551,#1552,#789,.T.);
#1940=EDGE_CURVE('',#1543,#1552,#1247,.T.);
#1941=EDGE_CURVE('',#1517,#1519,#1248,.T.);
#1942=EDGE_CURVE('',#1523,#1525,#1249,.T.);
#1943=EDGE_CURVE('',#1544,#1439,#790,.T.);
#1944=EDGE_CURVE('',#1438,#1545,#791,.T.);
#1945=EDGE_CURVE('',#1546,#1437,#792,.T.);
#1946=EDGE_CURVE('',#1552,#1443,#793,.T.);
#1947=EDGE_CURVE('',#1444,#1551,#794,.T.);
#1948=EDGE_CURVE('',#1550,#1445,#795,.T.);
#1949=EDGE_CURVE('',#1535,#1453,#796,.T.);
#1950=EDGE_CURVE('',#1452,#1536,#797,.T.);
#1951=EDGE_CURVE('',#1454,#1534,#798,.T.);
#1952=EDGE_CURVE('',#1533,#1455,#799,.T.);
#1953=EDGE_CURVE('',#1456,#1532,#800,.T.);
#1954=EDGE_CURVE('',#1446,#1549,#801,.T.);
#1955=EDGE_CURVE('',#1537,#1451,#802,.T.);
#1956=EDGE_CURVE('',#1432,#1540,#803,.T.);
#1957=EDGE_CURVE('',#1548,#1553,#804,.T.);
#1958=EDGE_CURVE('',#1554,#1553,#1250,.T.);
#1959=EDGE_CURVE('',#1447,#1554,#805,.T.);
#1960=EDGE_CURVE('',#1539,#1555,#806,.T.);
#1961=EDGE_CURVE('',#1556,#1555,#1251,.T.);
#1962=EDGE_CURVE('',#1433,#1556,#807,.T.);
#1963=EDGE_CURVE('',#1557,#1558,#808,.T.);
#1964=EDGE_CURVE('',#1559,#1557,#1252,.T.);
#1965=EDGE_CURVE('',#1560,#1559,#809,.T.);
#1966=EDGE_CURVE('',#1560,#1558,#1253,.T.);
#1967=EDGE_CURVE('',#1561,#1562,#810,.T.);
#1968=EDGE_CURVE('',#1563,#1561,#1254,.T.);
#1969=EDGE_CURVE('',#1564,#1563,#811,.T.);
#1970=EDGE_CURVE('',#1562,#1564,#1255,.T.);
#1971=EDGE_CURVE('',#1558,#1565,#812,.T.);
#1972=EDGE_CURVE('',#1566,#1560,#813,.T.);
#1973=EDGE_CURVE('',#1565,#1566,#1256,.T.);
#1974=EDGE_CURVE('',#1562,#1567,#814,.T.);
#1975=EDGE_CURVE('',#1568,#1564,#815,.T.);
#1976=EDGE_CURVE('',#1567,#1568,#1257,.T.);
#1977=EDGE_CURVE('',#1569,#1567,#816,.T.);
#1978=EDGE_CURVE('',#1569,#1450,#817,.T.);
#1979=EDGE_CURVE('',#1561,#1449,#818,.T.);
#1980=EDGE_CURVE('',#1568,#1570,#819,.T.);
#1981=EDGE_CURVE('',#1570,#1571,#1258,.T.);
#1982=EDGE_CURVE('',#1571,#1556,#820,.T.);
#1983=EDGE_CURVE('',#1555,#1572,#821,.T.);
#1984=EDGE_CURVE('',#1572,#1569,#1259,.T.);
#1985=EDGE_CURVE('',#1573,#1417,#601,.T.);
#1986=EDGE_CURVE('',#1573,#1574,#1260,.T.);
#1987=EDGE_CURVE('',#1575,#1574,#602,.T.);
#1988=EDGE_CURVE('',#1575,#1414,#822,.T.);
#1989=EDGE_CURVE('',#1576,#1577,#1261,.T.);
#1990=EDGE_CURVE('',#1577,#1578,#823,.T.);
#1991=EDGE_CURVE('',#1578,#1579,#1262,.T.);
#1992=EDGE_CURVE('',#1579,#1576,#824,.T.);
#1993=EDGE_CURVE('',#1580,#1581,#1263,.T.);
#1994=EDGE_CURVE('',#1581,#1582,#825,.T.);
#1995=EDGE_CURVE('',#1582,#1583,#1264,.T.);
#1996=EDGE_CURVE('',#1583,#1580,#826,.T.);
#1997=EDGE_CURVE('',#1584,#1585,#1265,.T.);
#1998=EDGE_CURVE('',#1585,#1586,#827,.T.);
#1999=EDGE_CURVE('',#1586,#1587,#1266,.T.);
#2000=EDGE_CURVE('',#1587,#1584,#828,.T.);
#2001=EDGE_CURVE('',#1588,#1589,#1267,.T.);
#2002=EDGE_CURVE('',#1589,#1590,#829,.T.);
#2003=EDGE_CURVE('',#1590,#1591,#1268,.T.);
#2004=EDGE_CURVE('',#1591,#1588,#830,.T.);
#2005=EDGE_CURVE('',#1592,#1593,#1269,.T.);
#2006=EDGE_CURVE('',#1593,#1594,#831,.T.);
#2007=EDGE_CURVE('',#1594,#1595,#1270,.T.);
#2008=EDGE_CURVE('',#1595,#1592,#832,.T.);
#2009=EDGE_CURVE('',#1481,#1563,#833,.T.);
#2010=EDGE_CURVE('',#1480,#1596,#834,.T.);
#2011=EDGE_CURVE('',#1596,#1597,#835,.T.);
#2012=EDGE_CURVE('',#1597,#1570,#836,.T.);
#2013=EDGE_CURVE('',#1491,#1487,#1271,.T.);
#2014=EDGE_CURVE('',#1598,#1599,#837,.T.);
#2015=EDGE_CURVE('',#1510,#1598,#838,.T.);
#2016=EDGE_CURVE('',#1599,#1512,#839,.T.);
#2017=EDGE_CURVE('',#1600,#1601,#840,.T.);
#2018=EDGE_CURVE('',#1511,#1600,#841,.T.);
#2019=EDGE_CURVE('',#1601,#1509,#842,.T.);
#2020=EDGE_CURVE('',#1602,#1603,#843,.T.);
#2021=EDGE_CURVE('',#1507,#1602,#844,.T.);
#2022=EDGE_CURVE('',#1603,#1505,#845,.T.);
#2023=EDGE_CURVE('',#1604,#1605,#846,.T.);
#2024=EDGE_CURVE('',#1506,#1604,#847,.T.);
#2025=EDGE_CURVE('',#1605,#1508,#848,.T.);
#2026=EDGE_CURVE('',#1598,#1606,#1272,.T.);
#2027=EDGE_CURVE('',#1571,#1606,#849,.T.);
#2028=EDGE_CURVE('',#1597,#1601,#1273,.T.);
#2029=EDGE_CURVE('',#1600,#1596,#1274,.T.);
#2030=EDGE_CURVE('',#1602,#1607,#1275,.T.);
#2031=EDGE_CURVE('',#1435,#1607,#850,.T.);
#2032=EDGE_CURVE('',#1608,#1434,#851,.T.);
#2033=EDGE_CURVE('',#1608,#1599,#1276,.T.);
#2034=EDGE_CURVE('',#1609,#1479,#852,.T.);
#2035=EDGE_CURVE('',#1609,#1605,#1277,.T.);
#2036=EDGE_CURVE('',#1610,#1609,#853,.T.);
#2037=EDGE_CURVE('',#1604,#1610,#1278,.T.);
#2038=EDGE_CURVE('',#1611,#1547,#854,.T.);
#2039=EDGE_CURVE('',#1553,#1611,#855,.T.);
#2040=EDGE_CURVE('',#1612,#1436,#856,.T.);
#2041=EDGE_CURVE('',#1611,#1612,#1279,.T.);
#2042=EDGE_CURVE('',#1572,#1538,#857,.T.);
#2043=EDGE_CURVE('',#1448,#1565,#858,.T.);
#2044=EDGE_CURVE('',#1557,#1554,#859,.T.);
#2045=EDGE_CURVE('',#1606,#1608,#860,.T.);
#2046=EDGE_CURVE('',#1613,#1613,#1280,.T.);
#2047=EDGE_CURVE('',#1614,#1614,#1281,.T.);
#2048=EDGE_CURVE('',#1615,#1615,#1282,.T.);
#2049=EDGE_CURVE('',#1616,#1616,#1283,.T.);
#2050=EDGE_CURVE('',#1617,#1617,#1284,.T.);
#2051=EDGE_CURVE('',#1618,#1603,#1285,.T.);
#2052=EDGE_CURVE('',#1607,#1618,#861,.T.);
#2053=EDGE_CURVE('',#1619,#1620,#1286,.T.);
#2054=EDGE_CURVE('',#1618,#1619,#862,.T.);
#2055=EDGE_CURVE('',#1620,#1610,#863,.T.);
#2056=EDGE_CURVE('',#1612,#1619,#864,.T.);
#2057=EDGE_CURVE('',#1386,#1573,#865,.T.);
#2058=EDGE_CURVE('',#1574,#1392,#866,.T.);
#2059=EDGE_CURVE('',#1391,#1575,#867,.T.);
#2060=EDGE_CURVE('',#1621,#1419,#868,.T.);
#2061=EDGE_CURVE('',#1399,#1621,#869,.T.);
#2062=EDGE_CURVE('',#1621,#1622,#603,.T.);
#2063=EDGE_CURVE('',#1622,#1400,#870,.T.);
#2064=EDGE_CURVE('',#1394,#1623,#871,.T.);
#2065=EDGE_CURVE('',#1623,#1422,#604,.T.);
#2066=EDGE_CURVE('',#1623,#1622,#1287,.T.);
#2067=EDGE_CURVE('',#1624,#1624,#1288,.T.);
#2068=EDGE_CURVE('',#1624,#1614,#872,.T.);
#2069=EDGE_CURVE('',#1625,#1625,#1289,.T.);
#2070=EDGE_CURVE('',#1625,#1615,#873,.T.);
#2071=EDGE_CURVE('',#1626,#1626,#1290,.T.);
#2072=EDGE_CURVE('',#1626,#1616,#874,.T.);
#2073=EDGE_CURVE('',#1627,#1628,#875,.T.);
#2074=EDGE_CURVE('',#1629,#1627,#1291,.T.);
#2075=EDGE_CURVE('',#1630,#1629,#876,.T.);
#2076=EDGE_CURVE('',#1630,#1628,#1292,.T.);
#2077=EDGE_CURVE('',#1631,#1632,#877,.T.);
#2078=EDGE_CURVE('',#1631,#1633,#1293,.T.);
#2079=EDGE_CURVE('',#1634,#1633,#878,.T.);
#2080=EDGE_CURVE('',#1632,#1634,#1294,.T.);
#2081=EDGE_CURVE('',#1635,#1636,#879,.T.);
#2082=EDGE_CURVE('',#1635,#1637,#1295,.T.);
#2083=EDGE_CURVE('',#1638,#1637,#880,.T.);
#2084=EDGE_CURVE('',#1636,#1638,#1296,.T.);
#2085=EDGE_CURVE('',#1639,#1640,#881,.T.);
#2086=EDGE_CURVE('',#1639,#1641,#1297,.T.);
#2087=EDGE_CURVE('',#1642,#1641,#882,.T.);
#2088=EDGE_CURVE('',#1640,#1642,#1298,.T.);
#2089=EDGE_CURVE('',#1595,#1643,#1299,.T.);
#2090=EDGE_CURVE('',#1644,#1643,#883,.T.);
#2091=EDGE_CURVE('',#1592,#1644,#1300,.T.);
#2092=EDGE_CURVE('',#1591,#1645,#1301,.T.);
#2093=EDGE_CURVE('',#1646,#1645,#884,.T.);
#2094=EDGE_CURVE('',#1588,#1646,#1302,.T.);
#2095=EDGE_CURVE('',#1587,#1647,#1303,.T.);
#2096=EDGE_CURVE('',#1648,#1647,#885,.T.);
#2097=EDGE_CURVE('',#1584,#1648,#1304,.T.);
#2098=EDGE_CURVE('',#1583,#1649,#1305,.T.);
#2099=EDGE_CURVE('',#1650,#1649,#886,.T.);
#2100=EDGE_CURVE('',#1580,#1650,#1306,.T.);
#2101=EDGE_CURVE('',#1651,#1631,#1307,.T.);
#2102=EDGE_CURVE('',#1651,#1652,#1308,.T.);
#2103=EDGE_CURVE('',#1633,#1652,#1309,.T.);
#2104=EDGE_CURVE('',#1578,#1653,#1310,.T.);
#2105=EDGE_CURVE('',#1654,#1653,#1311,.T.);
#2106=EDGE_CURVE('',#1579,#1654,#1312,.T.);
#2107=EDGE_CURVE('',#1582,#1655,#1313,.T.);
#2108=EDGE_CURVE('',#1649,#1655,#1314,.T.);
#2109=EDGE_CURVE('',#1586,#1656,#1315,.T.);
#2110=EDGE_CURVE('',#1647,#1656,#1316,.T.);
#2111=EDGE_CURVE('',#1590,#1657,#1317,.T.);
#2112=EDGE_CURVE('',#1645,#1657,#1318,.T.);
#2113=EDGE_CURVE('',#1594,#1658,#1319,.T.);
#2114=EDGE_CURVE('',#1643,#1658,#1320,.T.);
#2115=EDGE_CURVE('',#1659,#1639,#1321,.T.);
#2116=EDGE_CURVE('',#1659,#1660,#1322,.T.);
#2117=EDGE_CURVE('',#1641,#1660,#1323,.T.);
#2118=EDGE_CURVE('',#1661,#1635,#1324,.T.);
#2119=EDGE_CURVE('',#1661,#1662,#1325,.T.);
#2120=EDGE_CURVE('',#1637,#1662,#1326,.T.);
#2121=EDGE_CURVE('',#1628,#1663,#1327,.T.);
#2122=EDGE_CURVE('',#1664,#1630,#1328,.T.);
#2123=EDGE_CURVE('',#1664,#1663,#1329,.T.);
#2124=EDGE_CURVE('',#1665,#1654,#887,.T.);
#2125=EDGE_CURVE('',#1576,#1665,#1330,.T.);
#2126=EDGE_CURVE('',#1666,#1644,#1331,.T.);
#2127=EDGE_CURVE('',#1593,#1666,#1332,.T.);
#2128=EDGE_CURVE('',#1667,#1646,#1333,.T.);
#2129=EDGE_CURVE('',#1589,#1667,#1334,.T.);
#2130=EDGE_CURVE('',#1668,#1648,#1335,.T.);
#2131=EDGE_CURVE('',#1585,#1668,#1336,.T.);
#2132=EDGE_CURVE('',#1669,#1650,#1337,.T.);
#2133=EDGE_CURVE('',#1581,#1669,#1338,.T.);
#2134=EDGE_CURVE('',#1670,#1665,#1339,.T.);
#2135=EDGE_CURVE('',#1577,#1670,#1340,.T.);
#2136=EDGE_CURVE('',#1632,#1671,#1341,.T.);
#2137=EDGE_CURVE('',#1672,#1634,#1342,.T.);
#2138=EDGE_CURVE('',#1671,#1672,#1343,.T.);
#2139=EDGE_CURVE('',#1636,#1673,#1344,.T.);
#2140=EDGE_CURVE('',#1674,#1638,#1345,.T.);
#2141=EDGE_CURVE('',#1673,#1674,#1346,.T.);
#2142=EDGE_CURVE('',#1640,#1675,#1347,.T.);
#2143=EDGE_CURVE('',#1676,#1642,#1348,.T.);
#2144=EDGE_CURVE('',#1675,#1676,#1349,.T.);
#2145=EDGE_CURVE('',#1663,#1677,#888,.T.);
#2146=EDGE_CURVE('',#1678,#1664,#889,.T.);
#2147=EDGE_CURVE('',#1678,#1677,#1350,.T.);
#2148=EDGE_CURVE('',#1677,#1627,#1351,.T.);
#2149=EDGE_CURVE('',#1629,#1678,#1352,.T.);
#2150=EDGE_CURVE('',#1671,#1651,#890,.T.);
#2151=EDGE_CURVE('',#1652,#1672,#891,.T.);
#2152=EDGE_CURVE('',#1653,#1670,#892,.T.);
#2153=EDGE_CURVE('',#1655,#1669,#893,.T.);
#2154=EDGE_CURVE('',#1656,#1668,#894,.T.);
#2155=EDGE_CURVE('',#1657,#1667,#895,.T.);
#2156=EDGE_CURVE('',#1658,#1666,#896,.T.);
#2157=EDGE_CURVE('',#1675,#1659,#897,.T.);
#2158=EDGE_CURVE('',#1660,#1676,#898,.T.);
#2159=EDGE_CURVE('',#1673,#1661,#899,.T.);
#2160=EDGE_CURVE('',#1662,#1674,#900,.T.);
#2161=EDGE_CURVE('',#1620,#1559,#901,.T.);
#2162=EDGE_CURVE('',#1679,#1680,#1353,.T.);
#2163=EDGE_CURVE('',#1680,#1681,#902,.T.);
#2164=EDGE_CURVE('',#1681,#1682,#1354,.T.);
#2165=EDGE_CURVE('',#1682,#1679,#903,.T.);
#2166=EDGE_CURVE('',#1683,#1684,#1355,.T.);
#2167=EDGE_CURVE('',#1682,#1683,#1356,.T.);
#2168=EDGE_CURVE('',#1681,#1684,#1357,.T.);
#2169=EDGE_CURVE('',#1685,#1683,#904,.T.);
#2170=EDGE_CURVE('',#1679,#1685,#1358,.T.);
#2171=EDGE_CURVE('',#1684,#1686,#905,.T.);
#2172=EDGE_CURVE('',#1680,#1686,#1359,.T.);
#2173=EDGE_CURVE('',#1686,#1685,#1360,.T.);
#2174=EDGE_CURVE('',#1566,#1482,#906,.T.);
#2175=EDGE_CURVE('',#1687,#1687,#1361,.T.);
#2176=EDGE_CURVE('',#1688,#1688,#1362,.T.);
#2177=EDGE_CURVE('',#1688,#1613,#907,.T.);
#2178=EDGE_CURVE('',#1617,#1687,#908,.T.);
#2179=ORIENTED_EDGE('',*,*,#1689,.F.);
#2180=ORIENTED_EDGE('',*,*,#1690,.T.);
#2181=ORIENTED_EDGE('',*,*,#1691,.F.);
#2182=ORIENTED_EDGE('',*,*,#1692,.F.);
#2183=ORIENTED_EDGE('',*,*,#1693,.T.);
#2184=ORIENTED_EDGE('',*,*,#1694,.F.);
#2185=ORIENTED_EDGE('',*,*,#1695,.F.);
#2186=ORIENTED_EDGE('',*,*,#1696,.T.);
#2187=ORIENTED_EDGE('',*,*,#1697,.T.);
#2188=ORIENTED_EDGE('',*,*,#1696,.F.);
#2189=ORIENTED_EDGE('',*,*,#1698,.F.);
#2190=ORIENTED_EDGE('',*,*,#1699,.F.);
#2191=ORIENTED_EDGE('',*,*,#1693,.F.);
#2192=ORIENTED_EDGE('',*,*,#1700,.F.);
#2193=ORIENTED_EDGE('',*,*,#1701,.F.);
#2194=ORIENTED_EDGE('',*,*,#1690,.F.);
#2195=ORIENTED_EDGE('',*,*,#1702,.F.);
#2196=ORIENTED_EDGE('',*,*,#1703,.F.);
#2197=ORIENTED_EDGE('',*,*,#1704,.F.);
#2198=ORIENTED_EDGE('',*,*,#1705,.F.);
#2199=ORIENTED_EDGE('',*,*,#1706,.F.);
#2200=ORIENTED_EDGE('',*,*,#1707,.F.);
#2201=ORIENTED_EDGE('',*,*,#1708,.F.);
#2202=ORIENTED_EDGE('',*,*,#1709,.F.);
#2203=ORIENTED_EDGE('',*,*,#1710,.F.);
#2204=ORIENTED_EDGE('',*,*,#1711,.F.);
#2205=ORIENTED_EDGE('',*,*,#1712,.F.);
#2206=ORIENTED_EDGE('',*,*,#1713,.F.);
#2207=ORIENTED_EDGE('',*,*,#1714,.F.);
#2208=ORIENTED_EDGE('',*,*,#1715,.F.);
#2209=ORIENTED_EDGE('',*,*,#1716,.F.);
#2210=ORIENTED_EDGE('',*,*,#1717,.F.);
#2211=ORIENTED_EDGE('',*,*,#1718,.F.);
#2212=ORIENTED_EDGE('',*,*,#1719,.F.);
#2213=ORIENTED_EDGE('',*,*,#1720,.F.);
#2214=ORIENTED_EDGE('',*,*,#1721,.F.);
#2215=ORIENTED_EDGE('',*,*,#1722,.F.);
#2216=ORIENTED_EDGE('',*,*,#1723,.F.);
#2217=ORIENTED_EDGE('',*,*,#1724,.F.);
#2218=ORIENTED_EDGE('',*,*,#1725,.F.);
#2219=ORIENTED_EDGE('',*,*,#1726,.F.);
#2220=ORIENTED_EDGE('',*,*,#1727,.F.);
#2221=ORIENTED_EDGE('',*,*,#1728,.F.);
#2222=ORIENTED_EDGE('',*,*,#1729,.F.);
#2223=ORIENTED_EDGE('',*,*,#1703,.T.);
#2224=ORIENTED_EDGE('',*,*,#1730,.F.);
#2225=ORIENTED_EDGE('',*,*,#1731,.F.);
#2226=ORIENTED_EDGE('',*,*,#1732,.F.);
#2227=ORIENTED_EDGE('',*,*,#1694,.T.);
#2228=ORIENTED_EDGE('',*,*,#1733,.F.);
#2229=ORIENTED_EDGE('',*,*,#1734,.F.);
#2230=ORIENTED_EDGE('',*,*,#1735,.T.);
#2231=ORIENTED_EDGE('',*,*,#1706,.T.);
#2232=ORIENTED_EDGE('',*,*,#1736,.F.);
#2233=ORIENTED_EDGE('',*,*,#1737,.F.);
#2234=ORIENTED_EDGE('',*,*,#1738,.T.);
#2235=ORIENTED_EDGE('',*,*,#1700,.T.);
#2236=ORIENTED_EDGE('',*,*,#1692,.T.);
#2237=ORIENTED_EDGE('',*,*,#1739,.F.);
#2238=ORIENTED_EDGE('',*,*,#1740,.T.);
#2239=ORIENTED_EDGE('',*,*,#1741,.T.);
#2240=ORIENTED_EDGE('',*,*,#1709,.T.);
#2241=ORIENTED_EDGE('',*,*,#1742,.F.);
#2242=ORIENTED_EDGE('',*,*,#1743,.T.);
#2243=ORIENTED_EDGE('',*,*,#1744,.T.);
#2244=ORIENTED_EDGE('',*,*,#1712,.T.);
#2245=ORIENTED_EDGE('',*,*,#1745,.T.);
#2246=ORIENTED_EDGE('',*,*,#1746,.T.);
#2247=ORIENTED_EDGE('',*,*,#1747,.F.);
#2248=ORIENTED_EDGE('',*,*,#1718,.T.);
#2249=ORIENTED_EDGE('',*,*,#1748,.T.);
#2250=ORIENTED_EDGE('',*,*,#1749,.T.);
#2251=ORIENTED_EDGE('',*,*,#1750,.T.);
#2252=ORIENTED_EDGE('',*,*,#1717,.T.);
#2253=ORIENTED_EDGE('',*,*,#1751,.F.);
#2254=ORIENTED_EDGE('',*,*,#1752,.F.);
#2255=ORIENTED_EDGE('',*,*,#1748,.F.);
#2256=ORIENTED_EDGE('',*,*,#1716,.T.);
#2257=ORIENTED_EDGE('',*,*,#1753,.T.);
#2258=ORIENTED_EDGE('',*,*,#1754,.T.);
#2259=ORIENTED_EDGE('',*,*,#1751,.T.);
#2260=ORIENTED_EDGE('',*,*,#1715,.T.);
#2261=ORIENTED_EDGE('',*,*,#1755,.F.);
#2262=ORIENTED_EDGE('',*,*,#1756,.F.);
#2263=ORIENTED_EDGE('',*,*,#1753,.F.);
#2264=ORIENTED_EDGE('',*,*,#1726,.T.);
#2265=ORIENTED_EDGE('',*,*,#1757,.T.);
#2266=ORIENTED_EDGE('',*,*,#1758,.T.);
#2267=ORIENTED_EDGE('',*,*,#1759,.T.);
#2268=ORIENTED_EDGE('',*,*,#1725,.T.);
#2269=ORIENTED_EDGE('',*,*,#1760,.F.);
#2270=ORIENTED_EDGE('',*,*,#1761,.F.);
#2271=ORIENTED_EDGE('',*,*,#1757,.F.);
#2272=ORIENTED_EDGE('',*,*,#1724,.T.);
#2273=ORIENTED_EDGE('',*,*,#1762,.T.);
#2274=ORIENTED_EDGE('',*,*,#1763,.T.);
#2275=ORIENTED_EDGE('',*,*,#1760,.T.);
#2276=ORIENTED_EDGE('',*,*,#1723,.T.);
#2277=ORIENTED_EDGE('',*,*,#1764,.F.);
#2278=ORIENTED_EDGE('',*,*,#1765,.F.);
#2279=ORIENTED_EDGE('',*,*,#1762,.F.);
#2280=ORIENTED_EDGE('',*,*,#1702,.T.);
#2281=ORIENTED_EDGE('',*,*,#1766,.T.);
#2282=ORIENTED_EDGE('',*,*,#1767,.F.);
#2283=ORIENTED_EDGE('',*,*,#1730,.T.);
#2284=ORIENTED_EDGE('',*,*,#1768,.F.);
#2285=ORIENTED_EDGE('',*,*,#1769,.T.);
#2286=ORIENTED_EDGE('',*,*,#1770,.F.);
#2287=ORIENTED_EDGE('',*,*,#1771,.T.);
#2288=ORIENTED_EDGE('',*,*,#1772,.F.);
#2289=ORIENTED_EDGE('',*,*,#1771,.F.);
#2290=ORIENTED_EDGE('',*,*,#1773,.F.);
#2291=ORIENTED_EDGE('',*,*,#1774,.F.);
#2292=ORIENTED_EDGE('',*,*,#1775,.F.);
#2293=ORIENTED_EDGE('',*,*,#1768,.T.);
#2294=ORIENTED_EDGE('',*,*,#1772,.T.);
#2295=ORIENTED_EDGE('',*,*,#1731,.T.);
#2296=ORIENTED_EDGE('',*,*,#1767,.T.);
#2297=ORIENTED_EDGE('',*,*,#1776,.T.);
#2298=ORIENTED_EDGE('',*,*,#1777,.F.);
#2299=ORIENTED_EDGE('',*,*,#1778,.T.);
#2300=ORIENTED_EDGE('',*,*,#1779,.F.);
#2301=ORIENTED_EDGE('',*,*,#1780,.T.);
#2302=ORIENTED_EDGE('',*,*,#1781,.T.);
#2303=ORIENTED_EDGE('',*,*,#1782,.F.);
#2304=ORIENTED_EDGE('',*,*,#1783,.F.);
#2305=ORIENTED_EDGE('',*,*,#1784,.T.);
#2306=ORIENTED_EDGE('',*,*,#1785,.F.);
#2307=ORIENTED_EDGE('',*,*,#1786,.T.);
#2308=ORIENTED_EDGE('',*,*,#1787,.F.);
#2309=ORIENTED_EDGE('',*,*,#1788,.T.);
#2310=ORIENTED_EDGE('',*,*,#1789,.F.);
#2311=ORIENTED_EDGE('',*,*,#1790,.T.);
#2312=ORIENTED_EDGE('',*,*,#1791,.F.);
#2313=ORIENTED_EDGE('',*,*,#1792,.T.);
#2314=ORIENTED_EDGE('',*,*,#1793,.F.);
#2315=ORIENTED_EDGE('',*,*,#1794,.F.);
#2316=ORIENTED_EDGE('',*,*,#1795,.F.);
#2317=ORIENTED_EDGE('',*,*,#1796,.T.);
#2318=ORIENTED_EDGE('',*,*,#1797,.F.);
#2319=ORIENTED_EDGE('',*,*,#1798,.T.);
#2320=ORIENTED_EDGE('',*,*,#1799,.F.);
#2321=ORIENTED_EDGE('',*,*,#1800,.T.);
#2322=ORIENTED_EDGE('',*,*,#1801,.F.);
#2323=ORIENTED_EDGE('',*,*,#1802,.T.);
#2324=ORIENTED_EDGE('',*,*,#1803,.F.);
#2325=ORIENTED_EDGE('',*,*,#1804,.T.);
#2326=ORIENTED_EDGE('',*,*,#1805,.T.);
#2327=ORIENTED_EDGE('',*,*,#1806,.T.);
#2328=ORIENTED_EDGE('',*,*,#1807,.T.);
#2329=ORIENTED_EDGE('',*,*,#1808,.T.);
#2330=ORIENTED_EDGE('',*,*,#1809,.T.);
#2331=ORIENTED_EDGE('',*,*,#1810,.T.);
#2332=ORIENTED_EDGE('',*,*,#1811,.T.);
#2333=ORIENTED_EDGE('',*,*,#1812,.T.);
#2334=ORIENTED_EDGE('',*,*,#1813,.T.);
#2335=ORIENTED_EDGE('',*,*,#1773,.T.);
#2336=ORIENTED_EDGE('',*,*,#1770,.T.);
#2337=ORIENTED_EDGE('',*,*,#1814,.T.);
#2338=ORIENTED_EDGE('',*,*,#1815,.T.);
#2339=ORIENTED_EDGE('',*,*,#1816,.T.);
#2340=ORIENTED_EDGE('',*,*,#1817,.T.);
#2341=ORIENTED_EDGE('',*,*,#1818,.T.);
#2342=ORIENTED_EDGE('',*,*,#1819,.T.);
#2343=ORIENTED_EDGE('',*,*,#1820,.T.);
#2344=ORIENTED_EDGE('',*,*,#1821,.F.);
#2345=ORIENTED_EDGE('',*,*,#1822,.F.);
#2346=ORIENTED_EDGE('',*,*,#1823,.F.);
#2347=ORIENTED_EDGE('',*,*,#1824,.T.);
#2348=ORIENTED_EDGE('',*,*,#1825,.F.);
#2349=ORIENTED_EDGE('',*,*,#1824,.F.);
#2350=ORIENTED_EDGE('',*,*,#1826,.F.);
#2351=ORIENTED_EDGE('',*,*,#1827,.T.);
#2352=ORIENTED_EDGE('',*,*,#1827,.F.);
#2353=ORIENTED_EDGE('',*,*,#1828,.F.);
#2354=ORIENTED_EDGE('',*,*,#1822,.T.);
#2355=ORIENTED_EDGE('',*,*,#1829,.F.);
#2356=ORIENTED_EDGE('',*,*,#1830,.T.);
#2357=ORIENTED_EDGE('',*,*,#1831,.F.);
#2358=ORIENTED_EDGE('',*,*,#1832,.F.);
#2359=ORIENTED_EDGE('',*,*,#1833,.T.);
#2360=ORIENTED_EDGE('',*,*,#1834,.T.);
#2361=ORIENTED_EDGE('',*,*,#1835,.T.);
#2362=ORIENTED_EDGE('',*,*,#1836,.T.);
#2363=ORIENTED_EDGE('',*,*,#1826,.T.);
#2364=ORIENTED_EDGE('',*,*,#1823,.T.);
#2365=ORIENTED_EDGE('',*,*,#1828,.T.);
#2366=ORIENTED_EDGE('',*,*,#1699,.T.);
#2367=ORIENTED_EDGE('',*,*,#1837,.F.);
#2368=ORIENTED_EDGE('',*,*,#1838,.F.);
#2369=ORIENTED_EDGE('',*,*,#1733,.T.);
#2370=ORIENTED_EDGE('',*,*,#1829,.T.);
#2371=ORIENTED_EDGE('',*,*,#1821,.T.);
#2372=ORIENTED_EDGE('',*,*,#1825,.T.);
#2373=ORIENTED_EDGE('',*,*,#1734,.T.);
#2374=ORIENTED_EDGE('',*,*,#1838,.T.);
#2375=ORIENTED_EDGE('',*,*,#1839,.F.);
#2376=ORIENTED_EDGE('',*,*,#1840,.F.);
#2377=ORIENTED_EDGE('',*,*,#1841,.F.);
#2378=ORIENTED_EDGE('',*,*,#1842,.F.);
#2379=ORIENTED_EDGE('',*,*,#1843,.T.);
#2380=ORIENTED_EDGE('',*,*,#1844,.F.);
#2381=ORIENTED_EDGE('',*,*,#1843,.F.);
#2382=ORIENTED_EDGE('',*,*,#1845,.F.);
#2383=ORIENTED_EDGE('',*,*,#1846,.T.);
#2384=ORIENTED_EDGE('',*,*,#1705,.T.);
#2385=ORIENTED_EDGE('',*,*,#1847,.F.);
#2386=ORIENTED_EDGE('',*,*,#1848,.F.);
#2387=ORIENTED_EDGE('',*,*,#1736,.T.);
#2388=ORIENTED_EDGE('',*,*,#1849,.F.);
#2389=ORIENTED_EDGE('',*,*,#1850,.F.);
#2390=ORIENTED_EDGE('',*,*,#1835,.F.);
#2391=ORIENTED_EDGE('',*,*,#1851,.T.);
#2392=ORIENTED_EDGE('',*,*,#1852,.F.);
#2393=ORIENTED_EDGE('',*,*,#1851,.F.);
#2394=ORIENTED_EDGE('',*,*,#1834,.F.);
#2395=ORIENTED_EDGE('',*,*,#1853,.T.);
#2396=ORIENTED_EDGE('',*,*,#1691,.T.);
#2397=ORIENTED_EDGE('',*,*,#1854,.F.);
#2398=ORIENTED_EDGE('',*,*,#1855,.F.);
#2399=ORIENTED_EDGE('',*,*,#1739,.T.);
#2400=ORIENTED_EDGE('',*,*,#1701,.T.);
#2401=ORIENTED_EDGE('',*,*,#1741,.F.);
#2402=ORIENTED_EDGE('',*,*,#1856,.F.);
#2403=ORIENTED_EDGE('',*,*,#1854,.T.);
#2404=ORIENTED_EDGE('',*,*,#1857,.F.);
#2405=ORIENTED_EDGE('',*,*,#1858,.F.);
#2406=ORIENTED_EDGE('',*,*,#1859,.F.);
#2407=ORIENTED_EDGE('',*,*,#1860,.T.);
#2408=ORIENTED_EDGE('',*,*,#1861,.F.);
#2409=ORIENTED_EDGE('',*,*,#1860,.F.);
#2410=ORIENTED_EDGE('',*,*,#1862,.F.);
#2411=ORIENTED_EDGE('',*,*,#1863,.T.);
#2412=ORIENTED_EDGE('',*,*,#1708,.T.);
#2413=ORIENTED_EDGE('',*,*,#1864,.F.);
#2414=ORIENTED_EDGE('',*,*,#1865,.F.);
#2415=ORIENTED_EDGE('',*,*,#1742,.T.);
#2416=ORIENTED_EDGE('',*,*,#1710,.T.);
#2417=ORIENTED_EDGE('',*,*,#1744,.F.);
#2418=ORIENTED_EDGE('',*,*,#1866,.F.);
#2419=ORIENTED_EDGE('',*,*,#1864,.T.);
#2420=ORIENTED_EDGE('',*,*,#1867,.F.);
#2421=ORIENTED_EDGE('',*,*,#1868,.F.);
#2422=ORIENTED_EDGE('',*,*,#1869,.F.);
#2423=ORIENTED_EDGE('',*,*,#1870,.T.);
#2424=ORIENTED_EDGE('',*,*,#1845,.T.);
#2425=ORIENTED_EDGE('',*,*,#1842,.T.);
#2426=ORIENTED_EDGE('',*,*,#1871,.T.);
#2427=ORIENTED_EDGE('',*,*,#1707,.T.);
#2428=ORIENTED_EDGE('',*,*,#1738,.F.);
#2429=ORIENTED_EDGE('',*,*,#1872,.T.);
#2430=ORIENTED_EDGE('',*,*,#1847,.T.);
#2431=ORIENTED_EDGE('',*,*,#1873,.T.);
#2432=ORIENTED_EDGE('',*,*,#1849,.T.);
#2433=ORIENTED_EDGE('',*,*,#1852,.T.);
#2434=ORIENTED_EDGE('',*,*,#1855,.T.);
#2435=ORIENTED_EDGE('',*,*,#1856,.T.);
#2436=ORIENTED_EDGE('',*,*,#1740,.F.);
#2437=ORIENTED_EDGE('',*,*,#1874,.F.);
#2438=ORIENTED_EDGE('',*,*,#1875,.F.);
#2439=ORIENTED_EDGE('',*,*,#1876,.F.);
#2440=ORIENTED_EDGE('',*,*,#1877,.T.);
#2441=ORIENTED_EDGE('',*,*,#1862,.T.);
#2442=ORIENTED_EDGE('',*,*,#1859,.T.);
#2443=ORIENTED_EDGE('',*,*,#1878,.T.);
#2444=ORIENTED_EDGE('',*,*,#1879,.T.);
#2445=ORIENTED_EDGE('',*,*,#1857,.T.);
#2446=ORIENTED_EDGE('',*,*,#1861,.T.);
#2447=ORIENTED_EDGE('',*,*,#1865,.T.);
#2448=ORIENTED_EDGE('',*,*,#1866,.T.);
#2449=ORIENTED_EDGE('',*,*,#1743,.F.);
#2450=ORIENTED_EDGE('',*,*,#1711,.T.);
#2451=ORIENTED_EDGE('',*,*,#1880,.F.);
#2452=ORIENTED_EDGE('',*,*,#1881,.F.);
#2453=ORIENTED_EDGE('',*,*,#1745,.F.);
#2454=ORIENTED_EDGE('',*,*,#1713,.T.);
#2455=ORIENTED_EDGE('',*,*,#1747,.T.);
#2456=ORIENTED_EDGE('',*,*,#1882,.F.);
#2457=ORIENTED_EDGE('',*,*,#1880,.T.);
#2458=ORIENTED_EDGE('',*,*,#1883,.T.);
#2459=ORIENTED_EDGE('',*,*,#1884,.T.);
#2460=ORIENTED_EDGE('',*,*,#1885,.T.);
#2461=ORIENTED_EDGE('',*,*,#1881,.T.);
#2462=ORIENTED_EDGE('',*,*,#1882,.T.);
#2463=ORIENTED_EDGE('',*,*,#1746,.F.);
#2464=ORIENTED_EDGE('',*,*,#1884,.F.);
#2465=ORIENTED_EDGE('',*,*,#1886,.F.);
#2466=ORIENTED_EDGE('',*,*,#1816,.F.);
#2467=ORIENTED_EDGE('',*,*,#1887,.T.);
#2468=ORIENTED_EDGE('',*,*,#1885,.F.);
#2469=ORIENTED_EDGE('',*,*,#1887,.F.);
#2470=ORIENTED_EDGE('',*,*,#1815,.F.);
#2471=ORIENTED_EDGE('',*,*,#1888,.T.);
#2472=ORIENTED_EDGE('',*,*,#1805,.F.);
#2473=ORIENTED_EDGE('',*,*,#1889,.F.);
#2474=ORIENTED_EDGE('',*,*,#1890,.F.);
#2475=ORIENTED_EDGE('',*,*,#1891,.T.);
#2476=ORIENTED_EDGE('',*,*,#1806,.F.);
#2477=ORIENTED_EDGE('',*,*,#1891,.F.);
#2478=ORIENTED_EDGE('',*,*,#1892,.F.);
#2479=ORIENTED_EDGE('',*,*,#1893,.T.);
#2480=ORIENTED_EDGE('',*,*,#1811,.F.);
#2481=ORIENTED_EDGE('',*,*,#1894,.F.);
#2482=ORIENTED_EDGE('',*,*,#1895,.F.);
#2483=ORIENTED_EDGE('',*,*,#1896,.T.);
#2484=ORIENTED_EDGE('',*,*,#1812,.F.);
#2485=ORIENTED_EDGE('',*,*,#1896,.F.);
#2486=ORIENTED_EDGE('',*,*,#1897,.F.);
#2487=ORIENTED_EDGE('',*,*,#1898,.T.);
#2488=ORIENTED_EDGE('',*,*,#1808,.F.);
#2489=ORIENTED_EDGE('',*,*,#1899,.F.);
#2490=ORIENTED_EDGE('',*,*,#1900,.F.);
#2491=ORIENTED_EDGE('',*,*,#1901,.T.);
#2492=ORIENTED_EDGE('',*,*,#1809,.F.);
#2493=ORIENTED_EDGE('',*,*,#1901,.F.);
#2494=ORIENTED_EDGE('',*,*,#1902,.F.);
#2495=ORIENTED_EDGE('',*,*,#1903,.T.);
#2496=ORIENTED_EDGE('',*,*,#1820,.F.);
#2497=ORIENTED_EDGE('',*,*,#1904,.F.);
#2498=ORIENTED_EDGE('',*,*,#1905,.F.);
#2499=ORIENTED_EDGE('',*,*,#1906,.T.);
#2500=ORIENTED_EDGE('',*,*,#1818,.F.);
#2501=ORIENTED_EDGE('',*,*,#1906,.F.);
#2502=ORIENTED_EDGE('',*,*,#1907,.F.);
#2503=ORIENTED_EDGE('',*,*,#1908,.T.);
#2504=ORIENTED_EDGE('',*,*,#1894,.T.);
#2505=ORIENTED_EDGE('',*,*,#1813,.F.);
#2506=ORIENTED_EDGE('',*,*,#1898,.F.);
#2507=ORIENTED_EDGE('',*,*,#1909,.F.);
#2508=ORIENTED_EDGE('',*,*,#1910,.F.);
#2509=ORIENTED_EDGE('',*,*,#1911,.T.);
#2510=ORIENTED_EDGE('',*,*,#1912,.F.);
#2511=ORIENTED_EDGE('',*,*,#1913,.T.);
#2512=ORIENTED_EDGE('',*,*,#1914,.F.);
#2513=ORIENTED_EDGE('',*,*,#1915,.T.);
#2514=ORIENTED_EDGE('',*,*,#1916,.F.);
#2515=ORIENTED_EDGE('',*,*,#1917,.T.);
#2516=ORIENTED_EDGE('',*,*,#1918,.F.);
#2517=ORIENTED_EDGE('',*,*,#1919,.T.);
#2518=ORIENTED_EDGE('',*,*,#1920,.F.);
#2519=ORIENTED_EDGE('',*,*,#1921,.T.);
#2520=ORIENTED_EDGE('',*,*,#1907,.T.);
#2521=ORIENTED_EDGE('',*,*,#1905,.T.);
#2522=ORIENTED_EDGE('',*,*,#1922,.T.);
#2523=ORIENTED_EDGE('',*,*,#1895,.T.);
#2524=ORIENTED_EDGE('',*,*,#1909,.T.);
#2525=ORIENTED_EDGE('',*,*,#1897,.T.);
#2526=ORIENTED_EDGE('',*,*,#1910,.T.);
#2527=ORIENTED_EDGE('',*,*,#1923,.T.);
#2528=ORIENTED_EDGE('',*,*,#1777,.T.);
#2529=ORIENTED_EDGE('',*,*,#1924,.T.);
#2530=ORIENTED_EDGE('',*,*,#1924,.F.);
#2531=ORIENTED_EDGE('',*,*,#1804,.F.);
#2532=ORIENTED_EDGE('',*,*,#1925,.F.);
#2533=ORIENTED_EDGE('',*,*,#1911,.F.);
#2534=ORIENTED_EDGE('',*,*,#1926,.T.);
#2535=ORIENTED_EDGE('',*,*,#1927,.T.);
#2536=ORIENTED_EDGE('',*,*,#1787,.T.);
#2537=ORIENTED_EDGE('',*,*,#1928,.T.);
#2538=ORIENTED_EDGE('',*,*,#1927,.F.);
#2539=ORIENTED_EDGE('',*,*,#1929,.F.);
#2540=ORIENTED_EDGE('',*,*,#1930,.F.);
#2541=ORIENTED_EDGE('',*,*,#1788,.F.);
#2542=ORIENTED_EDGE('',*,*,#1926,.F.);
#2543=ORIENTED_EDGE('',*,*,#1931,.T.);
#2544=ORIENTED_EDGE('',*,*,#1932,.F.);
#2545=ORIENTED_EDGE('',*,*,#1933,.T.);
#2546=ORIENTED_EDGE('',*,*,#1934,.F.);
#2547=ORIENTED_EDGE('',*,*,#1935,.F.);
#2548=ORIENTED_EDGE('',*,*,#1936,.F.);
#2549=ORIENTED_EDGE('',*,*,#1937,.T.);
#2550=ORIENTED_EDGE('',*,*,#1938,.F.);
#2551=ORIENTED_EDGE('',*,*,#1939,.T.);
#2552=ORIENTED_EDGE('',*,*,#1940,.F.);
#2553=ORIENTED_EDGE('',*,*,#1929,.T.);
#2554=ORIENTED_EDGE('',*,*,#1890,.T.);
#2555=ORIENTED_EDGE('',*,*,#1941,.T.);
#2556=ORIENTED_EDGE('',*,*,#1892,.T.);
#2557=ORIENTED_EDGE('',*,*,#1900,.T.);
#2558=ORIENTED_EDGE('',*,*,#1942,.T.);
#2559=ORIENTED_EDGE('',*,*,#1902,.T.);
#2560=ORIENTED_EDGE('',*,*,#1932,.T.);
#2561=ORIENTED_EDGE('',*,*,#1943,.T.);
#2562=ORIENTED_EDGE('',*,*,#1785,.T.);
#2563=ORIENTED_EDGE('',*,*,#1944,.T.);
#2564=ORIENTED_EDGE('',*,*,#1944,.F.);
#2565=ORIENTED_EDGE('',*,*,#1784,.F.);
#2566=ORIENTED_EDGE('',*,*,#1945,.F.);
#2567=ORIENTED_EDGE('',*,*,#1933,.F.);
#2568=ORIENTED_EDGE('',*,*,#1940,.T.);
#2569=ORIENTED_EDGE('',*,*,#1946,.T.);
#2570=ORIENTED_EDGE('',*,*,#1789,.T.);
#2571=ORIENTED_EDGE('',*,*,#1930,.T.);
#2572=ORIENTED_EDGE('',*,*,#1946,.F.);
#2573=ORIENTED_EDGE('',*,*,#1939,.F.);
#2574=ORIENTED_EDGE('',*,*,#1947,.F.);
#2575=ORIENTED_EDGE('',*,*,#1790,.F.);
#2576=ORIENTED_EDGE('',*,*,#1938,.T.);
#2577=ORIENTED_EDGE('',*,*,#1948,.T.);
#2578=ORIENTED_EDGE('',*,*,#1791,.T.);
#2579=ORIENTED_EDGE('',*,*,#1947,.T.);
#2580=ORIENTED_EDGE('',*,*,#1916,.T.);
#2581=ORIENTED_EDGE('',*,*,#1949,.T.);
#2582=ORIENTED_EDGE('',*,*,#1799,.T.);
#2583=ORIENTED_EDGE('',*,*,#1950,.T.);
#2584=ORIENTED_EDGE('',*,*,#1949,.F.);
#2585=ORIENTED_EDGE('',*,*,#1915,.F.);
#2586=ORIENTED_EDGE('',*,*,#1951,.F.);
#2587=ORIENTED_EDGE('',*,*,#1800,.F.);
#2588=ORIENTED_EDGE('',*,*,#1914,.T.);
#2589=ORIENTED_EDGE('',*,*,#1952,.T.);
#2590=ORIENTED_EDGE('',*,*,#1801,.T.);
#2591=ORIENTED_EDGE('',*,*,#1951,.T.);
#2592=ORIENTED_EDGE('',*,*,#1912,.T.);
#2593=ORIENTED_EDGE('',*,*,#1925,.T.);
#2594=ORIENTED_EDGE('',*,*,#1803,.T.);
#2595=ORIENTED_EDGE('',*,*,#1953,.T.);
#2596=ORIENTED_EDGE('',*,*,#1889,.T.);
#2597=ORIENTED_EDGE('',*,*,#1807,.F.);
#2598=ORIENTED_EDGE('',*,*,#1893,.F.);
#2599=ORIENTED_EDGE('',*,*,#1941,.F.);
#2600=ORIENTED_EDGE('',*,*,#1899,.T.);
#2601=ORIENTED_EDGE('',*,*,#1810,.F.);
#2602=ORIENTED_EDGE('',*,*,#1903,.F.);
#2603=ORIENTED_EDGE('',*,*,#1942,.F.);
#2604=ORIENTED_EDGE('',*,*,#1908,.F.);
#2605=ORIENTED_EDGE('',*,*,#1922,.F.);
#2606=ORIENTED_EDGE('',*,*,#1904,.T.);
#2607=ORIENTED_EDGE('',*,*,#1819,.F.);
#2608=ORIENTED_EDGE('',*,*,#1948,.F.);
#2609=ORIENTED_EDGE('',*,*,#1937,.F.);
#2610=ORIENTED_EDGE('',*,*,#1954,.F.);
#2611=ORIENTED_EDGE('',*,*,#1792,.F.);
#2612=ORIENTED_EDGE('',*,*,#1928,.F.);
#2613=ORIENTED_EDGE('',*,*,#1786,.F.);
#2614=ORIENTED_EDGE('',*,*,#1943,.F.);
#2615=ORIENTED_EDGE('',*,*,#1931,.F.);
#2616=ORIENTED_EDGE('',*,*,#1950,.F.);
#2617=ORIENTED_EDGE('',*,*,#1798,.F.);
#2618=ORIENTED_EDGE('',*,*,#1955,.F.);
#2619=ORIENTED_EDGE('',*,*,#1917,.F.);
#2620=ORIENTED_EDGE('',*,*,#1952,.F.);
#2621=ORIENTED_EDGE('',*,*,#1913,.F.);
#2622=ORIENTED_EDGE('',*,*,#1953,.F.);
#2623=ORIENTED_EDGE('',*,*,#1802,.F.);
#2624=ORIENTED_EDGE('',*,*,#1923,.F.);
#2625=ORIENTED_EDGE('',*,*,#1921,.F.);
#2626=ORIENTED_EDGE('',*,*,#1956,.F.);
#2627=ORIENTED_EDGE('',*,*,#1778,.F.);
#2628=ORIENTED_EDGE('',*,*,#1954,.T.);
#2629=ORIENTED_EDGE('',*,*,#1936,.T.);
#2630=ORIENTED_EDGE('',*,*,#1957,.T.);
#2631=ORIENTED_EDGE('',*,*,#1958,.F.);
#2632=ORIENTED_EDGE('',*,*,#1959,.F.);
#2633=ORIENTED_EDGE('',*,*,#1793,.T.);
#2634=ORIENTED_EDGE('',*,*,#1956,.T.);
#2635=ORIENTED_EDGE('',*,*,#1920,.T.);
#2636=ORIENTED_EDGE('',*,*,#1960,.T.);
#2637=ORIENTED_EDGE('',*,*,#1961,.F.);
#2638=ORIENTED_EDGE('',*,*,#1962,.F.);
#2639=ORIENTED_EDGE('',*,*,#1779,.T.);
#2640=ORIENTED_EDGE('',*,*,#1963,.F.);
#2641=ORIENTED_EDGE('',*,*,#1964,.F.);
#2642=ORIENTED_EDGE('',*,*,#1965,.F.);
#2643=ORIENTED_EDGE('',*,*,#1966,.T.);
#2644=ORIENTED_EDGE('',*,*,#1967,.F.);
#2645=ORIENTED_EDGE('',*,*,#1968,.F.);
#2646=ORIENTED_EDGE('',*,*,#1969,.F.);
#2647=ORIENTED_EDGE('',*,*,#1970,.F.);
#2648=ORIENTED_EDGE('',*,*,#1971,.F.);
#2649=ORIENTED_EDGE('',*,*,#1966,.F.);
#2650=ORIENTED_EDGE('',*,*,#1972,.F.);
#2651=ORIENTED_EDGE('',*,*,#1973,.F.);
#2652=ORIENTED_EDGE('',*,*,#1974,.F.);
#2653=ORIENTED_EDGE('',*,*,#1970,.T.);
#2654=ORIENTED_EDGE('',*,*,#1975,.F.);
#2655=ORIENTED_EDGE('',*,*,#1976,.F.);
#2656=ORIENTED_EDGE('',*,*,#1967,.T.);
#2657=ORIENTED_EDGE('',*,*,#1974,.T.);
#2658=ORIENTED_EDGE('',*,*,#1977,.F.);
#2659=ORIENTED_EDGE('',*,*,#1978,.T.);
#2660=ORIENTED_EDGE('',*,*,#1796,.F.);
#2661=ORIENTED_EDGE('',*,*,#1979,.F.);
#2662=ORIENTED_EDGE('',*,*,#1976,.T.);
#2663=ORIENTED_EDGE('',*,*,#1980,.T.);
#2664=ORIENTED_EDGE('',*,*,#1981,.T.);
#2665=ORIENTED_EDGE('',*,*,#1982,.T.);
#2666=ORIENTED_EDGE('',*,*,#1961,.T.);
#2667=ORIENTED_EDGE('',*,*,#1983,.T.);
#2668=ORIENTED_EDGE('',*,*,#1984,.T.);
#2669=ORIENTED_EDGE('',*,*,#1977,.T.);
#2670=ORIENTED_EDGE('',*,*,#1752,.T.);
#2671=ORIENTED_EDGE('',*,*,#1754,.F.);
#2672=ORIENTED_EDGE('',*,*,#1756,.T.);
#2673=ORIENTED_EDGE('',*,*,#1985,.F.);
#2674=ORIENTED_EDGE('',*,*,#1986,.T.);
#2675=ORIENTED_EDGE('',*,*,#1987,.F.);
#2676=ORIENTED_EDGE('',*,*,#1988,.T.);
#2677=ORIENTED_EDGE('',*,*,#1749,.F.);
#2678=ORIENTED_EDGE('',*,*,#1989,.T.);
#2679=ORIENTED_EDGE('',*,*,#1990,.T.);
#2680=ORIENTED_EDGE('',*,*,#1991,.T.);
#2681=ORIENTED_EDGE('',*,*,#1992,.T.);
#2682=ORIENTED_EDGE('',*,*,#1993,.T.);
#2683=ORIENTED_EDGE('',*,*,#1994,.T.);
#2684=ORIENTED_EDGE('',*,*,#1995,.T.);
#2685=ORIENTED_EDGE('',*,*,#1996,.T.);
#2686=ORIENTED_EDGE('',*,*,#1997,.T.);
#2687=ORIENTED_EDGE('',*,*,#1998,.T.);
#2688=ORIENTED_EDGE('',*,*,#1999,.T.);
#2689=ORIENTED_EDGE('',*,*,#2000,.T.);
#2690=ORIENTED_EDGE('',*,*,#2001,.T.);
#2691=ORIENTED_EDGE('',*,*,#2002,.T.);
#2692=ORIENTED_EDGE('',*,*,#2003,.T.);
#2693=ORIENTED_EDGE('',*,*,#2004,.T.);
#2694=ORIENTED_EDGE('',*,*,#2005,.T.);
#2695=ORIENTED_EDGE('',*,*,#2006,.T.);
#2696=ORIENTED_EDGE('',*,*,#2007,.T.);
#2697=ORIENTED_EDGE('',*,*,#2008,.T.);
#2698=ORIENTED_EDGE('',*,*,#1975,.T.);
#2699=ORIENTED_EDGE('',*,*,#1969,.T.);
#2700=ORIENTED_EDGE('',*,*,#2009,.F.);
#2701=ORIENTED_EDGE('',*,*,#1831,.T.);
#2702=ORIENTED_EDGE('',*,*,#2010,.T.);
#2703=ORIENTED_EDGE('',*,*,#2011,.T.);
#2704=ORIENTED_EDGE('',*,*,#2012,.T.);
#2705=ORIENTED_EDGE('',*,*,#1980,.F.);
#2706=ORIENTED_EDGE('',*,*,#1888,.F.);
#2707=ORIENTED_EDGE('',*,*,#1817,.F.);
#2708=ORIENTED_EDGE('',*,*,#1886,.T.);
#2709=ORIENTED_EDGE('',*,*,#1883,.F.);
#2710=ORIENTED_EDGE('',*,*,#2013,.T.);
#2711=ORIENTED_EDGE('',*,*,#1840,.T.);
#2712=ORIENTED_EDGE('',*,*,#1844,.T.);
#2713=ORIENTED_EDGE('',*,*,#1848,.T.);
#2714=ORIENTED_EDGE('',*,*,#1872,.F.);
#2715=ORIENTED_EDGE('',*,*,#1737,.T.);
#2716=ORIENTED_EDGE('',*,*,#1841,.T.);
#2717=ORIENTED_EDGE('',*,*,#2013,.F.);
#2718=ORIENTED_EDGE('',*,*,#1846,.F.);
#2719=ORIENTED_EDGE('',*,*,#1871,.F.);
#2720=ORIENTED_EDGE('',*,*,#1850,.T.);
#2721=ORIENTED_EDGE('',*,*,#1873,.F.);
#2722=ORIENTED_EDGE('',*,*,#1853,.F.);
#2723=ORIENTED_EDGE('',*,*,#1836,.F.);
#2724=ORIENTED_EDGE('',*,*,#1858,.T.);
#2725=ORIENTED_EDGE('',*,*,#1879,.F.);
#2726=ORIENTED_EDGE('',*,*,#1863,.F.);
#2727=ORIENTED_EDGE('',*,*,#1878,.F.);
#2728=ORIENTED_EDGE('',*,*,#2014,.F.);
#2729=ORIENTED_EDGE('',*,*,#2015,.F.);
#2730=ORIENTED_EDGE('',*,*,#1877,.F.);
#2731=ORIENTED_EDGE('',*,*,#2016,.F.);
#2732=ORIENTED_EDGE('',*,*,#2017,.F.);
#2733=ORIENTED_EDGE('',*,*,#2018,.F.);
#2734=ORIENTED_EDGE('',*,*,#1875,.T.);
#2735=ORIENTED_EDGE('',*,*,#2019,.F.);
#2736=ORIENTED_EDGE('',*,*,#2020,.F.);
#2737=ORIENTED_EDGE('',*,*,#2021,.F.);
#2738=ORIENTED_EDGE('',*,*,#1868,.T.);
#2739=ORIENTED_EDGE('',*,*,#2022,.F.);
#2740=ORIENTED_EDGE('',*,*,#2023,.F.);
#2741=ORIENTED_EDGE('',*,*,#2024,.F.);
#2742=ORIENTED_EDGE('',*,*,#1870,.F.);
#2743=ORIENTED_EDGE('',*,*,#2025,.F.);
#2744=ORIENTED_EDGE('',*,*,#2026,.T.);
#2745=ORIENTED_EDGE('',*,*,#2027,.F.);
#2746=ORIENTED_EDGE('',*,*,#1981,.F.);
#2747=ORIENTED_EDGE('',*,*,#2012,.F.);
#2748=ORIENTED_EDGE('',*,*,#2028,.T.);
#2749=ORIENTED_EDGE('',*,*,#2019,.T.);
#2750=ORIENTED_EDGE('',*,*,#1874,.T.);
#2751=ORIENTED_EDGE('',*,*,#2015,.T.);
#2752=ORIENTED_EDGE('',*,*,#2017,.T.);
#2753=ORIENTED_EDGE('',*,*,#2028,.F.);
#2754=ORIENTED_EDGE('',*,*,#2011,.F.);
#2755=ORIENTED_EDGE('',*,*,#2029,.F.);
#2756=ORIENTED_EDGE('',*,*,#2030,.T.);
#2757=ORIENTED_EDGE('',*,*,#2031,.F.);
#2758=ORIENTED_EDGE('',*,*,#1781,.F.);
#2759=ORIENTED_EDGE('',*,*,#2032,.F.);
#2760=ORIENTED_EDGE('',*,*,#2033,.T.);
#2761=ORIENTED_EDGE('',*,*,#2016,.T.);
#2762=ORIENTED_EDGE('',*,*,#1876,.T.);
#2763=ORIENTED_EDGE('',*,*,#2018,.T.);
#2764=ORIENTED_EDGE('',*,*,#2029,.T.);
#2765=ORIENTED_EDGE('',*,*,#2010,.F.);
#2766=ORIENTED_EDGE('',*,*,#1830,.F.);
#2767=ORIENTED_EDGE('',*,*,#2034,.F.);
#2768=ORIENTED_EDGE('',*,*,#2035,.T.);
#2769=ORIENTED_EDGE('',*,*,#2025,.T.);
#2770=ORIENTED_EDGE('',*,*,#1869,.T.);
#2771=ORIENTED_EDGE('',*,*,#2021,.T.);
#2772=ORIENTED_EDGE('',*,*,#1689,.T.);
#2773=ORIENTED_EDGE('',*,*,#2023,.T.);
#2774=ORIENTED_EDGE('',*,*,#2035,.F.);
#2775=ORIENTED_EDGE('',*,*,#2036,.F.);
#2776=ORIENTED_EDGE('',*,*,#2037,.F.);
#2777=ORIENTED_EDGE('',*,*,#1957,.F.);
#2778=ORIENTED_EDGE('',*,*,#1935,.T.);
#2779=ORIENTED_EDGE('',*,*,#2038,.F.);
#2780=ORIENTED_EDGE('',*,*,#2039,.F.);
#2781=ORIENTED_EDGE('',*,*,#1945,.T.);
#2782=ORIENTED_EDGE('',*,*,#1783,.T.);
#2783=ORIENTED_EDGE('',*,*,#2040,.F.);
#2784=ORIENTED_EDGE('',*,*,#2041,.F.);
#2785=ORIENTED_EDGE('',*,*,#2038,.T.);
#2786=ORIENTED_EDGE('',*,*,#1934,.T.);
#2787=ORIENTED_EDGE('',*,*,#2042,.F.);
#2788=ORIENTED_EDGE('',*,*,#1983,.F.);
#2789=ORIENTED_EDGE('',*,*,#1960,.F.);
#2790=ORIENTED_EDGE('',*,*,#1919,.F.);
#2791=ORIENTED_EDGE('',*,*,#1955,.T.);
#2792=ORIENTED_EDGE('',*,*,#1797,.T.);
#2793=ORIENTED_EDGE('',*,*,#1978,.F.);
#2794=ORIENTED_EDGE('',*,*,#1984,.F.);
#2795=ORIENTED_EDGE('',*,*,#2042,.T.);
#2796=ORIENTED_EDGE('',*,*,#1918,.T.);
#2797=ORIENTED_EDGE('',*,*,#1971,.T.);
#2798=ORIENTED_EDGE('',*,*,#2043,.F.);
#2799=ORIENTED_EDGE('',*,*,#1794,.T.);
#2800=ORIENTED_EDGE('',*,*,#1959,.T.);
#2801=ORIENTED_EDGE('',*,*,#2044,.F.);
#2802=ORIENTED_EDGE('',*,*,#1963,.T.);
#2803=ORIENTED_EDGE('',*,*,#1962,.T.);
#2804=ORIENTED_EDGE('',*,*,#1982,.F.);
#2805=ORIENTED_EDGE('',*,*,#2027,.T.);
#2806=ORIENTED_EDGE('',*,*,#2045,.T.);
#2807=ORIENTED_EDGE('',*,*,#2032,.T.);
#2808=ORIENTED_EDGE('',*,*,#1780,.F.);
#2809=ORIENTED_EDGE('',*,*,#2046,.F.);
#2810=ORIENTED_EDGE('',*,*,#2047,.F.);
#2811=ORIENTED_EDGE('',*,*,#2048,.F.);
#2812=ORIENTED_EDGE('',*,*,#2049,.F.);
#2813=ORIENTED_EDGE('',*,*,#2050,.F.);
#2814=ORIENTED_EDGE('',*,*,#2020,.T.);
#2815=ORIENTED_EDGE('',*,*,#2051,.F.);
#2816=ORIENTED_EDGE('',*,*,#2052,.F.);
#2817=ORIENTED_EDGE('',*,*,#2030,.F.);
#2818=ORIENTED_EDGE('',*,*,#2014,.T.);
#2819=ORIENTED_EDGE('',*,*,#2033,.F.);
#2820=ORIENTED_EDGE('',*,*,#2045,.F.);
#2821=ORIENTED_EDGE('',*,*,#2026,.F.);
#2822=ORIENTED_EDGE('',*,*,#2053,.F.);
#2823=ORIENTED_EDGE('',*,*,#2054,.F.);
#2824=ORIENTED_EDGE('',*,*,#2051,.T.);
#2825=ORIENTED_EDGE('',*,*,#2022,.T.);
#2826=ORIENTED_EDGE('',*,*,#1867,.T.);
#2827=ORIENTED_EDGE('',*,*,#2024,.T.);
#2828=ORIENTED_EDGE('',*,*,#2037,.T.);
#2829=ORIENTED_EDGE('',*,*,#2055,.F.);
#2830=ORIENTED_EDGE('',*,*,#2040,.T.);
#2831=ORIENTED_EDGE('',*,*,#1782,.T.);
#2832=ORIENTED_EDGE('',*,*,#2031,.T.);
#2833=ORIENTED_EDGE('',*,*,#2052,.T.);
#2834=ORIENTED_EDGE('',*,*,#2054,.T.);
#2835=ORIENTED_EDGE('',*,*,#2056,.F.);
#2836=ORIENTED_EDGE('',*,*,#1714,.T.);
#2837=ORIENTED_EDGE('',*,*,#2057,.T.);
#2838=ORIENTED_EDGE('',*,*,#1985,.T.);
#2839=ORIENTED_EDGE('',*,*,#1755,.T.);
#2840=ORIENTED_EDGE('',*,*,#1721,.T.);
#2841=ORIENTED_EDGE('',*,*,#2058,.F.);
#2842=ORIENTED_EDGE('',*,*,#1986,.F.);
#2843=ORIENTED_EDGE('',*,*,#2057,.F.);
#2844=ORIENTED_EDGE('',*,*,#1719,.T.);
#2845=ORIENTED_EDGE('',*,*,#1750,.F.);
#2846=ORIENTED_EDGE('',*,*,#1988,.F.);
#2847=ORIENTED_EDGE('',*,*,#2059,.F.);
#2848=ORIENTED_EDGE('',*,*,#1720,.T.);
#2849=ORIENTED_EDGE('',*,*,#2059,.T.);
#2850=ORIENTED_EDGE('',*,*,#1987,.T.);
#2851=ORIENTED_EDGE('',*,*,#2058,.T.);
#2852=ORIENTED_EDGE('',*,*,#1727,.T.);
#2853=ORIENTED_EDGE('',*,*,#1759,.F.);
#2854=ORIENTED_EDGE('',*,*,#2060,.F.);
#2855=ORIENTED_EDGE('',*,*,#2061,.F.);
#2856=ORIENTED_EDGE('',*,*,#1728,.T.);
#2857=ORIENTED_EDGE('',*,*,#2061,.T.);
#2858=ORIENTED_EDGE('',*,*,#2062,.T.);
#2859=ORIENTED_EDGE('',*,*,#2063,.T.);
#2860=ORIENTED_EDGE('',*,*,#1722,.T.);
#2861=ORIENTED_EDGE('',*,*,#2064,.T.);
#2862=ORIENTED_EDGE('',*,*,#2065,.T.);
#2863=ORIENTED_EDGE('',*,*,#1764,.T.);
#2864=ORIENTED_EDGE('',*,*,#1729,.T.);
#2865=ORIENTED_EDGE('',*,*,#2063,.F.);
#2866=ORIENTED_EDGE('',*,*,#2066,.F.);
#2867=ORIENTED_EDGE('',*,*,#2064,.F.);
#2868=ORIENTED_EDGE('',*,*,#1774,.T.);
#2869=ORIENTED_EDGE('',*,*,#1814,.F.);
#2870=ORIENTED_EDGE('',*,*,#1769,.F.);
#2871=ORIENTED_EDGE('',*,*,#1775,.T.);
#2872=ORIENTED_EDGE('',*,*,#1704,.T.);
#2873=ORIENTED_EDGE('',*,*,#1732,.T.);
#2874=ORIENTED_EDGE('',*,*,#1776,.F.);
#2875=ORIENTED_EDGE('',*,*,#1766,.F.);
#2876=ORIENTED_EDGE('',*,*,#1698,.T.);
#2877=ORIENTED_EDGE('',*,*,#1695,.T.);
#2878=ORIENTED_EDGE('',*,*,#1735,.F.);
#2879=ORIENTED_EDGE('',*,*,#1839,.T.);
#2880=ORIENTED_EDGE('',*,*,#1837,.T.);
#2881=ORIENTED_EDGE('',*,*,#2067,.F.);
#2882=ORIENTED_EDGE('',*,*,#2068,.T.);
#2883=ORIENTED_EDGE('',*,*,#2047,.T.);
#2884=ORIENTED_EDGE('',*,*,#2068,.F.);
#2885=ORIENTED_EDGE('',*,*,#2069,.F.);
#2886=ORIENTED_EDGE('',*,*,#2070,.T.);
#2887=ORIENTED_EDGE('',*,*,#2048,.T.);
#2888=ORIENTED_EDGE('',*,*,#2070,.F.);
#2889=ORIENTED_EDGE('',*,*,#2071,.F.);
#2890=ORIENTED_EDGE('',*,*,#2072,.T.);
#2891=ORIENTED_EDGE('',*,*,#2049,.T.);
#2892=ORIENTED_EDGE('',*,*,#2072,.F.);
#2893=ORIENTED_EDGE('',*,*,#2073,.F.);
#2894=ORIENTED_EDGE('',*,*,#2074,.F.);
#2895=ORIENTED_EDGE('',*,*,#2075,.F.);
#2896=ORIENTED_EDGE('',*,*,#2076,.T.);
#2897=ORIENTED_EDGE('',*,*,#2077,.F.);
#2898=ORIENTED_EDGE('',*,*,#2078,.T.);
#2899=ORIENTED_EDGE('',*,*,#2079,.F.);
#2900=ORIENTED_EDGE('',*,*,#2080,.F.);
#2901=ORIENTED_EDGE('',*,*,#2081,.F.);
#2902=ORIENTED_EDGE('',*,*,#2082,.T.);
#2903=ORIENTED_EDGE('',*,*,#2083,.F.);
#2904=ORIENTED_EDGE('',*,*,#2084,.F.);
#2905=ORIENTED_EDGE('',*,*,#2085,.F.);
#2906=ORIENTED_EDGE('',*,*,#2086,.T.);
#2907=ORIENTED_EDGE('',*,*,#2087,.F.);
#2908=ORIENTED_EDGE('',*,*,#2088,.F.);
#2909=ORIENTED_EDGE('',*,*,#2008,.F.);
#2910=ORIENTED_EDGE('',*,*,#2089,.T.);
#2911=ORIENTED_EDGE('',*,*,#2090,.F.);
#2912=ORIENTED_EDGE('',*,*,#2091,.F.);
#2913=ORIENTED_EDGE('',*,*,#2004,.F.);
#2914=ORIENTED_EDGE('',*,*,#2092,.T.);
#2915=ORIENTED_EDGE('',*,*,#2093,.F.);
#2916=ORIENTED_EDGE('',*,*,#2094,.F.);
#2917=ORIENTED_EDGE('',*,*,#2000,.F.);
#2918=ORIENTED_EDGE('',*,*,#2095,.T.);
#2919=ORIENTED_EDGE('',*,*,#2096,.F.);
#2920=ORIENTED_EDGE('',*,*,#2097,.F.);
#2921=ORIENTED_EDGE('',*,*,#1996,.F.);
#2922=ORIENTED_EDGE('',*,*,#2098,.T.);
#2923=ORIENTED_EDGE('',*,*,#2099,.F.);
#2924=ORIENTED_EDGE('',*,*,#2100,.F.);
#2925=ORIENTED_EDGE('',*,*,#2101,.F.);
#2926=ORIENTED_EDGE('',*,*,#2102,.T.);
#2927=ORIENTED_EDGE('',*,*,#2103,.F.);
#2928=ORIENTED_EDGE('',*,*,#2078,.F.);
#2929=ORIENTED_EDGE('',*,*,#1991,.F.);
#2930=ORIENTED_EDGE('',*,*,#2104,.T.);
#2931=ORIENTED_EDGE('',*,*,#2105,.F.);
#2932=ORIENTED_EDGE('',*,*,#2106,.F.);
#2933=ORIENTED_EDGE('',*,*,#1995,.F.);
#2934=ORIENTED_EDGE('',*,*,#2107,.T.);
#2935=ORIENTED_EDGE('',*,*,#2108,.F.);
#2936=ORIENTED_EDGE('',*,*,#2098,.F.);
#2937=ORIENTED_EDGE('',*,*,#1999,.F.);
#2938=ORIENTED_EDGE('',*,*,#2109,.T.);
#2939=ORIENTED_EDGE('',*,*,#2110,.F.);
#2940=ORIENTED_EDGE('',*,*,#2095,.F.);
#2941=ORIENTED_EDGE('',*,*,#2003,.F.);
#2942=ORIENTED_EDGE('',*,*,#2111,.T.);
#2943=ORIENTED_EDGE('',*,*,#2112,.F.);
#2944=ORIENTED_EDGE('',*,*,#2092,.F.);
#2945=ORIENTED_EDGE('',*,*,#2007,.F.);
#2946=ORIENTED_EDGE('',*,*,#2113,.T.);
#2947=ORIENTED_EDGE('',*,*,#2114,.F.);
#2948=ORIENTED_EDGE('',*,*,#2089,.F.);
#2949=ORIENTED_EDGE('',*,*,#2115,.F.);
#2950=ORIENTED_EDGE('',*,*,#2116,.T.);
#2951=ORIENTED_EDGE('',*,*,#2117,.F.);
#2952=ORIENTED_EDGE('',*,*,#2086,.F.);
#2953=ORIENTED_EDGE('',*,*,#2118,.F.);
#2954=ORIENTED_EDGE('',*,*,#2119,.T.);
#2955=ORIENTED_EDGE('',*,*,#2120,.F.);
#2956=ORIENTED_EDGE('',*,*,#2082,.F.);
#2957=ORIENTED_EDGE('',*,*,#2121,.F.);
#2958=ORIENTED_EDGE('',*,*,#2076,.F.);
#2959=ORIENTED_EDGE('',*,*,#2122,.F.);
#2960=ORIENTED_EDGE('',*,*,#2123,.T.);
#2961=ORIENTED_EDGE('',*,*,#1992,.F.);
#2962=ORIENTED_EDGE('',*,*,#2106,.T.);
#2963=ORIENTED_EDGE('',*,*,#2124,.F.);
#2964=ORIENTED_EDGE('',*,*,#2125,.F.);
#2965=ORIENTED_EDGE('',*,*,#2005,.F.);
#2966=ORIENTED_EDGE('',*,*,#2091,.T.);
#2967=ORIENTED_EDGE('',*,*,#2126,.F.);
#2968=ORIENTED_EDGE('',*,*,#2127,.F.);
#2969=ORIENTED_EDGE('',*,*,#2001,.F.);
#2970=ORIENTED_EDGE('',*,*,#2094,.T.);
#2971=ORIENTED_EDGE('',*,*,#2128,.F.);
#2972=ORIENTED_EDGE('',*,*,#2129,.F.);
#2973=ORIENTED_EDGE('',*,*,#1997,.F.);
#2974=ORIENTED_EDGE('',*,*,#2097,.T.);
#2975=ORIENTED_EDGE('',*,*,#2130,.F.);
#2976=ORIENTED_EDGE('',*,*,#2131,.F.);
#2977=ORIENTED_EDGE('',*,*,#1993,.F.);
#2978=ORIENTED_EDGE('',*,*,#2100,.T.);
#2979=ORIENTED_EDGE('',*,*,#2132,.F.);
#2980=ORIENTED_EDGE('',*,*,#2133,.F.);
#2981=ORIENTED_EDGE('',*,*,#1989,.F.);
#2982=ORIENTED_EDGE('',*,*,#2125,.T.);
#2983=ORIENTED_EDGE('',*,*,#2134,.F.);
#2984=ORIENTED_EDGE('',*,*,#2135,.F.);
#2985=ORIENTED_EDGE('',*,*,#2136,.F.);
#2986=ORIENTED_EDGE('',*,*,#2080,.T.);
#2987=ORIENTED_EDGE('',*,*,#2137,.F.);
#2988=ORIENTED_EDGE('',*,*,#2138,.F.);
#2989=ORIENTED_EDGE('',*,*,#2139,.F.);
#2990=ORIENTED_EDGE('',*,*,#2084,.T.);
#2991=ORIENTED_EDGE('',*,*,#2140,.F.);
#2992=ORIENTED_EDGE('',*,*,#2141,.F.);
#2993=ORIENTED_EDGE('',*,*,#2142,.F.);
#2994=ORIENTED_EDGE('',*,*,#2088,.T.);
#2995=ORIENTED_EDGE('',*,*,#2143,.F.);
#2996=ORIENTED_EDGE('',*,*,#2144,.F.);
#2997=ORIENTED_EDGE('',*,*,#2145,.F.);
#2998=ORIENTED_EDGE('',*,*,#2123,.F.);
#2999=ORIENTED_EDGE('',*,*,#2146,.F.);
#3000=ORIENTED_EDGE('',*,*,#2147,.T.);
#3001=ORIENTED_EDGE('',*,*,#2148,.F.);
#3002=ORIENTED_EDGE('',*,*,#2147,.F.);
#3003=ORIENTED_EDGE('',*,*,#2149,.F.);
#3004=ORIENTED_EDGE('',*,*,#2074,.T.);
#3005=ORIENTED_EDGE('',*,*,#2150,.F.);
#3006=ORIENTED_EDGE('',*,*,#2138,.T.);
#3007=ORIENTED_EDGE('',*,*,#2151,.F.);
#3008=ORIENTED_EDGE('',*,*,#2102,.F.);
#3009=ORIENTED_EDGE('',*,*,#1990,.F.);
#3010=ORIENTED_EDGE('',*,*,#2135,.T.);
#3011=ORIENTED_EDGE('',*,*,#2152,.F.);
#3012=ORIENTED_EDGE('',*,*,#2104,.F.);
#3013=ORIENTED_EDGE('',*,*,#1994,.F.);
#3014=ORIENTED_EDGE('',*,*,#2133,.T.);
#3015=ORIENTED_EDGE('',*,*,#2153,.F.);
#3016=ORIENTED_EDGE('',*,*,#2107,.F.);
#3017=ORIENTED_EDGE('',*,*,#1998,.F.);
#3018=ORIENTED_EDGE('',*,*,#2131,.T.);
#3019=ORIENTED_EDGE('',*,*,#2154,.F.);
#3020=ORIENTED_EDGE('',*,*,#2109,.F.);
#3021=ORIENTED_EDGE('',*,*,#2002,.F.);
#3022=ORIENTED_EDGE('',*,*,#2129,.T.);
#3023=ORIENTED_EDGE('',*,*,#2155,.F.);
#3024=ORIENTED_EDGE('',*,*,#2111,.F.);
#3025=ORIENTED_EDGE('',*,*,#2006,.F.);
#3026=ORIENTED_EDGE('',*,*,#2127,.T.);
#3027=ORIENTED_EDGE('',*,*,#2156,.F.);
#3028=ORIENTED_EDGE('',*,*,#2113,.F.);
#3029=ORIENTED_EDGE('',*,*,#2157,.F.);
#3030=ORIENTED_EDGE('',*,*,#2144,.T.);
#3031=ORIENTED_EDGE('',*,*,#2158,.F.);
#3032=ORIENTED_EDGE('',*,*,#2116,.F.);
#3033=ORIENTED_EDGE('',*,*,#2159,.F.);
#3034=ORIENTED_EDGE('',*,*,#2141,.T.);
#3035=ORIENTED_EDGE('',*,*,#2160,.F.);
#3036=ORIENTED_EDGE('',*,*,#2119,.F.);
#3037=ORIENTED_EDGE('',*,*,#1964,.T.);
#3038=ORIENTED_EDGE('',*,*,#2044,.T.);
#3039=ORIENTED_EDGE('',*,*,#1958,.T.);
#3040=ORIENTED_EDGE('',*,*,#2039,.T.);
#3041=ORIENTED_EDGE('',*,*,#2041,.T.);
#3042=ORIENTED_EDGE('',*,*,#2056,.T.);
#3043=ORIENTED_EDGE('',*,*,#2053,.T.);
#3044=ORIENTED_EDGE('',*,*,#2161,.T.);
#3045=ORIENTED_EDGE('',*,*,#1761,.T.);
#3046=ORIENTED_EDGE('',*,*,#1763,.F.);
#3047=ORIENTED_EDGE('',*,*,#1765,.T.);
#3048=ORIENTED_EDGE('',*,*,#2065,.F.);
#3049=ORIENTED_EDGE('',*,*,#2066,.T.);
#3050=ORIENTED_EDGE('',*,*,#2062,.F.);
#3051=ORIENTED_EDGE('',*,*,#2060,.T.);
#3052=ORIENTED_EDGE('',*,*,#1758,.F.);
#3053=ORIENTED_EDGE('',*,*,#2122,.T.);
#3054=ORIENTED_EDGE('',*,*,#2075,.T.);
#3055=ORIENTED_EDGE('',*,*,#2149,.T.);
#3056=ORIENTED_EDGE('',*,*,#2146,.T.);
#3057=ORIENTED_EDGE('',*,*,#2142,.T.);
#3058=ORIENTED_EDGE('',*,*,#2157,.T.);
#3059=ORIENTED_EDGE('',*,*,#2115,.T.);
#3060=ORIENTED_EDGE('',*,*,#2085,.T.);
#3061=ORIENTED_EDGE('',*,*,#2139,.T.);
#3062=ORIENTED_EDGE('',*,*,#2159,.T.);
#3063=ORIENTED_EDGE('',*,*,#2118,.T.);
#3064=ORIENTED_EDGE('',*,*,#2081,.T.);
#3065=ORIENTED_EDGE('',*,*,#2136,.T.);
#3066=ORIENTED_EDGE('',*,*,#2150,.T.);
#3067=ORIENTED_EDGE('',*,*,#2101,.T.);
#3068=ORIENTED_EDGE('',*,*,#2077,.T.);
#3069=ORIENTED_EDGE('',*,*,#2162,.T.);
#3070=ORIENTED_EDGE('',*,*,#2163,.T.);
#3071=ORIENTED_EDGE('',*,*,#2164,.T.);
#3072=ORIENTED_EDGE('',*,*,#2165,.T.);
#3073=ORIENTED_EDGE('',*,*,#2166,.F.);
#3074=ORIENTED_EDGE('',*,*,#2167,.F.);
#3075=ORIENTED_EDGE('',*,*,#2164,.F.);
#3076=ORIENTED_EDGE('',*,*,#2168,.T.);
#3077=ORIENTED_EDGE('',*,*,#2169,.F.);
#3078=ORIENTED_EDGE('',*,*,#2170,.F.);
#3079=ORIENTED_EDGE('',*,*,#2165,.F.);
#3080=ORIENTED_EDGE('',*,*,#2167,.T.);
#3081=ORIENTED_EDGE('',*,*,#2171,.F.);
#3082=ORIENTED_EDGE('',*,*,#2168,.F.);
#3083=ORIENTED_EDGE('',*,*,#2163,.F.);
#3084=ORIENTED_EDGE('',*,*,#2172,.T.);
#3085=ORIENTED_EDGE('',*,*,#2173,.F.);
#3086=ORIENTED_EDGE('',*,*,#2172,.F.);
#3087=ORIENTED_EDGE('',*,*,#2162,.F.);
#3088=ORIENTED_EDGE('',*,*,#2170,.T.);
#3089=ORIENTED_EDGE('',*,*,#1965,.T.);
#3090=ORIENTED_EDGE('',*,*,#2161,.F.);
#3091=ORIENTED_EDGE('',*,*,#2055,.T.);
#3092=ORIENTED_EDGE('',*,*,#2036,.T.);
#3093=ORIENTED_EDGE('',*,*,#2034,.T.);
#3094=ORIENTED_EDGE('',*,*,#1833,.F.);
#3095=ORIENTED_EDGE('',*,*,#2174,.F.);
#3096=ORIENTED_EDGE('',*,*,#1972,.T.);
#3097=ORIENTED_EDGE('',*,*,#1979,.T.);
#3098=ORIENTED_EDGE('',*,*,#1795,.T.);
#3099=ORIENTED_EDGE('',*,*,#2043,.T.);
#3100=ORIENTED_EDGE('',*,*,#1973,.T.);
#3101=ORIENTED_EDGE('',*,*,#2174,.T.);
#3102=ORIENTED_EDGE('',*,*,#1832,.T.);
#3103=ORIENTED_EDGE('',*,*,#2009,.T.);
#3104=ORIENTED_EDGE('',*,*,#1968,.T.);
#3105=ORIENTED_EDGE('',*,*,#2175,.T.);
#3106=ORIENTED_EDGE('',*,*,#2071,.T.);
#3107=ORIENTED_EDGE('',*,*,#2069,.T.);
#3108=ORIENTED_EDGE('',*,*,#2067,.T.);
#3109=ORIENTED_EDGE('',*,*,#1697,.F.);
#3110=ORIENTED_EDGE('',*,*,#2176,.F.);
#3111=ORIENTED_EDGE('',*,*,#2176,.T.);
#3112=ORIENTED_EDGE('',*,*,#2177,.T.);
#3113=ORIENTED_EDGE('',*,*,#2046,.T.);
#3114=ORIENTED_EDGE('',*,*,#2177,.F.);
#3115=ORIENTED_EDGE('',*,*,#2145,.T.);
#3116=ORIENTED_EDGE('',*,*,#2148,.T.);
#3117=ORIENTED_EDGE('',*,*,#2073,.T.);
#3118=ORIENTED_EDGE('',*,*,#2121,.T.);
#3119=ORIENTED_EDGE('',*,*,#2137,.T.);
#3120=ORIENTED_EDGE('',*,*,#2079,.T.);
#3121=ORIENTED_EDGE('',*,*,#2103,.T.);
#3122=ORIENTED_EDGE('',*,*,#2151,.T.);
#3123=ORIENTED_EDGE('',*,*,#2140,.T.);
#3124=ORIENTED_EDGE('',*,*,#2083,.T.);
#3125=ORIENTED_EDGE('',*,*,#2120,.T.);
#3126=ORIENTED_EDGE('',*,*,#2160,.T.);
#3127=ORIENTED_EDGE('',*,*,#2143,.T.);
#3128=ORIENTED_EDGE('',*,*,#2087,.T.);
#3129=ORIENTED_EDGE('',*,*,#2117,.T.);
#3130=ORIENTED_EDGE('',*,*,#2158,.T.);
#3131=ORIENTED_EDGE('',*,*,#2126,.T.);
#3132=ORIENTED_EDGE('',*,*,#2090,.T.);
#3133=ORIENTED_EDGE('',*,*,#2114,.T.);
#3134=ORIENTED_EDGE('',*,*,#2156,.T.);
#3135=ORIENTED_EDGE('',*,*,#2128,.T.);
#3136=ORIENTED_EDGE('',*,*,#2093,.T.);
#3137=ORIENTED_EDGE('',*,*,#2112,.T.);
#3138=ORIENTED_EDGE('',*,*,#2155,.T.);
#3139=ORIENTED_EDGE('',*,*,#2130,.T.);
#3140=ORIENTED_EDGE('',*,*,#2096,.T.);
#3141=ORIENTED_EDGE('',*,*,#2110,.T.);
#3142=ORIENTED_EDGE('',*,*,#2154,.T.);
#3143=ORIENTED_EDGE('',*,*,#2132,.T.);
#3144=ORIENTED_EDGE('',*,*,#2099,.T.);
#3145=ORIENTED_EDGE('',*,*,#2108,.T.);
#3146=ORIENTED_EDGE('',*,*,#2153,.T.);
#3147=ORIENTED_EDGE('',*,*,#2134,.T.);
#3148=ORIENTED_EDGE('',*,*,#2124,.T.);
#3149=ORIENTED_EDGE('',*,*,#2105,.T.);
#3150=ORIENTED_EDGE('',*,*,#2152,.T.);
#3151=ORIENTED_EDGE('',*,*,#2171,.T.);
#3152=ORIENTED_EDGE('',*,*,#2173,.T.);
#3153=ORIENTED_EDGE('',*,*,#2169,.T.);
#3154=ORIENTED_EDGE('',*,*,#2166,.T.);
#3155=ORIENTED_EDGE('',*,*,#2050,.T.);
#3156=ORIENTED_EDGE('',*,*,#2178,.T.);
#3157=ORIENTED_EDGE('',*,*,#2175,.F.);
#3158=ORIENTED_EDGE('',*,*,#2178,.F.);
#3159=CYLINDRICAL_SURFACE('',#3420,30.35);
#3160=CYLINDRICAL_SURFACE('',#3442,1.3);
#3161=CYLINDRICAL_SURFACE('',#3444,1.3);
#3162=CYLINDRICAL_SURFACE('',#3446,1.3);
#3163=CYLINDRICAL_SURFACE('',#3448,1.);
#3164=CYLINDRICAL_SURFACE('',#3451,1.);
#3165=CYLINDRICAL_SURFACE('',#3453,1.);
#3166=CYLINDRICAL_SURFACE('',#3456,1.);
#3167=CYLINDRICAL_SURFACE('',#3481,2.25);
#3168=CYLINDRICAL_SURFACE('',#3502,1.3);
#3169=CYLINDRICAL_SURFACE('',#3524,2.15);
#3170=CYLINDRICAL_SURFACE('',#3532,3.);
#3171=CYLINDRICAL_SURFACE('',#3534,3.);
#3172=CYLINDRICAL_SURFACE('',#3543,3.);
#3173=CYLINDRICAL_SURFACE('',#3545,3.);
#3174=CYLINDRICAL_SURFACE('',#3547,3.);
#3175=CYLINDRICAL_SURFACE('',#3548,3.);
#3176=CYLINDRICAL_SURFACE('',#3550,3.);
#3177=CYLINDRICAL_SURFACE('',#3551,3.);
#3178=CYLINDRICAL_SURFACE('',#3552,2.15);
#3179=CYLINDRICAL_SURFACE('',#3553,2.15);
#3180=CYLINDRICAL_SURFACE('',#3554,2.15);
#3181=CYLINDRICAL_SURFACE('',#3567,34.6057352390354);
#3182=CYLINDRICAL_SURFACE('',#3570,34.6057352390354);
#3183=CYLINDRICAL_SURFACE('',#3575,33.15);
#3184=CYLINDRICAL_SURFACE('',#3590,2.25);
#3185=CYLINDRICAL_SURFACE('',#3593,2.25);
#3186=CYLINDRICAL_SURFACE('',#3594,2.25);
#3187=CYLINDRICAL_SURFACE('',#3595,2.25);
#3188=CYLINDRICAL_SURFACE('',#3603,34.6057352390354);
#3189=CYLINDRICAL_SURFACE('',#3609,34.6057352390354);
#3190=CYLINDRICAL_SURFACE('',#3624,34.6057352390354);
#3191=CYLINDRICAL_SURFACE('',#3626,34.6057352390354);
#3192=CYLINDRICAL_SURFACE('',#3630,1.);
#3193=CYLINDRICAL_SURFACE('',#3633,1.);
#3194=CYLINDRICAL_SURFACE('',#3635,1.);
#3195=CYLINDRICAL_SURFACE('',#3636,1.);
#3196=CYLINDRICAL_SURFACE('',#3639,2.25);
#3197=CYLINDRICAL_SURFACE('',#3640,1.3);
#3198=CYLINDRICAL_SURFACE('',#3641,1.3);
#3199=CYLINDRICAL_SURFACE('',#3642,1.3);
#3200=CYLINDRICAL_SURFACE('',#3644,1.3);
#3201=CYLINDRICAL_SURFACE('',#3646,1.3);
#3202=CYLINDRICAL_SURFACE('',#3648,9997.0000041222);
#3203=CYLINDRICAL_SURFACE('',#3651,9997.0000041222);
#3204=CYLINDRICAL_SURFACE('',#3654,9997.0000041222);
#3205=CYLINDRICAL_SURFACE('',#3657,9997.0000041222);
#3206=CYLINDRICAL_SURFACE('',#3660,9997.0000041222);
#3207=CYLINDRICAL_SURFACE('',#3663,9997.0000041222);
#3208=CYLINDRICAL_SURFACE('',#3666,9997.0000041222);
#3209=CYLINDRICAL_SURFACE('',#3669,9997.0000041222);
#3210=CYLINDRICAL_SURFACE('',#3704,9997.0000041222);
#3211=CYLINDRICAL_SURFACE('',#3733,10002.9999958803);
#3212=CYLINDRICAL_SURFACE('',#3738,10002.9999958803);
#3213=CYLINDRICAL_SURFACE('',#3739,10002.9999958803);
#3214=CYLINDRICAL_SURFACE('',#3740,10002.9999958803);
#3215=CYLINDRICAL_SURFACE('',#3741,10002.9999958803);
#3216=CYLINDRICAL_SURFACE('',#3742,10002.9999958803);
#3217=CYLINDRICAL_SURFACE('',#3743,10002.9999958803);
#3218=CYLINDRICAL_SURFACE('',#3744,10002.9999958803);
#3219=CYLINDRICAL_SURFACE('',#3745,10002.9999958803);
#3220=CYLINDRICAL_SURFACE('',#3746,33.15);
#3221=CYLINDRICAL_SURFACE('',#3753,9997.0000041222);
#3222=CYLINDRICAL_SURFACE('',#3755,10002.9999958803);
#3223=CYLINDRICAL_SURFACE('',#3764,23.);
#3224=CYLINDRICAL_SURFACE('',#3765,14.25);
#3225=ADVANCED_FACE('',(#179,#121,#122,#123,#124,#125,#126),#3159,.F.);
#3226=ADVANCED_FACE('',(#180),#15,.F.);
#3227=ADVANCED_FACE('',(#181),#16,.F.);
#3228=ADVANCED_FACE('',(#182),#17,.F.);
#3229=ADVANCED_FACE('',(#183),#3160,.F.);
#3230=ADVANCED_FACE('',(#184),#3161,.F.);
#3231=ADVANCED_FACE('',(#185),#3162,.F.);
#3232=ADVANCED_FACE('',(#186),#3163,.F.);
#3233=ADVANCED_FACE('',(#187),#18,.T.);
#3234=ADVANCED_FACE('',(#188),#3164,.F.);
#3235=ADVANCED_FACE('',(#189),#19,.T.);
#3236=ADVANCED_FACE('',(#190),#3165,.F.);
#3237=ADVANCED_FACE('',(#191),#20,.F.);
#3238=ADVANCED_FACE('',(#192),#3166,.F.);
#3239=ADVANCED_FACE('',(#193),#21,.T.);
#3240=ADVANCED_FACE('',(#194),#22,.F.);
#3241=ADVANCED_FACE('',(#195),#23,.F.);
#3242=ADVANCED_FACE('',(#196),#24,.F.);
#3243=ADVANCED_FACE('',(#197,#127),#25,.F.);
#3244=ADVANCED_FACE('',(#198,#128,#129,#130,#131,#132,#133),#26,.T.);
#3245=ADVANCED_FACE('',(#199),#27,.F.);
#3246=ADVANCED_FACE('',(#200),#28,.F.);
#3247=ADVANCED_FACE('',(#201),#3167,.F.);
#3248=ADVANCED_FACE('',(#202,#134,#135),#29,.T.);
#3249=ADVANCED_FACE('',(#203),#30,.F.);
#3250=ADVANCED_FACE('',(#204,#136),#31,.T.);
#3251=ADVANCED_FACE('',(#205),#32,.F.);
#3252=ADVANCED_FACE('',(#206),#33,.F.);
#3253=ADVANCED_FACE('',(#207),#34,.F.);
#3254=ADVANCED_FACE('',(#208),#35,.F.);
#3255=ADVANCED_FACE('',(#209),#36,.F.);
#3256=ADVANCED_FACE('',(#210),#37,.F.);
#3257=ADVANCED_FACE('',(#211),#38,.F.);
#3258=ADVANCED_FACE('',(#212),#39,.F.);
#3259=ADVANCED_FACE('',(#213),#40,.F.);
#3260=ADVANCED_FACE('',(#214),#41,.F.);
#3261=ADVANCED_FACE('',(#215),#42,.F.);
#3262=ADVANCED_FACE('',(#216,#137),#43,.T.);
#3263=ADVANCED_FACE('',(#217),#3168,.F.);
#3264=ADVANCED_FACE('',(#218,#138),#44,.T.);
#3265=ADVANCED_FACE('',(#219,#139),#45,.T.);
#3266=ADVANCED_FACE('',(#220,#140),#46,.T.);
#3267=ADVANCED_FACE('',(#221),#47,.F.);
#3268=ADVANCED_FACE('',(#222),#48,.F.);
#3269=ADVANCED_FACE('',(#223,#141),#49,.T.);
#3270=ADVANCED_FACE('',(#224),#50,.F.);
#3271=ADVANCED_FACE('',(#225),#51,.F.);
#3272=ADVANCED_FACE('',(#226),#52,.F.);
#3273=ADVANCED_FACE('',(#227),#53,.F.);
#3274=ADVANCED_FACE('',(#228),#54,.F.);
#3275=ADVANCED_FACE('',(#229),#55,.F.);
#3276=ADVANCED_FACE('',(#230),#56,.F.);
#3277=ADVANCED_FACE('',(#231),#57,.F.);
#3278=ADVANCED_FACE('',(#232),#58,.F.);
#3279=ADVANCED_FACE('',(#233),#59,.F.);
#3280=ADVANCED_FACE('',(#234),#3169,.F.);
#3281=ADVANCED_FACE('',(#235,#142,#143),#60,.T.);
#3282=ADVANCED_FACE('',(#236),#3170,.T.);
#3283=ADVANCED_FACE('',(#237),#61,.T.);
#3284=ADVANCED_FACE('',(#238),#3171,.T.);
#3285=ADVANCED_FACE('',(#239),#62,.T.);
#3286=ADVANCED_FACE('',(#240,#144,#145),#63,.T.);
#3287=ADVANCED_FACE('',(#241),#3172,.T.);
#3288=ADVANCED_FACE('',(#242),#64,.T.);
#3289=ADVANCED_FACE('',(#243),#3173,.T.);
#3290=ADVANCED_FACE('',(#244),#65,.T.);
#3291=ADVANCED_FACE('',(#245),#3174,.T.);
#3292=ADVANCED_FACE('',(#246),#3175,.T.);
#3293=ADVANCED_FACE('',(#247),#66,.T.);
#3294=ADVANCED_FACE('',(#248),#3176,.T.);
#3295=ADVANCED_FACE('',(#249),#3177,.T.);
#3296=ADVANCED_FACE('',(#250),#3178,.F.);
#3297=ADVANCED_FACE('',(#251),#3179,.F.);
#3298=ADVANCED_FACE('',(#252),#3180,.F.);
#3299=ADVANCED_FACE('',(#253),#67,.T.);
#3300=ADVANCED_FACE('',(#254),#68,.T.);
#3301=ADVANCED_FACE('',(#255),#69,.T.);
#3302=ADVANCED_FACE('',(#256),#70,.T.);
#3303=ADVANCED_FACE('',(#257),#71,.T.);
#3304=ADVANCED_FACE('',(#258),#72,.T.);
#3305=ADVANCED_FACE('',(#259),#73,.F.);
#3306=ADVANCED_FACE('',(#260),#74,.F.);
#3307=ADVANCED_FACE('',(#261),#3181,.T.);
#3308=ADVANCED_FACE('',(#262),#3182,.T.);
#3309=ADVANCED_FACE('',(#263),#75,.F.);
#3310=ADVANCED_FACE('',(#264),#76,.T.);
#3311=ADVANCED_FACE('',(#265,#146,#147,#148,#149,#150,#151),#3183,.T.);
#3312=ADVANCED_FACE('',(#266),#77,.T.);
#3313=ADVANCED_FACE('',(#267),#3184,.F.);
#3314=ADVANCED_FACE('',(#268,#152),#78,.T.);
#3315=ADVANCED_FACE('',(#269),#3185,.F.);
#3316=ADVANCED_FACE('',(#270),#3186,.F.);
#3317=ADVANCED_FACE('',(#271),#3187,.F.);
#3318=ADVANCED_FACE('',(#272),#79,.T.);
#3319=ADVANCED_FACE('',(#273),#80,.T.);
#3320=ADVANCED_FACE('',(#274),#81,.T.);
#3321=ADVANCED_FACE('',(#275),#82,.T.);
#3322=ADVANCED_FACE('',(#276),#83,.F.);
#3323=ADVANCED_FACE('',(#277),#3188,.T.);
#3324=ADVANCED_FACE('',(#278,#153),#84,.T.);
#3325=ADVANCED_FACE('',(#279),#3189,.T.);
#3326=ADVANCED_FACE('',(#280),#85,.T.);
#3327=ADVANCED_FACE('',(#281),#86,.F.);
#3328=ADVANCED_FACE('',(#282),#87,.T.);
#3329=ADVANCED_FACE('',(#283),#88,.T.);
#3330=ADVANCED_FACE('',(#284),#89,.T.);
#3331=ADVANCED_FACE('',(#285),#90,.T.);
#3332=ADVANCED_FACE('',(#286,#154,#155,#156,#157),#91,.T.);
#3333=ADVANCED_FACE('',(#287),#3190,.T.);
#3334=ADVANCED_FACE('',(#288),#3191,.T.);
#3335=ADVANCED_FACE('',(#289),#92,.F.);
#3336=ADVANCED_FACE('',(#290),#93,.T.);
#3337=ADVANCED_FACE('',(#291),#3192,.F.);
#3338=ADVANCED_FACE('',(#292),#94,.T.);
#3339=ADVANCED_FACE('',(#293),#95,.F.);
#3340=ADVANCED_FACE('',(#294),#3193,.F.);
#3341=ADVANCED_FACE('',(#295),#96,.F.);
#3342=ADVANCED_FACE('',(#296),#3194,.F.);
#3343=ADVANCED_FACE('',(#297),#3195,.F.);
#3344=ADVANCED_FACE('',(#298),#97,.F.);
#3345=ADVANCED_FACE('',(#299),#3196,.F.);
#3346=ADVANCED_FACE('',(#300),#3197,.F.);
#3347=ADVANCED_FACE('',(#301),#3198,.F.);
#3348=ADVANCED_FACE('',(#302),#3199,.F.);
#3349=ADVANCED_FACE('',(#303),#3200,.F.);
#3350=ADVANCED_FACE('',(#304),#3201,.F.);
#3351=ADVANCED_FACE('',(#305),#3202,.T.);
#3352=ADVANCED_FACE('',(#306),#3203,.T.);
#3353=ADVANCED_FACE('',(#307),#3204,.T.);
#3354=ADVANCED_FACE('',(#308),#3205,.T.);
#3355=ADVANCED_FACE('',(#309),#3206,.T.);
#3356=ADVANCED_FACE('',(#310),#3207,.T.);
#3357=ADVANCED_FACE('',(#311),#3208,.T.);
#3358=ADVANCED_FACE('',(#312),#3209,.T.);
#3359=ADVANCED_FACE('',(#313),#98,.F.);
#3360=ADVANCED_FACE('',(#314),#99,.F.);
#3361=ADVANCED_FACE('',(#315),#100,.F.);
#3362=ADVANCED_FACE('',(#316),#101,.F.);
#3363=ADVANCED_FACE('',(#317),#102,.F.);
#3364=ADVANCED_FACE('',(#318),#103,.F.);
#3365=ADVANCED_FACE('',(#319),#104,.F.);
#3366=ADVANCED_FACE('',(#320),#105,.F.);
#3367=ADVANCED_FACE('',(#321),#106,.F.);
#3368=ADVANCED_FACE('',(#322),#3210,.T.);
#3369=ADVANCED_FACE('',(#323),#107,.F.);
#3370=ADVANCED_FACE('',(#324),#108,.F.);
#3371=ADVANCED_FACE('',(#325),#109,.F.);
#3372=ADVANCED_FACE('',(#326),#110,.F.);
#3373=ADVANCED_FACE('',(#327),#111,.F.);
#3374=ADVANCED_FACE('',(#328),#112,.F.);
#3375=ADVANCED_FACE('',(#329),#113,.F.);
#3376=ADVANCED_FACE('',(#330),#114,.F.);
#3377=ADVANCED_FACE('',(#331),#3211,.F.);
#3378=ADVANCED_FACE('',(#332),#115,.F.);
#3379=ADVANCED_FACE('',(#333),#3212,.F.);
#3380=ADVANCED_FACE('',(#334),#3213,.F.);
#3381=ADVANCED_FACE('',(#335),#3214,.F.);
#3382=ADVANCED_FACE('',(#336),#3215,.F.);
#3383=ADVANCED_FACE('',(#337),#3216,.F.);
#3384=ADVANCED_FACE('',(#338),#3217,.F.);
#3385=ADVANCED_FACE('',(#339),#3218,.F.);
#3386=ADVANCED_FACE('',(#340),#3219,.F.);
#3387=ADVANCED_FACE('',(#341,#158,#159,#160,#161,#162,#163),#3220,.T.);
#3388=ADVANCED_FACE('',(#342),#116,.F.);
#3389=ADVANCED_FACE('',(#343),#3221,.T.);
#3390=ADVANCED_FACE('',(#344),#3222,.F.);
#3391=ADVANCED_FACE('',(#345),#117,.F.);
#3392=ADVANCED_FACE('',(#346),#118,.T.);
#3393=ADVANCED_FACE('',(#347,#164,#165,#166,#167),#119,.T.);
#3394=ADVANCED_FACE('',(#348,#168),#120,.T.);
#3395=ADVANCED_FACE('',(#349,#169,#170,#171,#172,#173,#174,#175,#176,#177,
#178),#3223,.F.);
#3396=ADVANCED_FACE('',(#350),#3224,.F.);
#3397=CLOSED_SHELL('',(#3225,#3226,#3227,#3228,#3229,#3230,#3231,#3232,
#3233,#3234,#3235,#3236,#3237,#3238,#3239,#3240,#3241,#3242,#3243,#3244,
#3245,#3246,#3247,#3248,#3249,#3250,#3251,#3252,#3253,#3254,#3255,#3256,
#3257,#3258,#3259,#3260,#3261,#3262,#3263,#3264,#3265,#3266,#3267,#3268,
#3269,#3270,#3271,#3272,#3273,#3274,#3275,#3276,#3277,#3278,#3279,#3280,
#3281,#3282,#3283,#3284,#3285,#3286,#3287,#3288,#3289,#3290,#3291,#3292,
#3293,#3294,#3295,#3296,#3297,#3298,#3299,#3300,#3301,#3302,#3303,#3304,
#3305,#3306,#3307,#3308,#3309,#3310,#3311,#3312,#3313,#3314,#3315,#3316,
#3317,#3318,#3319,#3320,#3321,#3322,#3323,#3324,#3325,#3326,#3327,#3328,
#3329,#3330,#3331,#3332,#3333,#3334,#3335,#3336,#3337,#3338,#3339,#3340,
#3341,#3342,#3343,#3344,#3345,#3346,#3347,#3348,#3349,#3350,#3351,#3352,
#3353,#3354,#3355,#3356,#3357,#3358,#3359,#3360,#3361,#3362,#3363,#3364,
#3365,#3366,#3367,#3368,#3369,#3370,#3371,#3372,#3373,#3374,#3375,#3376,
#3377,#3378,#3379,#3380,#3381,#3382,#3383,#3384,#3385,#3386,#3387,#3388,
#3389,#3390,#3391,#3392,#3393,#3394,#3395,#3396));
#3398=DERIVED_UNIT_ELEMENT(#3401,1.);
#3399=DERIVED_UNIT_ELEMENT(#6048,-3.);
#3400=DIMENSIONAL_EXPONENTS(0.,1.,0.,0.,0.,0.,0.);
#3401=(
CONVERSION_BASED_UNIT('gram',#3403)
MASS_UNIT()
NAMED_UNIT(#3400)
);
#3402=(
MASS_UNIT()
NAMED_UNIT(*)
SI_UNIT(.KILO.,.GRAM.)
);
#3403=MASS_MEASURE_WITH_UNIT(MASS_MEASURE(0.001),#3402);
#3404=DERIVED_UNIT((#3398,#3399));
#3405=MEASURE_REPRESENTATION_ITEM('density measure',
POSITIVE_RATIO_MEASURE(1.),#3404);
#3406=PROPERTY_DEFINITION_REPRESENTATION(#3411,#3408);
#3407=PROPERTY_DEFINITION_REPRESENTATION(#3412,#3409);
#3408=REPRESENTATION('material name',(#3410),#6045);
#3409=REPRESENTATION('density',(#3405),#6045);
#3410=DESCRIPTIVE_REPRESENTATION_ITEM('Og\X\F3lny','Og\X\F3lny');
#3411=PROPERTY_DEFINITION('material property','material name',#6055);
#3412=PROPERTY_DEFINITION('material property','density of part',#6055);
#3413=DATE_TIME_ROLE('creation_date');
#3414=APPLIED_DATE_AND_TIME_ASSIGNMENT(#3415,#3413,(#6055));
#3415=DATE_AND_TIME(#3416,#3417);
#3416=CALENDAR_DATE(2026,3,8);
#3417=LOCAL_TIME(0,0,0.,#3418);
#3418=COORDINATED_UNIVERSAL_TIME_OFFSET(0,0,.BEHIND.);
#3419=AXIS2_PLACEMENT_3D('',#4752,#3766,#3767);
#3420=AXIS2_PLACEMENT_3D('',#4753,#3768,#3769);
#3421=AXIS2_PLACEMENT_3D('',#4755,#3770,#3771);
#3422=AXIS2_PLACEMENT_3D('',#4759,#3773,#3774);
#3423=AXIS2_PLACEMENT_3D('',#4779,#3776,#3777);
#3424=AXIS2_PLACEMENT_3D('',#4798,#3779,#3780);
#3425=AXIS2_PLACEMENT_3D('',#4814,#3781,#3782);
#3426=AXIS2_PLACEMENT_3D('',#4830,#3783,#3784);
#3427=AXIS2_PLACEMENT_3D('',#4833,#3785,#3786);
#3428=AXIS2_PLACEMENT_3D('',#4835,#3787,#3788);
#3429=AXIS2_PLACEMENT_3D('',#4865,#3789,#3790);
#3430=AXIS2_PLACEMENT_3D('',#4867,#3791,#3792);
#3431=AXIS2_PLACEMENT_3D('',#4897,#3793,#3794);
#3432=AXIS2_PLACEMENT_3D('',#4926,#3795,#3796);
#3433=AXIS2_PLACEMENT_3D('',#4929,#3797,#3798);
#3434=AXIS2_PLACEMENT_3D('',#4958,#3799,#3800);
#3435=AXIS2_PLACEMENT_3D('',#4985,#3802,#3803);
#3436=AXIS2_PLACEMENT_3D('',#5010,#3805,#3806);
#3437=AXIS2_PLACEMENT_3D('',#5037,#3808,#3809);
#3438=AXIS2_PLACEMENT_3D('',#5062,#3811,#3812);
#3439=AXIS2_PLACEMENT_3D('',#5063,#3813,#3814);
#3440=AXIS2_PLACEMENT_3D('',#5069,#3818,#3819);
#3441=AXIS2_PLACEMENT_3D('',#5075,#3823,#3824);
#3442=AXIS2_PLACEMENT_3D('',#5081,#3828,#3829);
#3443=AXIS2_PLACEMENT_3D('',#5085,#3831,#3832);
#3444=AXIS2_PLACEMENT_3D('',#5087,#3834,#3835);
#3445=AXIS2_PLACEMENT_3D('',#5091,#3837,#3838);
#3446=AXIS2_PLACEMENT_3D('',#5093,#3840,#3841);
#3447=AXIS2_PLACEMENT_3D('',#5097,#3843,#3844);
#3448=AXIS2_PLACEMENT_3D('',#5099,#3846,#3847);
#3449=AXIS2_PLACEMENT_3D('',#5114,#3850,#3851);
#3450=AXIS2_PLACEMENT_3D('',#5117,#3853,#3854);
#3451=AXIS2_PLACEMENT_3D('',#5118,#3855,#3856);
#3452=AXIS2_PLACEMENT_3D('',#5131,#3858,#3859);
#3453=AXIS2_PLACEMENT_3D('',#5135,#3862,#3863);
#3454=AXIS2_PLACEMENT_3D('',#5150,#3866,#3867);
#3455=AXIS2_PLACEMENT_3D('',#5153,#3869,#3870);
#3456=AXIS2_PLACEMENT_3D('',#5154,#3871,#3872);
#3457=AXIS2_PLACEMENT_3D('',#5167,#3874,#3875);
#3458=AXIS2_PLACEMENT_3D('',#5171,#3878,#3879);
#3459=AXIS2_PLACEMENT_3D('',#5175,#3882,#3883);
#3460=AXIS2_PLACEMENT_3D('',#5184,#3888,#3889);
#3461=AXIS2_PLACEMENT_3D('',#5190,#3893,#3894);
#3462=AXIS2_PLACEMENT_3D('',#5191,#3895,#3896);
#3463=AXIS2_PLACEMENT_3D('',#5192,#3897,#3898);
#3464=AXIS2_PLACEMENT_3D('',#5193,#3899,#3900);
#3465=AXIS2_PLACEMENT_3D('',#5196,#3901,#3902);
#3466=AXIS2_PLACEMENT_3D('',#5212,#3910,#3911);
#3467=AXIS2_PLACEMENT_3D('',#5216,#3913,#3914);
#3468=AXIS2_PLACEMENT_3D('',#5220,#3916,#3917);
#3469=AXIS2_PLACEMENT_3D('',#5224,#3919,#3920);
#3470=AXIS2_PLACEMENT_3D('',#5240,#3928,#3929);
#3471=AXIS2_PLACEMENT_3D('',#5244,#3931,#3932);
#3472=AXIS2_PLACEMENT_3D('',#5248,#3934,#3935);
#3473=AXIS2_PLACEMENT_3D('',#5255,#3939,#3940);
#3474=AXIS2_PLACEMENT_3D('',#5261,#3943,#3944);
#3475=AXIS2_PLACEMENT_3D('',#5267,#3947,#3948);
#3476=AXIS2_PLACEMENT_3D('',#5268,#3949,#3950);
#3477=AXIS2_PLACEMENT_3D('',#5274,#3953,#3954);
#3478=AXIS2_PLACEMENT_3D('',#5279,#3956,#3957);
#3479=AXIS2_PLACEMENT_3D('',#5281,#3959,#3960);
#3480=AXIS2_PLACEMENT_3D('',#5290,#3965,#3966);
#3481=AXIS2_PLACEMENT_3D('',#5296,#3970,#3971);
#3482=AXIS2_PLACEMENT_3D('',#5297,#3972,#3973);
#3483=AXIS2_PLACEMENT_3D('',#5298,#3974,#3975);
#3484=AXIS2_PLACEMENT_3D('',#5299,#3976,#3977);
#3485=AXIS2_PLACEMENT_3D('',#5313,#3984,#3985);
#3486=AXIS2_PLACEMENT_3D('',#5314,#3986,#3987);
#3487=AXIS2_PLACEMENT_3D('',#5318,#3990,#3991);
#3488=AXIS2_PLACEMENT_3D('',#5319,#3992,#3993);
#3489=AXIS2_PLACEMENT_3D('',#5320,#3994,#3995);
#3490=AXIS2_PLACEMENT_3D('',#5329,#4000,#4001);
#3491=AXIS2_PLACEMENT_3D('',#5335,#4005,#4006);
#3492=AXIS2_PLACEMENT_3D('',#5339,#4009,#4010);
#3493=AXIS2_PLACEMENT_3D('',#5345,#4014,#4015);
#3494=AXIS2_PLACEMENT_3D('',#5349,#4018,#4019);
#3495=AXIS2_PLACEMENT_3D('',#5353,#4022,#4023);
#3496=AXIS2_PLACEMENT_3D('',#5355,#4025,#4026);
#3497=AXIS2_PLACEMENT_3D('',#5364,#4031,#4032);
#3498=AXIS2_PLACEMENT_3D('',#5370,#4036,#4037);
#3499=AXIS2_PLACEMENT_3D('',#5374,#4040,#4041);
#3500=AXIS2_PLACEMENT_3D('',#5376,#4043,#4044);
#3501=AXIS2_PLACEMENT_3D('',#5385,#4049,#4050);
#3502=AXIS2_PLACEMENT_3D('',#5386,#4051,#4052);
#3503=AXIS2_PLACEMENT_3D('',#5387,#4053,#4054);
#3504=AXIS2_PLACEMENT_3D('',#5388,#4055,#4056);
#3505=AXIS2_PLACEMENT_3D('',#5389,#4057,#4058);
#3506=AXIS2_PLACEMENT_3D('',#5390,#4059,#4060);
#3507=AXIS2_PLACEMENT_3D('',#5399,#4065,#4066);
#3508=AXIS2_PLACEMENT_3D('',#5400,#4067,#4068);
#3509=AXIS2_PLACEMENT_3D('',#5401,#4069,#4070);
#3510=AXIS2_PLACEMENT_3D('',#5402,#4071,#4072);
#3511=AXIS2_PLACEMENT_3D('',#5406,#4075,#4076);
#3512=AXIS2_PLACEMENT_3D('',#5408,#4078,#4079);
#3513=AXIS2_PLACEMENT_3D('',#5411,#4080,#4081);
#3514=AXIS2_PLACEMENT_3D('',#5415,#4084,#4085);
#3515=AXIS2_PLACEMENT_3D('',#5418,#4088,#4089);
#3516=AXIS2_PLACEMENT_3D('',#5420,#4091,#4092);
#3517=AXIS2_PLACEMENT_3D('',#5426,#4096,#4097);
#3518=AXIS2_PLACEMENT_3D('',#5430,#4100,#4101);
#3519=AXIS2_PLACEMENT_3D('',#5436,#4105,#4106);
#3520=AXIS2_PLACEMENT_3D('',#5440,#4109,#4110);
#3521=AXIS2_PLACEMENT_3D('',#5446,#4114,#4115);
#3522=AXIS2_PLACEMENT_3D('',#5450,#4118,#4119);
#3523=AXIS2_PLACEMENT_3D('',#5456,#4123,#4124);
#3524=AXIS2_PLACEMENT_3D('',#5460,#4127,#4128);
#3525=AXIS2_PLACEMENT_3D('',#5461,#4129,#4130);
#3526=AXIS2_PLACEMENT_3D('',#5462,#4131,#4132);
#3527=AXIS2_PLACEMENT_3D('',#5465,#4133,#4134);
#3528=AXIS2_PLACEMENT_3D('',#5469,#4136,#4137);
#3529=AXIS2_PLACEMENT_3D('',#5473,#4139,#4140);
#3530=AXIS2_PLACEMENT_3D('',#5477,#4142,#4143);
#3531=AXIS2_PLACEMENT_3D('',#5487,#4149,#4150);
#3532=AXIS2_PLACEMENT_3D('',#5488,#4151,#4152);
#3533=AXIS2_PLACEMENT_3D('',#5491,#4155,#4156);
#3534=AXIS2_PLACEMENT_3D('',#5493,#4158,#4159);
#3535=AXIS2_PLACEMENT_3D('',#5496,#4160,#4161);
#3536=AXIS2_PLACEMENT_3D('',#5499,#4164,#4165);
#3537=AXIS2_PLACEMENT_3D('',#5503,#4168,#4169);
#3538=AXIS2_PLACEMENT_3D('',#5507,#4171,#4172);
#3539=AXIS2_PLACEMENT_3D('',#5519,#4178,#4179);
#3540=AXIS2_PLACEMENT_3D('',#5522,#4181,#4182);
#3541=AXIS2_PLACEMENT_3D('',#5523,#4183,#4184);
#3542=AXIS2_PLACEMENT_3D('',#5524,#4185,#4186);
#3543=AXIS2_PLACEMENT_3D('',#5525,#4187,#4188);
#3544=AXIS2_PLACEMENT_3D('',#5528,#4191,#4192);
#3545=AXIS2_PLACEMENT_3D('',#5530,#4194,#4195);
#3546=AXIS2_PLACEMENT_3D('',#5532,#4197,#4198);
#3547=AXIS2_PLACEMENT_3D('',#5534,#4200,#4201);
#3548=AXIS2_PLACEMENT_3D('',#5536,#4203,#4204);
#3549=AXIS2_PLACEMENT_3D('',#5539,#4207,#4208);
#3550=AXIS2_PLACEMENT_3D('',#5541,#4210,#4211);
#3551=AXIS2_PLACEMENT_3D('',#5543,#4213,#4214);
#3552=AXIS2_PLACEMENT_3D('',#5545,#4216,#4217);
#3553=AXIS2_PLACEMENT_3D('',#5546,#4218,#4219);
#3554=AXIS2_PLACEMENT_3D('',#5547,#4220,#4221);
#3555=AXIS2_PLACEMENT_3D('',#5548,#4222,#4223);
#3556=AXIS2_PLACEMENT_3D('',#5550,#4225,#4226);
#3557=AXIS2_PLACEMENT_3D('',#5551,#4227,#4228);
#3558=AXIS2_PLACEMENT_3D('',#5553,#4230,#4231);
#3559=AXIS2_PLACEMENT_3D('',#5554,#4232,#4233);
#3560=AXIS2_PLACEMENT_3D('',#5556,#4235,#4236);
#3561=AXIS2_PLACEMENT_3D('',#5560,#4238,#4239);
#3562=AXIS2_PLACEMENT_3D('',#5562,#4241,#4242);
#3563=AXIS2_PLACEMENT_3D('',#5566,#4244,#4245);
#3564=AXIS2_PLACEMENT_3D('',#5568,#4247,#4248);
#3565=AXIS2_PLACEMENT_3D('',#5573,#4250,#4251);
#3566=AXIS2_PLACEMENT_3D('',#5576,#4253,#4254);
#3567=AXIS2_PLACEMENT_3D('',#5577,#4255,#4256);
#3568=AXIS2_PLACEMENT_3D('',#5582,#4258,#4259);
#3569=AXIS2_PLACEMENT_3D('',#5585,#4261,#4262);
#3570=AXIS2_PLACEMENT_3D('',#5586,#4263,#4264);
#3571=AXIS2_PLACEMENT_3D('',#5591,#4267,#4268);
#3572=AXIS2_PLACEMENT_3D('',#5592,#4269,#4270);
#3573=AXIS2_PLACEMENT_3D('',#5597,#4273,#4274);
#3574=AXIS2_PLACEMENT_3D('',#5598,#4275,#4276);
#3575=AXIS2_PLACEMENT_3D('',#5603,#4280,#4281);
#3576=AXIS2_PLACEMENT_3D('',#5607,#4283,#4284);
#3577=AXIS2_PLACEMENT_3D('',#5611,#4287,#4288);
#3578=AXIS2_PLACEMENT_3D('',#5624,#4289,#4290);
#3579=AXIS2_PLACEMENT_3D('',#5639,#4292,#4293);
#3580=AXIS2_PLACEMENT_3D('',#5643,#4295,#4296);
#3581=AXIS2_PLACEMENT_3D('',#5647,#4298,#4299);
#3582=AXIS2_PLACEMENT_3D('',#5651,#4301,#4302);
#3583=AXIS2_PLACEMENT_3D('',#5655,#4304,#4305);
#3584=AXIS2_PLACEMENT_3D('',#5659,#4307,#4308);
#3585=AXIS2_PLACEMENT_3D('',#5663,#4310,#4311);
#3586=AXIS2_PLACEMENT_3D('',#5667,#4313,#4314);
#3587=AXIS2_PLACEMENT_3D('',#5671,#4316,#4317);
#3588=AXIS2_PLACEMENT_3D('',#5675,#4319,#4320);
#3589=AXIS2_PLACEMENT_3D('',#5677,#4322,#4323);
#3590=AXIS2_PLACEMENT_3D('',#5684,#4328,#4329);
#3591=AXIS2_PLACEMENT_3D('',#5685,#4330,#4331);
#3592=AXIS2_PLACEMENT_3D('',#5686,#4332,#4333);
#3593=AXIS2_PLACEMENT_3D('',#5687,#4334,#4335);
#3594=AXIS2_PLACEMENT_3D('',#5688,#4336,#4337);
#3595=AXIS2_PLACEMENT_3D('',#5689,#4338,#4339);
#3596=AXIS2_PLACEMENT_3D('',#5690,#4340,#4341);
#3597=AXIS2_PLACEMENT_3D('',#5696,#4345,#4346);
#3598=AXIS2_PLACEMENT_3D('',#5702,#4350,#4351);
#3599=AXIS2_PLACEMENT_3D('',#5708,#4355,#4356);
#3600=AXIS2_PLACEMENT_3D('',#5714,#4360,#4361);
#3601=AXIS2_PLACEMENT_3D('',#5716,#4362,#4363);
#3602=AXIS2_PLACEMENT_3D('',#5718,#4365,#4366);
#3603=AXIS2_PLACEMENT_3D('',#5719,#4367,#4368);
#3604=AXIS2_PLACEMENT_3D('',#5720,#4369,#4370);
#3605=AXIS2_PLACEMENT_3D('',#5721,#4371,#4372);
#3606=AXIS2_PLACEMENT_3D('',#5723,#4373,#4374);
#3607=AXIS2_PLACEMENT_3D('',#5727,#4377,#4378);
#3608=AXIS2_PLACEMENT_3D('',#5730,#4380,#4381);
#3609=AXIS2_PLACEMENT_3D('',#5731,#4382,#4383);
#3610=AXIS2_PLACEMENT_3D('',#5734,#4385,#4386);
#3611=AXIS2_PLACEMENT_3D('',#5735,#4387,#4388);
#3612=AXIS2_PLACEMENT_3D('',#5739,#4391,#4392);
#3613=AXIS2_PLACEMENT_3D('',#5742,#4394,#4395);
#3614=AXIS2_PLACEMENT_3D('',#5743,#4396,#4397);
#3615=AXIS2_PLACEMENT_3D('',#5745,#4399,#4400);
#3616=AXIS2_PLACEMENT_3D('',#5746,#4401,#4402);
#3617=AXIS2_PLACEMENT_3D('',#5749,#4405,#4406);
#3618=AXIS2_PLACEMENT_3D('',#5751,#4408,#4409);
#3619=AXIS2_PLACEMENT_3D('',#5753,#4410,#4411);
#3620=AXIS2_PLACEMENT_3D('',#5755,#4412,#4413);
#3621=AXIS2_PLACEMENT_3D('',#5757,#4414,#4415);
#3622=AXIS2_PLACEMENT_3D('',#5759,#4416,#4417);
#3623=AXIS2_PLACEMENT_3D('',#5761,#4418,#4419);
#3624=AXIS2_PLACEMENT_3D('',#5762,#4420,#4421);
#3625=AXIS2_PLACEMENT_3D('',#5764,#4422,#4423);
#3626=AXIS2_PLACEMENT_3D('',#5766,#4425,#4426);
#3627=AXIS2_PLACEMENT_3D('',#5767,#4427,#4428);
#3628=AXIS2_PLACEMENT_3D('',#5770,#4429,#4430);
#3629=AXIS2_PLACEMENT_3D('',#5773,#4433,#4434);
#3630=AXIS2_PLACEMENT_3D('',#5775,#4436,#4437);
#3631=AXIS2_PLACEMENT_3D('',#5777,#4439,#4440);
#3632=AXIS2_PLACEMENT_3D('',#5779,#4442,#4443);
#3633=AXIS2_PLACEMENT_3D('',#5781,#4445,#4446);
#3634=AXIS2_PLACEMENT_3D('',#5782,#4447,#4448);
#3635=AXIS2_PLACEMENT_3D('',#5786,#4451,#4452);
#3636=AXIS2_PLACEMENT_3D('',#5799,#4454,#4455);
#3637=AXIS2_PLACEMENT_3D('',#5812,#4457,#4458);
#3638=AXIS2_PLACEMENT_3D('',#5813,#4459,#4460);
#3639=AXIS2_PLACEMENT_3D('',#5814,#4461,#4462);
#3640=AXIS2_PLACEMENT_3D('',#5815,#4463,#4464);
#3641=AXIS2_PLACEMENT_3D('',#5816,#4465,#4466);
#3642=AXIS2_PLACEMENT_3D('',#5817,#4467,#4468);
#3643=AXIS2_PLACEMENT_3D('',#5819,#4469,#4470);
#3644=AXIS2_PLACEMENT_3D('',#5821,#4472,#4473);
#3645=AXIS2_PLACEMENT_3D('',#5823,#4474,#4475);
#3646=AXIS2_PLACEMENT_3D('',#5825,#4477,#4478);
#3647=AXIS2_PLACEMENT_3D('',#5827,#4479,#4480);
#3648=AXIS2_PLACEMENT_3D('',#5829,#4482,#4483);
#3649=AXIS2_PLACEMENT_3D('',#5834,#4485,#4486);
#3650=AXIS2_PLACEMENT_3D('',#5837,#4488,#4489);
#3651=AXIS2_PLACEMENT_3D('',#5838,#4490,#4491);
#3652=AXIS2_PLACEMENT_3D('',#5843,#4493,#4494);
#3653=AXIS2_PLACEMENT_3D('',#5846,#4496,#4497);
#3654=AXIS2_PLACEMENT_3D('',#5847,#4498,#4499);
#3655=AXIS2_PLACEMENT_3D('',#5852,#4501,#4502);
#3656=AXIS2_PLACEMENT_3D('',#5855,#4504,#4505);
#3657=AXIS2_PLACEMENT_3D('',#5856,#4506,#4507);
#3658=AXIS2_PLACEMENT_3D('',#5861,#4509,#4510);
#3659=AXIS2_PLACEMENT_3D('',#5864,#4512,#4513);
#3660=AXIS2_PLACEMENT_3D('',#5865,#4514,#4515);
#3661=AXIS2_PLACEMENT_3D('',#5867,#4516,#4517);
#3662=AXIS2_PLACEMENT_3D('',#5870,#4519,#4520);
#3663=AXIS2_PLACEMENT_3D('',#5871,#4521,#4522);
#3664=AXIS2_PLACEMENT_3D('',#5873,#4523,#4524);
#3665=AXIS2_PLACEMENT_3D('',#5876,#4526,#4527);
#3666=AXIS2_PLACEMENT_3D('',#5877,#4528,#4529);
#3667=AXIS2_PLACEMENT_3D('',#5879,#4530,#4531);
#3668=AXIS2_PLACEMENT_3D('',#5882,#4533,#4534);
#3669=AXIS2_PLACEMENT_3D('',#5883,#4535,#4536);
#3670=AXIS2_PLACEMENT_3D('',#5885,#4537,#4538);
#3671=AXIS2_PLACEMENT_3D('',#5888,#4540,#4541);
#3672=AXIS2_PLACEMENT_3D('',#5889,#4542,#4543);
#3673=AXIS2_PLACEMENT_3D('',#5891,#4544,#4545);
#3674=AXIS2_PLACEMENT_3D('',#5893,#4546,#4547);
#3675=AXIS2_PLACEMENT_3D('',#5894,#4548,#4549);
#3676=AXIS2_PLACEMENT_3D('',#5895,#4550,#4551);
#3677=AXIS2_PLACEMENT_3D('',#5897,#4552,#4553);
#3678=AXIS2_PLACEMENT_3D('',#5899,#4554,#4555);
#3679=AXIS2_PLACEMENT_3D('',#5900,#4556,#4557);
#3680=AXIS2_PLACEMENT_3D('',#5901,#4558,#4559);
#3681=AXIS2_PLACEMENT_3D('',#5903,#4560,#4561);
#3682=AXIS2_PLACEMENT_3D('',#5904,#4562,#4563);
#3683=AXIS2_PLACEMENT_3D('',#5905,#4564,#4565);
#3684=AXIS2_PLACEMENT_3D('',#5907,#4566,#4567);
#3685=AXIS2_PLACEMENT_3D('',#5908,#4568,#4569);
#3686=AXIS2_PLACEMENT_3D('',#5909,#4570,#4571);
#3687=AXIS2_PLACEMENT_3D('',#5911,#4572,#4573);
#3688=AXIS2_PLACEMENT_3D('',#5912,#4574,#4575);
#3689=AXIS2_PLACEMENT_3D('',#5913,#4576,#4577);
#3690=AXIS2_PLACEMENT_3D('',#5915,#4578,#4579);
#3691=AXIS2_PLACEMENT_3D('',#5916,#4580,#4581);
#3692=AXIS2_PLACEMENT_3D('',#5917,#4582,#4583);
#3693=AXIS2_PLACEMENT_3D('',#5919,#4584,#4585);
#3694=AXIS2_PLACEMENT_3D('',#5921,#4586,#4587);
#3695=AXIS2_PLACEMENT_3D('',#5922,#4588,#4589);
#3696=AXIS2_PLACEMENT_3D('',#5923,#4590,#4591);
#3697=AXIS2_PLACEMENT_3D('',#5925,#4592,#4593);
#3698=AXIS2_PLACEMENT_3D('',#5927,#4594,#4595);
#3699=AXIS2_PLACEMENT_3D('',#5928,#4596,#4597);
#3700=AXIS2_PLACEMENT_3D('',#5929,#4598,#4599);
#3701=AXIS2_PLACEMENT_3D('',#5931,#4600,#4601);
#3702=AXIS2_PLACEMENT_3D('',#5933,#4602,#4603);
#3703=AXIS2_PLACEMENT_3D('',#5934,#4604,#4605);
#3704=AXIS2_PLACEMENT_3D('',#5935,#4606,#4607);
#3705=AXIS2_PLACEMENT_3D('',#5938,#4609,#4610);
#3706=AXIS2_PLACEMENT_3D('',#5939,#4611,#4612);
#3707=AXIS2_PLACEMENT_3D('',#5941,#4613,#4614);
#3708=AXIS2_PLACEMENT_3D('',#5942,#4615,#4616);
#3709=AXIS2_PLACEMENT_3D('',#5943,#4617,#4618);
#3710=AXIS2_PLACEMENT_3D('',#5945,#4619,#4620);
#3711=AXIS2_PLACEMENT_3D('',#5946,#4621,#4622);
#3712=AXIS2_PLACEMENT_3D('',#5947,#4623,#4624);
#3713=AXIS2_PLACEMENT_3D('',#5949,#4625,#4626);
#3714=AXIS2_PLACEMENT_3D('',#5950,#4627,#4628);
#3715=AXIS2_PLACEMENT_3D('',#5951,#4629,#4630);
#3716=AXIS2_PLACEMENT_3D('',#5953,#4631,#4632);
#3717=AXIS2_PLACEMENT_3D('',#5954,#4633,#4634);
#3718=AXIS2_PLACEMENT_3D('',#5955,#4635,#4636);
#3719=AXIS2_PLACEMENT_3D('',#5957,#4637,#4638);
#3720=AXIS2_PLACEMENT_3D('',#5958,#4639,#4640);
#3721=AXIS2_PLACEMENT_3D('',#5959,#4641,#4642);
#3722=AXIS2_PLACEMENT_3D('',#5961,#4643,#4644);
#3723=AXIS2_PLACEMENT_3D('',#5963,#4645,#4646);
#3724=AXIS2_PLACEMENT_3D('',#5964,#4647,#4648);
#3725=AXIS2_PLACEMENT_3D('',#5965,#4649,#4650);
#3726=AXIS2_PLACEMENT_3D('',#5967,#4651,#4652);
#3727=AXIS2_PLACEMENT_3D('',#5969,#4653,#4654);
#3728=AXIS2_PLACEMENT_3D('',#5970,#4655,#4656);
#3729=AXIS2_PLACEMENT_3D('',#5971,#4657,#4658);
#3730=AXIS2_PLACEMENT_3D('',#5973,#4659,#4660);
#3731=AXIS2_PLACEMENT_3D('',#5975,#4661,#4662);
#3732=AXIS2_PLACEMENT_3D('',#5976,#4663,#4664);
#3733=AXIS2_PLACEMENT_3D('',#5977,#4665,#4666);
#3734=AXIS2_PLACEMENT_3D('',#5982,#4669,#4670);
#3735=AXIS2_PLACEMENT_3D('',#5983,#4671,#4672);
#3736=AXIS2_PLACEMENT_3D('',#5984,#4673,#4674);
#3737=AXIS2_PLACEMENT_3D('',#5985,#4675,#4676);
#3738=AXIS2_PLACEMENT_3D('',#5986,#4677,#4678);
#3739=AXIS2_PLACEMENT_3D('',#5989,#4681,#4682);
#3740=AXIS2_PLACEMENT_3D('',#5991,#4684,#4685);
#3741=AXIS2_PLACEMENT_3D('',#5993,#4687,#4688);
#3742=AXIS2_PLACEMENT_3D('',#5995,#4690,#4691);
#3743=AXIS2_PLACEMENT_3D('',#5997,#4693,#4694);
#3744=AXIS2_PLACEMENT_3D('',#5999,#4696,#4697);
#3745=AXIS2_PLACEMENT_3D('',#6002,#4700,#4701);
#3746=AXIS2_PLACEMENT_3D('',#6005,#4704,#4705);
#3747=AXIS2_PLACEMENT_3D('',#6009,#4707,#4708);
#3748=AXIS2_PLACEMENT_3D('',#6013,#4710,#4711);
#3749=AXIS2_PLACEMENT_3D('',#6015,#4713,#4714);
#3750=AXIS2_PLACEMENT_3D('',#6018,#4715,#4716);
#3751=AXIS2_PLACEMENT_3D('',#6019,#4717,#4718);
#3752=AXIS2_PLACEMENT_3D('',#6020,#4719,#4720);
#3753=AXIS2_PLACEMENT_3D('',#6021,#4721,#4722);
#3754=AXIS2_PLACEMENT_3D('',#6024,#4724,#4725);
#3755=AXIS2_PLACEMENT_3D('',#6025,#4726,#4727);
#3756=AXIS2_PLACEMENT_3D('',#6028,#4729,#4730);
#3757=AXIS2_PLACEMENT_3D('',#6029,#4731,#4732);
#3758=AXIS2_PLACEMENT_3D('',#6030,#4733,#4734);
#3759=AXIS2_PLACEMENT_3D('',#6031,#4735,#4736);
#3760=AXIS2_PLACEMENT_3D('',#6033,#4738,#4739);
#3761=AXIS2_PLACEMENT_3D('',#6035,#4740,#4741);
#3762=AXIS2_PLACEMENT_3D('',#6036,#4742,#4743);
#3763=AXIS2_PLACEMENT_3D('',#6038,#4744,#4745);
#3764=AXIS2_PLACEMENT_3D('',#6039,#4746,#4747);
#3765=AXIS2_PLACEMENT_3D('',#6041,#4749,#4750);
#3766=DIRECTION('axis',(0.,0.,1.));
#3767=DIRECTION('refdir',(1.,0.,0.));
#3768=DIRECTION('center_axis',(0.,-1.,0.));
#3769=DIRECTION('ref_axis',(1.,0.,0.));
#3770=DIRECTION('center_axis',(0.,-1.,0.));
#3771=DIRECTION('ref_axis',(1.,0.,0.));
#3772=DIRECTION('',(0.,-1.,0.));
#3773=DIRECTION('center_axis',(8.65956056235488E-17,0.707106781186552,-0.707106781186543));
#3774=DIRECTION('ref_axis',(0.,0.707106781186543,0.707106781186552));
#3775=DIRECTION('',(0.,-1.,0.));
#3776=DIRECTION('center_axis',(0.,0.70710678118655,-0.707106781186545));
#3777=DIRECTION('ref_axis',(0.,0.707106781186545,0.70710678118655));
#3778=DIRECTION('',(0.,-1.,0.));
#3779=DIRECTION('center_axis',(0.,-1.,0.));
#3780=DIRECTION('ref_axis',(1.,0.,0.));
#3781=DIRECTION('center_axis',(0.,0.707106781186551,0.707106781186545));
#3782=DIRECTION('ref_axis',(0.,-0.707106781186544,0.70710678118655));
#3783=DIRECTION('center_axis',(-8.65956056235489E-17,0.707106781186551,
0.707106781186544));
#3784=DIRECTION('ref_axis',(0.,-0.707106781186544,0.707106781186551));
#3785=DIRECTION('center_axis',(8.6595605623549E-17,0.707106781186551,-0.707106781186545));
#3786=DIRECTION('ref_axis',(0.,0.707106781186544,0.70710678118655));
#3787=DIRECTION('center_axis',(-8.65956056235491E-17,0.70710678118655,0.707106781186545));
#3788=DIRECTION('ref_axis',(0.,-0.707106781186545,0.70710678118655));
#3789=DIRECTION('center_axis',(0.707106781186544,0.707106781186551,1.29893408435323E-16));
#3790=DIRECTION('ref_axis',(0.707106781186551,-0.707106781186544,0.));
#3791=DIRECTION('center_axis',(-0.707106781186543,0.707106781186552,-1.29893408435323E-16));
#3792=DIRECTION('ref_axis',(0.707106781186552,0.707106781186543,0.));
#3793=DIRECTION('center_axis',(0.707106781186543,0.707106781186552,4.32978028117744E-17));
#3794=DIRECTION('ref_axis',(0.707106781186552,-0.707106781186543,0.));
#3795=DIRECTION('center_axis',(-0.707106781186544,0.707106781186551,-4.32978028117745E-17));
#3796=DIRECTION('ref_axis',(0.707106781186551,0.707106781186544,0.));
#3797=DIRECTION('center_axis',(0.,0.707106781186552,0.707106781186543));
#3798=DIRECTION('ref_axis',(0.,-0.707106781186543,0.707106781186552));
#3799=DIRECTION('center_axis',(0.,0.707106781186551,-0.707106781186544));
#3800=DIRECTION('ref_axis',(0.,0.707106781186544,0.707106781186551));
#3801=DIRECTION('',(0.,1.,0.));
#3802=DIRECTION('center_axis',(0.,-1.,0.));
#3803=DIRECTION('ref_axis',(1.,0.,0.));
#3804=DIRECTION('',(0.,-1.,0.));
#3805=DIRECTION('center_axis',(0.,1.,0.));
#3806=DIRECTION('ref_axis',(1.,0.,0.));
#3807=DIRECTION('',(0.,1.,0.));
#3808=DIRECTION('center_axis',(0.,-1.,0.));
#3809=DIRECTION('ref_axis',(1.,0.,0.));
#3810=DIRECTION('',(0.,-1.,0.));
#3811=DIRECTION('center_axis',(0.,1.,0.));
#3812=DIRECTION('ref_axis',(1.,0.,0.));
#3813=DIRECTION('center_axis',(-8.65956056235491E-17,0.70710678118655,0.707106781186545));
#3814=DIRECTION('ref_axis',(8.65956056235496E-17,0.707106781186545,-0.70710678118655));
#3815=DIRECTION('',(-1.,0.,-1.22464679914735E-16));
#3816=DIRECTION('',(0.,0.707106781186545,-0.70710678118655));
#3817=DIRECTION('',(1.,0.,0.));
#3818=DIRECTION('center_axis',(0.,0.70710678118655,-0.707106781186545));
#3819=DIRECTION('ref_axis',(0.,0.707106781186545,0.70710678118655));
#3820=DIRECTION('',(1.,0.,0.));
#3821=DIRECTION('',(0.,0.707106781186545,0.70710678118655));
#3822=DIRECTION('',(1.,0.,0.));
#3823=DIRECTION('center_axis',(-0.707106781186543,0.707106781186552,-1.29893408435323E-16));
#3824=DIRECTION('ref_axis',(0.707106781186552,0.707106781186543,1.29893408435325E-16));
#3825=DIRECTION('',(1.83697019872103E-16,0.,-1.));
#3826=DIRECTION('',(0.707106781186552,0.707106781186543,8.65956056235499E-17));
#3827=DIRECTION('',(1.22464679914735E-16,0.,-1.));
#3828=DIRECTION('center_axis',(-1.,0.,-6.12323399573677E-17));
#3829=DIRECTION('ref_axis',(-7.11112594850672E-32,-1.,9.49410759657493E-16));
#3830=DIRECTION('',(1.,0.,6.12323399573677E-17));
#3831=DIRECTION('center_axis',(-1.,0.,-6.12323399573677E-17));
#3832=DIRECTION('ref_axis',(-6.12323399573677E-17,0.,1.));
#3833=DIRECTION('',(1.,0.,6.12323399573677E-17));
#3834=DIRECTION('center_axis',(0.,0.,-1.));
#3835=DIRECTION('ref_axis',(-9.49410759657493E-16,-1.,0.));
#3836=DIRECTION('',(0.,0.,1.));
#3837=DIRECTION('center_axis',(0.,0.,-1.));
#3838=DIRECTION('ref_axis',(-1.,0.,0.));
#3839=DIRECTION('',(0.,0.,1.));
#3840=DIRECTION('center_axis',(-1.,0.,-6.12323399573677E-17));
#3841=DIRECTION('ref_axis',(1.18518765808445E-32,-1.,-1.83697019872103E-16));
#3842=DIRECTION('',(1.,0.,6.12323399573677E-17));
#3843=DIRECTION('center_axis',(1.,0.,1.83697019872103E-16));
#3844=DIRECTION('ref_axis',(1.83697019872103E-16,0.,-1.));
#3845=DIRECTION('',(1.,0.,6.12323399573677E-17));
#3846=DIRECTION('center_axis',(0.707106781186548,0.,0.707106781186547));
#3847=DIRECTION('ref_axis',(-0.5,-0.707106781186547,0.5));
#3848=DIRECTION('',(-0.707106781186548,0.,-0.707106781186547));
#3849=DIRECTION('',(0.707106781186548,0.,0.707106781186547));
#3850=DIRECTION('center_axis',(0.,1.,0.));
#3851=DIRECTION('ref_axis',(0.707106781186548,0.,0.707106781186547));
#3852=DIRECTION('',(-0.707106781186547,0.,0.707106781186548));
#3853=DIRECTION('center_axis',(0.,-1.,0.));
#3854=DIRECTION('ref_axis',(1.,0.,0.));
#3855=DIRECTION('center_axis',(-0.707106781186547,0.,0.707106781186548));
#3856=DIRECTION('ref_axis',(0.5,-0.707106781186547,0.5));
#3857=DIRECTION('',(0.707106781186547,0.,-0.707106781186548));
#3858=DIRECTION('center_axis',(-0.707106781186548,0.,-0.707106781186547));
#3859=DIRECTION('ref_axis',(-0.707106781186547,0.,0.707106781186548));
#3860=DIRECTION('',(-0.707106781186547,0.,0.707106781186548));
#3861=DIRECTION('',(0.,1.,0.));
#3862=DIRECTION('center_axis',(-0.707106781186547,0.,-0.707106781186548));
#3863=DIRECTION('ref_axis',(0.5,-0.707106781186547,-0.5));
#3864=DIRECTION('',(0.707106781186547,0.,0.707106781186548));
#3865=DIRECTION('',(-0.707106781186547,0.,-0.707106781186548));
#3866=DIRECTION('center_axis',(0.,-1.,0.));
#3867=DIRECTION('ref_axis',(0.707106781186548,0.,-0.707106781186547));
#3868=DIRECTION('',(0.707106781186548,0.,-0.707106781186547));
#3869=DIRECTION('center_axis',(0.,-1.,0.));
#3870=DIRECTION('ref_axis',(1.,0.,0.));
#3871=DIRECTION('center_axis',(0.707106781186548,0.,-0.707106781186547));
#3872=DIRECTION('ref_axis',(-0.5,-0.707106781186547,-0.5));
#3873=DIRECTION('',(-0.707106781186548,0.,0.707106781186547));
#3874=DIRECTION('center_axis',(0.707106781186547,0.,0.707106781186548));
#3875=DIRECTION('ref_axis',(0.707106781186548,0.,-0.707106781186547));
#3876=DIRECTION('',(0.707106781186548,0.,-0.707106781186547));
#3877=DIRECTION('',(0.,1.,0.));
#3878=DIRECTION('center_axis',(8.6595605623549E-17,0.707106781186551,-0.707106781186545));
#3879=DIRECTION('ref_axis',(8.65956056235497E-17,-0.707106781186545,-0.707106781186551));
#3880=DIRECTION('',(1.,0.,0.));
#3881=DIRECTION('',(0.,-0.707106781186545,-0.707106781186551));
#3882=DIRECTION('center_axis',(8.65956056235492E-17,0.707106781186549,-0.707106781186547));
#3883=DIRECTION('ref_axis',(8.65956056235495E-17,-0.707106781186546,-0.707106781186548));
#3884=DIRECTION('',(-8.65956056235495E-17,0.707106781186546,0.707106781186548));
#3885=DIRECTION('',(1.,0.,0.));
#3886=DIRECTION('',(0.,-0.707106781186546,-0.707106781186548));
#3887=DIRECTION('',(-1.,0.,-1.22464679914735E-16));
#3888=DIRECTION('center_axis',(-8.65956056235492E-17,0.707106781186549,
0.707106781186547));
#3889=DIRECTION('ref_axis',(8.65956056235495E-17,0.707106781186546,-0.707106781186548));
#3890=DIRECTION('',(-8.65956056235495E-17,-0.707106781186546,0.707106781186548));
#3891=DIRECTION('',(0.,0.707106781186546,-0.707106781186548));
#3892=DIRECTION('',(1.,0.,0.));
#3893=DIRECTION('center_axis',(-1.,0.,0.));
#3894=DIRECTION('ref_axis',(0.,0.,1.));
#3895=DIRECTION('center_axis',(-1.,0.,0.));
#3896=DIRECTION('ref_axis',(0.,0.,1.));
#3897=DIRECTION('center_axis',(-1.,0.,0.));
#3898=DIRECTION('ref_axis',(0.,0.,1.));
#3899=DIRECTION('center_axis',(1.,0.,0.));
#3900=DIRECTION('ref_axis',(0.,0.,-1.));
#3901=DIRECTION('center_axis',(-1.,0.,0.));
#3902=DIRECTION('ref_axis',(0.,0.707106781186547,0.707106781186548));
#3903=DIRECTION('',(0.,-1.,-2.86509167645202E-16));
#3904=DIRECTION('',(0.,0.,-1.));
#3905=DIRECTION('',(0.,1.,0.));
#3906=DIRECTION('',(0.,0.,1.));
#3907=DIRECTION('',(0.,1.,0.));
#3908=DIRECTION('',(0.,0.,-1.));
#3909=DIRECTION('',(0.,1.,-2.86509167645202E-16));
#3910=DIRECTION('center_axis',(-1.,0.,0.));
#3911=DIRECTION('ref_axis',(0.,0.707106781186549,-0.707106781186546));
#3912=DIRECTION('',(0.,0.,1.));
#3913=DIRECTION('center_axis',(-1.,0.,0.));
#3914=DIRECTION('ref_axis',(0.,0.707106781186548,0.707106781186548));
#3915=DIRECTION('',(0.,-1.,4.29763751467803E-16));
#3916=DIRECTION('center_axis',(-1.,0.,0.));
#3917=DIRECTION('ref_axis',(0.,-0.707106781186546,0.707106781186549));
#3918=DIRECTION('',(0.,3.1720657846433E-16,-1.));
#3919=DIRECTION('center_axis',(-1.,0.,0.));
#3920=DIRECTION('ref_axis',(0.,-0.707106781186548,-0.707106781186547));
#3921=DIRECTION('',(0.,1.,-2.86509167645202E-16));
#3922=DIRECTION('',(0.,0.,1.));
#3923=DIRECTION('',(0.,1.,0.));
#3924=DIRECTION('',(0.,0.,1.));
#3925=DIRECTION('',(0.,1.,0.));
#3926=DIRECTION('',(0.,0.,1.));
#3927=DIRECTION('',(0.,-1.,-2.86509167645202E-16));
#3928=DIRECTION('center_axis',(-1.,0.,0.));
#3929=DIRECTION('ref_axis',(0.,-0.707106781186548,0.707106781186547));
#3930=DIRECTION('',(0.,-3.1720657846433E-16,-1.));
#3931=DIRECTION('center_axis',(-1.,0.,0.));
#3932=DIRECTION('ref_axis',(0.,-0.707106781186547,-0.707106781186548));
#3933=DIRECTION('',(0.,1.,4.29763751467803E-16));
#3934=DIRECTION('center_axis',(-1.,0.,0.));
#3935=DIRECTION('ref_axis',(0.,0.70710678118655,-0.707106781186545));
#3936=DIRECTION('',(0.,0.,1.));
#3937=DIRECTION('',(0.,0.707106781186545,-0.70710678118655));
#3938=DIRECTION('',(0.,-0.707106781186545,-0.70710678118655));
#3939=DIRECTION('center_axis',(-1.,0.,0.));
#3940=DIRECTION('ref_axis',(0.,0.,1.));
#3941=DIRECTION('',(0.,0.707106781186545,-0.70710678118655));
#3942=DIRECTION('',(0.,-0.707106781186545,-0.70710678118655));
#3943=DIRECTION('center_axis',(-1.,0.,0.));
#3944=DIRECTION('ref_axis',(0.,0.,1.));
#3945=DIRECTION('',(0.,0.707106781186545,-0.70710678118655));
#3946=DIRECTION('',(0.,-0.707106781186545,-0.70710678118655));
#3947=DIRECTION('center_axis',(-1.,0.,0.));
#3948=DIRECTION('ref_axis',(0.,0.,1.));
#3949=DIRECTION('center_axis',(-1.,0.,0.));
#3950=DIRECTION('ref_axis',(0.,0.,1.));
#3951=DIRECTION('',(0.,0.707106781186541,-0.707106781186554));
#3952=DIRECTION('',(0.,-0.707106781186541,-0.707106781186554));
#3953=DIRECTION('center_axis',(-1.,0.,0.));
#3954=DIRECTION('ref_axis',(1.83697019872103E-16,0.,-1.));
#3955=DIRECTION('',(0.,-0.707106781186545,-0.70710678118655));
#3956=DIRECTION('center_axis',(-1.,0.,0.));
#3957=DIRECTION('ref_axis',(0.,0.,1.));
#3958=DIRECTION('',(0.,0.707106781186545,-0.70710678118655));
#3959=DIRECTION('center_axis',(0.,0.707106781186549,0.707106781186547));
#3960=DIRECTION('ref_axis',(0.,-0.707106781186546,0.707106781186548));
#3961=DIRECTION('',(0.,0.707106781186546,-0.707106781186548));
#3962=DIRECTION('',(1.,0.,0.));
#3963=DIRECTION('',(0.,-0.707106781186546,0.707106781186548));
#3964=DIRECTION('',(1.,0.,0.));
#3965=DIRECTION('center_axis',(0.,0.707106781186549,-0.707106781186547));
#3966=DIRECTION('ref_axis',(0.,0.707106781186546,0.707106781186548));
#3967=DIRECTION('',(0.,-0.707106781186546,-0.707106781186548));
#3968=DIRECTION('',(0.,0.707106781186546,0.707106781186548));
#3969=DIRECTION('',(1.,0.,0.));
#3970=DIRECTION('center_axis',(-1.,0.,0.));
#3971=DIRECTION('ref_axis',(0.,-1.,-1.83697019872103E-16));
#3972=DIRECTION('center_axis',(1.,0.,0.));
#3973=DIRECTION('ref_axis',(0.,0.,1.));
#3974=DIRECTION('center_axis',(-1.,0.,0.));
#3975=DIRECTION('ref_axis',(0.,0.,1.));
#3976=DIRECTION('center_axis',(-1.,0.,0.));
#3977=DIRECTION('ref_axis',(0.,0.,1.));
#3978=DIRECTION('',(0.,0.,-1.));
#3979=DIRECTION('',(0.,1.,0.));
#3980=DIRECTION('',(0.,0.,-1.));
#3981=DIRECTION('',(0.,1.,0.));
#3982=DIRECTION('',(0.,0.707106781186541,0.707106781186554));
#3983=DIRECTION('',(0.,-0.707106781186541,0.707106781186554));
#3984=DIRECTION('center_axis',(1.,0.,0.));
#3985=DIRECTION('ref_axis',(-6.12323399573677E-17,0.,1.));
#3986=DIRECTION('center_axis',(0.,0.707106781186551,0.707106781186545));
#3987=DIRECTION('ref_axis',(0.,-0.707106781186545,0.707106781186551));
#3988=DIRECTION('',(1.,0.,0.));
#3989=DIRECTION('',(0.,-0.707106781186545,0.707106781186551));
#3990=DIRECTION('center_axis',(-1.,0.,0.));
#3991=DIRECTION('ref_axis',(0.,0.,1.));
#3992=DIRECTION('center_axis',(-1.,0.,0.));
#3993=DIRECTION('ref_axis',(0.,0.,1.));
#3994=DIRECTION('center_axis',(0.707106781186541,0.707106781186554,1.29893408435323E-16));
#3995=DIRECTION('ref_axis',(0.707106781186554,-0.707106781186541,1.29893408435325E-16));
#3996=DIRECTION('',(-0.707106781186554,0.707106781186541,-2.59786816870651E-16));
#3997=DIRECTION('',(1.22464679914735E-16,0.,-1.));
#3998=DIRECTION('',(0.707106781186554,-0.707106781186541,0.));
#3999=DIRECTION('',(1.83697019872103E-16,0.,-1.));
#4000=DIRECTION('center_axis',(-0.707106781186541,0.707106781186554,-1.29893408435323E-16));
#4001=DIRECTION('ref_axis',(0.707106781186554,0.707106781186541,1.29893408435325E-16));
#4002=DIRECTION('',(-0.707106781186554,-0.707106781186541,-2.59786816870651E-16));
#4003=DIRECTION('',(0.707106781186554,0.707106781186541,0.));
#4004=DIRECTION('',(1.22464679914735E-16,0.,-1.));
#4005=DIRECTION('center_axis',(0.707106781186544,0.707106781186551,1.29893408435323E-16));
#4006=DIRECTION('ref_axis',(0.707106781186551,-0.707106781186544,1.29893408435325E-16));
#4007=DIRECTION('',(1.22464679914735E-16,0.,-1.));
#4008=DIRECTION('',(0.707106781186551,-0.707106781186544,8.65956056235497E-17));
#4009=DIRECTION('center_axis',(-8.65956056235485E-17,0.707106781186554,
0.707106781186541));
#4010=DIRECTION('ref_axis',(-8.65956056235502E-17,-0.707106781186541,0.707106781186554));
#4011=DIRECTION('',(2.16489014058875E-16,0.707106781186541,-0.707106781186554));
#4012=DIRECTION('',(1.,0.,6.12323399573677E-17));
#4013=DIRECTION('',(1.,0.,1.22464679914735E-16));
#4014=DIRECTION('center_axis',(8.65956056235485E-17,0.707106781186554,-0.707106781186541));
#4015=DIRECTION('ref_axis',(-8.65956056235502E-17,0.707106781186541,0.707106781186554));
#4016=DIRECTION('',(2.16489014058875E-16,-0.707106781186541,-0.707106781186554));
#4017=DIRECTION('',(1.,0.,6.12323399573677E-17));
#4018=DIRECTION('center_axis',(8.65956056235488E-17,0.707106781186552,-0.707106781186543));
#4019=DIRECTION('ref_axis',(-8.65956056235499E-17,0.707106781186543,0.707106781186552));
#4020=DIRECTION('',(1.,0.,1.22464679914735E-16));
#4021=DIRECTION('',(-4.32978028117749E-17,0.707106781186543,0.707106781186552));
#4022=DIRECTION('center_axis',(-8.65956056235489E-17,0.707106781186551,
0.707106781186544));
#4023=DIRECTION('ref_axis',(-8.65956056235497E-17,-0.707106781186544,0.707106781186551));
#4024=DIRECTION('',(-4.32978028117749E-17,-0.707106781186544,0.707106781186551));
#4025=DIRECTION('center_axis',(-0.707106781186541,0.707106781186554,-4.32978028117742E-17));
#4026=DIRECTION('ref_axis',(-0.707106781186554,-0.707106781186541,-4.32978028117751E-17));
#4027=DIRECTION('',(0.707106781186554,0.707106781186541,1.731912112471E-16));
#4028=DIRECTION('',(0.,0.,1.));
#4029=DIRECTION('',(-0.707106781186554,-0.707106781186541,0.));
#4030=DIRECTION('',(-6.12323399573677E-17,0.,1.));
#4031=DIRECTION('center_axis',(0.707106781186541,0.707106781186554,4.32978028117742E-17));
#4032=DIRECTION('ref_axis',(-0.707106781186554,0.707106781186541,-4.32978028117751E-17));
#4033=DIRECTION('',(0.707106781186554,-0.707106781186541,1.731912112471E-16));
#4034=DIRECTION('',(-0.707106781186554,0.707106781186541,0.));
#4035=DIRECTION('',(0.,0.,1.));
#4036=DIRECTION('center_axis',(0.707106781186543,0.707106781186552,4.32978028117744E-17));
#4037=DIRECTION('ref_axis',(-0.707106781186552,0.707106781186543,-4.32978028117749E-17));
#4038=DIRECTION('',(-6.12323399573677E-17,0.,1.));
#4039=DIRECTION('',(-0.707106781186552,0.707106781186543,0.));
#4040=DIRECTION('center_axis',(-0.707106781186544,0.707106781186551,-4.32978028117745E-17));
#4041=DIRECTION('ref_axis',(-0.707106781186551,-0.707106781186544,-4.32978028117749E-17));
#4042=DIRECTION('',(-0.707106781186551,-0.707106781186544,0.));
#4043=DIRECTION('center_axis',(0.,0.,1.));
#4044=DIRECTION('ref_axis',(-1.,0.,0.));
#4045=DIRECTION('',(-1.,0.,0.));
#4046=DIRECTION('',(0.,-1.,0.));
#4047=DIRECTION('',(1.,0.,0.));
#4048=DIRECTION('',(0.,-1.,0.));
#4049=DIRECTION('center_axis',(0.,0.,-1.));
#4050=DIRECTION('ref_axis',(1.,0.,1.22464679914735E-16));
#4051=DIRECTION('center_axis',(-1.22464679914735E-16,0.,1.));
#4052=DIRECTION('ref_axis',(9.49410759657493E-16,-1.,1.42222518970134E-31));
#4053=DIRECTION('center_axis',(-1.22464679914735E-16,0.,1.));
#4054=DIRECTION('ref_axis',(1.,0.,1.22464679914735E-16));
#4055=DIRECTION('center_axis',(-1.,0.,-6.12323399573677E-17));
#4056=DIRECTION('ref_axis',(-6.12323399573677E-17,0.,1.));
#4057=DIRECTION('center_axis',(-1.,0.,-6.12323399573677E-17));
#4058=DIRECTION('ref_axis',(-6.12323399573677E-17,0.,1.));
#4059=DIRECTION('center_axis',(0.,0.,-1.));
#4060=DIRECTION('ref_axis',(1.,0.,0.));
#4061=DIRECTION('',(1.,0.,0.));
#4062=DIRECTION('',(0.,-1.,0.));
#4063=DIRECTION('',(-1.,0.,0.));
#4064=DIRECTION('',(0.,-1.,0.));
#4065=DIRECTION('center_axis',(0.,0.,1.));
#4066=DIRECTION('ref_axis',(-1.,0.,0.));
#4067=DIRECTION('center_axis',(0.,0.,-1.));
#4068=DIRECTION('ref_axis',(-1.,0.,0.));
#4069=DIRECTION('center_axis',(0.,0.,-1.));
#4070=DIRECTION('ref_axis',(-1.,0.,0.));
#4071=DIRECTION('center_axis',(0.,0.707106781186552,0.707106781186543));
#4072=DIRECTION('ref_axis',(0.,0.707106781186543,-0.707106781186552));
#4073=DIRECTION('',(-1.,0.,0.));
#4074=DIRECTION('',(1.29893408435325E-16,0.707106781186543,-0.707106781186552));
#4075=DIRECTION('center_axis',(0.,0.707106781186551,-0.707106781186544));
#4076=DIRECTION('ref_axis',(0.,-0.707106781186544,-0.707106781186551));
#4077=DIRECTION('',(1.29893408435325E-16,-0.707106781186544,-0.707106781186551));
#4078=DIRECTION('center_axis',(1.,0.,1.83697019872103E-16));
#4079=DIRECTION('ref_axis',(1.83697019872103E-16,0.,-1.));
#4080=DIRECTION('center_axis',(1.,0.,1.83697019872103E-16));
#4081=DIRECTION('ref_axis',(1.83697019872103E-16,0.,-1.));
#4082=DIRECTION('',(-1.29893408435325E-16,0.707106781186541,0.707106781186554));
#4083=DIRECTION('',(-1.29893408435325E-16,-0.707106781186541,0.707106781186554));
#4084=DIRECTION('center_axis',(0.,0.707106781186554,-0.707106781186541));
#4085=DIRECTION('ref_axis',(0.,-0.707106781186541,-0.707106781186554));
#4086=DIRECTION('',(-1.,0.,-1.83697019872103E-16));
#4087=DIRECTION('',(-1.,0.,0.));
#4088=DIRECTION('center_axis',(0.,0.707106781186554,0.707106781186541));
#4089=DIRECTION('ref_axis',(0.,0.707106781186541,-0.707106781186554));
#4090=DIRECTION('',(-1.,0.,-1.83697019872103E-16));
#4091=DIRECTION('center_axis',(0.,0.70710678118655,0.707106781186545));
#4092=DIRECTION('ref_axis',(0.,-0.707106781186545,0.70710678118655));
#4093=DIRECTION('',(1.,0.,0.));
#4094=DIRECTION('',(0.,-0.707106781186545,0.70710678118655));
#4095=DIRECTION('',(1.,0.,0.));
#4096=DIRECTION('center_axis',(0.,0.70710678118655,-0.707106781186545));
#4097=DIRECTION('ref_axis',(0.,0.707106781186545,0.70710678118655));
#4098=DIRECTION('',(0.,0.707106781186545,0.70710678118655));
#4099=DIRECTION('',(1.,0.,0.));
#4100=DIRECTION('center_axis',(0.,0.70710678118655,0.707106781186545));
#4101=DIRECTION('ref_axis',(0.,-0.707106781186545,0.70710678118655));
#4102=DIRECTION('',(1.,0.,0.));
#4103=DIRECTION('',(0.,-0.707106781186545,0.70710678118655));
#4104=DIRECTION('',(1.,0.,0.));
#4105=DIRECTION('center_axis',(0.,0.70710678118655,-0.707106781186545));
#4106=DIRECTION('ref_axis',(0.,0.707106781186545,0.70710678118655));
#4107=DIRECTION('',(0.,0.707106781186545,0.70710678118655));
#4108=DIRECTION('',(1.,0.,0.));
#4109=DIRECTION('center_axis',(0.,0.70710678118655,0.707106781186545));
#4110=DIRECTION('ref_axis',(0.,-0.707106781186545,0.70710678118655));
#4111=DIRECTION('',(1.,0.,0.));
#4112=DIRECTION('',(0.,-0.707106781186545,0.70710678118655));
#4113=DIRECTION('',(1.,0.,0.));
#4114=DIRECTION('center_axis',(0.,0.70710678118655,-0.707106781186545));
#4115=DIRECTION('ref_axis',(0.,0.707106781186545,0.70710678118655));
#4116=DIRECTION('',(0.,0.707106781186545,0.70710678118655));
#4117=DIRECTION('',(1.,0.,0.));
#4118=DIRECTION('center_axis',(0.,0.70710678118655,0.707106781186545));
#4119=DIRECTION('ref_axis',(0.,-0.707106781186545,0.70710678118655));
#4120=DIRECTION('',(1.,0.,0.));
#4121=DIRECTION('',(0.,-0.707106781186545,0.70710678118655));
#4122=DIRECTION('',(1.,0.,0.));
#4123=DIRECTION('center_axis',(0.,0.70710678118655,-0.707106781186545));
#4124=DIRECTION('ref_axis',(0.,0.707106781186545,0.70710678118655));
#4125=DIRECTION('',(0.,0.707106781186545,0.70710678118655));
#4126=DIRECTION('',(1.,0.,0.));
#4127=DIRECTION('center_axis',(-1.,0.,0.));
#4128=DIRECTION('ref_axis',(0.,-1.,6.12323399573677E-17));
#4129=DIRECTION('center_axis',(1.,0.,0.));
#4130=DIRECTION('ref_axis',(0.,0.,1.));
#4131=DIRECTION('center_axis',(-1.,0.,0.));
#4132=DIRECTION('ref_axis',(0.,0.,1.));
#4133=DIRECTION('center_axis',(1.,0.,0.));
#4134=DIRECTION('ref_axis',(0.,0.707106781186547,0.707106781186548));
#4135=DIRECTION('',(0.,0.,-1.));
#4136=DIRECTION('center_axis',(1.,0.,0.));
#4137=DIRECTION('ref_axis',(0.,0.70710678118655,-0.707106781186545));
#4138=DIRECTION('',(0.,-1.,-4.29763751467803E-16));
#4139=DIRECTION('center_axis',(1.,0.,0.));
#4140=DIRECTION('ref_axis',(0.,-0.707106781186547,-0.707106781186548));
#4141=DIRECTION('',(0.,3.1720657846433E-16,1.));
#4142=DIRECTION('center_axis',(1.,0.,0.));
#4143=DIRECTION('ref_axis',(0.,-0.707106781186548,0.707106781186547));
#4144=DIRECTION('',(0.,1.,2.86509167645202E-16));
#4145=DIRECTION('',(0.,0.,1.));
#4146=DIRECTION('',(0.,1.,0.));
#4147=DIRECTION('',(0.,0.,-1.));
#4148=DIRECTION('',(0.,1.,2.86509167645202E-16));
#4149=DIRECTION('center_axis',(1.,0.,0.));
#4150=DIRECTION('ref_axis',(0.,0.,1.));
#4151=DIRECTION('center_axis',(-1.,0.,0.));
#4152=DIRECTION('ref_axis',(0.,0.707106781186547,0.707106781186548));
#4153=DIRECTION('',(1.,0.,0.));
#4154=DIRECTION('',(-1.,0.,0.));
#4155=DIRECTION('center_axis',(0.,1.,0.));
#4156=DIRECTION('ref_axis',(0.,0.,-1.));
#4157=DIRECTION('',(1.,0.,0.));
#4158=DIRECTION('center_axis',(-1.,0.,0.));
#4159=DIRECTION('ref_axis',(0.,0.707106781186548,0.707106781186548));
#4160=DIRECTION('center_axis',(1.,0.,0.));
#4161=DIRECTION('ref_axis',(0.,0.707106781186548,0.707106781186548));
#4162=DIRECTION('',(1.,0.,0.));
#4163=DIRECTION('',(-1.,0.,0.));
#4164=DIRECTION('center_axis',(0.,4.29763751467803E-16,1.));
#4165=DIRECTION('ref_axis',(0.,1.,-4.29763751467803E-16));
#4166=DIRECTION('',(0.,1.,-4.29763751467803E-16));
#4167=DIRECTION('',(-1.,0.,0.));
#4168=DIRECTION('center_axis',(-1.,0.,0.));
#4169=DIRECTION('ref_axis',(0.,0.,1.));
#4170=DIRECTION('',(0.,0.,-1.));
#4171=DIRECTION('center_axis',(1.,0.,0.));
#4172=DIRECTION('ref_axis',(0.,0.707106781186549,-0.707106781186546));
#4173=DIRECTION('',(0.,-1.,2.86509167645202E-16));
#4174=DIRECTION('',(0.,0.,-1.));
#4175=DIRECTION('',(0.,1.,0.));
#4176=DIRECTION('',(0.,0.,1.));
#4177=DIRECTION('',(0.,-1.,2.86509167645202E-16));
#4178=DIRECTION('center_axis',(1.,0.,0.));
#4179=DIRECTION('ref_axis',(0.,-0.707106781186548,-0.707106781186547));
#4180=DIRECTION('',(0.,-3.1720657846433E-16,1.));
#4181=DIRECTION('center_axis',(1.,0.,0.));
#4182=DIRECTION('ref_axis',(0.,-0.707106781186546,0.707106781186549));
#4183=DIRECTION('center_axis',(1.,0.,0.));
#4184=DIRECTION('ref_axis',(0.,0.,1.));
#4185=DIRECTION('center_axis',(1.,0.,0.));
#4186=DIRECTION('ref_axis',(0.,0.,1.));
#4187=DIRECTION('center_axis',(-1.,0.,0.));
#4188=DIRECTION('ref_axis',(0.,0.707106781186549,-0.707106781186546));
#4189=DIRECTION('',(1.,0.,0.));
#4190=DIRECTION('',(-1.,0.,0.));
#4191=DIRECTION('center_axis',(0.,-2.86509167645202E-16,-1.));
#4192=DIRECTION('ref_axis',(0.,-1.,2.86509167645202E-16));
#4193=DIRECTION('',(1.,0.,0.));
#4194=DIRECTION('center_axis',(-1.,0.,0.));
#4195=DIRECTION('ref_axis',(0.,-0.707106781186546,0.707106781186549));
#4196=DIRECTION('',(1.,0.,0.));
#4197=DIRECTION('center_axis',(0.,-1.,-3.1720657846433E-16));
#4198=DIRECTION('ref_axis',(0.,-3.1720657846433E-16,1.));
#4199=DIRECTION('',(-1.,0.,0.));
#4200=DIRECTION('center_axis',(-1.,0.,0.));
#4201=DIRECTION('ref_axis',(0.,-0.707106781186548,-0.707106781186547));
#4202=DIRECTION('',(1.,0.,0.));
#4203=DIRECTION('center_axis',(-1.,0.,0.));
#4204=DIRECTION('ref_axis',(0.,-0.707106781186548,0.707106781186547));
#4205=DIRECTION('',(1.,0.,0.));
#4206=DIRECTION('',(-1.,0.,0.));
#4207=DIRECTION('center_axis',(0.,-1.,3.1720657846433E-16));
#4208=DIRECTION('ref_axis',(0.,3.1720657846433E-16,1.));
#4209=DIRECTION('',(-1.,0.,0.));
#4210=DIRECTION('center_axis',(-1.,0.,0.));
#4211=DIRECTION('ref_axis',(0.,-0.707106781186547,-0.707106781186548));
#4212=DIRECTION('',(1.,0.,0.));
#4213=DIRECTION('center_axis',(-1.,0.,0.));
#4214=DIRECTION('ref_axis',(0.,0.70710678118655,-0.707106781186545));
#4215=DIRECTION('',(-1.,0.,0.));
#4216=DIRECTION('center_axis',(-1.,0.,0.));
#4217=DIRECTION('ref_axis',(0.,-1.,-4.37965975854326E-15));
#4218=DIRECTION('center_axis',(-1.,0.,0.));
#4219=DIRECTION('ref_axis',(0.,-1.,-2.60330291914301E-15));
#4220=DIRECTION('center_axis',(-1.,0.,0.));
#4221=DIRECTION('ref_axis',(0.,-1.,-1.83697019872103E-16));
#4222=DIRECTION('center_axis',(0.,-2.86509167645202E-16,-1.));
#4223=DIRECTION('ref_axis',(0.,-1.,2.86509167645202E-16));
#4224=DIRECTION('',(-1.,0.,0.));
#4225=DIRECTION('center_axis',(0.,1.,0.));
#4226=DIRECTION('ref_axis',(0.,0.,-1.));
#4227=DIRECTION('center_axis',(0.,-2.86509167645202E-16,1.));
#4228=DIRECTION('ref_axis',(0.,1.,2.86509167645202E-16));
#4229=DIRECTION('',(1.,0.,0.));
#4230=DIRECTION('center_axis',(0.,4.29763751467803E-16,-1.));
#4231=DIRECTION('ref_axis',(0.,-1.,-4.29763751467803E-16));
#4232=DIRECTION('center_axis',(0.,-2.86509167645202E-16,1.));
#4233=DIRECTION('ref_axis',(0.,1.,2.86509167645202E-16));
#4234=DIRECTION('',(-1.,0.,0.));
#4235=DIRECTION('center_axis',(0.,-1.,0.));
#4236=DIRECTION('ref_axis',(0.,0.,-1.));
#4237=DIRECTION('',(-0.961232389597027,0.,-0.275739538676611));
#4238=DIRECTION('center_axis',(0.,-1.,0.));
#4239=DIRECTION('ref_axis',(1.,0.,0.));
#4240=DIRECTION('',(-1.,0.,0.));
#4241=DIRECTION('center_axis',(0.,-1.,0.));
#4242=DIRECTION('ref_axis',(0.,0.,-1.));
#4243=DIRECTION('',(-0.961232389597027,0.,0.275739538676611));
#4244=DIRECTION('center_axis',(0.,1.,0.));
#4245=DIRECTION('ref_axis',(1.,0.,0.));
#4246=DIRECTION('',(-1.,0.,0.));
#4247=DIRECTION('center_axis',(0.,-1.,0.));
#4248=DIRECTION('ref_axis',(0.,0.,-1.));
#4249=DIRECTION('',(1.,0.,0.));
#4250=DIRECTION('center_axis',(0.,1.,0.));
#4251=DIRECTION('ref_axis',(1.,0.,0.));
#4252=DIRECTION('',(1.,0.,0.));
#4253=DIRECTION('center_axis',(0.,1.,0.));
#4254=DIRECTION('ref_axis',(1.,0.,0.));
#4255=DIRECTION('center_axis',(0.,1.,0.));
#4256=DIRECTION('ref_axis',(1.,0.,0.));
#4257=DIRECTION('',(0.,1.,0.));
#4258=DIRECTION('center_axis',(0.,-1.,0.));
#4259=DIRECTION('ref_axis',(1.,0.,0.));
#4260=DIRECTION('',(0.,-1.,0.));
#4261=DIRECTION('center_axis',(0.,1.,0.));
#4262=DIRECTION('ref_axis',(1.,0.,0.));
#4263=DIRECTION('center_axis',(0.,1.,0.));
#4264=DIRECTION('ref_axis',(1.,0.,0.));
#4265=DIRECTION('',(0.,-1.,0.));
#4266=DIRECTION('',(0.,1.,0.));
#4267=DIRECTION('center_axis',(0.,-1.,0.));
#4268=DIRECTION('ref_axis',(1.,0.,0.));
#4269=DIRECTION('center_axis',(0.,-1.,0.));
#4270=DIRECTION('ref_axis',(0.,0.,-1.));
#4271=DIRECTION('',(-1.,0.,0.));
#4272=DIRECTION('',(-1.,0.,0.));
#4273=DIRECTION('center_axis',(0.,1.,0.));
#4274=DIRECTION('ref_axis',(1.,0.,0.));
#4275=DIRECTION('center_axis',(0.,0.,-1.));
#4276=DIRECTION('ref_axis',(-1.,0.,0.));
#4277=DIRECTION('',(0.,-1.,0.));
#4278=DIRECTION('',(1.,0.,0.));
#4279=DIRECTION('',(1.,0.,0.));
#4280=DIRECTION('center_axis',(0.,1.,0.));
#4281=DIRECTION('ref_axis',(1.,0.,0.));
#4282=DIRECTION('',(0.,1.,0.));
#4283=DIRECTION('center_axis',(0.,-1.,0.));
#4284=DIRECTION('ref_axis',(1.,0.,0.));
#4285=DIRECTION('',(0.,-1.,0.));
#4286=DIRECTION('',(0.,-1.,0.));
#4287=DIRECTION('center_axis',(0.,-1.,0.));
#4288=DIRECTION('ref_axis',(1.,0.,0.));
#4289=DIRECTION('center_axis',(0.,1.,0.));
#4290=DIRECTION('ref_axis',(1.,0.,0.));
#4291=DIRECTION('',(0.,-1.,0.));
#4292=DIRECTION('center_axis',(0.,-1.,0.));
#4293=DIRECTION('ref_axis',(1.,0.,0.));
#4294=DIRECTION('',(0.,1.,0.));
#4295=DIRECTION('center_axis',(0.,1.,0.));
#4296=DIRECTION('ref_axis',(1.,0.,0.));
#4297=DIRECTION('',(0.,-1.,0.));
#4298=DIRECTION('center_axis',(0.,-1.,0.));
#4299=DIRECTION('ref_axis',(1.,0.,0.));
#4300=DIRECTION('',(0.,1.,0.));
#4301=DIRECTION('center_axis',(0.,1.,0.));
#4302=DIRECTION('ref_axis',(1.,0.,0.));
#4303=DIRECTION('',(0.,-1.,0.));
#4304=DIRECTION('center_axis',(0.,-1.,0.));
#4305=DIRECTION('ref_axis',(1.,0.,0.));
#4306=DIRECTION('',(0.,1.,0.));
#4307=DIRECTION('center_axis',(0.,1.,0.));
#4308=DIRECTION('ref_axis',(1.,0.,0.));
#4309=DIRECTION('',(0.,-1.,0.));
#4310=DIRECTION('center_axis',(0.,-1.,0.));
#4311=DIRECTION('ref_axis',(1.,0.,0.));
#4312=DIRECTION('',(0.,1.,0.));
#4313=DIRECTION('center_axis',(0.,1.,0.));
#4314=DIRECTION('ref_axis',(1.,0.,0.));
#4315=DIRECTION('',(0.,-1.,0.));
#4316=DIRECTION('center_axis',(0.,-1.,0.));
#4317=DIRECTION('ref_axis',(1.,0.,0.));
#4318=DIRECTION('',(0.,1.,0.));
#4319=DIRECTION('center_axis',(0.,1.,0.));
#4320=DIRECTION('ref_axis',(1.,0.,0.));
#4321=DIRECTION('',(0.,-1.,0.));
#4322=DIRECTION('center_axis',(0.,0.,-1.));
#4323=DIRECTION('ref_axis',(-1.,0.,0.));
#4324=DIRECTION('',(1.,0.,0.));
#4325=DIRECTION('',(1.,0.,0.));
#4326=DIRECTION('',(0.,-1.,0.));
#4327=DIRECTION('',(1.,0.,0.));
#4328=DIRECTION('center_axis',(1.,0.,1.83697019872103E-16));
#4329=DIRECTION('ref_axis',(-5.47820073070147E-32,-1.,1.83697019872103E-16));
#4330=DIRECTION('center_axis',(-1.22464679914735E-16,0.,1.));
#4331=DIRECTION('ref_axis',(1.,0.,1.22464679914735E-16));
#4332=DIRECTION('center_axis',(-1.22464679914735E-16,0.,1.));
#4333=DIRECTION('ref_axis',(1.,0.,1.22464679914735E-16));
#4334=DIRECTION('center_axis',(-1.22464679914735E-16,0.,1.));
#4335=DIRECTION('ref_axis',(6.12323399573677E-17,-1.,2.73910036535074E-32));
#4336=DIRECTION('center_axis',(-1.,0.,-6.12323399573677E-17));
#4337=DIRECTION('ref_axis',(-1.36955018267537E-32,-1.,6.12323399573676E-17));
#4338=DIRECTION('center_axis',(0.,0.,-1.));
#4339=DIRECTION('ref_axis',(-6.12323399573677E-17,-1.,0.));
#4340=DIRECTION('center_axis',(1.,0.,0.));
#4341=DIRECTION('ref_axis',(0.,0.,1.));
#4342=DIRECTION('',(0.,1.,0.));
#4343=DIRECTION('',(0.,0.,1.));
#4344=DIRECTION('',(0.,0.,-1.));
#4345=DIRECTION('center_axis',(-1.,0.,0.));
#4346=DIRECTION('ref_axis',(0.,0.,-1.));
#4347=DIRECTION('',(0.,-1.,0.));
#4348=DIRECTION('',(0.,0.,1.));
#4349=DIRECTION('',(0.,0.,-1.));
#4350=DIRECTION('center_axis',(1.,0.,0.));
#4351=DIRECTION('ref_axis',(0.,0.,1.));
#4352=DIRECTION('',(0.,-1.,0.));
#4353=DIRECTION('',(0.,0.,-1.));
#4354=DIRECTION('',(0.,0.,1.));
#4355=DIRECTION('center_axis',(-1.,0.,0.));
#4356=DIRECTION('ref_axis',(0.,0.,-1.));
#4357=DIRECTION('',(0.,1.,0.));
#4358=DIRECTION('',(0.,0.,-1.));
#4359=DIRECTION('',(0.,0.,1.));
#4360=DIRECTION('center_axis',(0.,1.,0.));
#4361=DIRECTION('ref_axis',(0.,0.,1.));
#4362=DIRECTION('center_axis',(0.,-1.,0.));
#4363=DIRECTION('ref_axis',(1.,0.,0.));
#4364=DIRECTION('',(1.,0.,0.));
#4365=DIRECTION('center_axis',(0.,-1.,0.));
#4366=DIRECTION('ref_axis',(1.,0.,0.));
#4367=DIRECTION('center_axis',(0.,-1.,0.));
#4368=DIRECTION('ref_axis',(1.,0.,0.));
#4369=DIRECTION('center_axis',(0.,1.,0.));
#4370=DIRECTION('ref_axis',(1.,0.,0.));
#4371=DIRECTION('center_axis',(0.,1.,0.));
#4372=DIRECTION('ref_axis',(0.,0.,1.));
#4373=DIRECTION('center_axis',(0.,1.,0.));
#4374=DIRECTION('ref_axis',(1.,0.,0.));
#4375=DIRECTION('',(-1.,0.,0.));
#4376=DIRECTION('',(1.,0.,0.));
#4377=DIRECTION('center_axis',(0.,1.,0.));
#4378=DIRECTION('ref_axis',(1.,0.,0.));
#4379=DIRECTION('',(-1.,0.,0.));
#4380=DIRECTION('center_axis',(0.,1.,0.));
#4381=DIRECTION('ref_axis',(1.,0.,0.));
#4382=DIRECTION('center_axis',(0.,-1.,0.));
#4383=DIRECTION('ref_axis',(1.,0.,0.));
#4384=DIRECTION('',(0.,1.,0.));
#4385=DIRECTION('center_axis',(0.,-1.,0.));
#4386=DIRECTION('ref_axis',(1.,0.,0.));
#4387=DIRECTION('center_axis',(-0.275739538676611,0.,0.961232389597027));
#4388=DIRECTION('ref_axis',(0.961232389597027,0.,0.275739538676611));
#4389=DIRECTION('',(0.961232389597027,0.,0.275739538676611));
#4390=DIRECTION('',(0.,1.,0.));
#4391=DIRECTION('center_axis',(0.,-1.,0.));
#4392=DIRECTION('ref_axis',(0.,0.,-1.));
#4393=DIRECTION('',(1.,0.,0.));
#4394=DIRECTION('center_axis',(0.,1.,0.));
#4395=DIRECTION('ref_axis',(1.,0.,0.));
#4396=DIRECTION('center_axis',(-0.275739538676611,0.,-0.961232389597027));
#4397=DIRECTION('ref_axis',(-0.961232389597027,0.,0.275739538676611));
#4398=DIRECTION('',(0.961232389597027,0.,-0.275739538676611));
#4399=DIRECTION('center_axis',(0.,-1.,0.));
#4400=DIRECTION('ref_axis',(0.,0.,-1.));
#4401=DIRECTION('center_axis',(0.,0.,1.));
#4402=DIRECTION('ref_axis',(1.,0.,0.));
#4403=DIRECTION('',(-1.,0.,0.));
#4404=DIRECTION('',(0.,1.,0.));
#4405=DIRECTION('center_axis',(0.,0.,-1.));
#4406=DIRECTION('ref_axis',(-1.,0.,0.));
#4407=DIRECTION('',(0.,1.,0.));
#4408=DIRECTION('center_axis',(0.,1.,0.));
#4409=DIRECTION('ref_axis',(0.,0.,1.));
#4410=DIRECTION('center_axis',(0.,-1.,0.));
#4411=DIRECTION('ref_axis',(1.,0.,0.));
#4412=DIRECTION('center_axis',(0.,1.,0.));
#4413=DIRECTION('ref_axis',(1.,0.,0.));
#4414=DIRECTION('center_axis',(0.,1.,0.));
#4415=DIRECTION('ref_axis',(1.,0.,0.));
#4416=DIRECTION('center_axis',(0.,1.,0.));
#4417=DIRECTION('ref_axis',(1.,0.,0.));
#4418=DIRECTION('center_axis',(0.,1.,0.));
#4419=DIRECTION('ref_axis',(1.,0.,0.));
#4420=DIRECTION('center_axis',(0.,-1.,0.));
#4421=DIRECTION('ref_axis',(1.,0.,0.));
#4422=DIRECTION('center_axis',(0.,-1.,0.));
#4423=DIRECTION('ref_axis',(1.,0.,0.));
#4424=DIRECTION('',(0.,-1.,0.));
#4425=DIRECTION('center_axis',(0.,-1.,0.));
#4426=DIRECTION('ref_axis',(1.,0.,0.));
#4427=DIRECTION('center_axis',(0.,1.,0.));
#4428=DIRECTION('ref_axis',(0.,0.,1.));
#4429=DIRECTION('center_axis',(0.,-1.,0.));
#4430=DIRECTION('ref_axis',(1.,0.,0.));
#4431=DIRECTION('',(-1.,0.,0.));
#4432=DIRECTION('',(-1.,0.,0.));
#4433=DIRECTION('center_axis',(0.,0.,1.));
#4434=DIRECTION('ref_axis',(1.,0.,0.));
#4435=DIRECTION('',(0.,1.,0.));
#4436=DIRECTION('center_axis',(0.707106781186547,0.,-0.707106781186548));
#4437=DIRECTION('ref_axis',(0.499999999999999,0.707106781186549,0.499999999999999));
#4438=DIRECTION('',(0.707106781186547,0.,-0.707106781186548));
#4439=DIRECTION('center_axis',(0.,-1.,0.));
#4440=DIRECTION('ref_axis',(-0.707106781186548,0.,-0.707106781186547));
#4441=DIRECTION('',(0.707106781186548,0.,0.707106781186547));
#4442=DIRECTION('center_axis',(-0.707106781186547,0.,0.707106781186548));
#4443=DIRECTION('ref_axis',(0.707106781186548,0.,0.707106781186547));
#4444=DIRECTION('',(-0.707106781186548,0.,-0.707106781186547));
#4445=DIRECTION('center_axis',(-0.707106781186548,0.,-0.707106781186547));
#4446=DIRECTION('ref_axis',(-0.5,0.707106781186547,0.5));
#4447=DIRECTION('center_axis',(0.707106781186548,0.,-0.707106781186547));
#4448=DIRECTION('ref_axis',(-0.707106781186547,0.,-0.707106781186548));
#4449=DIRECTION('',(0.,-1.,0.));
#4450=DIRECTION('',(0.707106781186547,0.,0.707106781186548));
#4451=DIRECTION('center_axis',(0.707106781186547,0.,0.707106781186548));
#4452=DIRECTION('ref_axis',(0.499999999999999,0.707106781186549,-0.499999999999999));
#4453=DIRECTION('',(-0.707106781186547,0.,-0.707106781186548));
#4454=DIRECTION('center_axis',(-0.707106781186548,0.,0.707106781186547));
#4455=DIRECTION('ref_axis',(-0.5,0.707106781186547,-0.5));
#4456=DIRECTION('',(-0.707106781186548,0.,0.707106781186547));
#4457=DIRECTION('center_axis',(0.,1.,0.));
#4458=DIRECTION('ref_axis',(-0.707106781186548,0.,0.707106781186547));
#4459=DIRECTION('center_axis',(0.,1.,0.));
#4460=DIRECTION('ref_axis',(1.,0.,0.));
#4461=DIRECTION('center_axis',(-1.,0.,0.));
#4462=DIRECTION('ref_axis',(0.,-1.,6.12323399573677E-17));
#4463=DIRECTION('center_axis',(-1.,0.,0.));
#4464=DIRECTION('ref_axis',(0.,-1.,-1.83697019872103E-16));
#4465=DIRECTION('center_axis',(-1.,0.,0.));
#4466=DIRECTION('ref_axis',(0.,-1.,6.12323399573677E-17));
#4467=DIRECTION('center_axis',(0.,-1.,0.));
#4468=DIRECTION('ref_axis',(1.,0.,0.));
#4469=DIRECTION('center_axis',(0.,1.,0.));
#4470=DIRECTION('ref_axis',(1.,0.,0.));
#4471=DIRECTION('',(0.,1.,0.));
#4472=DIRECTION('center_axis',(0.,-1.,0.));
#4473=DIRECTION('ref_axis',(1.,0.,0.));
#4474=DIRECTION('center_axis',(0.,1.,0.));
#4475=DIRECTION('ref_axis',(1.,0.,0.));
#4476=DIRECTION('',(0.,1.,0.));
#4477=DIRECTION('center_axis',(0.,-1.,0.));
#4478=DIRECTION('ref_axis',(1.,0.,0.));
#4479=DIRECTION('center_axis',(0.,1.,0.));
#4480=DIRECTION('ref_axis',(1.,0.,0.));
#4481=DIRECTION('',(0.,1.,0.));
#4482=DIRECTION('center_axis',(0.,-1.,0.));
#4483=DIRECTION('ref_axis',(0.865195464165119,0.,0.501434750279739));
#4484=DIRECTION('',(0.,1.,0.));
#4485=DIRECTION('center_axis',(-3.35009120439564E-17,-1.,5.80253484134088E-17));
#4486=DIRECTION('ref_axis',(-0.866853212150306,1.11055619103278E-19,-0.498563444894124));
#4487=DIRECTION('',(0.,-1.,0.));
#4488=DIRECTION('center_axis',(-1.75122390468957E-14,-1.,-1.00913425420472E-14));
#4489=DIRECTION('ref_axis',(-0.866853212150306,2.02117339821297E-14,-0.498563444894124));
#4490=DIRECTION('center_axis',(0.,-1.,0.));
#4491=DIRECTION('ref_axis',(0.498563876066192,0.,0.86685296416512));
#4492=DIRECTION('',(0.,-1.,0.));
#4493=DIRECTION('center_axis',(-1.01203726207339E-14,-1.,-1.74954785231514E-14));
#4494=DIRECTION('ref_axis',(-0.501435180627244,2.02117339821297E-14,-0.865195214751748));
#4495=DIRECTION('',(0.,1.,0.));
#4496=DIRECTION('center_axis',(-5.80253150867187E-17,-1.,3.35009697674769E-17));
#4497=DIRECTION('ref_axis',(-0.501435180627244,1.11055619103278E-19,-0.865195214751748));
#4498=DIRECTION('center_axis',(0.,-1.,0.));
#4499=DIRECTION('ref_axis',(0.866852964165119,0.,-0.498563876066193));
#4500=DIRECTION('',(0.,-1.,0.));
#4501=DIRECTION('center_axis',(-1.74954785231514E-14,-1.,1.01203726207339E-14));
#4502=DIRECTION('ref_axis',(-0.865195214751747,2.02117339821297E-14,0.501435180627245));
#4503=DIRECTION('',(0.,1.,0.));
#4504=DIRECTION('center_axis',(3.35009697674769E-17,-1.,5.80253150867186E-17));
#4505=DIRECTION('ref_axis',(-0.865195214751747,1.11055619103278E-19,0.501435180627245));
#4506=DIRECTION('center_axis',(0.,-1.,0.));
#4507=DIRECTION('ref_axis',(0.501434750279739,0.,-0.865195464165119));
#4508=DIRECTION('',(0.,-1.,0.));
#4509=DIRECTION('center_axis',(-1.00913425420472E-14,-1.,1.75122390468957E-14));
#4510=DIRECTION('ref_axis',(-0.498563444894124,2.02117339821297E-14,0.866853212150306));
#4511=DIRECTION('',(0.,1.,0.));
#4512=DIRECTION('center_axis',(5.80253484134088E-17,-1.,3.35009120439564E-17));
#4513=DIRECTION('ref_axis',(-0.498563444894124,1.11055619103278E-19,0.866853212150306));
#4514=DIRECTION('center_axis',(0.,-1.,0.));
#4515=DIRECTION('ref_axis',(-0.498563876066193,0.,-0.866852964165119));
#4516=DIRECTION('center_axis',(1.01203726207339E-14,-1.,1.74954785231514E-14));
#4517=DIRECTION('ref_axis',(0.501435180627245,2.02117339821297E-14,0.865195214751747));
#4518=DIRECTION('',(0.,1.,0.));
#4519=DIRECTION('center_axis',(5.80253150867187E-17,-1.,-3.35009697674769E-17));
#4520=DIRECTION('ref_axis',(0.501435180627245,1.11055619103278E-19,0.865195214751747));
#4521=DIRECTION('center_axis',(0.,-1.,0.));
#4522=DIRECTION('ref_axis',(-0.865195464165119,0.,-0.501434750279739));
#4523=DIRECTION('center_axis',(1.75122390468957E-14,-1.,1.00913425420472E-14));
#4524=DIRECTION('ref_axis',(0.866853212150306,2.02117339821297E-14,0.498563444894124));
#4525=DIRECTION('',(0.,1.,0.));
#4526=DIRECTION('center_axis',(3.35009120439564E-17,-1.,-5.80253484134088E-17));
#4527=DIRECTION('ref_axis',(0.866853212150306,1.11055619103278E-19,0.498563444894124));
#4528=DIRECTION('center_axis',(0.,-1.,0.));
#4529=DIRECTION('ref_axis',(-0.999998626345932,0.,-0.00165750000000012));
#4530=DIRECTION('center_axis',(2.02117151627811E-14,-1.,-1.67605237443794E-17));
#4531=DIRECTION('ref_axis',(0.999998625521369,2.02117339821297E-14,-0.00165799739855903));
#4532=DIRECTION('',(0.,1.,0.));
#4533=DIRECTION('center_axis',(-3.33266901201079E-23,-1.,-6.70018818114332E-17));
#4534=DIRECTION('ref_axis',(0.999998625521369,1.11055619103278E-19,-0.00165799739855903));
#4535=DIRECTION('center_axis',(0.,-1.,0.));
#4536=DIRECTION('ref_axis',(-0.866852964165119,0.,0.498563876066193));
#4537=DIRECTION('center_axis',(1.74954785231514E-14,-1.,-1.01203726207339E-14));
#4538=DIRECTION('ref_axis',(0.865195214751747,2.02117339821297E-14,-0.501435180627245));
#4539=DIRECTION('',(0.,1.,0.));
#4540=DIRECTION('center_axis',(-3.35009697674769E-17,-1.,-5.80253150867187E-17));
#4541=DIRECTION('ref_axis',(0.865195214751747,1.11055619103278E-19,-0.501435180627245));
#4542=DIRECTION('center_axis',(0.,1.,0.));
#4543=DIRECTION('ref_axis',(0.5,0.,0.866025403784439));
#4544=DIRECTION('center_axis',(0.,1.,0.));
#4545=DIRECTION('ref_axis',(1.,0.,0.));
#4546=DIRECTION('center_axis',(-1.0114284837795E-14,-1.,-1.74849944573564E-14));
#4547=DIRECTION('ref_axis',(-0.501434320190247,2.01996105954093E-14,-0.86519571342867));
#4548=DIRECTION('center_axis',(0.,-1.,0.));
#4549=DIRECTION('ref_axis',(1.,0.,0.));
#4550=DIRECTION('center_axis',(0.,1.,0.));
#4551=DIRECTION('ref_axis',(0.5,0.,0.866025403784439));
#4552=DIRECTION('center_axis',(1.00853069662032E-14,-1.,-1.75017248393204E-14));
#4553=DIRECTION('ref_axis',(0.498564306979506,2.01996105954093E-14,-0.866852716328469));
#4554=DIRECTION('center_axis',(0.,-1.,0.));
#4555=DIRECTION('ref_axis',(1.,0.,0.));
#4556=DIRECTION('center_axis',(1.00913425420472E-14,-1.,-1.75122390468957E-14));
#4557=DIRECTION('ref_axis',(0.498563444894124,2.02117339821297E-14,-0.866853212150306));
#4558=DIRECTION('center_axis',(0.,1.,0.));
#4559=DIRECTION('ref_axis',(0.5,0.,0.866025403784439));
#4560=DIRECTION('center_axis',(1.74849944573564E-14,-1.,-1.0114284837795E-14));
#4561=DIRECTION('ref_axis',(0.86519571342867,2.01996105954093E-14,-0.501434320190247));
#4562=DIRECTION('center_axis',(0.,-1.,0.));
#4563=DIRECTION('ref_axis',(1.,0.,0.));
#4564=DIRECTION('center_axis',(0.,1.,0.));
#4565=DIRECTION('ref_axis',(0.5,0.,0.866025403784439));
#4566=DIRECTION('center_axis',(2.01995918039982E-14,-1.,-1.67303819640804E-17));
#4567=DIRECTION('ref_axis',(0.999998627169753,2.01996105954093E-14,-0.00165700289979949));
#4568=DIRECTION('center_axis',(0.,-1.,0.));
#4569=DIRECTION('ref_axis',(1.,0.,0.));
#4570=DIRECTION('center_axis',(0.,1.,0.));
#4571=DIRECTION('ref_axis',(0.5,0.,0.866025403784439));
#4572=DIRECTION('center_axis',(1.75017248393204E-14,-1.,1.00853069662032E-14));
#4573=DIRECTION('ref_axis',(0.866852716328469,2.01996105954093E-14,0.498564306979506));
#4574=DIRECTION('center_axis',(0.,-1.,0.));
#4575=DIRECTION('ref_axis',(1.,0.,0.));
#4576=DIRECTION('center_axis',(0.,1.,0.));
#4577=DIRECTION('ref_axis',(0.5,0.,0.866025403784439));
#4578=DIRECTION('center_axis',(1.0114284837795E-14,-1.,1.74849944573564E-14));
#4579=DIRECTION('ref_axis',(0.501434320190247,2.01996105954093E-14,0.86519571342867));
#4580=DIRECTION('center_axis',(0.,-1.,0.));
#4581=DIRECTION('ref_axis',(1.,0.,0.));
#4582=DIRECTION('center_axis',(0.,1.,0.));
#4583=DIRECTION('ref_axis',(0.5,0.,0.866025403784439));
#4584=DIRECTION('center_axis',(0.,1.,0.));
#4585=DIRECTION('ref_axis',(1.,0.,0.));
#4586=DIRECTION('center_axis',(-1.00853069662032E-14,-1.,1.75017248393205E-14));
#4587=DIRECTION('ref_axis',(-0.498564306979506,2.01996105954093E-14,0.866852716328469));
#4588=DIRECTION('center_axis',(0.,-1.,0.));
#4589=DIRECTION('ref_axis',(1.,0.,0.));
#4590=DIRECTION('center_axis',(0.,1.,0.));
#4591=DIRECTION('ref_axis',(0.5,0.,0.866025403784439));
#4592=DIRECTION('center_axis',(0.,1.,0.));
#4593=DIRECTION('ref_axis',(1.,0.,0.));
#4594=DIRECTION('center_axis',(-1.74849944573564E-14,-1.,1.0114284837795E-14));
#4595=DIRECTION('ref_axis',(-0.86519571342867,2.01996105954093E-14,0.501434320190247));
#4596=DIRECTION('center_axis',(0.,-1.,0.));
#4597=DIRECTION('ref_axis',(1.,0.,0.));
#4598=DIRECTION('center_axis',(0.,1.,0.));
#4599=DIRECTION('ref_axis',(0.5,0.,0.866025403784439));
#4600=DIRECTION('center_axis',(0.,-1.,0.));
#4601=DIRECTION('ref_axis',(1.,0.,0.));
#4602=DIRECTION('center_axis',(0.,1.,0.));
#4603=DIRECTION('ref_axis',(1.,0.,0.));
#4604=DIRECTION('center_axis',(-1.75017248393204E-14,-1.,-1.00853069662032E-14));
#4605=DIRECTION('ref_axis',(-0.866852716328469,2.01996105954093E-14,-0.498564306979506));
#4606=DIRECTION('center_axis',(0.,-1.,0.));
#4607=DIRECTION('ref_axis',(-0.501434750279739,0.,0.865195464165119));
#4608=DIRECTION('',(0.,1.,0.));
#4609=DIRECTION('center_axis',(-5.80253484134088E-17,-1.,-3.35009120439564E-17));
#4610=DIRECTION('ref_axis',(0.498563444894124,1.11055619103278E-19,-0.866853212150306));
#4611=DIRECTION('center_axis',(0.,-1.,0.));
#4612=DIRECTION('ref_axis',(-0.5,0.,-0.866025403784439));
#4613=DIRECTION('center_axis',(0.,1.,0.));
#4614=DIRECTION('ref_axis',(1.,0.,0.));
#4615=DIRECTION('center_axis',(5.79905436835893E-17,-1.,-3.34808175699958E-17));
#4616=DIRECTION('ref_axis',(0.501434320190247,1.10989005807306E-19,0.86519571342867));
#4617=DIRECTION('center_axis',(0.,-1.,0.));
#4618=DIRECTION('ref_axis',(-0.5,0.,-0.866025403784439));
#4619=DIRECTION('center_axis',(0.,1.,0.));
#4620=DIRECTION('ref_axis',(1.,0.,0.));
#4621=DIRECTION('center_axis',(3.34808752242617E-17,-1.,-5.79905103968834E-17));
#4622=DIRECTION('ref_axis',(0.866852716328469,1.10989005807306E-19,0.498564306979506));
#4623=DIRECTION('center_axis',(0.,-1.,0.));
#4624=DIRECTION('ref_axis',(-0.5,0.,-0.866025403784439));
#4625=DIRECTION('center_axis',(0.,1.,0.));
#4626=DIRECTION('ref_axis',(1.,0.,0.));
#4627=DIRECTION('center_axis',(3.32867059224289E-23,-1.,-6.69616927942575E-17));
#4628=DIRECTION('ref_axis',(0.999998627169753,1.10989005807306E-19,-0.00165700289979949));
#4629=DIRECTION('center_axis',(0.,-1.,0.));
#4630=DIRECTION('ref_axis',(-0.5,0.,-0.866025403784439));
#4631=DIRECTION('center_axis',(0.,1.,0.));
#4632=DIRECTION('ref_axis',(1.,0.,0.));
#4633=DIRECTION('center_axis',(-3.34808175699958E-17,-1.,-5.79905436835893E-17));
#4634=DIRECTION('ref_axis',(0.86519571342867,1.10989005807306E-19,-0.501434320190247));
#4635=DIRECTION('center_axis',(0.,-1.,0.));
#4636=DIRECTION('ref_axis',(-0.5,0.,-0.866025403784439));
#4637=DIRECTION('center_axis',(0.,1.,0.));
#4638=DIRECTION('ref_axis',(1.,0.,0.));
#4639=DIRECTION('center_axis',(-5.79905103968834E-17,-1.,-3.34808752242617E-17));
#4640=DIRECTION('ref_axis',(0.498564306979506,1.10989005807306E-19,-0.866852716328469));
#4641=DIRECTION('center_axis',(0.,-1.,0.));
#4642=DIRECTION('ref_axis',(-0.5,0.,-0.866025403784439));
#4643=DIRECTION('center_axis',(0.,-1.,0.));
#4644=DIRECTION('ref_axis',(1.,0.,0.));
#4645=DIRECTION('center_axis',(0.,1.,0.));
#4646=DIRECTION('ref_axis',(1.,0.,0.));
#4647=DIRECTION('center_axis',(-5.79905436835893E-17,-1.,3.34808175699958E-17));
#4648=DIRECTION('ref_axis',(-0.501434320190247,1.10989005807306E-19,-0.86519571342867));
#4649=DIRECTION('center_axis',(0.,-1.,0.));
#4650=DIRECTION('ref_axis',(-0.5,0.,-0.866025403784439));
#4651=DIRECTION('center_axis',(0.,-1.,0.));
#4652=DIRECTION('ref_axis',(1.,0.,0.));
#4653=DIRECTION('center_axis',(0.,1.,0.));
#4654=DIRECTION('ref_axis',(1.,0.,0.));
#4655=DIRECTION('center_axis',(3.34808175699958E-17,-1.,5.79905436835893E-17));
#4656=DIRECTION('ref_axis',(-0.86519571342867,1.10989005807306E-19,0.501434320190247));
#4657=DIRECTION('center_axis',(0.,-1.,0.));
#4658=DIRECTION('ref_axis',(-0.5,0.,-0.866025403784439));
#4659=DIRECTION('center_axis',(0.,-1.,0.));
#4660=DIRECTION('ref_axis',(1.,0.,0.));
#4661=DIRECTION('center_axis',(0.,1.,0.));
#4662=DIRECTION('ref_axis',(1.,0.,0.));
#4663=DIRECTION('center_axis',(5.79905103968834E-17,-1.,3.34808752242617E-17));
#4664=DIRECTION('ref_axis',(-0.498564306979506,1.10989005807306E-19,0.866852716328469));
#4665=DIRECTION('center_axis',(0.,-1.,0.));
#4666=DIRECTION('ref_axis',(0.865195464165119,0.,0.501434750279739));
#4667=DIRECTION('',(0.,-1.,0.));
#4668=DIRECTION('',(0.,1.,0.));
#4669=DIRECTION('center_axis',(-3.34808752242617E-17,-1.,5.79905103968834E-17));
#4670=DIRECTION('ref_axis',(-0.866852716328469,1.10989005807306E-19,-0.498564306979506));
#4671=DIRECTION('center_axis',(0.,-1.,0.));
#4672=DIRECTION('ref_axis',(-0.5,0.,-0.866025403784439));
#4673=DIRECTION('center_axis',(0.,1.,0.));
#4674=DIRECTION('ref_axis',(1.,0.,0.));
#4675=DIRECTION('center_axis',(0.,-1.,0.));
#4676=DIRECTION('ref_axis',(1.,0.,0.));
#4677=DIRECTION('center_axis',(0.,-1.,0.));
#4678=DIRECTION('ref_axis',(0.498563876066192,0.,0.86685296416512));
#4679=DIRECTION('',(0.,1.,0.));
#4680=DIRECTION('',(0.,-1.,0.));
#4681=DIRECTION('center_axis',(0.,-1.,0.));
#4682=DIRECTION('ref_axis',(-0.501434750279739,0.,0.865195464165119));
#4683=DIRECTION('',(0.,-1.,0.));
#4684=DIRECTION('center_axis',(0.,-1.,0.));
#4685=DIRECTION('ref_axis',(-0.866852964165119,0.,0.498563876066193));
#4686=DIRECTION('',(0.,-1.,0.));
#4687=DIRECTION('center_axis',(0.,-1.,0.));
#4688=DIRECTION('ref_axis',(-0.999998626345932,0.,-0.00165750000000009));
#4689=DIRECTION('',(0.,-1.,0.));
#4690=DIRECTION('center_axis',(0.,-1.,0.));
#4691=DIRECTION('ref_axis',(-0.865195464165119,0.,-0.501434750279739));
#4692=DIRECTION('',(0.,-1.,0.));
#4693=DIRECTION('center_axis',(0.,-1.,0.));
#4694=DIRECTION('ref_axis',(-0.498563876066193,0.,-0.866852964165119));
#4695=DIRECTION('',(0.,-1.,0.));
#4696=DIRECTION('center_axis',(0.,-1.,0.));
#4697=DIRECTION('ref_axis',(0.501434750279738,0.,-0.865195464165119));
#4698=DIRECTION('',(0.,1.,0.));
#4699=DIRECTION('',(0.,-1.,0.));
#4700=DIRECTION('center_axis',(0.,-1.,0.));
#4701=DIRECTION('ref_axis',(0.866852964165119,0.,-0.498563876066193));
#4702=DIRECTION('',(0.,1.,0.));
#4703=DIRECTION('',(0.,-1.,0.));
#4704=DIRECTION('center_axis',(0.,1.,0.));
#4705=DIRECTION('ref_axis',(1.,0.,0.));
#4706=DIRECTION('',(0.,-1.,0.));
#4707=DIRECTION('center_axis',(0.,-1.,0.));
#4708=DIRECTION('ref_axis',(1.,0.,0.));
#4709=DIRECTION('',(0.,1.,0.));
#4710=DIRECTION('center_axis',(0.,1.,0.));
#4711=DIRECTION('ref_axis',(1.,0.,0.));
#4712=DIRECTION('',(0.,-1.,0.));
#4713=DIRECTION('center_axis',(0.,1.,0.));
#4714=DIRECTION('ref_axis',(0.,0.,1.));
#4715=DIRECTION('center_axis',(0.,-1.,0.));
#4716=DIRECTION('ref_axis',(1.,0.,0.));
#4717=DIRECTION('center_axis',(-2.02117151627811E-14,-1.,1.67605237443831E-17));
#4718=DIRECTION('ref_axis',(-0.999998625521369,2.02117339821297E-14,0.00165799739855912));
#4719=DIRECTION('center_axis',(-2.01995918039982E-14,-1.,1.6730381964083E-17));
#4720=DIRECTION('ref_axis',(-0.999998627169753,2.01996105954093E-14,0.00165700289979965));
#4721=DIRECTION('center_axis',(0.,-1.,0.));
#4722=DIRECTION('ref_axis',(0.999998626345932,0.,0.0016575));
#4723=DIRECTION('',(0.,1.,0.));
#4724=DIRECTION('center_axis',(3.33266901293246E-23,-1.,6.70018818114332E-17));
#4725=DIRECTION('ref_axis',(-0.999998625521369,1.11055619103278E-19,0.00165799739855912));
#4726=DIRECTION('center_axis',(0.,-1.,0.));
#4727=DIRECTION('ref_axis',(0.999998626345932,0.,0.0016575));
#4728=DIRECTION('',(0.,-1.,0.));
#4729=DIRECTION('center_axis',(-3.32867059092766E-23,-1.,6.69616927942575E-17));
#4730=DIRECTION('ref_axis',(-0.999998627169753,1.10989005807306E-19,0.00165700289979965));
#4731=DIRECTION('center_axis',(0.,-1.,0.));
#4732=DIRECTION('ref_axis',(0.,0.,-1.));
#4733=DIRECTION('center_axis',(0.,1.,0.));
#4734=DIRECTION('ref_axis',(1.,0.,0.));
#4735=DIRECTION('center_axis',(0.,0.,1.));
#4736=DIRECTION('ref_axis',(1.,0.,0.));
#4737=DIRECTION('',(-1.,0.,0.));
#4738=DIRECTION('center_axis',(0.,-1.,0.));
#4739=DIRECTION('ref_axis',(0.,0.,-1.));
#4740=DIRECTION('center_axis',(0.,1.,0.));
#4741=DIRECTION('ref_axis',(1.,0.,0.));
#4742=DIRECTION('center_axis',(0.,1.,0.));
#4743=DIRECTION('ref_axis',(0.,0.,1.));
#4744=DIRECTION('center_axis',(0.,1.,0.));
#4745=DIRECTION('ref_axis',(1.,0.,0.));
#4746=DIRECTION('center_axis',(0.,1.,0.));
#4747=DIRECTION('ref_axis',(1.,0.,0.));
#4748=DIRECTION('',(0.,-1.,0.));
#4749=DIRECTION('center_axis',(0.,1.,0.));
#4750=DIRECTION('ref_axis',(1.,0.,0.));
#4751=DIRECTION('',(0.,-1.,0.));
#4752=CARTESIAN_POINT('',(0.,0.,0.));
#4753=CARTESIAN_POINT('Origin',(0.,90.,0.));
#4754=CARTESIAN_POINT('',(-30.35,90.,-3.71680303541221E-15));
#4755=CARTESIAN_POINT('Origin',(0.,90.,0.));
#4756=CARTESIAN_POINT('',(-30.35,86.938477631085,-8.15769513391284E-15));
#4757=CARTESIAN_POINT('',(-30.35,90.,-3.71680303541221E-15));
#4758=CARTESIAN_POINT('',(-30.3360758833439,86.0192388155425,-0.919238815542506));
#4759=CARTESIAN_POINT('Origin',(0.,86.938477631085,0.));
#4760=CARTESIAN_POINT('',(-30.35,83.8,-2.96862454233126E-15));
#4761=CARTESIAN_POINT('Ctrl Pts',(-30.35,83.8,-2.18575157973078E-15));
#4762=CARTESIAN_POINT('Ctrl Pts',(-30.35,83.8,-0.163252313025472));
#4763=CARTESIAN_POINT('Ctrl Pts',(-30.3485474550284,83.8326300989458,-0.337372558122993));
#4764=CARTESIAN_POINT('Ctrl Pts',(-30.3432964006421,83.9653060798589,-0.657659802609351));
#4765=CARTESIAN_POINT('Ctrl Pts',(-30.3395730282533,84.0653508563112,-0.803828487396266));
#4766=CARTESIAN_POINT('Ctrl Pts',(-30.3325787380369,84.2961715257263,-1.03464915681135));
#4767=CARTESIAN_POINT('Ctrl Pts',(-30.3288538742981,84.4423402044182,-1.13469392368737));
#4768=CARTESIAN_POINT('Ctrl Pts',(-30.3235994100344,84.7626274302084,-1.26736989558544));
#4769=CARTESIAN_POINT('Ctrl Pts',(-30.322145372648,84.9367476684121,-1.3));
#4770=CARTESIAN_POINT('Ctrl Pts',(-30.322145372648,85.1,-1.3));
#4771=CARTESIAN_POINT('Ctrl Pts',(-30.322145372648,85.2632523315879,-1.3));
#4772=CARTESIAN_POINT('Ctrl Pts',(-30.3235994100344,85.4373725697916,-1.26736989558544));
#4773=CARTESIAN_POINT('Ctrl Pts',(-30.3288538742981,85.7576597955818,-1.13469392368737));
#4774=CARTESIAN_POINT('Ctrl Pts',(-30.3325787380368,85.9038284742737,-1.03464915681135));
#4775=CARTESIAN_POINT('Ctrl Pts',(-30.3360758833439,86.0192388155425,-0.91923881554251));
#4776=CARTESIAN_POINT('',(-30.35,11.938477631085,-1.11022302462516E-15));
#4777=CARTESIAN_POINT('',(-30.35,90.,-3.71680303541221E-15));
#4778=CARTESIAN_POINT('',(-30.3360758833439,11.0192388155425,-0.919238815542511));
#4779=CARTESIAN_POINT('Origin',(0.,11.938477631085,0.));
#4780=CARTESIAN_POINT('',(-30.35,8.8,-1.7543181091475E-15));
#4781=CARTESIAN_POINT('Ctrl Pts',(-30.35,8.8,2.08166817117217E-16));
#4782=CARTESIAN_POINT('Ctrl Pts',(-30.35,8.8,-0.163252313025468));
#4783=CARTESIAN_POINT('Ctrl Pts',(-30.3485474550284,8.83263009894575,-0.337372558123));
#4784=CARTESIAN_POINT('Ctrl Pts',(-30.3432964006421,8.96530607985894,-0.657659802609357));
#4785=CARTESIAN_POINT('Ctrl Pts',(-30.3395730282533,9.06535085631124,-0.803828487396268));
#4786=CARTESIAN_POINT('Ctrl Pts',(-30.3325787380369,9.29617152572632,-1.03464915681135));
#4787=CARTESIAN_POINT('Ctrl Pts',(-30.3288538742981,9.44234020441824,-1.13469392368736));
#4788=CARTESIAN_POINT('Ctrl Pts',(-30.3235994100344,9.76262743020836,-1.26736989558543));
#4789=CARTESIAN_POINT('Ctrl Pts',(-30.322145372648,9.93674766841213,-1.3));
#4790=CARTESIAN_POINT('Ctrl Pts',(-30.322145372648,10.1,-1.3));
#4791=CARTESIAN_POINT('Ctrl Pts',(-30.322145372648,10.2632523315879,-1.3));
#4792=CARTESIAN_POINT('Ctrl Pts',(-30.3235994100344,10.4373725697917,-1.26736989558543));
#4793=CARTESIAN_POINT('Ctrl Pts',(-30.3288538742981,10.7576597955818,-1.13469392368735));
#4794=CARTESIAN_POINT('Ctrl Pts',(-30.3325787380368,10.9038284742737,-1.03464915681134));
#4795=CARTESIAN_POINT('Ctrl Pts',(-30.3360758833439,11.0192388155425,-0.919238815542506));
#4796=CARTESIAN_POINT('',(-30.35,6.,-3.71680303541221E-15));
#4797=CARTESIAN_POINT('',(-30.35,90.,-3.71680303541221E-15));
#4798=CARTESIAN_POINT('Origin',(0.,6.,0.));
#4799=CARTESIAN_POINT('',(-30.3360758833439,11.0192388155425,0.919238815542511));
#4800=CARTESIAN_POINT('Ctrl Pts',(-30.3360758833439,11.0192388155425,0.919238815542506));
#4801=CARTESIAN_POINT('Ctrl Pts',(-30.3325787380369,10.9038284742737,1.03464915681134));
#4802=CARTESIAN_POINT('Ctrl Pts',(-30.3288538742981,10.7576597955818,1.13469392368735));
#4803=CARTESIAN_POINT('Ctrl Pts',(-30.3235994100344,10.4373725697917,1.26736989558543));
#4804=CARTESIAN_POINT('Ctrl Pts',(-30.322145372648,10.2632523315879,1.3));
#4805=CARTESIAN_POINT('Ctrl Pts',(-30.322145372648,9.93674766841213,1.3));
#4806=CARTESIAN_POINT('Ctrl Pts',(-30.3235994100344,9.76262743020836,1.26736989558543));
#4807=CARTESIAN_POINT('Ctrl Pts',(-30.3288538742981,9.44234020441824,1.13469392368736));
#4808=CARTESIAN_POINT('Ctrl Pts',(-30.3325787380369,9.29617152572632,1.03464915681135));
#4809=CARTESIAN_POINT('Ctrl Pts',(-30.3395730282533,9.06535085631124,0.803828487396268));
#4810=CARTESIAN_POINT('Ctrl Pts',(-30.3432964006421,8.96530607985894,0.657659802609357));
#4811=CARTESIAN_POINT('Ctrl Pts',(-30.3485474550284,8.83263009894575,0.337372558123001));
#4812=CARTESIAN_POINT('Ctrl Pts',(-30.35,8.8,0.163252313025469));
#4813=CARTESIAN_POINT('Ctrl Pts',(-30.35,8.8,4.16333634234434E-16));
#4814=CARTESIAN_POINT('Origin',(0.,11.938477631085,0.));
#4815=CARTESIAN_POINT('',(-30.3360758833439,86.0192388155425,0.9192388155425));
#4816=CARTESIAN_POINT('Ctrl Pts',(-30.3360758833439,86.0192388155425,0.919238815542509));
#4817=CARTESIAN_POINT('Ctrl Pts',(-30.3325787380368,85.9038284742737,1.03464915681135));
#4818=CARTESIAN_POINT('Ctrl Pts',(-30.3288538742981,85.7576597955818,1.13469392368736));
#4819=CARTESIAN_POINT('Ctrl Pts',(-30.3235994100344,85.4373725697916,1.26736989558544));
#4820=CARTESIAN_POINT('Ctrl Pts',(-30.322145372648,85.2632523315879,1.3));
#4821=CARTESIAN_POINT('Ctrl Pts',(-30.322145372648,84.9367476684121,1.3));
#4822=CARTESIAN_POINT('Ctrl Pts',(-30.3235994100344,84.7626274302084,1.26736989558544));
#4823=CARTESIAN_POINT('Ctrl Pts',(-30.3288538742981,84.4423402044182,1.13469392368736));
#4824=CARTESIAN_POINT('Ctrl Pts',(-30.3325787380369,84.2961715257263,1.03464915681134));
#4825=CARTESIAN_POINT('Ctrl Pts',(-30.3395730282533,84.0653508563112,0.803828487396263));
#4826=CARTESIAN_POINT('Ctrl Pts',(-30.3432964006421,83.9653060798589,0.657659802609347));
#4827=CARTESIAN_POINT('Ctrl Pts',(-30.3485474550284,83.8326300989458,0.337372558122989));
#4828=CARTESIAN_POINT('Ctrl Pts',(-30.35,83.8,0.163252313025466));
#4829=CARTESIAN_POINT('Ctrl Pts',(-30.35,83.8,-2.8796409701215E-15));
#4830=CARTESIAN_POINT('Origin',(0.,86.938477631085,0.));
#4831=CARTESIAN_POINT('',(30.35,11.938477631085,4.82702606003737E-15));
#4832=CARTESIAN_POINT('',(30.3360758833439,11.0192388155425,-0.919238815542517));
#4833=CARTESIAN_POINT('Origin',(0.,11.938477631085,0.));
#4834=CARTESIAN_POINT('',(30.3360758833439,11.0192388155425,0.919238815542506));
#4835=CARTESIAN_POINT('Origin',(0.,11.938477631085,0.));
#4836=CARTESIAN_POINT('Ctrl Pts',(30.3360758833439,11.0192388155425,-0.919238815542506));
#4837=CARTESIAN_POINT('Ctrl Pts',(30.3325787380368,10.9038284742737,-1.03464915681134));
#4838=CARTESIAN_POINT('Ctrl Pts',(30.3288538742981,10.7576597955818,-1.13469392368735));
#4839=CARTESIAN_POINT('Ctrl Pts',(30.3235994100344,10.4373725697917,-1.26736989558543));
#4840=CARTESIAN_POINT('Ctrl Pts',(30.322145372648,10.2632523315879,-1.3));
#4841=CARTESIAN_POINT('Ctrl Pts',(30.322145372648,10.1,-1.3));
#4842=CARTESIAN_POINT('Ctrl Pts',(30.322145372648,9.93674766841213,-1.3));
#4843=CARTESIAN_POINT('Ctrl Pts',(30.3235994100344,9.76262743020836,-1.26736989558543));
#4844=CARTESIAN_POINT('Ctrl Pts',(30.3288538742981,9.44234020441824,-1.13469392368736));
#4845=CARTESIAN_POINT('Ctrl Pts',(30.3325787380369,9.29617152572632,-1.03464915681135));
#4846=CARTESIAN_POINT('Ctrl Pts',(30.3395730282533,9.06535085631124,-0.803828487396268));
#4847=CARTESIAN_POINT('Ctrl Pts',(30.3432964006421,8.96530607985894,-0.657659802609358));
#4848=CARTESIAN_POINT('Ctrl Pts',(30.3485474550284,8.83263009894575,-0.337372558123001));
#4849=CARTESIAN_POINT('Ctrl Pts',(30.35,8.80000000000001,-0.163252313025469));
#4850=CARTESIAN_POINT('Ctrl Pts',(30.35,8.80000000000001,0.163252313025469));
#4851=CARTESIAN_POINT('Ctrl Pts',(30.3485474550284,8.83263009894575,0.337372558123001));
#4852=CARTESIAN_POINT('Ctrl Pts',(30.3432964006421,8.96530607985894,0.657659802609358));
#4853=CARTESIAN_POINT('Ctrl Pts',(30.3395730282533,9.06535085631124,0.803828487396268));
#4854=CARTESIAN_POINT('Ctrl Pts',(30.3325787380369,9.29617152572632,1.03464915681135));
#4855=CARTESIAN_POINT('Ctrl Pts',(30.3288538742981,9.44234020441824,1.13469392368736));
#4856=CARTESIAN_POINT('Ctrl Pts',(30.3235994100344,9.76262743020836,1.26736989558543));
#4857=CARTESIAN_POINT('Ctrl Pts',(30.322145372648,9.93674766841213,1.3));
#4858=CARTESIAN_POINT('Ctrl Pts',(30.322145372648,10.2632523315879,1.3));
#4859=CARTESIAN_POINT('Ctrl Pts',(30.3235994100344,10.4373725697917,1.26736989558543));
#4860=CARTESIAN_POINT('Ctrl Pts',(30.3288538742981,10.7576597955818,1.13469392368735));
#4861=CARTESIAN_POINT('Ctrl Pts',(30.3325787380369,10.9038284742737,1.03464915681134));
#4862=CARTESIAN_POINT('Ctrl Pts',(30.3360758833439,11.0192388155425,0.919238815542506));
#4863=CARTESIAN_POINT('',(-1.00160966516189E-14,86.938477631085,30.35));
#4864=CARTESIAN_POINT('',(0.919238815542498,86.0192388155425,30.3360758833439));
#4865=CARTESIAN_POINT('Origin',(0.,86.938477631085,0.));
#4866=CARTESIAN_POINT('',(-0.919238815542508,86.0192388155425,30.3360758833439));
#4867=CARTESIAN_POINT('Origin',(0.,86.938477631085,0.));
#4868=CARTESIAN_POINT('Ctrl Pts',(0.919238815542507,86.0192388155425,30.3360758833439));
#4869=CARTESIAN_POINT('Ctrl Pts',(1.03464915681134,85.9038284742737,30.3325787380368));
#4870=CARTESIAN_POINT('Ctrl Pts',(1.13469392368736,85.7576597955818,30.3288538742981));
#4871=CARTESIAN_POINT('Ctrl Pts',(1.26736989558543,85.4373725697916,30.3235994100344));
#4872=CARTESIAN_POINT('Ctrl Pts',(1.3,85.2632523315879,30.322145372648));
#4873=CARTESIAN_POINT('Ctrl Pts',(1.3,84.9367476684121,30.322145372648));
#4874=CARTESIAN_POINT('Ctrl Pts',(1.26736989558543,84.7626274302083,30.3235994100344));
#4875=CARTESIAN_POINT('Ctrl Pts',(1.13469392368736,84.4423402044182,30.3288538742981));
#4876=CARTESIAN_POINT('Ctrl Pts',(1.03464915681134,84.2961715257263,30.3325787380368));
#4877=CARTESIAN_POINT('Ctrl Pts',(0.80382848739626,84.0653508563112,30.3395730282533));
#4878=CARTESIAN_POINT('Ctrl Pts',(0.657659802609339,83.9653060798589,30.3432964006421));
#4879=CARTESIAN_POINT('Ctrl Pts',(0.337372558122981,83.8326300989458,30.3485474550284));
#4880=CARTESIAN_POINT('Ctrl Pts',(0.163252313025466,83.8,30.35));
#4881=CARTESIAN_POINT('Ctrl Pts',(-0.163252313025473,83.8,30.35));
#4882=CARTESIAN_POINT('Ctrl Pts',(-0.337372558122994,83.8326300989458,30.3485474550284));
#4883=CARTESIAN_POINT('Ctrl Pts',(-0.657659802609352,83.9653060798589,30.3432964006421));
#4884=CARTESIAN_POINT('Ctrl Pts',(-0.803828487396268,84.0653508563112,30.3395730282533));
#4885=CARTESIAN_POINT('Ctrl Pts',(-1.03464915681135,84.2961715257263,30.3325787380369));
#4886=CARTESIAN_POINT('Ctrl Pts',(-1.13469392368737,84.4423402044182,30.3288538742981));
#4887=CARTESIAN_POINT('Ctrl Pts',(-1.26736989558544,84.7626274302084,30.3235994100344));
#4888=CARTESIAN_POINT('Ctrl Pts',(-1.3,84.9367476684121,30.322145372648));
#4889=CARTESIAN_POINT('Ctrl Pts',(-1.3,85.1,30.322145372648));
#4890=CARTESIAN_POINT('Ctrl Pts',(-1.3,85.2632523315879,30.322145372648));
#4891=CARTESIAN_POINT('Ctrl Pts',(-1.26736989558544,85.4373725697916,30.3235994100344));
#4892=CARTESIAN_POINT('Ctrl Pts',(-1.13469392368737,85.7576597955818,30.3288538742981));
#4893=CARTESIAN_POINT('Ctrl Pts',(-1.03464915681135,85.9038284742737,30.3325787380368));
#4894=CARTESIAN_POINT('Ctrl Pts',(-0.919238815542522,86.0192388155425,30.3360758833439));
#4895=CARTESIAN_POINT('',(0.919238815542504,86.0192388155425,-30.3360758833439));
#4896=CARTESIAN_POINT('',(6.29929361620673E-15,86.938477631085,-30.35));
#4897=CARTESIAN_POINT('Origin',(0.,86.938477631085,0.));
#4898=CARTESIAN_POINT('',(-0.919238815542502,86.0192388155425,-30.3360758833439));
#4899=CARTESIAN_POINT('Ctrl Pts',(-0.919238815542506,86.0192388155425,-30.3360758833439));
#4900=CARTESIAN_POINT('Ctrl Pts',(-1.03464915681134,85.9038284742737,-30.3325787380368));
#4901=CARTESIAN_POINT('Ctrl Pts',(-1.13469392368738,85.7576597955817,-30.3288538742981));
#4902=CARTESIAN_POINT('Ctrl Pts',(-1.26736989558545,85.4373725697916,-30.3235994100344));
#4903=CARTESIAN_POINT('Ctrl Pts',(-1.3,85.2632523315879,-30.322145372648));
#4904=CARTESIAN_POINT('Ctrl Pts',(-1.3,84.9367476684121,-30.322145372648));
#4905=CARTESIAN_POINT('Ctrl Pts',(-1.26736989558543,84.7626274302083,-30.3235994100344));
#4906=CARTESIAN_POINT('Ctrl Pts',(-1.13469392368736,84.4423402044182,-30.3288538742981));
#4907=CARTESIAN_POINT('Ctrl Pts',(-1.03464915681135,84.2961715257263,-30.3325787380368));
#4908=CARTESIAN_POINT('Ctrl Pts',(-0.803828487396264,84.0653508563112,-30.3395730282533));
#4909=CARTESIAN_POINT('Ctrl Pts',(-0.657659802609343,83.9653060798589,-30.3432964006421));
#4910=CARTESIAN_POINT('Ctrl Pts',(-0.337372558122984,83.8326300989458,-30.3485474550284));
#4911=CARTESIAN_POINT('Ctrl Pts',(-0.163252313025469,83.8,-30.35));
#4912=CARTESIAN_POINT('Ctrl Pts',(0.16325231302547,83.8,-30.35));
#4913=CARTESIAN_POINT('Ctrl Pts',(0.337372558122991,83.8326300989458,-30.3485474550284));
#4914=CARTESIAN_POINT('Ctrl Pts',(0.657659802609349,83.9653060798589,-30.3432964006421));
#4915=CARTESIAN_POINT('Ctrl Pts',(0.803828487396264,84.0653508563112,-30.3395730282533));
#4916=CARTESIAN_POINT('Ctrl Pts',(1.03464915681135,84.2961715257263,-30.3325787380369));
#4917=CARTESIAN_POINT('Ctrl Pts',(1.13469392368736,84.4423402044182,-30.3288538742981));
#4918=CARTESIAN_POINT('Ctrl Pts',(1.26736989558544,84.7626274302084,-30.3235994100344));
#4919=CARTESIAN_POINT('Ctrl Pts',(1.3,84.9367476684121,-30.322145372648));
#4920=CARTESIAN_POINT('Ctrl Pts',(1.3,85.1,-30.322145372648));
#4921=CARTESIAN_POINT('Ctrl Pts',(1.3,85.2632523315879,-30.322145372648));
#4922=CARTESIAN_POINT('Ctrl Pts',(1.26736989558544,85.4373725697916,-30.3235994100344));
#4923=CARTESIAN_POINT('Ctrl Pts',(1.13469392368736,85.7576597955818,-30.3288538742981));
#4924=CARTESIAN_POINT('Ctrl Pts',(1.03464915681135,85.9038284742737,-30.3325787380368));
#4925=CARTESIAN_POINT('Ctrl Pts',(0.919238815542518,86.0192388155425,-30.3360758833439));
#4926=CARTESIAN_POINT('Origin',(0.,86.938477631085,0.));
#4927=CARTESIAN_POINT('',(30.3360758833439,86.0192388155425,0.919238815542506));
#4928=CARTESIAN_POINT('',(30.35,86.938477631085,4.44089209850063E-15));
#4929=CARTESIAN_POINT('Origin',(0.,86.938477631085,0.));
#4930=CARTESIAN_POINT('',(30.3360758833439,86.0192388155425,-0.919238815542501));
#4931=CARTESIAN_POINT('Ctrl Pts',(30.3360758833439,86.0192388155425,-0.919238815542508));
#4932=CARTESIAN_POINT('Ctrl Pts',(30.3325787380368,85.9038284742737,-1.03464915681134));
#4933=CARTESIAN_POINT('Ctrl Pts',(30.3288538742981,85.7576597955818,-1.13469392368736));
#4934=CARTESIAN_POINT('Ctrl Pts',(30.3235994100344,85.4373725697916,-1.26736989558544));
#4935=CARTESIAN_POINT('Ctrl Pts',(30.322145372648,85.2632523315879,-1.3));
#4936=CARTESIAN_POINT('Ctrl Pts',(30.322145372648,85.1,-1.3));
#4937=CARTESIAN_POINT('Ctrl Pts',(30.322145372648,84.9367476684121,-1.3));
#4938=CARTESIAN_POINT('Ctrl Pts',(30.3235994100344,84.7626274302084,-1.26736989558544));
#4939=CARTESIAN_POINT('Ctrl Pts',(30.3288538742981,84.4423402044182,-1.13469392368736));
#4940=CARTESIAN_POINT('Ctrl Pts',(30.3325787380369,84.2961715257263,-1.03464915681134));
#4941=CARTESIAN_POINT('Ctrl Pts',(30.3395730282533,84.0653508563112,-0.803828487396263));
#4942=CARTESIAN_POINT('Ctrl Pts',(30.3432964006421,83.9653060798589,-0.657659802609347));
#4943=CARTESIAN_POINT('Ctrl Pts',(30.3485474550284,83.8326300989458,-0.337372558122989));
#4944=CARTESIAN_POINT('Ctrl Pts',(30.35,83.8,-0.163252313025468));
#4945=CARTESIAN_POINT('Ctrl Pts',(30.35,83.8,0.163252313025471));
#4946=CARTESIAN_POINT('Ctrl Pts',(30.3485474550284,83.8326300989458,0.337372558122993));
#4947=CARTESIAN_POINT('Ctrl Pts',(30.3432964006421,83.9653060798589,0.657659802609351));
#4948=CARTESIAN_POINT('Ctrl Pts',(30.3395730282533,84.0653508563112,0.803828487396266));
#4949=CARTESIAN_POINT('Ctrl Pts',(30.3325787380368,84.2961715257263,1.03464915681135));
#4950=CARTESIAN_POINT('Ctrl Pts',(30.3288538742981,84.4423402044182,1.13469392368737));
#4951=CARTESIAN_POINT('Ctrl Pts',(30.3235994100344,84.7626274302083,1.26736989558543));
#4952=CARTESIAN_POINT('Ctrl Pts',(30.322145372648,84.9367476684121,1.3));
#4953=CARTESIAN_POINT('Ctrl Pts',(30.322145372648,85.2632523315879,1.3));
#4954=CARTESIAN_POINT('Ctrl Pts',(30.3235994100344,85.4373725697916,1.26736989558545));
#4955=CARTESIAN_POINT('Ctrl Pts',(30.3288538742981,85.7576597955817,1.13469392368739));
#4956=CARTESIAN_POINT('Ctrl Pts',(30.3325787380368,85.9038284742737,1.03464915681135));
#4957=CARTESIAN_POINT('Ctrl Pts',(30.3360758833439,86.0192388155425,0.919238815542514));
#4958=CARTESIAN_POINT('Origin',(0.,86.938477631085,0.));
#4959=CARTESIAN_POINT('',(21.4606908090117,73.3,-21.4606908090117));
#4960=CARTESIAN_POINT('',(20.7419316587995,74.3,-22.1561452211726));
#4961=CARTESIAN_POINT('Ctrl Pts',(21.4606908090117,73.3,-21.4606908090117));
#4962=CARTESIAN_POINT('Ctrl Pts',(21.4606908090117,73.425563143341,-21.4606908090117));
#4963=CARTESIAN_POINT('Ctrl Pts',(21.4429696274052,73.5594954784355,-21.47845798346));
#4964=CARTESIAN_POINT('Ctrl Pts',(21.3706253079079,73.8058750862787,-21.5504403142531));
#4965=CARTESIAN_POINT('Ctrl Pts',(21.3159706593286,73.9183222984117,-21.6046240020331));
#4966=CARTESIAN_POINT('Ctrl Pts',(21.1891846999457,74.0959108206615,-21.7289861393379));
#4967=CARTESIAN_POINT('Ctrl Pts',(21.108594113502,74.1728763191446,-21.8074514313032));
#4968=CARTESIAN_POINT('Ctrl Pts',(20.9308248678164,74.2749204639794,-21.9781312610986));
#4969=CARTESIAN_POINT('Ctrl Pts',(20.8336156137528,74.3,-22.0703133984947));
#4970=CARTESIAN_POINT('Ctrl Pts',(20.7419316587995,74.3,-22.1561452211726));
#4971=CARTESIAN_POINT('',(21.4606908090117,72.7,-21.4606908090117));
#4972=CARTESIAN_POINT('',(21.4606908090117,90.,-21.4606908090117));
#4973=CARTESIAN_POINT('',(20.7419316587995,71.7,-22.1561452211726));
#4974=CARTESIAN_POINT('Ctrl Pts',(20.7419316587995,71.7,-22.1561452211726));
#4975=CARTESIAN_POINT('Ctrl Pts',(20.8336156137528,71.7,-22.0703133984947));
#4976=CARTESIAN_POINT('Ctrl Pts',(20.9308248678164,71.7250795360206,-21.9781312610986));
#4977=CARTESIAN_POINT('Ctrl Pts',(21.108594113502,71.8271236808554,-21.8074514313032));
#4978=CARTESIAN_POINT('Ctrl Pts',(21.1891846999457,71.9040891793385,-21.7289861393379));
#4979=CARTESIAN_POINT('Ctrl Pts',(21.3159706593286,72.0816777015883,-21.6046240020331));
#4980=CARTESIAN_POINT('Ctrl Pts',(21.3706253079079,72.1941249137213,-21.5504403142531));
#4981=CARTESIAN_POINT('Ctrl Pts',(21.4429696274052,72.4405045215645,-21.47845798346));
#4982=CARTESIAN_POINT('Ctrl Pts',(21.4606908090117,72.5744368566591,-21.4606908090117));
#4983=CARTESIAN_POINT('Ctrl Pts',(21.4606908090117,72.7,-21.4606908090117));
#4984=CARTESIAN_POINT('',(-20.7419316587995,71.7,-22.1561452211726));
#4985=CARTESIAN_POINT('Origin',(0.,71.7,0.));
#4986=CARTESIAN_POINT('',(-21.4606908090117,72.7,-21.4606908090117));
#4987=CARTESIAN_POINT('Ctrl Pts',(-21.4606908090117,72.7,-21.4606908090117));
#4988=CARTESIAN_POINT('Ctrl Pts',(-21.4606908090117,72.574436856659,-21.4606908090117));
#4989=CARTESIAN_POINT('Ctrl Pts',(-21.4429696274052,72.4405045215645,-21.47845798346));
#4990=CARTESIAN_POINT('Ctrl Pts',(-21.3706253079079,72.1941249137213,-21.5504403142531));
#4991=CARTESIAN_POINT('Ctrl Pts',(-21.3159706593286,72.0816777015883,-21.6046240020331));
#4992=CARTESIAN_POINT('Ctrl Pts',(-21.1891846999458,71.9040891793385,-21.7289861393379));
#4993=CARTESIAN_POINT('Ctrl Pts',(-21.108594113502,71.8271236808554,-21.8074514313032));
#4994=CARTESIAN_POINT('Ctrl Pts',(-20.9308248678164,71.7250795360206,-21.9781312610986));
#4995=CARTESIAN_POINT('Ctrl Pts',(-20.8336156137528,71.7,-22.0703133984947));
#4996=CARTESIAN_POINT('Ctrl Pts',(-20.7419316587995,71.7,-22.1561452211726));
#4997=CARTESIAN_POINT('',(-21.4606908090117,73.3,-21.4606908090117));
#4998=CARTESIAN_POINT('',(-21.4606908090117,90.,-21.4606908090117));
#4999=CARTESIAN_POINT('',(-20.7419316587995,74.3,-22.1561452211726));
#5000=CARTESIAN_POINT('Ctrl Pts',(-20.7419316587995,74.3,-22.1561452211726));
#5001=CARTESIAN_POINT('Ctrl Pts',(-20.8336156137528,74.3,-22.0703133984947));
#5002=CARTESIAN_POINT('Ctrl Pts',(-20.9308248678164,74.2749204639794,-21.9781312610986));
#5003=CARTESIAN_POINT('Ctrl Pts',(-21.108594113502,74.1728763191446,-21.8074514313032));
#5004=CARTESIAN_POINT('Ctrl Pts',(-21.1891846999457,74.0959108206615,-21.7289861393379));
#5005=CARTESIAN_POINT('Ctrl Pts',(-21.3159706593286,73.9183222984117,-21.6046240020331));
#5006=CARTESIAN_POINT('Ctrl Pts',(-21.3706253079079,73.8058750862787,-21.5504403142531));
#5007=CARTESIAN_POINT('Ctrl Pts',(-21.4429696274052,73.5594954784355,-21.47845798346));
#5008=CARTESIAN_POINT('Ctrl Pts',(-21.4606908090117,73.425563143341,-21.4606908090117));
#5009=CARTESIAN_POINT('Ctrl Pts',(-21.4606908090117,73.3,-21.4606908090117));
#5010=CARTESIAN_POINT('Origin',(0.,74.3,0.));
#5011=CARTESIAN_POINT('',(-21.4606908090117,73.3,21.4606908090117));
#5012=CARTESIAN_POINT('',(-20.7419316587995,74.3,22.1561452211726));
#5013=CARTESIAN_POINT('Ctrl Pts',(-21.4606908090117,73.3,21.4606908090117));
#5014=CARTESIAN_POINT('Ctrl Pts',(-21.4606908090117,73.425563143341,21.4606908090117));
#5015=CARTESIAN_POINT('Ctrl Pts',(-21.4429696274052,73.5594954784355,21.47845798346));
#5016=CARTESIAN_POINT('Ctrl Pts',(-21.3706253079079,73.8058750862787,21.5504403142531));
#5017=CARTESIAN_POINT('Ctrl Pts',(-21.3159706593286,73.9183222984117,21.6046240020331));
#5018=CARTESIAN_POINT('Ctrl Pts',(-21.1891846999457,74.0959108206615,21.7289861393379));
#5019=CARTESIAN_POINT('Ctrl Pts',(-21.108594113502,74.1728763191446,21.8074514313032));
#5020=CARTESIAN_POINT('Ctrl Pts',(-20.9308248678164,74.2749204639794,21.9781312610986));
#5021=CARTESIAN_POINT('Ctrl Pts',(-20.8336156137528,74.3,22.0703133984947));
#5022=CARTESIAN_POINT('Ctrl Pts',(-20.7419316587995,74.3,22.1561452211726));
#5023=CARTESIAN_POINT('',(-21.4606908090117,72.7,21.4606908090117));
#5024=CARTESIAN_POINT('',(-21.4606908090117,90.,21.4606908090117));
#5025=CARTESIAN_POINT('',(-20.7419316587995,71.7,22.1561452211726));
#5026=CARTESIAN_POINT('Ctrl Pts',(-20.7419316587995,71.7,22.1561452211726));
#5027=CARTESIAN_POINT('Ctrl Pts',(-20.8336156137528,71.7,22.0703133984947));
#5028=CARTESIAN_POINT('Ctrl Pts',(-20.9308248678164,71.7250795360206,21.9781312610986));
#5029=CARTESIAN_POINT('Ctrl Pts',(-21.108594113502,71.8271236808554,21.8074514313032));
#5030=CARTESIAN_POINT('Ctrl Pts',(-21.1891846999458,71.9040891793385,21.7289861393379));
#5031=CARTESIAN_POINT('Ctrl Pts',(-21.3159706593286,72.0816777015883,21.6046240020331));
#5032=CARTESIAN_POINT('Ctrl Pts',(-21.3706253079079,72.1941249137213,21.550440314253));
#5033=CARTESIAN_POINT('Ctrl Pts',(-21.4429696274052,72.4405045215645,21.47845798346));
#5034=CARTESIAN_POINT('Ctrl Pts',(-21.4606908090117,72.5744368566591,21.4606908090117));
#5035=CARTESIAN_POINT('Ctrl Pts',(-21.4606908090117,72.7,21.4606908090117));
#5036=CARTESIAN_POINT('',(20.7419316587995,71.7,22.1561452211726));
#5037=CARTESIAN_POINT('Origin',(0.,71.7,0.));
#5038=CARTESIAN_POINT('',(21.4606908090117,72.7,21.4606908090117));
#5039=CARTESIAN_POINT('Ctrl Pts',(21.4606908090117,72.7,21.4606908090117));
#5040=CARTESIAN_POINT('Ctrl Pts',(21.4606908090117,72.574436856659,21.4606908090117));
#5041=CARTESIAN_POINT('Ctrl Pts',(21.4429696274052,72.4405045215645,21.47845798346));
#5042=CARTESIAN_POINT('Ctrl Pts',(21.3706253079079,72.1941249137213,21.5504403142531));
#5043=CARTESIAN_POINT('Ctrl Pts',(21.3159706593286,72.0816777015883,21.6046240020331));
#5044=CARTESIAN_POINT('Ctrl Pts',(21.1891846999457,71.9040891793385,21.7289861393379));
#5045=CARTESIAN_POINT('Ctrl Pts',(21.108594113502,71.8271236808554,21.8074514313032));
#5046=CARTESIAN_POINT('Ctrl Pts',(20.9308248678164,71.7250795360206,21.9781312610986));
#5047=CARTESIAN_POINT('Ctrl Pts',(20.8336156137528,71.7,22.0703133984947));
#5048=CARTESIAN_POINT('Ctrl Pts',(20.7419316587995,71.7,22.1561452211726));
#5049=CARTESIAN_POINT('',(21.4606908090117,73.3,21.4606908090117));
#5050=CARTESIAN_POINT('',(21.4606908090117,90.,21.4606908090117));
#5051=CARTESIAN_POINT('',(20.7419316587995,74.3,22.1561452211726));
#5052=CARTESIAN_POINT('Ctrl Pts',(20.7419316587995,74.3,22.1561452211726));
#5053=CARTESIAN_POINT('Ctrl Pts',(20.8336156137528,74.3,22.0703133984947));
#5054=CARTESIAN_POINT('Ctrl Pts',(20.9308248678164,74.2749204639794,21.9781312610986));
#5055=CARTESIAN_POINT('Ctrl Pts',(21.108594113502,74.1728763191446,21.8074514313032));
#5056=CARTESIAN_POINT('Ctrl Pts',(21.1891846999457,74.0959108206615,21.7289861393379));
#5057=CARTESIAN_POINT('Ctrl Pts',(21.3159706593286,73.9183222984117,21.6046240020331));
#5058=CARTESIAN_POINT('Ctrl Pts',(21.3706253079079,73.8058750862787,21.5504403142531));
#5059=CARTESIAN_POINT('Ctrl Pts',(21.4429696274052,73.5594954784355,21.47845798346));
#5060=CARTESIAN_POINT('Ctrl Pts',(21.4606908090117,73.425563143341,21.4606908090117));
#5061=CARTESIAN_POINT('Ctrl Pts',(21.4606908090117,73.3,21.4606908090117));
#5062=CARTESIAN_POINT('Origin',(0.,74.3,0.));
#5063=CARTESIAN_POINT('Origin',(34.6057352390354,11.0192388155425,0.919238815542521));
#5064=CARTESIAN_POINT('',(33.1057352390354,11.938477631085,5.1645062940156E-15));
#5065=CARTESIAN_POINT('',(34.6057352390354,11.938477631085,5.3482033138877E-15));
#5066=CARTESIAN_POINT('',(33.1057352390354,11.0192388155425,0.91923881554252));
#5067=CARTESIAN_POINT('',(33.1057352390354,11.0192388155425,0.919238815542517));
#5068=CARTESIAN_POINT('',(-102.470585275256,11.0192388155425,0.919238815542506));
#5069=CARTESIAN_POINT('Origin',(-34.6057352390354,11.0192388155425,-0.919238815542517));
#5070=CARTESIAN_POINT('',(-33.1057352390354,11.938477631085,-1.11022302462516E-15));
#5071=CARTESIAN_POINT('',(-34.6057352390354,11.938477631085,-1.11022302462516E-15));
#5072=CARTESIAN_POINT('',(-33.1057352390354,11.0192388155425,-0.919238815542516));
#5073=CARTESIAN_POINT('',(-33.1057352390354,11.0192388155425,-0.919238815542514));
#5074=CARTESIAN_POINT('',(102.470585275256,11.0192388155425,-0.919238815542511));
#5075=CARTESIAN_POINT('Origin',(-0.919238815542518,86.0192388155425,34.6057352390354));
#5076=CARTESIAN_POINT('',(-1.05223170025863E-14,86.938477631085,33.1057352390354));
#5077=CARTESIAN_POINT('',(-1.07978625323944E-14,86.938477631085,34.6057352390354));
#5078=CARTESIAN_POINT('',(-0.91923881554251,86.0192388155425,33.1057352390354));
#5079=CARTESIAN_POINT('',(-0.919238815542515,86.0192388155425,33.1057352390354));
#5080=CARTESIAN_POINT('',(-0.919238815542491,86.0192388155425,-109.596302353146));
#5081=CARTESIAN_POINT('Origin',(109.596302353146,85.1,6.71083804375828E-15));
#5082=CARTESIAN_POINT('',(-33.1057352390354,86.0192388155425,-0.919238815542515));
#5083=CARTESIAN_POINT('',(109.596302353146,86.0192388155425,-0.919238815542498));
#5084=CARTESIAN_POINT('',(-33.1057352390354,86.0192388155425,0.919238815542496));
#5085=CARTESIAN_POINT('Origin',(-33.1057352390354,85.1,-2.02714163469522E-15));
#5086=CARTESIAN_POINT('',(109.596302353146,86.0192388155425,0.919238815542509));
#5087=CARTESIAN_POINT('Origin',(0.,85.1,109.596302353146));
#5088=CARTESIAN_POINT('',(0.919238815542513,86.0192388155425,-33.1057352390354));
#5089=CARTESIAN_POINT('',(0.919238815542504,86.0192388155425,109.596302353146));
#5090=CARTESIAN_POINT('',(-0.919238815542498,86.0192388155425,-33.1057352390354));
#5091=CARTESIAN_POINT('Origin',(0.,85.1,-33.1057352390354));
#5092=CARTESIAN_POINT('',(-0.919238815542502,86.0192388155425,109.596302353146));
#5093=CARTESIAN_POINT('Origin',(109.596302353146,85.1,6.71083804375828E-15));
#5094=CARTESIAN_POINT('',(33.1057352390354,86.0192388155425,0.919238815542511));
#5095=CARTESIAN_POINT('',(109.596302353146,86.0192388155425,0.91923881554251));
#5096=CARTESIAN_POINT('',(33.1057352390354,86.0192388155425,-0.9192388155425));
#5097=CARTESIAN_POINT('Origin',(33.1057352390354,85.1,6.08142490408566E-15));
#5098=CARTESIAN_POINT('',(109.596302353146,86.0192388155425,-0.919238815542496));
#5099=CARTESIAN_POINT('Origin',(-22.2031529292576,72.7,-23.6173664916307));
#5100=CARTESIAN_POINT('',(-22.722815327092,71.7,-24.1370288894651));
#5101=CARTESIAN_POINT('',(-22.2031529292576,71.7,-23.6173664916307));
#5102=CARTESIAN_POINT('',(-23.4405897963341,72.7,-23.440589796334));
#5103=CARTESIAN_POINT('Ctrl Pts',(-22.722815327092,71.7,-24.1370288894651));
#5104=CARTESIAN_POINT('Ctrl Pts',(-22.8142565693027,71.7,-24.0509452844966));
#5105=CARTESIAN_POINT('Ctrl Pts',(-22.9112547258471,71.7250818186721,-23.9585493930797));
#5106=CARTESIAN_POINT('Ctrl Pts',(-23.0887230949854,71.8271275032918,-23.7875712920913));
#5107=CARTESIAN_POINT('Ctrl Pts',(-23.1692213873391,71.9040921146875,-23.7090186755208));
#5108=CARTESIAN_POINT('Ctrl Pts',(-23.2959030451718,72.0816779318826,-23.5845560621911));
#5109=CARTESIAN_POINT('Ctrl Pts',(-23.3505377684731,72.1941252362378,-23.5303525197536));
#5110=CARTESIAN_POINT('Ctrl Pts',(-23.4228667201086,72.4405047977182,-23.4583549805333));
#5111=CARTESIAN_POINT('Ctrl Pts',(-23.4405897963341,72.5744370040348,-23.440589796334));
#5112=CARTESIAN_POINT('Ctrl Pts',(-23.4405897963341,72.7,-23.440589796334));
#5113=CARTESIAN_POINT('',(-22.9102597104441,72.7,-22.9102597104441));
#5114=CARTESIAN_POINT('Origin',(-23.4405897963341,71.7,-23.440589796334));
#5115=CARTESIAN_POINT('',(22.722815327092,71.7,-24.1370288894651));
#5116=CARTESIAN_POINT('',(10.4828580310906,71.7,-11.8970715934637));
#5117=CARTESIAN_POINT('Origin',(0.,71.7,0.));
#5118=CARTESIAN_POINT('Origin',(10.4828580310906,72.7,-11.8970715934637));
#5119=CARTESIAN_POINT('',(23.440589796334,72.7,-23.4405897963341));
#5120=CARTESIAN_POINT('',(11.1899648122771,72.7,-11.1899648122771));
#5121=CARTESIAN_POINT('Ctrl Pts',(23.4405897963341,72.7,-23.440589796334));
#5122=CARTESIAN_POINT('Ctrl Pts',(23.4405897963341,72.5744370040348,-23.440589796334));
#5123=CARTESIAN_POINT('Ctrl Pts',(23.4228667201086,72.4405047977182,-23.4583549805333));
#5124=CARTESIAN_POINT('Ctrl Pts',(23.3505377684731,72.1941252362378,-23.5303525197537));
#5125=CARTESIAN_POINT('Ctrl Pts',(23.2959030451718,72.0816779318826,-23.5845560621911));
#5126=CARTESIAN_POINT('Ctrl Pts',(23.1692213873391,71.9040921146875,-23.7090186755208));
#5127=CARTESIAN_POINT('Ctrl Pts',(23.0887230949854,71.8271275032918,-23.7875712920913));
#5128=CARTESIAN_POINT('Ctrl Pts',(22.9112547258471,71.7250818186721,-23.9585493930797));
#5129=CARTESIAN_POINT('Ctrl Pts',(22.8142565693027,71.7,-24.0509452844966));
#5130=CARTESIAN_POINT('Ctrl Pts',(22.722815327092,71.7,-24.1370288894651));
#5131=CARTESIAN_POINT('Origin',(22.3799296245542,73.,-22.3799296245542));
#5132=CARTESIAN_POINT('',(23.440589796334,73.3,-23.4405897963341));
#5133=CARTESIAN_POINT('',(11.1899648122771,73.3,-11.1899648122771));
#5134=CARTESIAN_POINT('',(23.440589796334,41.,-23.4405897963341));
#5135=CARTESIAN_POINT('Origin',(10.4828580310906,72.7,11.8970715934637));
#5136=CARTESIAN_POINT('',(22.722815327092,71.7,24.1370288894651));
#5137=CARTESIAN_POINT('',(10.4828580310906,71.7,11.8970715934637));
#5138=CARTESIAN_POINT('',(23.440589796334,72.7,23.4405897963341));
#5139=CARTESIAN_POINT('Ctrl Pts',(22.722815327092,71.7,24.1370288894651));
#5140=CARTESIAN_POINT('Ctrl Pts',(22.8142565693027,71.7,24.0509452844966));
#5141=CARTESIAN_POINT('Ctrl Pts',(22.9112547258471,71.7250818186721,23.9585493930797));
#5142=CARTESIAN_POINT('Ctrl Pts',(23.0887230949854,71.8271275032918,23.7875712920913));
#5143=CARTESIAN_POINT('Ctrl Pts',(23.1692213873391,71.9040921146875,23.7090186755208));
#5144=CARTESIAN_POINT('Ctrl Pts',(23.2959030451718,72.0816779318826,23.5845560621911));
#5145=CARTESIAN_POINT('Ctrl Pts',(23.3505377684731,72.1941252362378,23.5303525197537));
#5146=CARTESIAN_POINT('Ctrl Pts',(23.4228667201086,72.4405047977182,23.4583549805333));
#5147=CARTESIAN_POINT('Ctrl Pts',(23.4405897963341,72.5744370040348,23.440589796334));
#5148=CARTESIAN_POINT('Ctrl Pts',(23.4405897963341,72.7,23.440589796334));
#5149=CARTESIAN_POINT('',(11.1899648122771,72.7,11.1899648122771));
#5150=CARTESIAN_POINT('Origin',(-23.4405897963341,71.7,23.440589796334));
#5151=CARTESIAN_POINT('',(-22.722815327092,71.7,24.1370288894651));
#5152=CARTESIAN_POINT('',(-22.2031529292576,71.7,23.6173664916307));
#5153=CARTESIAN_POINT('Origin',(0.,71.7,0.));
#5154=CARTESIAN_POINT('Origin',(-22.2031529292576,72.7,23.6173664916307));
#5155=CARTESIAN_POINT('',(-23.4405897963341,72.7,23.440589796334));
#5156=CARTESIAN_POINT('',(-22.9102597104441,72.7,22.9102597104441));
#5157=CARTESIAN_POINT('Ctrl Pts',(-23.4405897963341,72.7,23.440589796334));
#5158=CARTESIAN_POINT('Ctrl Pts',(-23.4405897963341,72.5744370040348,23.440589796334));
#5159=CARTESIAN_POINT('Ctrl Pts',(-23.4228667201086,72.4405047977182,23.4583549805333));
#5160=CARTESIAN_POINT('Ctrl Pts',(-23.3505377684731,72.1941252362378,23.5303525197536));
#5161=CARTESIAN_POINT('Ctrl Pts',(-23.2959030451718,72.0816779318826,23.5845560621911));
#5162=CARTESIAN_POINT('Ctrl Pts',(-23.1692213873391,71.9040921146875,23.7090186755208));
#5163=CARTESIAN_POINT('Ctrl Pts',(-23.0887230949854,71.8271275032918,23.7875712920913));
#5164=CARTESIAN_POINT('Ctrl Pts',(-22.9112547258471,71.7250818186721,23.9585493930797));
#5165=CARTESIAN_POINT('Ctrl Pts',(-22.8142565693027,71.7,24.0509452844966));
#5166=CARTESIAN_POINT('Ctrl Pts',(-22.722815327092,71.7,24.1370288894651));
#5167=CARTESIAN_POINT('Origin',(-22.3799296245542,73.,22.3799296245542));
#5168=CARTESIAN_POINT('',(-23.4405897963341,73.3,23.440589796334));
#5169=CARTESIAN_POINT('',(-21.8495995386643,73.3,21.8495995386643));
#5170=CARTESIAN_POINT('',(-23.4405897963341,41.,23.440589796334));
#5171=CARTESIAN_POINT('Origin',(34.6057352390354,11.938477631085,5.48698119196584E-15));
#5172=CARTESIAN_POINT('',(33.1057352390354,11.0192388155425,-0.919238815542512));
#5173=CARTESIAN_POINT('',(-102.470585275256,11.0192388155425,-0.919238815542517));
#5174=CARTESIAN_POINT('',(33.1057352390354,11.4788582233138,-0.459619407771252));
#5175=CARTESIAN_POINT('Origin',(34.6057352390354,13.2819805153395,4.23798028926254E-15));
#5176=CARTESIAN_POINT('',(33.1057352390354,11.6909902576697,-1.59099025766973));
#5177=CARTESIAN_POINT('',(33.1057352390354,13.2819805153395,4.05428326939044E-15));
#5178=CARTESIAN_POINT('',(33.1057352390354,13.0831067331307,-0.198873782208712));
#5179=CARTESIAN_POINT('',(34.6057352390354,11.6909902576697,-1.59099025766973));
#5180=CARTESIAN_POINT('',(33.8557352390354,11.6909902576697,-1.59099025766973));
#5181=CARTESIAN_POINT('',(34.6057352390354,13.2819805153395,4.23798028926254E-15));
#5182=CARTESIAN_POINT('',(34.6057352390354,10.4614853865046,-2.82049512883486));
#5183=CARTESIAN_POINT('',(34.6057352390354,13.2819805153395,4.23798028926254E-15));
#5184=CARTESIAN_POINT('Origin',(34.6057352390354,11.6909902576697,1.59099025766974));
#5185=CARTESIAN_POINT('',(33.1057352390354,11.6909902576697,1.59099025766974));
#5186=CARTESIAN_POINT('',(33.1057352390354,12.2876116042959,0.994368911043587));
#5187=CARTESIAN_POINT('',(34.6057352390354,11.6909902576697,1.59099025766974));
#5188=CARTESIAN_POINT('',(34.6057352390354,4.66599025766975,8.61599025766974));
#5189=CARTESIAN_POINT('',(33.8557352390354,11.6909902576697,1.59099025766973));
#5190=CARTESIAN_POINT('Origin',(33.1057352390354,10.1,0.));
#5191=CARTESIAN_POINT('Origin',(33.1057352390354,10.1,0.));
#5192=CARTESIAN_POINT('Origin',(33.1057352390354,10.1,0.));
#5193=CARTESIAN_POINT('Origin',(34.6057352390354,-8.,10.));
#5194=CARTESIAN_POINT('',(34.6057352390354,65.,-30.5));
#5195=CARTESIAN_POINT('',(34.6057352390354,68.,-33.5));
#5196=CARTESIAN_POINT('Origin',(34.6057352390354,65.,-33.5));
#5197=CARTESIAN_POINT('',(34.6057352390354,52.,-30.5));
#5198=CARTESIAN_POINT('',(34.6057352390354,68.,-30.5));
#5199=CARTESIAN_POINT('',(34.6057352390354,52.,-10.));
#5200=CARTESIAN_POINT('',(34.6057352390354,52.,-40.));
#5201=CARTESIAN_POINT('',(34.6057352390354,90.,-10.));
#5202=CARTESIAN_POINT('',(34.6057352390354,-8.,-10.));
#5203=CARTESIAN_POINT('',(34.6057352390354,90.,10.));
#5204=CARTESIAN_POINT('',(34.6057352390354,90.,5.));
#5205=CARTESIAN_POINT('',(34.6057352390354,52.,10.));
#5206=CARTESIAN_POINT('',(34.6057352390354,-8.,10.));
#5207=CARTESIAN_POINT('',(34.6057352390354,52.,30.5));
#5208=CARTESIAN_POINT('',(34.6057352390354,52.,0.));
#5209=CARTESIAN_POINT('',(34.6057352390354,65.,30.5));
#5210=CARTESIAN_POINT('',(34.6057352390354,6.00000000000001,30.5));
#5211=CARTESIAN_POINT('',(34.6057352390354,68.,33.5));
#5212=CARTESIAN_POINT('Origin',(34.6057352390354,65.,33.5));
#5213=CARTESIAN_POINT('',(34.6057352390354,68.,41.5));
#5214=CARTESIAN_POINT('',(34.6057352390354,68.,30.5));
#5215=CARTESIAN_POINT('',(34.6057352390354,65.,44.5));
#5216=CARTESIAN_POINT('Origin',(34.6057352390354,65.,41.5));
#5217=CARTESIAN_POINT('',(34.6057352390354,9.,44.5));
#5218=CARTESIAN_POINT('',(34.6057352390354,68.,44.5));
#5219=CARTESIAN_POINT('',(34.6057352390354,6.,41.5));
#5220=CARTESIAN_POINT('Origin',(34.6057352390354,9.,41.5));
#5221=CARTESIAN_POINT('',(34.6057352390354,6.,33.5));
#5222=CARTESIAN_POINT('',(34.6057352390354,6.,44.5));
#5223=CARTESIAN_POINT('',(34.6057352390354,9.,30.5));
#5224=CARTESIAN_POINT('Origin',(34.6057352390354,9.,33.5));
#5225=CARTESIAN_POINT('',(34.6057352390354,22.,30.5));
#5226=CARTESIAN_POINT('',(34.6057352390354,6.00000000000001,30.5));
#5227=CARTESIAN_POINT('',(34.6057352390354,22.,10.));
#5228=CARTESIAN_POINT('',(34.6057352390354,22.,0.));
#5229=CARTESIAN_POINT('',(34.6057352390354,-8.,10.));
#5230=CARTESIAN_POINT('',(34.6057352390354,-8.,10.));
#5231=CARTESIAN_POINT('',(34.6057352390354,-8.,-10.));
#5232=CARTESIAN_POINT('',(34.6057352390354,-8.,-10.));
#5233=CARTESIAN_POINT('',(34.6057352390354,22.,-10.));
#5234=CARTESIAN_POINT('',(34.6057352390354,-8.,-10.));
#5235=CARTESIAN_POINT('',(34.6057352390354,22.,-30.5));
#5236=CARTESIAN_POINT('',(34.6057352390354,22.,-40.));
#5237=CARTESIAN_POINT('',(34.6057352390354,9.,-30.5));
#5238=CARTESIAN_POINT('',(34.6057352390354,68.,-30.5));
#5239=CARTESIAN_POINT('',(34.6057352390354,6.,-33.5));
#5240=CARTESIAN_POINT('Origin',(34.6057352390354,9.00000000000001,-33.5));
#5241=CARTESIAN_POINT('',(34.6057352390354,6.,-41.5));
#5242=CARTESIAN_POINT('',(34.6057352390354,6.00000000000001,-30.5));
#5243=CARTESIAN_POINT('',(34.6057352390354,9.00000000000001,-44.5));
#5244=CARTESIAN_POINT('Origin',(34.6057352390354,9.,-41.5));
#5245=CARTESIAN_POINT('',(34.6057352390354,65.,-44.5));
#5246=CARTESIAN_POINT('',(34.6057352390354,6.00000000000001,-44.5));
#5247=CARTESIAN_POINT('',(34.6057352390354,68.,-41.5));
#5248=CARTESIAN_POINT('Origin',(34.6057352390354,65.,-41.5));
#5249=CARTESIAN_POINT('',(34.6057352390354,68.,-44.5));
#5250=CARTESIAN_POINT('',(34.6057352390354,13.5202795795511,39.0202795795511));
#5251=CARTESIAN_POINT('',(34.6057352390354,15.0405591591021,37.5));
#5252=CARTESIAN_POINT('',(34.6057352390354,16.1554193693266,36.3851397897755));
#5253=CARTESIAN_POINT('',(34.6057352390354,13.5202795795511,35.9797204204489));
#5254=CARTESIAN_POINT('',(34.6057352390354,1.6452795795511,24.1047204204489));
#5255=CARTESIAN_POINT('Origin',(34.6057352390354,12.,37.5));
#5256=CARTESIAN_POINT('',(34.6057352390354,63.5202795795511,39.0202795795511));
#5257=CARTESIAN_POINT('',(34.6057352390354,65.0405591591021,37.5));
#5258=CARTESIAN_POINT('',(34.6057352390354,53.6554193693267,48.8851397897755));
#5259=CARTESIAN_POINT('',(34.6057352390354,63.5202795795511,35.9797204204489));
#5260=CARTESIAN_POINT('',(34.6057352390354,39.1452795795512,11.6047204204489));
#5261=CARTESIAN_POINT('Origin',(34.6057352390354,62.,37.5));
#5262=CARTESIAN_POINT('',(34.6057352390354,13.5202795795511,-35.9797204204489));
#5263=CARTESIAN_POINT('',(34.6057352390354,15.0405591591021,-37.5));
#5264=CARTESIAN_POINT('',(34.6057352390354,-2.59458063067335,-19.8648602102244));
#5265=CARTESIAN_POINT('',(34.6057352390354,13.5202795795511,-39.0202795795511));
#5266=CARTESIAN_POINT('',(34.6057352390354,20.3952795795511,-32.145279579551));
#5267=CARTESIAN_POINT('Origin',(34.6057352390354,12.,-37.5));
#5268=CARTESIAN_POINT('Origin',(34.6057352390354,10.1,0.));
#5269=CARTESIAN_POINT('',(34.6057352390354,86.6909902576698,1.59099025766976));
#5270=CARTESIAN_POINT('',(34.6057352390354,88.2819805153395,6.66133814775094E-15));
#5271=CARTESIAN_POINT('',(34.6057352390354,60.9159902576702,27.3659902576698));
#5272=CARTESIAN_POINT('',(34.6057352390354,86.6909902576698,-1.59099025766974));
#5273=CARTESIAN_POINT('',(34.6057352390354,66.7114853865051,-21.5704951288348));
#5274=CARTESIAN_POINT('Origin',(34.6057352390354,85.1,6.35697043389381E-15));
#5275=CARTESIAN_POINT('',(34.6057352390354,65.0405591591021,-37.5));
#5276=CARTESIAN_POINT('',(34.6057352390354,63.5202795795511,-39.0202795795511));
#5277=CARTESIAN_POINT('',(34.6057352390354,57.8952795795512,-44.645279579551));
#5278=CARTESIAN_POINT('',(34.6057352390354,63.5202795795511,-35.9797204204489));
#5279=CARTESIAN_POINT('Origin',(34.6057352390354,62.,-37.5));
#5280=CARTESIAN_POINT('',(34.6057352390354,34.9054193693267,-7.36486021022438));
#5281=CARTESIAN_POINT('Origin',(-34.6057352390354,13.2819805153395,0.));
#5282=CARTESIAN_POINT('',(-33.1057352390354,11.6909902576697,1.59099025766973));
#5283=CARTESIAN_POINT('',(-33.1057352390354,13.2819805153395,0.));
#5284=CARTESIAN_POINT('',(-33.1057352390354,13.0831067331307,0.198873782208716));
#5285=CARTESIAN_POINT('',(-34.6057352390354,11.6909902576697,1.59099025766973));
#5286=CARTESIAN_POINT('',(-33.8557352390354,11.6909902576697,1.59099025766973));
#5287=CARTESIAN_POINT('',(-34.6057352390354,13.2819805153395,0.));
#5288=CARTESIAN_POINT('',(-34.6057352390354,10.4614853865046,2.82049512883486));
#5289=CARTESIAN_POINT('',(-34.6057352390354,13.2819805153395,0.));
#5290=CARTESIAN_POINT('Origin',(-34.6057352390354,11.6909902576697,-1.59099025766973));
#5291=CARTESIAN_POINT('',(-33.1057352390354,11.6909902576697,-1.59099025766973));
#5292=CARTESIAN_POINT('',(-33.1057352390354,12.2876116042959,-0.994368911043583));
#5293=CARTESIAN_POINT('',(-34.6057352390354,11.6909902576697,-1.59099025766973));
#5294=CARTESIAN_POINT('',(-34.6057352390354,4.66599025766975,-8.61599025766974));
#5295=CARTESIAN_POINT('',(-33.8557352390354,11.6909902576697,-1.59099025766973));
#5296=CARTESIAN_POINT('Origin',(-33.8557352390354,10.1,0.));
#5297=CARTESIAN_POINT('Origin',(-34.6057352390354,10.1,0.));
#5298=CARTESIAN_POINT('Origin',(-33.1057352390354,10.1,0.));
#5299=CARTESIAN_POINT('Origin',(-34.6057352390354,-8.,-10.));
#5300=CARTESIAN_POINT('',(-34.6057352390354,90.,10.));
#5301=CARTESIAN_POINT('',(-34.6057352390354,90.,-10.));
#5302=CARTESIAN_POINT('',(-34.6057352390354,90.,-5.));
#5303=CARTESIAN_POINT('',(-34.6057352390354,-8.,-10.));
#5304=CARTESIAN_POINT('',(-34.6057352390354,-8.,-10.));
#5305=CARTESIAN_POINT('',(-34.6057352390354,-8.,10.));
#5306=CARTESIAN_POINT('',(-34.6057352390354,-8.,10.));
#5307=CARTESIAN_POINT('',(-34.6057352390354,-8.,10.));
#5308=CARTESIAN_POINT('',(-34.6057352390354,86.6909902576698,-1.59099025766976));
#5309=CARTESIAN_POINT('',(-34.6057352390354,88.2819805153395,-1.08993184370135E-14));
#5310=CARTESIAN_POINT('',(-34.6057352390354,60.9159902576702,-27.3659902576698));
#5311=CARTESIAN_POINT('',(-34.6057352390354,86.6909902576698,1.59099025766974));
#5312=CARTESIAN_POINT('',(-34.6057352390354,66.7114853865051,21.5704951288348));
#5313=CARTESIAN_POINT('Origin',(-34.6057352390354,85.1,-2.11899014463127E-15));
#5314=CARTESIAN_POINT('Origin',(-34.6057352390354,11.938477631085,-1.2490009027033E-15));
#5315=CARTESIAN_POINT('',(-33.1057352390354,11.0192388155425,0.919238815542516));
#5316=CARTESIAN_POINT('',(102.470585275256,11.0192388155425,0.919238815542511));
#5317=CARTESIAN_POINT('',(-33.1057352390354,11.4788582233138,0.459619407771255));
#5318=CARTESIAN_POINT('Origin',(-33.1057352390354,10.1,0.));
#5319=CARTESIAN_POINT('Origin',(-33.1057352390354,10.1,0.));
#5320=CARTESIAN_POINT('Origin',(-1.30183085816448E-14,88.2819805153395,
34.6057352390354));
#5321=CARTESIAN_POINT('',(1.59099025766974,86.6909902576698,33.1057352390354));
#5322=CARTESIAN_POINT('',(-1.27427630518366E-14,88.2819805153395,33.1057352390354));
#5323=CARTESIAN_POINT('',(0.198873782208705,88.0831067331308,33.1057352390354));
#5324=CARTESIAN_POINT('',(1.59099025766974,86.6909902576698,34.6057352390354));
#5325=CARTESIAN_POINT('',(1.59099025766973,86.6909902576698,33.8557352390354));
#5326=CARTESIAN_POINT('',(-1.30183085816448E-14,88.2819805153395,34.6057352390354));
#5327=CARTESIAN_POINT('',(2.07049512883491,86.2114853865046,34.6057352390354));
#5328=CARTESIAN_POINT('',(-1.30183085816448E-14,88.2819805153395,34.6057352390354));
#5329=CARTESIAN_POINT('Origin',(-1.59099025766976,86.6909902576698,34.6057352390354));
#5330=CARTESIAN_POINT('',(-1.59099025766976,86.6909902576698,33.1057352390354));
#5331=CARTESIAN_POINT('',(-0.994368911043605,87.2876116042959,33.1057352390354));
#5332=CARTESIAN_POINT('',(-1.59099025766976,86.6909902576698,34.6057352390354));
#5333=CARTESIAN_POINT('',(2.13400974233029,90.4159902576697,34.6057352390354));
#5334=CARTESIAN_POINT('',(-1.59099025766974,86.6909902576698,33.8557352390354));
#5335=CARTESIAN_POINT('Origin',(-1.07978625323944E-14,86.938477631085,34.6057352390354));
#5336=CARTESIAN_POINT('',(0.919238815542496,86.0192388155425,33.1057352390354));
#5337=CARTESIAN_POINT('',(0.919238815542516,86.0192388155425,-109.596302353146));
#5338=CARTESIAN_POINT('',(0.459619407771243,86.4788582233138,33.1057352390354));
#5339=CARTESIAN_POINT('Origin',(-34.6057352390354,88.2819805153395,-1.08993184370135E-14));
#5340=CARTESIAN_POINT('',(-33.1057352390354,86.6909902576698,1.59099025766974));
#5341=CARTESIAN_POINT('',(-33.1057352390354,88.2819805153395,-1.07156214171414E-14));
#5342=CARTESIAN_POINT('',(-33.1057352390354,88.0831067331308,0.198873782208707));
#5343=CARTESIAN_POINT('',(-33.8557352390354,86.6909902576698,1.59099025766973));
#5344=CARTESIAN_POINT('',(-34.6057352390354,88.2819805153395,-1.08993184370135E-14));
#5345=CARTESIAN_POINT('Origin',(-34.6057352390354,86.6909902576698,-1.59099025766976));
#5346=CARTESIAN_POINT('',(-33.1057352390354,86.6909902576698,-1.59099025766976));
#5347=CARTESIAN_POINT('',(-33.1057352390354,87.2876116042959,-0.994368911043604));
#5348=CARTESIAN_POINT('',(-33.8557352390354,86.6909902576698,-1.59099025766974));
#5349=CARTESIAN_POINT('Origin',(-34.6057352390354,86.0192388155425,-0.919238815542515));
#5350=CARTESIAN_POINT('',(-33.1057352390354,86.938477631085,-8.49517536789106E-15));
#5351=CARTESIAN_POINT('',(-34.6057352390354,86.938477631085,-8.67887238776317E-15));
#5352=CARTESIAN_POINT('',(-33.1057352390354,86.0192388155425,-0.919238815542513));
#5353=CARTESIAN_POINT('Origin',(-34.6057352390354,86.938477631085,-8.67887238776317E-15));
#5354=CARTESIAN_POINT('',(-33.1057352390354,86.4788582233138,0.459619407771245));
#5355=CARTESIAN_POINT('Origin',(8.78032829238221E-15,88.2819805153395,-34.6057352390354));
#5356=CARTESIAN_POINT('',(-1.59099025766974,86.6909902576698,-33.1057352390354));
#5357=CARTESIAN_POINT('',(8.68847978244616E-15,88.2819805153395,-33.1057352390354));
#5358=CARTESIAN_POINT('',(-0.198873782208709,88.0831067331308,-33.1057352390354));
#5359=CARTESIAN_POINT('',(-1.59099025766974,86.6909902576698,-34.6057352390354));
#5360=CARTESIAN_POINT('',(-1.59099025766974,86.6909902576698,-33.8557352390354));
#5361=CARTESIAN_POINT('',(8.78032829238221E-15,88.2819805153395,-34.6057352390354));
#5362=CARTESIAN_POINT('',(-2.07049512883491,86.2114853865046,-34.6057352390354));
#5363=CARTESIAN_POINT('',(8.78032829238221E-15,88.2819805153395,-34.6057352390354));
#5364=CARTESIAN_POINT('Origin',(1.59099025766976,86.6909902576698,-34.6057352390354));
#5365=CARTESIAN_POINT('',(1.59099025766976,86.6909902576698,-33.1057352390354));
#5366=CARTESIAN_POINT('',(0.994368911043601,87.2876116042959,-33.1057352390354));
#5367=CARTESIAN_POINT('',(1.59099025766976,86.6909902576698,-34.6057352390354));
#5368=CARTESIAN_POINT('',(-2.1340097423303,90.4159902576697,-34.6057352390354));
#5369=CARTESIAN_POINT('',(1.59099025766974,86.6909902576698,-33.8557352390354));
#5370=CARTESIAN_POINT('Origin',(0.919238815542513,86.0192388155425,-34.6057352390354));
#5371=CARTESIAN_POINT('',(6.46803373319585E-15,86.938477631085,-33.1057352390354));
#5372=CARTESIAN_POINT('',(6.5598822431319E-15,86.938477631085,-34.6057352390354));
#5373=CARTESIAN_POINT('',(0.91923881554251,86.0192388155425,-33.1057352390354));
#5374=CARTESIAN_POINT('Origin',(6.5598822431319E-15,86.938477631085,-34.6057352390354));
#5375=CARTESIAN_POINT('',(-0.459619407771247,86.4788582233138,-33.1057352390354));
#5376=CARTESIAN_POINT('Origin',(10.,90.,34.6057352390354));
#5377=CARTESIAN_POINT('',(10.,80.,34.6057352390354));
#5378=CARTESIAN_POINT('',(-10.,80.,34.6057352390354));
#5379=CARTESIAN_POINT('',(5.,80.,34.6057352390354));
#5380=CARTESIAN_POINT('',(10.,90.,34.6057352390354));
#5381=CARTESIAN_POINT('',(10.,90.,34.6057352390354));
#5382=CARTESIAN_POINT('',(-10.,90.,34.6057352390354));
#5383=CARTESIAN_POINT('',(-10.,90.,34.6057352390354));
#5384=CARTESIAN_POINT('',(-10.,90.,34.6057352390354));
#5385=CARTESIAN_POINT('Origin',(-4.23798028926254E-15,85.1,34.6057352390354));
#5386=CARTESIAN_POINT('Origin',(1.34216760875166E-14,85.1,-109.596302353146));
#5387=CARTESIAN_POINT('Origin',(-4.05428326939044E-15,85.1,33.1057352390354));
#5388=CARTESIAN_POINT('Origin',(-33.1057352390354,85.1,-2.02714163469522E-15));
#5389=CARTESIAN_POINT('Origin',(-33.1057352390354,85.1,-2.02714163469522E-15));
#5390=CARTESIAN_POINT('Origin',(-10.,90.,-34.6057352390354));
#5391=CARTESIAN_POINT('',(-10.,80.,-34.6057352390354));
#5392=CARTESIAN_POINT('',(10.,80.,-34.6057352390354));
#5393=CARTESIAN_POINT('',(-5.,80.,-34.6057352390354));
#5394=CARTESIAN_POINT('',(-10.,90.,-34.6057352390354));
#5395=CARTESIAN_POINT('',(-10.,90.,-34.6057352390354));
#5396=CARTESIAN_POINT('',(10.,90.,-34.6057352390354));
#5397=CARTESIAN_POINT('',(10.,90.,-34.6057352390354));
#5398=CARTESIAN_POINT('',(10.,90.,-34.6057352390354));
#5399=CARTESIAN_POINT('Origin',(0.,85.1,-34.6057352390354));
#5400=CARTESIAN_POINT('Origin',(0.,85.1,-33.1057352390354));
#5401=CARTESIAN_POINT('Origin',(0.,85.1,-33.1057352390354));
#5402=CARTESIAN_POINT('Origin',(34.6057352390354,86.0192388155425,0.919238815542511));
#5403=CARTESIAN_POINT('',(33.1057352390354,86.938477631085,4.44089209850063E-15));
#5404=CARTESIAN_POINT('',(34.6057352390354,86.938477631085,4.44089209850063E-15));
#5405=CARTESIAN_POINT('',(33.1057352390354,86.0192388155425,0.91923881554251));
#5406=CARTESIAN_POINT('Origin',(34.6057352390354,86.938477631085,4.44089209850063E-15));
#5407=CARTESIAN_POINT('',(33.1057352390354,86.4788582233138,-0.459619407771248));
#5408=CARTESIAN_POINT('Origin',(33.1057352390354,85.1,6.08142490408566E-15));
#5409=CARTESIAN_POINT('',(33.1057352390354,86.6909902576698,1.59099025766976));
#5410=CARTESIAN_POINT('',(33.1057352390354,86.6909902576698,-1.59099025766974));
#5411=CARTESIAN_POINT('Origin',(33.1057352390354,85.1,6.08142490408566E-15));
#5412=CARTESIAN_POINT('',(33.1057352390354,88.2819805153395,6.66133814775094E-15));
#5413=CARTESIAN_POINT('',(33.1057352390354,88.0831067331308,-0.198873782208711));
#5414=CARTESIAN_POINT('',(33.1057352390354,87.2876116042959,0.994368911043599));
#5415=CARTESIAN_POINT('Origin',(34.6057352390354,88.2819805153395,6.66133814775094E-15));
#5416=CARTESIAN_POINT('',(33.8557352390354,86.6909902576698,-1.59099025766973));
#5417=CARTESIAN_POINT('',(34.6057352390354,88.2819805153395,6.66133814775094E-15));
#5418=CARTESIAN_POINT('Origin',(34.6057352390354,86.6909902576698,1.59099025766976));
#5419=CARTESIAN_POINT('',(33.8557352390354,86.6909902576698,1.59099025766974));
#5420=CARTESIAN_POINT('Origin',(29.6057352390354,15.0405591591021,37.5));
#5421=CARTESIAN_POINT('',(29.6057352390354,13.5202795795511,39.0202795795511));
#5422=CARTESIAN_POINT('',(178.988557697767,13.5202795795511,39.0202795795511));
#5423=CARTESIAN_POINT('',(29.6057352390354,15.0405591591021,37.5));
#5424=CARTESIAN_POINT('',(29.6057352390354,20.5304193693266,32.0101397897756));
#5425=CARTESIAN_POINT('',(29.6057352390354,15.0405591591021,37.5));
#5426=CARTESIAN_POINT('Origin',(29.6057352390354,13.5202795795511,35.9797204204489));
#5427=CARTESIAN_POINT('',(29.6057352390354,13.5202795795511,35.9797204204489));
#5428=CARTESIAN_POINT('',(29.6057352390354,19.770279579551,42.2297204204489));
#5429=CARTESIAN_POINT('',(178.988557697767,13.5202795795511,35.9797204204489));
#5430=CARTESIAN_POINT('Origin',(29.6057352390354,15.0405591591021,-37.5));
#5431=CARTESIAN_POINT('',(29.6057352390354,13.5202795795511,-35.9797204204489));
#5432=CARTESIAN_POINT('',(178.988557697767,13.5202795795511,-35.9797204204489));
#5433=CARTESIAN_POINT('',(29.6057352390354,15.0405591591021,-37.5));
#5434=CARTESIAN_POINT('',(29.6057352390354,20.5304193693266,-42.9898602102244));
#5435=CARTESIAN_POINT('',(29.6057352390354,15.0405591591021,-37.5));
#5436=CARTESIAN_POINT('Origin',(29.6057352390354,13.5202795795511,-39.0202795795511));
#5437=CARTESIAN_POINT('',(29.6057352390354,13.5202795795511,-39.0202795795511));
#5438=CARTESIAN_POINT('',(29.6057352390354,19.770279579551,-32.7702795795511));
#5439=CARTESIAN_POINT('',(178.988557697767,13.5202795795511,-39.0202795795511));
#5440=CARTESIAN_POINT('Origin',(29.6057352390354,65.0405591591021,37.5));
#5441=CARTESIAN_POINT('',(29.6057352390354,63.5202795795511,39.0202795795511));
#5442=CARTESIAN_POINT('',(178.988557697767,63.5202795795511,39.0202795795511));
#5443=CARTESIAN_POINT('',(29.6057352390354,65.0405591591021,37.5));
#5444=CARTESIAN_POINT('',(29.6057352390354,58.0304193693267,44.5101397897756));
#5445=CARTESIAN_POINT('',(29.6057352390354,65.0405591591021,37.5));
#5446=CARTESIAN_POINT('Origin',(29.6057352390354,63.5202795795511,35.9797204204489));
#5447=CARTESIAN_POINT('',(29.6057352390354,63.5202795795511,35.9797204204489));
#5448=CARTESIAN_POINT('',(29.6057352390354,57.2702795795511,29.7297204204489));
#5449=CARTESIAN_POINT('',(178.988557697767,63.5202795795511,35.9797204204489));
#5450=CARTESIAN_POINT('Origin',(29.6057352390354,65.0405591591021,-37.5));
#5451=CARTESIAN_POINT('',(29.6057352390354,63.5202795795511,-35.9797204204489));
#5452=CARTESIAN_POINT('',(178.988557697767,63.5202795795511,-35.9797204204489));
#5453=CARTESIAN_POINT('',(29.6057352390354,65.0405591591021,-37.5));
#5454=CARTESIAN_POINT('',(29.6057352390354,58.0304193693267,-30.4898602102244));
#5455=CARTESIAN_POINT('',(29.6057352390354,65.0405591591021,-37.5));
#5456=CARTESIAN_POINT('Origin',(29.6057352390354,63.5202795795511,-39.0202795795511));
#5457=CARTESIAN_POINT('',(29.6057352390354,63.5202795795511,-39.0202795795511));
#5458=CARTESIAN_POINT('',(29.6057352390354,57.2702795795511,-45.2702795795511));
#5459=CARTESIAN_POINT('',(178.988557697767,63.5202795795511,-39.0202795795511));
#5460=CARTESIAN_POINT('Origin',(178.988557697767,12.,-37.5));
#5461=CARTESIAN_POINT('Origin',(29.6057352390354,12.,-37.5));
#5462=CARTESIAN_POINT('Origin',(29.6057352390354,37.,-37.5));
#5463=CARTESIAN_POINT('',(29.6057352390354,68.,-33.5));
#5464=CARTESIAN_POINT('',(29.6057352390354,65.,-30.5));
#5465=CARTESIAN_POINT('Origin',(29.6057352390354,65.,-33.5));
#5466=CARTESIAN_POINT('',(29.6057352390354,68.,-41.5));
#5467=CARTESIAN_POINT('',(29.6057352390354,68.,-44.5));
#5468=CARTESIAN_POINT('',(29.6057352390354,65.,-44.5));
#5469=CARTESIAN_POINT('Origin',(29.6057352390354,65.,-41.5));
#5470=CARTESIAN_POINT('',(29.6057352390354,9.00000000000001,-44.5));
#5471=CARTESIAN_POINT('',(29.6057352390354,6.00000000000001,-44.5));
#5472=CARTESIAN_POINT('',(29.6057352390354,6.,-41.5));
#5473=CARTESIAN_POINT('Origin',(29.6057352390354,9.,-41.5));
#5474=CARTESIAN_POINT('',(29.6057352390354,6.,-33.5));
#5475=CARTESIAN_POINT('',(29.6057352390354,6.00000000000001,-30.5));
#5476=CARTESIAN_POINT('',(29.6057352390354,9.,-30.5));
#5477=CARTESIAN_POINT('Origin',(29.6057352390354,9.00000000000001,-33.5));
#5478=CARTESIAN_POINT('',(29.6057352390354,22.,-30.5));
#5479=CARTESIAN_POINT('',(29.6057352390354,68.,-30.5));
#5480=CARTESIAN_POINT('',(29.6057352390354,22.,-40.));
#5481=CARTESIAN_POINT('',(29.6057352390354,22.,-31.25));
#5482=CARTESIAN_POINT('',(29.6057352390354,52.,-40.));
#5483=CARTESIAN_POINT('',(29.6057352390354,22.,-40.));
#5484=CARTESIAN_POINT('',(29.6057352390354,52.,-30.5));
#5485=CARTESIAN_POINT('',(29.6057352390354,52.,-31.25));
#5486=CARTESIAN_POINT('',(29.6057352390354,68.,-30.5));
#5487=CARTESIAN_POINT('Origin',(29.6057352390354,62.,-37.5));
#5488=CARTESIAN_POINT('Origin',(34.6057352390354,65.,-33.5));
#5489=CARTESIAN_POINT('',(34.6057352390354,65.,-30.5));
#5490=CARTESIAN_POINT('',(34.6057352390354,68.,-33.5));
#5491=CARTESIAN_POINT('Origin',(34.6057352390354,68.,-30.5));
#5492=CARTESIAN_POINT('',(34.6057352390354,68.,-41.5));
#5493=CARTESIAN_POINT('Origin',(34.6057352390354,65.,41.5));
#5494=CARTESIAN_POINT('',(29.6057352390354,68.,41.5));
#5495=CARTESIAN_POINT('',(29.6057352390354,65.,44.5));
#5496=CARTESIAN_POINT('Origin',(29.6057352390354,65.,41.5));
#5497=CARTESIAN_POINT('',(34.6057352390354,65.,44.5));
#5498=CARTESIAN_POINT('',(34.6057352390354,68.,41.5));
#5499=CARTESIAN_POINT('Origin',(34.6057352390354,6.,44.5));
#5500=CARTESIAN_POINT('',(29.6057352390354,9.,44.5));
#5501=CARTESIAN_POINT('',(29.6057352390354,68.,44.5));
#5502=CARTESIAN_POINT('',(34.6057352390354,9.,44.5));
#5503=CARTESIAN_POINT('Origin',(29.6057352390354,37.,37.5));
#5504=CARTESIAN_POINT('',(29.6057352390354,68.,33.5));
#5505=CARTESIAN_POINT('',(29.6057352390354,68.,30.5));
#5506=CARTESIAN_POINT('',(29.6057352390354,65.,30.5));
#5507=CARTESIAN_POINT('Origin',(29.6057352390354,65.,33.5));
#5508=CARTESIAN_POINT('',(29.6057352390354,52.,30.5));
#5509=CARTESIAN_POINT('',(29.6057352390354,6.00000000000001,30.5));
#5510=CARTESIAN_POINT('',(29.6057352390354,52.,40.));
#5511=CARTESIAN_POINT('',(29.6057352390354,52.,31.25));
#5512=CARTESIAN_POINT('',(29.6057352390354,22.,40.));
#5513=CARTESIAN_POINT('',(29.6057352390354,22.,40.));
#5514=CARTESIAN_POINT('',(29.6057352390354,22.,30.5));
#5515=CARTESIAN_POINT('',(29.6057352390354,22.,31.25));
#5516=CARTESIAN_POINT('',(29.6057352390354,9.,30.5));
#5517=CARTESIAN_POINT('',(29.6057352390354,6.00000000000001,30.5));
#5518=CARTESIAN_POINT('',(29.6057352390354,6.,33.5));
#5519=CARTESIAN_POINT('Origin',(29.6057352390354,9.,33.5));
#5520=CARTESIAN_POINT('',(29.6057352390354,6.,41.5));
#5521=CARTESIAN_POINT('',(29.6057352390354,6.,44.5));
#5522=CARTESIAN_POINT('Origin',(29.6057352390354,9.,41.5));
#5523=CARTESIAN_POINT('Origin',(29.6057352390354,12.,37.5));
#5524=CARTESIAN_POINT('Origin',(29.6057352390354,62.,37.5));
#5525=CARTESIAN_POINT('Origin',(34.6057352390354,65.,33.5));
#5526=CARTESIAN_POINT('',(34.6057352390354,68.,33.5));
#5527=CARTESIAN_POINT('',(34.6057352390354,65.,30.5));
#5528=CARTESIAN_POINT('Origin',(34.6057352390354,68.,30.5));
#5529=CARTESIAN_POINT('',(27.1057352390354,52.,30.5));
#5530=CARTESIAN_POINT('Origin',(34.6057352390354,9.,41.5));
#5531=CARTESIAN_POINT('',(34.6057352390354,6.,41.5));
#5532=CARTESIAN_POINT('Origin',(34.6057352390354,6.00000000000001,30.5));
#5533=CARTESIAN_POINT('',(34.6057352390354,6.,33.5));
#5534=CARTESIAN_POINT('Origin',(34.6057352390354,9.,33.5));
#5535=CARTESIAN_POINT('',(34.6057352390354,9.,30.5));
#5536=CARTESIAN_POINT('Origin',(34.6057352390354,9.00000000000001,-33.5));
#5537=CARTESIAN_POINT('',(34.6057352390354,6.,-33.5));
#5538=CARTESIAN_POINT('',(34.6057352390354,9.00000000000001,-30.5));
#5539=CARTESIAN_POINT('Origin',(34.6057352390354,6.,-44.5));
#5540=CARTESIAN_POINT('',(34.6057352390354,6.,-41.5));
#5541=CARTESIAN_POINT('Origin',(34.6057352390354,9.,-41.5));
#5542=CARTESIAN_POINT('',(34.6057352390354,9.00000000000001,-44.5));
#5543=CARTESIAN_POINT('Origin',(34.6057352390354,65.,-41.5));
#5544=CARTESIAN_POINT('',(34.6057352390354,65.,-44.5));
#5545=CARTESIAN_POINT('Origin',(178.988557697767,12.,37.5));
#5546=CARTESIAN_POINT('Origin',(178.988557697767,62.,37.5));
#5547=CARTESIAN_POINT('Origin',(178.988557697767,62.,-37.5));
#5548=CARTESIAN_POINT('Origin',(34.6057352390354,68.,30.5));
#5549=CARTESIAN_POINT('',(27.1057352390354,22.,30.5));
#5550=CARTESIAN_POINT('Origin',(34.6057352390354,68.,44.5));
#5551=CARTESIAN_POINT('Origin',(34.6057352390354,6.00000000000001,-30.5));
#5552=CARTESIAN_POINT('',(27.1057352390354,22.,-30.5));
#5553=CARTESIAN_POINT('Origin',(34.6057352390354,68.,-44.5));
#5554=CARTESIAN_POINT('Origin',(34.6057352390354,6.00000000000001,-30.5));
#5555=CARTESIAN_POINT('',(27.1057352390354,52.,-30.5));
#5556=CARTESIAN_POINT('Origin',(19.6057352390353,22.,25.));
#5557=CARTESIAN_POINT('',(4.60573523903534,22.,32.828489196244));
#5558=CARTESIAN_POINT('',(29.6057352390354,22.,40.));
#5559=CARTESIAN_POINT('',(31.6057352390354,22.,10.));
#5560=CARTESIAN_POINT('Origin',(0.,22.,0.));
#5561=CARTESIAN_POINT('',(25.6057352390354,22.,10.));
#5562=CARTESIAN_POINT('Origin',(19.6057352390353,52.,-25.));
#5563=CARTESIAN_POINT('',(4.60573523903534,52.,-32.828489196244));
#5564=CARTESIAN_POINT('',(4.60573523903536,52.,-32.828489196244));
#5565=CARTESIAN_POINT('',(31.6057352390354,52.,-10.));
#5566=CARTESIAN_POINT('Origin',(0.,52.,0.));
#5567=CARTESIAN_POINT('',(27.1057352390353,52.,-10.));
#5568=CARTESIAN_POINT('Origin',(0.,-2.,0.));
#5569=CARTESIAN_POINT('',(31.6057352390354,-2.,10.));
#5570=CARTESIAN_POINT('',(33.1293964846058,-2.,10.));
#5571=CARTESIAN_POINT('',(15.8028676195177,-2.,10.));
#5572=CARTESIAN_POINT('',(-31.6057352390354,-2.,10.));
#5573=CARTESIAN_POINT('Origin',(0.,-2.,0.));
#5574=CARTESIAN_POINT('',(-33.1293964846058,-2.,10.));
#5575=CARTESIAN_POINT('',(-17.3028676195177,-2.,10.));
#5576=CARTESIAN_POINT('Origin',(0.,-2.,0.));
#5577=CARTESIAN_POINT('Origin',(0.,-8.,0.));
#5578=CARTESIAN_POINT('',(33.1293964846058,-8.,-10.));
#5579=CARTESIAN_POINT('',(33.1293964846058,-2.,-10.));
#5580=CARTESIAN_POINT('',(33.1293964846058,-8.,-10.));
#5581=CARTESIAN_POINT('',(-33.1293964846058,-8.,-10.));
#5582=CARTESIAN_POINT('Origin',(0.,-8.,0.));
#5583=CARTESIAN_POINT('',(-33.1293964846058,-2.,-10.));
#5584=CARTESIAN_POINT('',(-33.1293964846058,-8.,-10.));
#5585=CARTESIAN_POINT('Origin',(0.,-2.,0.));
#5586=CARTESIAN_POINT('Origin',(0.,-8.,0.));
#5587=CARTESIAN_POINT('',(33.1293964846058,-8.,10.));
#5588=CARTESIAN_POINT('',(33.1293964846058,-8.,10.));
#5589=CARTESIAN_POINT('',(-33.1293964846058,-8.,10.));
#5590=CARTESIAN_POINT('',(-33.1293964846058,-8.,10.));
#5591=CARTESIAN_POINT('Origin',(0.,-8.,0.));
#5592=CARTESIAN_POINT('Origin',(0.,-2.,0.));
#5593=CARTESIAN_POINT('',(31.6057352390354,-2.,-10.));
#5594=CARTESIAN_POINT('',(17.3028676195177,-2.,-10.));
#5595=CARTESIAN_POINT('',(-31.6057352390354,-2.,-10.));
#5596=CARTESIAN_POINT('',(-15.8028676195177,-2.,-10.));
#5597=CARTESIAN_POINT('Origin',(0.,-2.,0.));
#5598=CARTESIAN_POINT('Origin',(34.6057352390354,-8.,-10.));
#5599=CARTESIAN_POINT('',(31.6057352390354,22.,-10.));
#5600=CARTESIAN_POINT('',(31.6057352390354,41.,-9.99999999999993));
#5601=CARTESIAN_POINT('',(27.1057352390353,22.,-10.));
#5602=CARTESIAN_POINT('',(31.6057352390354,-8.,-10.));
#5603=CARTESIAN_POINT('Origin',(0.,41.,0.));
#5604=CARTESIAN_POINT('',(-31.6057352390353,80.,-10.));
#5605=CARTESIAN_POINT('',(-31.6057352390353,41.,-10.));
#5606=CARTESIAN_POINT('',(31.6057352390354,80.,-9.99999999999993));
#5607=CARTESIAN_POINT('Origin',(0.,80.,0.));
#5608=CARTESIAN_POINT('',(31.6057352390354,41.,-9.99999999999993));
#5609=CARTESIAN_POINT('',(4.60573523903534,22.,-32.828489196244));
#5610=CARTESIAN_POINT('',(4.60573523903527,41.,-32.828489196244));
#5611=CARTESIAN_POINT('Origin',(0.,22.,0.));
#5612=CARTESIAN_POINT('',(22.722815327092,74.3,-24.1370288894651));
#5613=CARTESIAN_POINT('Ctrl Pts',(22.722815327092,74.3,-24.1370288894651));
#5614=CARTESIAN_POINT('Ctrl Pts',(22.8142565693027,74.3,-24.0509452844966));
#5615=CARTESIAN_POINT('Ctrl Pts',(22.9112547258471,74.2749181813279,-23.9585493930797));
#5616=CARTESIAN_POINT('Ctrl Pts',(23.0887230949854,74.1728724967081,-23.7875712920913));
#5617=CARTESIAN_POINT('Ctrl Pts',(23.1692213873391,74.0959078853125,-23.7090186755208));
#5618=CARTESIAN_POINT('Ctrl Pts',(23.2959030451718,73.9183220681174,-23.5845560621911));
#5619=CARTESIAN_POINT('Ctrl Pts',(23.3505377684731,73.8058747637622,-23.5303525197536));
#5620=CARTESIAN_POINT('Ctrl Pts',(23.4228667201086,73.5594952022818,-23.4583549805333));
#5621=CARTESIAN_POINT('Ctrl Pts',(23.4405897963341,73.4255629959652,-23.440589796334));
#5622=CARTESIAN_POINT('Ctrl Pts',(23.4405897963341,73.3,-23.4405897963341));
#5623=CARTESIAN_POINT('',(-22.722815327092,74.3,-24.1370288894651));
#5624=CARTESIAN_POINT('Origin',(0.,74.3,0.));
#5625=CARTESIAN_POINT('',(-23.4405897963341,73.3,-23.440589796334));
#5626=CARTESIAN_POINT('Ctrl Pts',(-23.440589796334,73.3,-23.4405897963341));
#5627=CARTESIAN_POINT('Ctrl Pts',(-23.440589796334,73.4255629959652,-23.4405897963341));
#5628=CARTESIAN_POINT('Ctrl Pts',(-23.4228667201086,73.5594952022818,-23.4583549805333));
#5629=CARTESIAN_POINT('Ctrl Pts',(-23.3505377684731,73.8058747637622,-23.5303525197537));
#5630=CARTESIAN_POINT('Ctrl Pts',(-23.2959030451718,73.9183220681174,-23.5845560621911));
#5631=CARTESIAN_POINT('Ctrl Pts',(-23.1692213873391,74.0959078853125,-23.7090186755208));
#5632=CARTESIAN_POINT('Ctrl Pts',(-23.0887230949854,74.1728724967082,-23.7875712920913));
#5633=CARTESIAN_POINT('Ctrl Pts',(-22.9112547258471,74.2749181813279,-23.9585493930797));
#5634=CARTESIAN_POINT('Ctrl Pts',(-22.8142565693027,74.3,-24.0509452844966));
#5635=CARTESIAN_POINT('Ctrl Pts',(-22.722815327092,74.3,-24.1370288894651));
#5636=CARTESIAN_POINT('',(-23.4405897963341,41.,-23.440589796334));
#5637=CARTESIAN_POINT('',(-30.090845822114,1.,-13.9091156333012));
#5638=CARTESIAN_POINT('',(-27.0908105152592,1.,-19.1052475934861));
#5639=CARTESIAN_POINT('Origin',(0.,1.,0.));
#5640=CARTESIAN_POINT('',(-27.0908105152592,4.99999999979794,-19.1052475934861));
#5641=CARTESIAN_POINT('',(-27.0908105154151,3.,-19.105247593569));
#5642=CARTESIAN_POINT('',(-30.090845822114,4.99999999979795,-13.9091156333012));
#5643=CARTESIAN_POINT('Origin',(0.,5.,0.));
#5644=CARTESIAN_POINT('',(-30.0908458222661,3.,-13.9091156333905));
#5645=CARTESIAN_POINT('',(-19.1048790868368,1.,-27.0910703939769));
#5646=CARTESIAN_POINT('',(-13.9087063185839,1.,-30.091035019179));
#5647=CARTESIAN_POINT('Origin',(0.,1.,0.));
#5648=CARTESIAN_POINT('',(-13.9087063185839,4.99999999979794,-30.091035019179));
#5649=CARTESIAN_POINT('',(-13.9087063186736,3.,-30.0910350193309));
#5650=CARTESIAN_POINT('',(-19.1048790868368,4.99999999979795,-27.0910703939769));
#5651=CARTESIAN_POINT('Origin',(0.,5.,0.));
#5652=CARTESIAN_POINT('',(-19.1048790867471,3.,-27.0910703938251));
#5653=CARTESIAN_POINT('',(-2.9997754284423,1.,-33.0139947203149));
#5654=CARTESIAN_POINT('',(3.00022450391865,1.,-33.0139539120681));
#5655=CARTESIAN_POINT('Origin',(0.,1.,0.));
#5656=CARTESIAN_POINT('',(3.00022450391865,4.99999999979794,-33.0139539120681));
#5657=CARTESIAN_POINT('',(3.00022450391694,3.,-33.0139539122445));
#5658=CARTESIAN_POINT('',(-2.9997754284423,4.99999999979795,-33.0139947203149));
#5659=CARTESIAN_POINT('Origin',(0.,5.,0.));
#5660=CARTESIAN_POINT('',(-2.9997754284416,3.,-33.0139947201385));
#5661=CARTESIAN_POINT('',(13.9091156333012,1.,-30.090845822114));
#5662=CARTESIAN_POINT('',(19.105247593661,1.,-27.0908105155654));
#5663=CARTESIAN_POINT('Origin',(0.,1.,0.));
#5664=CARTESIAN_POINT('',(19.105247593661,4.99999999979794,-27.0908105155654));
#5665=CARTESIAN_POINT('',(19.1052475935709,3.,-27.0908105154139));
#5666=CARTESIAN_POINT('',(13.9091156333012,4.99999999979795,-30.090845822114));
#5667=CARTESIAN_POINT('Origin',(0.,5.,0.));
#5668=CARTESIAN_POINT('',(13.9091156333905,3.,-30.0908458222661));
#5669=CARTESIAN_POINT('',(27.0910703939769,1.,-19.1048790868368));
#5670=CARTESIAN_POINT('',(30.091035019179,1.,-13.9087063185839));
#5671=CARTESIAN_POINT('Origin',(0.,1.,0.));
#5672=CARTESIAN_POINT('',(30.091035019179,4.99999999979794,-13.9087063185839));
#5673=CARTESIAN_POINT('',(30.0910350193309,3.,-13.9087063186736));
#5674=CARTESIAN_POINT('',(27.0910703939769,4.99999999979795,-19.1048790868368));
#5675=CARTESIAN_POINT('Origin',(0.,5.,0.));
#5676=CARTESIAN_POINT('',(27.0910703938245,3.,-19.104879086748));
#5677=CARTESIAN_POINT('Origin',(-31.6057352390354,-8.,-10.));
#5678=CARTESIAN_POINT('',(-34.6057352390354,-8.,-10.));
#5679=CARTESIAN_POINT('',(-33.1293964846058,90.,-10.));
#5680=CARTESIAN_POINT('',(-15.8028676195177,90.,-10.));
#5681=CARTESIAN_POINT('',(-33.1293964846058,80.,-10.));
#5682=CARTESIAN_POINT('',(-33.1293964846058,90.,-10.));
#5683=CARTESIAN_POINT('',(-15.8028676195177,80.,-10.));
#5684=CARTESIAN_POINT('Origin',(33.8557352390354,85.1,6.21919766898973E-15));
#5685=CARTESIAN_POINT('Origin',(-4.05428326939044E-15,85.1,33.1057352390354));
#5686=CARTESIAN_POINT('Origin',(-4.05428326939044E-15,85.1,33.1057352390354));
#5687=CARTESIAN_POINT('Origin',(-4.14613177932649E-15,85.1,33.8557352390354));
#5688=CARTESIAN_POINT('Origin',(-33.8557352390354,85.1,-2.07306588966325E-15));
#5689=CARTESIAN_POINT('Origin',(0.,85.1,-33.8557352390354));
#5690=CARTESIAN_POINT('Origin',(10.,90.,-34.6057352390354));
#5691=CARTESIAN_POINT('',(10.,80.,-33.1293964846058));
#5692=CARTESIAN_POINT('',(10.,90.,-33.1293964846058));
#5693=CARTESIAN_POINT('',(10.,90.,-33.1293964846058));
#5694=CARTESIAN_POINT('',(10.,80.,-17.3028676195177));
#5695=CARTESIAN_POINT('',(10.,90.,-31.6057352390354));
#5696=CARTESIAN_POINT('Origin',(-10.,90.,-31.6057352390354));
#5697=CARTESIAN_POINT('',(-10.,90.,-33.1293964846058));
#5698=CARTESIAN_POINT('',(-10.,80.,-33.1293964846058));
#5699=CARTESIAN_POINT('',(-10.,90.,-33.1293964846058));
#5700=CARTESIAN_POINT('',(-10.,90.,-34.6057352390354));
#5701=CARTESIAN_POINT('',(-10.,80.,-15.8028676195177));
#5702=CARTESIAN_POINT('Origin',(10.,90.,31.6057352390354));
#5703=CARTESIAN_POINT('',(10.,90.,33.1293964846058));
#5704=CARTESIAN_POINT('',(10.,80.,33.1293964846058));
#5705=CARTESIAN_POINT('',(10.,90.,33.1293964846058));
#5706=CARTESIAN_POINT('',(10.,90.,34.6057352390354));
#5707=CARTESIAN_POINT('',(10.,80.,15.8028676195177));
#5708=CARTESIAN_POINT('Origin',(-10.,90.,34.6057352390354));
#5709=CARTESIAN_POINT('',(-10.,80.,33.1293964846058));
#5710=CARTESIAN_POINT('',(-10.,90.,33.1293964846058));
#5711=CARTESIAN_POINT('',(-10.,90.,33.1293964846058));
#5712=CARTESIAN_POINT('',(-10.,80.,17.3028676195177));
#5713=CARTESIAN_POINT('',(-10.,90.,31.6057352390354));
#5714=CARTESIAN_POINT('Origin',(0.,80.,0.));
#5715=CARTESIAN_POINT('',(33.1293964846058,80.,-10.));
#5716=CARTESIAN_POINT('Origin',(0.,80.,0.));
#5717=CARTESIAN_POINT('',(17.3028676195177,80.,-10.));
#5718=CARTESIAN_POINT('Origin',(0.,80.,0.));
#5719=CARTESIAN_POINT('Origin',(0.,90.,0.));
#5720=CARTESIAN_POINT('Origin',(0.,90.,0.));
#5721=CARTESIAN_POINT('Origin',(30.15,90.,0.));
#5722=CARTESIAN_POINT('',(33.1293964846058,90.,10.));
#5723=CARTESIAN_POINT('Origin',(0.,90.,0.));
#5724=CARTESIAN_POINT('',(15.8028676195177,90.,10.));
#5725=CARTESIAN_POINT('',(33.1293964846058,90.,-10.));
#5726=CARTESIAN_POINT('',(17.3028676195177,90.,-10.));
#5727=CARTESIAN_POINT('Origin',(0.,90.,0.));
#5728=CARTESIAN_POINT('',(-33.1293964846058,90.,10.));
#5729=CARTESIAN_POINT('',(-17.3028676195177,90.,10.));
#5730=CARTESIAN_POINT('Origin',(0.,90.,0.));
#5731=CARTESIAN_POINT('Origin',(0.,90.,0.));
#5732=CARTESIAN_POINT('',(-33.1293964846058,80.,10.));
#5733=CARTESIAN_POINT('',(-33.1293964846058,90.,10.));
#5734=CARTESIAN_POINT('Origin',(0.,80.,0.));
#5735=CARTESIAN_POINT('Origin',(4.60573523903533,22.,32.828489196244));
#5736=CARTESIAN_POINT('',(4.60573523903534,52.,32.828489196244));
#5737=CARTESIAN_POINT('',(29.6057352390354,52.,40.));
#5738=CARTESIAN_POINT('',(4.6057352390353,41.,32.828489196244));
#5739=CARTESIAN_POINT('Origin',(19.6057352390353,52.,25.));
#5740=CARTESIAN_POINT('',(31.6057352390354,52.,10.));
#5741=CARTESIAN_POINT('',(25.6057352390354,52.,10.));
#5742=CARTESIAN_POINT('Origin',(0.,52.,0.));
#5743=CARTESIAN_POINT('Origin',(29.6057352390354,22.,-40.));
#5744=CARTESIAN_POINT('',(4.60573523903536,22.,-32.828489196244));
#5745=CARTESIAN_POINT('Origin',(19.6057352390353,22.,-25.));
#5746=CARTESIAN_POINT('Origin',(31.6057352390354,-8.,10.));
#5747=CARTESIAN_POINT('',(34.6057352390354,-8.,10.));
#5748=CARTESIAN_POINT('',(31.6057352390353,41.,10.));
#5749=CARTESIAN_POINT('Origin',(34.6057352390354,-8.,-10.));
#5750=CARTESIAN_POINT('',(33.1293964846058,90.,-10.));
#5751=CARTESIAN_POINT('Origin',(0.,-4.,0.));
#5752=CARTESIAN_POINT('',(-23.,-4.,2.81668763803891E-15));
#5753=CARTESIAN_POINT('Origin',(0.,-4.,0.));
#5754=CARTESIAN_POINT('',(8.20000000000001,-4.,16.4544826719043));
#5755=CARTESIAN_POINT('Origin',(9.50000000000001,-4.,16.4544826719043));
#5756=CARTESIAN_POINT('',(8.19999999999998,-4.,-16.4544826719043));
#5757=CARTESIAN_POINT('Origin',(9.49999999999998,-4.,-16.4544826719043));
#5758=CARTESIAN_POINT('',(-20.3,-4.,-2.06124196536116E-15));
#5759=CARTESIAN_POINT('Origin',(-19.,-4.,-2.22044604925031E-15));
#5760=CARTESIAN_POINT('',(-14.25,-4.,1.74512168878498E-15));
#5761=CARTESIAN_POINT('Origin',(0.,-4.,0.));
#5762=CARTESIAN_POINT('Origin',(0.,90.,0.));
#5763=CARTESIAN_POINT('',(33.1293964846058,80.,10.));
#5764=CARTESIAN_POINT('Origin',(0.,80.,0.));
#5765=CARTESIAN_POINT('',(33.1293964846058,90.,10.));
#5766=CARTESIAN_POINT('Origin',(0.,90.,0.));
#5767=CARTESIAN_POINT('Origin',(0.,80.,0.));
#5768=CARTESIAN_POINT('',(31.6057352390353,80.,10.));
#5769=CARTESIAN_POINT('',(-31.6057352390353,80.,10.));
#5770=CARTESIAN_POINT('Origin',(0.,80.,0.));
#5771=CARTESIAN_POINT('',(15.8028676195177,80.,10.));
#5772=CARTESIAN_POINT('',(-17.3028676195177,80.,10.));
#5773=CARTESIAN_POINT('Origin',(31.6057352390354,-8.,10.));
#5774=CARTESIAN_POINT('',(31.6057352390353,41.,10.));
#5775=CARTESIAN_POINT('Origin',(10.4828580310906,73.3,-11.8970715934637));
#5776=CARTESIAN_POINT('',(10.4828580310906,74.3,-11.8970715934637));
#5777=CARTESIAN_POINT('Origin',(-21.3192694527744,74.3,-21.3192694527744));
#5778=CARTESIAN_POINT('',(-21.1424927574778,74.3,-22.5567063198509));
#5779=CARTESIAN_POINT('Origin',(-22.3799296245542,73.,-22.3799296245542));
#5780=CARTESIAN_POINT('',(-21.8495995386643,73.3,-21.8495995386643));
#5781=CARTESIAN_POINT('Origin',(-21.1424927574778,73.3,-22.5567063198509));
#5782=CARTESIAN_POINT('Origin',(22.3799296245542,73.,22.3799296245542));
#5783=CARTESIAN_POINT('',(23.440589796334,73.3,23.4405897963341));
#5784=CARTESIAN_POINT('',(23.440589796334,41.,23.4405897963341));
#5785=CARTESIAN_POINT('',(11.1899648122771,73.3,11.1899648122771));
#5786=CARTESIAN_POINT('Origin',(10.4828580310906,73.3,11.8970715934637));
#5787=CARTESIAN_POINT('',(22.722815327092,74.3,24.1370288894651));
#5788=CARTESIAN_POINT('Ctrl Pts',(23.4405897963341,73.3,23.440589796334));
#5789=CARTESIAN_POINT('Ctrl Pts',(23.4405897963341,73.4255629959652,23.440589796334));
#5790=CARTESIAN_POINT('Ctrl Pts',(23.4228667201086,73.5594952022818,23.4583549805333));
#5791=CARTESIAN_POINT('Ctrl Pts',(23.3505377684731,73.8058747637622,23.5303525197536));
#5792=CARTESIAN_POINT('Ctrl Pts',(23.2959030451718,73.9183220681174,23.5845560621911));
#5793=CARTESIAN_POINT('Ctrl Pts',(23.1692213873391,74.0959078853125,23.7090186755208));
#5794=CARTESIAN_POINT('Ctrl Pts',(23.0887230949854,74.1728724967082,23.7875712920913));
#5795=CARTESIAN_POINT('Ctrl Pts',(22.9112547258471,74.2749181813279,23.9585493930797));
#5796=CARTESIAN_POINT('Ctrl Pts',(22.8142565693027,74.3,24.0509452844966));
#5797=CARTESIAN_POINT('Ctrl Pts',(22.722815327092,74.3,24.1370288894651));
#5798=CARTESIAN_POINT('',(10.4828580310906,74.3,11.8970715934637));
#5799=CARTESIAN_POINT('Origin',(-21.1424927574778,73.3,22.5567063198509));
#5800=CARTESIAN_POINT('',(-22.722815327092,74.3,24.1370288894651));
#5801=CARTESIAN_POINT('',(-21.1424927574778,74.3,22.5567063198509));
#5802=CARTESIAN_POINT('Ctrl Pts',(-22.722815327092,74.3,24.1370288894651));
#5803=CARTESIAN_POINT('Ctrl Pts',(-22.8142565693027,74.3,24.0509452844966));
#5804=CARTESIAN_POINT('Ctrl Pts',(-22.9112547258471,74.2749181813279,23.9585493930797));
#5805=CARTESIAN_POINT('Ctrl Pts',(-23.0887230949854,74.1728724967081,23.7875712920913));
#5806=CARTESIAN_POINT('Ctrl Pts',(-23.1692213873391,74.0959078853125,23.7090186755208));
#5807=CARTESIAN_POINT('Ctrl Pts',(-23.2959030451718,73.9183220681174,23.5845560621911));
#5808=CARTESIAN_POINT('Ctrl Pts',(-23.3505377684731,73.8058747637622,23.5303525197537));
#5809=CARTESIAN_POINT('Ctrl Pts',(-23.4228667201086,73.5594952022818,23.4583549805333));
#5810=CARTESIAN_POINT('Ctrl Pts',(-23.440589796334,73.4255629959652,23.4405897963341));
#5811=CARTESIAN_POINT('Ctrl Pts',(-23.440589796334,73.3,23.4405897963341));
#5812=CARTESIAN_POINT('Origin',(-21.3192694527744,74.3,21.3192694527744));
#5813=CARTESIAN_POINT('Origin',(0.,74.3,0.));
#5814=CARTESIAN_POINT('Origin',(33.8557352390354,10.1,0.));
#5815=CARTESIAN_POINT('Origin',(-102.470585275256,10.1,0.));
#5816=CARTESIAN_POINT('Origin',(102.470585275256,10.1,0.));
#5817=CARTESIAN_POINT('Origin',(9.50000000000001,129.076320514292,16.4544826719043));
#5818=CARTESIAN_POINT('',(8.20000000000001,-8.00000000000001,16.4544826719043));
#5819=CARTESIAN_POINT('Origin',(9.50000000000001,-8.00000000000001,16.4544826719043));
#5820=CARTESIAN_POINT('',(8.20000000000001,129.076320514292,16.4544826719043));
#5821=CARTESIAN_POINT('Origin',(9.49999999999998,129.076320514292,-16.4544826719043));
#5822=CARTESIAN_POINT('',(8.19999999999998,-8.00000000000001,-16.4544826719043));
#5823=CARTESIAN_POINT('Origin',(9.49999999999998,-8.00000000000001,-16.4544826719043));
#5824=CARTESIAN_POINT('',(8.19999999999998,129.076320514292,-16.4544826719043));
#5825=CARTESIAN_POINT('Origin',(-19.,129.076320514292,-2.22044604925031E-15));
#5826=CARTESIAN_POINT('',(-20.3,-8.00000000000001,-2.37965013313947E-15));
#5827=CARTESIAN_POINT('Origin',(-19.,-8.00000000000001,-2.22044604925031E-15));
#5828=CARTESIAN_POINT('',(-20.3,129.076320514292,-2.37965013313947E-15));
#5829=CARTESIAN_POINT('Origin',(8651.95464165119,3.,5014.34750279739));
#5830=CARTESIAN_POINT('',(-8.81467122342099,1.,21.2438596122546));
#5831=CARTESIAN_POINT('',(-8.81467122342099,4.99999999979794,21.2438596122546));
#5832=CARTESIAN_POINT('',(-8.81467122355101,3.,21.2438596124743));
#5833=CARTESIAN_POINT('',(-13.9091156334762,1.,30.0908458224203));
#5834=CARTESIAN_POINT('Origin',(8651.95464158806,1.,5014.34750276081));
#5835=CARTESIAN_POINT('',(-13.9091156334762,4.99999999979795,30.0908458224203));
#5836=CARTESIAN_POINT('',(-13.9091156333915,3.,30.0908458222655));
#5837=CARTESIAN_POINT('Origin',(8651.95464158806,4.99999999979794,5014.34750276081));
#5838=CARTESIAN_POINT('Origin',(4985.63876066192,3.,8668.5296416512));
#5839=CARTESIAN_POINT('',(-27.0910703936712,4.99999999979795,19.104879086661));
#5840=CARTESIAN_POINT('',(-27.0910703936712,1.,19.104879086661));
#5841=CARTESIAN_POINT('',(-27.0910703938251,3.,19.1048790867471));
#5842=CARTESIAN_POINT('',(-18.2556590116181,4.99999999979794,13.9903864869312));
#5843=CARTESIAN_POINT('Origin',(4985.63876062554,4.99999999979794,8668.52964158795));
#5844=CARTESIAN_POINT('',(-18.2556590116181,1.,13.9903864869312));
#5845=CARTESIAN_POINT('',(-18.25565901184,3.,13.9903864870575));
#5846=CARTESIAN_POINT('Origin',(4985.63876062554,1.,8668.52964158795));
#5847=CARTESIAN_POINT('Origin',(8668.5296416512,3.,-4985.63876066193));
#5848=CARTESIAN_POINT('',(19.104879086661,4.99999999979795,27.0910703936712));
#5849=CARTESIAN_POINT('',(19.104879086661,1.,27.0910703936712));
#5850=CARTESIAN_POINT('',(19.1048790867471,3.,27.0910703938251));
#5851=CARTESIAN_POINT('',(13.9903864869312,4.99999999979794,18.2556590116181));
#5852=CARTESIAN_POINT('Origin',(8668.52964158795,4.99999999979794,-4985.63876062554));
#5853=CARTESIAN_POINT('',(13.9903864869312,1.,18.2556590116181));
#5854=CARTESIAN_POINT('',(13.9903864870575,3.,18.25565901184));
#5855=CARTESIAN_POINT('Origin',(8668.52964158795,1.,-4985.63876062554));
#5856=CARTESIAN_POINT('Origin',(5014.34750279739,3.,-8651.95464165119));
#5857=CARTESIAN_POINT('',(30.0908458224192,4.99999999979795,13.9091156334781));
#5858=CARTESIAN_POINT('',(30.0908458224192,1.,13.9091156334781));
#5859=CARTESIAN_POINT('',(30.0908458222661,3.,13.9091156333905));
#5860=CARTESIAN_POINT('',(21.2438596122535,4.99999999979794,8.8146712234229));
#5861=CARTESIAN_POINT('Origin',(5014.34750276081,4.99999999979794,-8651.95464158806));
#5862=CARTESIAN_POINT('',(21.2438596122535,1.,8.8146712234229));
#5863=CARTESIAN_POINT('',(21.2438596124748,3.,8.81467122355004));
#5864=CARTESIAN_POINT('Origin',(5014.34750276081,1.,-8651.95464158806));
#5865=CARTESIAN_POINT('Origin',(-4985.63876066193,3.,-8668.5296416512));
#5866=CARTESIAN_POINT('',(18.2556590116181,4.99999999979794,-13.9903864869312));
#5867=CARTESIAN_POINT('Origin',(-4985.63876062554,4.99999999979794,-8668.52964158795));
#5868=CARTESIAN_POINT('',(18.2556590116181,1.,-13.9903864869312));
#5869=CARTESIAN_POINT('',(18.2556590118394,3.,-13.9903864870584));
#5870=CARTESIAN_POINT('Origin',(-4985.63876062554,1.,-8668.52964158795));
#5871=CARTESIAN_POINT('Origin',(-8651.95464165119,3.,-5014.34750279739));
#5872=CARTESIAN_POINT('',(8.81467122342195,4.99999999979794,-21.243859612254));
#5873=CARTESIAN_POINT('Origin',(-8651.95464158806,4.99999999979794,-5014.34750276081));
#5874=CARTESIAN_POINT('',(8.81467122342195,1.,-21.243859612254));
#5875=CARTESIAN_POINT('',(8.81467122355005,3.,-21.2438596124748));
#5876=CARTESIAN_POINT('Origin',(-8651.95464158806,1.,-5014.34750276081));
#5877=CARTESIAN_POINT('Origin',(-9999.98626345932,3.,-16.5750000000014));
#5878=CARTESIAN_POINT('',(-2.98820060063595,4.99999999979794,-22.8050577103532));
#5879=CARTESIAN_POINT('Origin',(-9999.98626338635,4.99999999979794,-16.5749999998917));
#5880=CARTESIAN_POINT('',(-2.98820060063595,1.,-22.8050577103532));
#5881=CARTESIAN_POINT('',(-2.98820060063542,3.,-22.8050577106085));
#5882=CARTESIAN_POINT('Origin',(-9999.98626338635,1.,-16.5749999998917));
#5883=CARTESIAN_POINT('Origin',(-8668.5296416512,3.,4985.63876066193));
#5884=CARTESIAN_POINT('',(-13.9903864869312,4.99999999979794,-18.2556590116181));
#5885=CARTESIAN_POINT('Origin',(-8668.52964158795,4.99999999979794,4985.63876062554));
#5886=CARTESIAN_POINT('',(-13.9903864869312,1.,-18.2556590116181));
#5887=CARTESIAN_POINT('',(-13.9903864870575,3.,-18.25565901184));
#5888=CARTESIAN_POINT('Origin',(-8668.52964158795,1.,4985.63876062554));
#5889=CARTESIAN_POINT('Origin',(13.9769237886467,5.,30.2087421354541));
#5890=CARTESIAN_POINT('',(-30.0910350194835,4.99999999979794,13.9087063187616));
#5891=CARTESIAN_POINT('Origin',(0.,5.,0.));
#5892=CARTESIAN_POINT('',(-21.2529683411788,4.99999999979794,8.79268654563046));
#5893=CARTESIAN_POINT('Origin',(4985.63876062532,4.99999999979794,8668.5296415883));
#5894=CARTESIAN_POINT('Origin',(0.,5.,0.));
#5895=CARTESIAN_POINT('Origin',(13.9769237886467,5.,30.2087421354541));
#5896=CARTESIAN_POINT('',(-18.2411740870596,4.99999999979794,-14.0092672167299));
#5897=CARTESIAN_POINT('Origin',(-5014.34750276122,4.99999999979794,8651.95464158805));
#5898=CARTESIAN_POINT('',(-21.243859612254,4.99999999979794,-8.81467122342195));
#5899=CARTESIAN_POINT('Origin',(0.,5.,0.));
#5900=CARTESIAN_POINT('Origin',(-5014.34750276081,4.99999999979794,8651.95464158806));
#5901=CARTESIAN_POINT('Origin',(13.9769237886467,5.,30.2087421354541));
#5902=CARTESIAN_POINT('',(-8.79268654588303,4.99999999979794,-21.2529683416224));
#5903=CARTESIAN_POINT('Origin',(-8668.5296415883,4.99999999979794,4985.63876062533));
#5904=CARTESIAN_POINT('Origin',(0.,5.,0.));
#5905=CARTESIAN_POINT('Origin',(13.9769237886467,5.,30.2087421354541));
#5906=CARTESIAN_POINT('',(3.01179425456062,4.99999999979794,-22.8019537626129));
#5907=CARTESIAN_POINT('Origin',(-9999.98626338655,4.99999999979794,-16.5750000002521));
#5908=CARTESIAN_POINT('Origin',(0.,5.,0.));
#5909=CARTESIAN_POINT('Origin',(13.9769237886467,5.,30.2087421354541));
#5910=CARTESIAN_POINT('',(14.009267216474,4.99999999979794,-18.2411740866179));
#5911=CARTESIAN_POINT('Origin',(-8651.95464158805,4.99999999979794,-5014.34750276122));
#5912=CARTESIAN_POINT('Origin',(0.,5.,0.));
#5913=CARTESIAN_POINT('Origin',(13.9769237886467,5.,30.2087421354541));
#5914=CARTESIAN_POINT('',(21.2529683416213,4.99999999979794,-8.79268654588496));
#5915=CARTESIAN_POINT('Origin',(-4985.63876062533,4.99999999979794,-8668.5296415883));
#5916=CARTESIAN_POINT('Origin',(0.,5.,0.));
#5917=CARTESIAN_POINT('Origin',(13.9769237886467,5.,30.2087421354541));
#5918=CARTESIAN_POINT('',(27.0908105155654,4.99999999979794,19.105247593661));
#5919=CARTESIAN_POINT('Origin',(0.,5.,0.));
#5920=CARTESIAN_POINT('',(18.2411740866179,4.99999999979794,14.009267216474));
#5921=CARTESIAN_POINT('Origin',(5014.34750276122,4.99999999979794,-8651.95464158805));
#5922=CARTESIAN_POINT('Origin',(0.,5.,0.));
#5923=CARTESIAN_POINT('Origin',(13.9769237886467,5.,30.2087421354541));
#5924=CARTESIAN_POINT('',(13.908706318584,4.99999999979794,30.091035019179));
#5925=CARTESIAN_POINT('Origin',(0.,5.,0.));
#5926=CARTESIAN_POINT('',(8.79268654588497,4.99999999979794,21.2529683416213));
#5927=CARTESIAN_POINT('Origin',(8668.5296415883,4.99999999979794,-4985.63876062533));
#5928=CARTESIAN_POINT('Origin',(0.,5.,0.));
#5929=CARTESIAN_POINT('Origin',(13.9769237886467,5.,30.2087421354541));
#5930=CARTESIAN_POINT('',(-14.009267216472,4.99999999979794,18.241174086619));
#5931=CARTESIAN_POINT('Origin',(0.,5.,0.));
#5932=CARTESIAN_POINT('',(-19.105247593661,4.99999999979794,27.0908105155654));
#5933=CARTESIAN_POINT('Origin',(0.,5.,0.));
#5934=CARTESIAN_POINT('Origin',(8651.95464158805,4.99999999979794,5014.34750276122));
#5935=CARTESIAN_POINT('Origin',(-5014.34750279739,3.,8651.95464165119));
#5936=CARTESIAN_POINT('',(-21.243859612254,1.,-8.81467122342195));
#5937=CARTESIAN_POINT('',(-21.2438596124743,3.,-8.81467122355101));
#5938=CARTESIAN_POINT('Origin',(-5014.34750276081,1.,8651.95464158806));
#5939=CARTESIAN_POINT('Origin',(19.1730762113533,1.,27.2087421354541));
#5940=CARTESIAN_POINT('',(21.2529683416213,1.,-8.79268654588496));
#5941=CARTESIAN_POINT('Origin',(0.,1.,0.));
#5942=CARTESIAN_POINT('Origin',(-4985.63876062533,1.,-8668.5296415883));
#5943=CARTESIAN_POINT('Origin',(19.1730762113533,1.,27.2087421354541));
#5944=CARTESIAN_POINT('',(14.009267216474,1.,-18.2411740866179));
#5945=CARTESIAN_POINT('Origin',(0.,1.,0.));
#5946=CARTESIAN_POINT('Origin',(-8651.95464158805,1.,-5014.34750276122));
#5947=CARTESIAN_POINT('Origin',(19.1730762113533,1.,27.2087421354541));
#5948=CARTESIAN_POINT('',(3.01179425456062,1.,-22.8019537626129));
#5949=CARTESIAN_POINT('Origin',(0.,1.,0.));
#5950=CARTESIAN_POINT('Origin',(-9999.98626338655,1.,-16.5750000002521));
#5951=CARTESIAN_POINT('Origin',(19.1730762113533,1.,27.2087421354541));
#5952=CARTESIAN_POINT('',(-8.79268654588303,1.,-21.2529683416224));
#5953=CARTESIAN_POINT('Origin',(0.,1.,0.));
#5954=CARTESIAN_POINT('Origin',(-8668.5296415883,1.,4985.63876062533));
#5955=CARTESIAN_POINT('Origin',(19.1730762113533,1.,27.2087421354541));
#5956=CARTESIAN_POINT('',(-18.2411740870596,1.,-14.0092672167299));
#5957=CARTESIAN_POINT('Origin',(0.,1.,0.));
#5958=CARTESIAN_POINT('Origin',(-5014.34750276122,1.,8651.95464158805));
#5959=CARTESIAN_POINT('Origin',(19.1730762113533,1.,27.2087421354541));
#5960=CARTESIAN_POINT('',(-30.0910350194835,1.,13.9087063187616));
#5961=CARTESIAN_POINT('Origin',(0.,1.,0.));
#5962=CARTESIAN_POINT('',(-21.2529683411788,1.,8.79268654563046));
#5963=CARTESIAN_POINT('Origin',(0.,1.,0.));
#5964=CARTESIAN_POINT('Origin',(4985.63876062532,1.,8668.5296415883));
#5965=CARTESIAN_POINT('Origin',(19.1730762113533,1.,27.2087421354541));
#5966=CARTESIAN_POINT('',(13.908706318584,1.,30.091035019179));
#5967=CARTESIAN_POINT('Origin',(0.,1.,0.));
#5968=CARTESIAN_POINT('',(8.79268654588497,1.,21.2529683416213));
#5969=CARTESIAN_POINT('Origin',(0.,1.,0.));
#5970=CARTESIAN_POINT('Origin',(8668.5296415883,1.,-4985.63876062533));
#5971=CARTESIAN_POINT('Origin',(19.1730762113533,1.,27.2087421354541));
#5972=CARTESIAN_POINT('',(27.0908105155654,1.,19.105247593661));
#5973=CARTESIAN_POINT('Origin',(0.,1.,0.));
#5974=CARTESIAN_POINT('',(18.2411740866179,1.,14.009267216474));
#5975=CARTESIAN_POINT('Origin',(0.,1.,0.));
#5976=CARTESIAN_POINT('Origin',(5014.34750276122,1.,-8651.95464158805));
#5977=CARTESIAN_POINT('Origin',(8651.95464165119,3.,5014.34750279739));
#5978=CARTESIAN_POINT('',(-14.009267216472,1.,18.241174086619));
#5979=CARTESIAN_POINT('',(-14.0092672164747,3.,18.2411740866176));
#5980=CARTESIAN_POINT('',(-19.105247593661,1.,27.0908105155654));
#5981=CARTESIAN_POINT('',(-19.1052475935728,3.,27.0908105154128));
#5982=CARTESIAN_POINT('Origin',(8651.95464158805,1.,5014.34750276122));
#5983=CARTESIAN_POINT('Origin',(19.1730762113533,1.,27.2087421354541));
#5984=CARTESIAN_POINT('Origin',(0.,1.,0.));
#5985=CARTESIAN_POINT('Origin',(0.,1.,0.));
#5986=CARTESIAN_POINT('Origin',(4985.63876066192,3.,8668.5296416512));
#5987=CARTESIAN_POINT('',(-30.0910350193309,3.,13.9087063186736));
#5988=CARTESIAN_POINT('',(-21.2529683411804,3.,8.79268654562789));
#5989=CARTESIAN_POINT('Origin',(-5014.34750279739,3.,8651.95464165119));
#5990=CARTESIAN_POINT('',(-18.2411740866187,3.,-14.0092672164728));
#5991=CARTESIAN_POINT('Origin',(-8668.5296416512,3.,4985.63876066193));
#5992=CARTESIAN_POINT('',(-8.7926865456279,3.,-21.2529683411804));
#5993=CARTESIAN_POINT('Origin',(-9999.98626345932,3.,-16.5750000000014));
#5994=CARTESIAN_POINT('',(3.0117942545628,3.,-22.8019537621026));
#5995=CARTESIAN_POINT('Origin',(-8651.95464165119,3.,-5014.34750279739));
#5996=CARTESIAN_POINT('',(14.0092672164728,3.,-18.2411740866187));
#5997=CARTESIAN_POINT('Origin',(-4985.63876066193,3.,-8668.5296416512));
#5998=CARTESIAN_POINT('',(21.2529683411793,3.,-8.79268654562983));
#5999=CARTESIAN_POINT('Origin',(5014.34750279739,3.,-8651.95464165119));
#6000=CARTESIAN_POINT('',(27.0908105154139,3.,19.1052475935709));
#6001=CARTESIAN_POINT('',(18.2411740866187,3.,14.0092672164728));
#6002=CARTESIAN_POINT('Origin',(8668.5296416512,3.,-4985.63876066193));
#6003=CARTESIAN_POINT('',(13.9087063186736,3.,30.0910350193309));
#6004=CARTESIAN_POINT('',(8.7926865456279,3.,21.2529683411804));
#6005=CARTESIAN_POINT('Origin',(0.,41.,0.));
#6006=CARTESIAN_POINT('',(-31.6057352390353,41.,10.));
#6007=CARTESIAN_POINT('',(2.9997754284423,1.,33.0139947203149));
#6008=CARTESIAN_POINT('',(-3.00022450391864,1.,33.0139539120681));
#6009=CARTESIAN_POINT('Origin',(0.,1.,0.));
#6010=CARTESIAN_POINT('',(-3.00022450391864,4.99999999979794,33.0139539120681));
#6011=CARTESIAN_POINT('',(-3.00022450391694,3.,33.0139539122445));
#6012=CARTESIAN_POINT('',(2.9997754284423,4.99999999979795,33.0139947203149));
#6013=CARTESIAN_POINT('Origin',(0.,5.,0.));
#6014=CARTESIAN_POINT('',(2.9997754284416,3.,33.0139947201385));
#6015=CARTESIAN_POINT('Origin',(-3.,5.,33.15));
#6016=CARTESIAN_POINT('',(2.98820060063595,4.99999999979794,22.8050577103532));
#6017=CARTESIAN_POINT('',(-3.01179425456061,4.99999999979794,22.8019537626129));
#6018=CARTESIAN_POINT('Origin',(0.,5.,0.));
#6019=CARTESIAN_POINT('Origin',(9999.98626338635,4.99999999979794,16.5749999998909));
#6020=CARTESIAN_POINT('Origin',(9999.98626338655,4.99999999979794,16.5750000002511));
#6021=CARTESIAN_POINT('Origin',(9999.98626345932,3.,16.575));
#6022=CARTESIAN_POINT('',(2.98820060063595,1.,22.8050577103532));
#6023=CARTESIAN_POINT('',(2.98820060063543,3.,22.8050577106085));
#6024=CARTESIAN_POINT('Origin',(9999.98626338635,1.,16.5749999998909));
#6025=CARTESIAN_POINT('Origin',(9999.98626345932,3.,16.575));
#6026=CARTESIAN_POINT('',(-3.01179425456061,1.,22.8019537626129));
#6027=CARTESIAN_POINT('',(-3.0117942545628,3.,22.8019537621026));
#6028=CARTESIAN_POINT('Origin',(9999.98626338655,1.,16.5750000002511));
#6029=CARTESIAN_POINT('Origin',(3.,1.,33.15));
#6030=CARTESIAN_POINT('Origin',(0.,1.,0.));
#6031=CARTESIAN_POINT('Origin',(-34.6057352390354,-8.,10.));
#6032=CARTESIAN_POINT('',(-31.6057352390354,-8.,10.));
#6033=CARTESIAN_POINT('Origin',(33.15,-8.,0.));
#6034=CARTESIAN_POINT('',(-14.25,-8.00000000000001,1.74512168878498E-15));
#6035=CARTESIAN_POINT('Origin',(0.,-8.00000000000001,0.));
#6036=CARTESIAN_POINT('Origin',(23.,6.,0.));
#6037=CARTESIAN_POINT('',(-23.,6.,2.81668763803891E-15));
#6038=CARTESIAN_POINT('Origin',(0.,6.,0.));
#6039=CARTESIAN_POINT('Origin',(0.,3.,0.));
#6040=CARTESIAN_POINT('',(-23.,3.,2.81668763803891E-15));
#6041=CARTESIAN_POINT('Origin',(0.,-4.,0.));
#6042=CARTESIAN_POINT('',(-14.25,-4.,1.74512168878498E-15));
#6043=UNCERTAINTY_MEASURE_WITH_UNIT(LENGTH_MEASURE(0.01),#6047,
'DISTANCE_ACCURACY_VALUE',
'Maximum model space distance between geometric entities at asserted c
onnectivities');
#6044=UNCERTAINTY_MEASURE_WITH_UNIT(LENGTH_MEASURE(0.01),#6047,
'DISTANCE_ACCURACY_VALUE',
'Maximum model space distance between geometric entities at asserted c
onnectivities');
#6045=(
GEOMETRIC_REPRESENTATION_CONTEXT(3)
GLOBAL_UNCERTAINTY_ASSIGNED_CONTEXT((#6043))
GLOBAL_UNIT_ASSIGNED_CONTEXT((#6047,#6049,#6050))
REPRESENTATION_CONTEXT('','3D')
);
#6046=(
GEOMETRIC_REPRESENTATION_CONTEXT(3)
GLOBAL_UNCERTAINTY_ASSIGNED_CONTEXT((#6044))
GLOBAL_UNIT_ASSIGNED_CONTEXT((#6047,#6049,#6050))
REPRESENTATION_CONTEXT('','3D')
);
#6047=(
LENGTH_UNIT()
NAMED_UNIT(*)
SI_UNIT(.MILLI.,.METRE.)
);
#6048=(
LENGTH_UNIT()
NAMED_UNIT(*)
SI_UNIT(.CENTI.,.METRE.)
);
#6049=(
NAMED_UNIT(*)
PLANE_ANGLE_UNIT()
SI_UNIT($,.RADIAN.)
);
#6050=(
NAMED_UNIT(*)
SI_UNIT($,.STERADIAN.)
SOLID_ANGLE_UNIT()
);
#6051=SHAPE_DEFINITION_REPRESENTATION(#6052,#6053);
#6052=PRODUCT_DEFINITION_SHAPE('',$,#6055);
#6053=SHAPE_REPRESENTATION('',(#3419),#6045);
#6054=PRODUCT_DEFINITION_CONTEXT('part definition',#6059,'design');
#6055=PRODUCT_DEFINITION('casing_cylindrical','casing_cylindrical',#6056,
#6054);
#6056=PRODUCT_DEFINITION_FORMATION('',$,#6061);
#6057=PRODUCT_RELATED_PRODUCT_CATEGORY('casing_cylindrical',
'casing_cylindrical',(#6061));
#6058=APPLICATION_PROTOCOL_DEFINITION('international standard',
'automotive_design',2009,#6059);
#6059=APPLICATION_CONTEXT(
'Core Data for Automotive Mechanical Design Process');
#6060=PRODUCT_CONTEXT('part definition',#6059,'mechanical');
#6061=PRODUCT('casing_cylindrical','casing_cylindrical',$,(#6060));
#6062=PRESENTATION_STYLE_ASSIGNMENT((#6063));
#6063=SURFACE_STYLE_USAGE(.BOTH.,#6066);
#6064=SURFACE_STYLE_RENDERING_WITH_PROPERTIES($,#6070,(#6065));
#6065=SURFACE_STYLE_TRANSPARENT(0.);
#6066=SURFACE_SIDE_STYLE('',(#6067,#6064));
#6067=SURFACE_STYLE_FILL_AREA(#6068);
#6068=FILL_AREA_STYLE('',(#6069));
#6069=FILL_AREA_STYLE_COLOUR('',#6070);
#6070=COLOUR_RGB('',0.0196078431372549,0.0196078431372549,0.0196078431372549);
ENDSEC;
END-ISO-10303-21;
