ISO-10303-21;
HEADER;
/* Generated by software containing ST-Developer
 * from STEP Tools, Inc. (www.steptools.com) 
 */

FILE_DESCRIPTION(
/* description */ (''),
/* implementation_level */ '2;1');

FILE_NAME(
/* name */ 'magnet_ring.stp',
/* time_stamp */ '2026-08-21T15:53:32+02:00',
/* author */ ('zzapa'),
/* organization */ (''),
/* preprocessor_version */ 'ST-DEVELOPER v20',
/* originating_system */ 'Autodesk Inventor 2025',
/* authorisation */ '');

FILE_SCHEMA (('AUTOMOTIVE_DESIGN { 1 0 10303 214 3 1 1 }'));
ENDSEC;

DATA;
#10=MECHANICAL_DESIGN_GEOMETRIC_PRESENTATION_REPRESENTATION('',(#13),#5024);
#11=SHAPE_REPRESENTATION_RELATIONSHIP('SRR','None',#5031,#12);
#12=ADVANCED_BREP_SHAPE_REPRESENTATION('',(#14),#5023);
#13=STYLED_ITEM('',(#5040),#14);
#14=MANIFOLD_SOLID_BREP('Bry\X2\0142\X0\a1',#3029);
#15=FACE_BOUND('',#294,.T.);
#16=FACE_BOUND('',#295,.T.);
#17=FACE_BOUND('',#296,.T.);
#18=FACE_BOUND('',#297,.T.);
#19=FACE_BOUND('',#298,.T.);
#20=FACE_BOUND('',#299,.T.);
#21=FACE_BOUND('',#300,.T.);
#22=FACE_BOUND('',#301,.T.);
#23=FACE_BOUND('',#302,.T.);
#24=FACE_BOUND('',#303,.T.);
#25=FACE_BOUND('',#304,.T.);
#26=FACE_BOUND('',#305,.T.);
#27=FACE_BOUND('',#306,.T.);
#28=FACE_BOUND('',#307,.T.);
#29=FACE_BOUND('',#308,.T.);
#30=FACE_BOUND('',#309,.T.);
#31=FACE_BOUND('',#310,.T.);
#32=FACE_BOUND('',#313,.T.);
#33=FACE_BOUND('',#316,.T.);
#34=FACE_BOUND('',#319,.T.);
#35=FACE_BOUND('',#321,.T.);
#36=FACE_BOUND('',#322,.T.);
#37=FACE_BOUND('',#323,.T.);
#38=FACE_BOUND('',#324,.T.);
#39=FACE_BOUND('',#325,.T.);
#40=FACE_BOUND('',#326,.T.);
#41=FACE_BOUND('',#327,.T.);
#42=FACE_BOUND('',#328,.T.);
#43=FACE_BOUND('',#329,.T.);
#44=FACE_BOUND('',#330,.T.);
#45=FACE_BOUND('',#331,.T.);
#46=FACE_BOUND('',#332,.T.);
#47=FACE_BOUND('',#333,.T.);
#48=FACE_BOUND('',#334,.T.);
#49=FACE_BOUND('',#335,.T.);
#50=FACE_BOUND('',#466,.T.);
#51=B_SPLINE_CURVE_WITH_KNOTS('',3,(#4157,#4158,#4159,#4160,#4161,#4162,
#4163,#4164,#4165,#4166,#4167,#4168,#4169,#4170,#4171,#4172,#4173,#4174,
#4175,#4176,#4177,#4178,#4179,#4180),.UNSPECIFIED.,.F.,.F.,(4,2,2,2,2,2,
2,2,2,2,2,4),(0.291072644035332,0.327805591678432,0.382439874373786,0.43707415706914,
0.491708439764494,0.546342722459847,0.600976979031778,0.65561123560371,
0.710245492175641,0.764879748747573,0.819514031442926,0.87414831413828),
 .UNSPECIFIED.);
#52=B_SPLINE_CURVE_WITH_KNOTS('',3,(#4181,#4182,#4183,#4184,#4185,#4186,
#4187,#4188),.UNSPECIFIED.,.F.,.F.,(4,2,2,4),(0.,0.0546342826953537,0.109268565390707,
0.146001513033808),.UNSPECIFIED.);
#53=B_SPLINE_CURVE_WITH_KNOTS('',3,(#4190,#4191,#4192,#4193,#4194,#4195,
#4196,#4197),.UNSPECIFIED.,.F.,.F.,(4,2,2,4),(0.728146801104472,0.764879748747572,
0.819514031442926,0.87414831413828),.UNSPECIFIED.);
#54=B_SPLINE_CURVE_WITH_KNOTS('',3,(#4198,#4199,#4200,#4201,#4202,#4203,
#4204,#4205,#4206,#4207,#4208,#4209,#4210,#4211,#4212,#4213,#4214,#4215,
#4216,#4217,#4218,#4219,#4220,#4221),.UNSPECIFIED.,.F.,.F.,(4,2,2,2,2,2,
2,2,2,2,2,4),(0.,0.0546342826953537,0.109268565390707,0.163902821962639,
0.21853707853457,0.273171335106501,0.327805591678433,0.382439874373786,
0.43707415706914,0.491708439764494,0.546342722459847,0.583075670102948),
 .UNSPECIFIED.);
#55=CYLINDRICAL_SURFACE('',#3068,23.65);
#56=CYLINDRICAL_SURFACE('',#3105,1.45);
#57=CYLINDRICAL_SURFACE('',#3107,1.45);
#58=CYLINDRICAL_SURFACE('',#3115,26.95);
#59=CIRCLE('',#3061,1.95);
#60=CIRCLE('',#3062,1.45);
#61=CIRCLE('',#3063,1.45);
#62=CIRCLE('',#3065,1.95);
#63=CIRCLE('',#3066,1.45);
#64=CIRCLE('',#3067,1.45);
#65=CIRCLE('',#3069,23.65);
#66=CIRCLE('',#3070,23.65);
#67=CIRCLE('',#3071,23.65);
#68=CIRCLE('',#3072,23.65);
#69=CIRCLE('',#3073,23.65);
#70=CIRCLE('',#3074,23.65);
#71=CIRCLE('',#3075,23.65);
#72=CIRCLE('',#3076,23.65);
#73=CIRCLE('',#3077,23.65);
#74=CIRCLE('',#3078,23.65);
#75=CIRCLE('',#3079,23.65);
#76=CIRCLE('',#3080,23.65);
#77=CIRCLE('',#3081,23.65);
#78=CIRCLE('',#3082,23.65);
#79=CIRCLE('',#3083,23.65);
#80=CIRCLE('',#3084,23.65);
#81=CIRCLE('',#3085,23.65);
#82=CIRCLE('',#3086,23.65);
#83=CIRCLE('',#3087,23.65);
#84=CIRCLE('',#3088,23.65);
#85=CIRCLE('',#3089,23.65);
#86=CIRCLE('',#3090,23.65);
#87=CIRCLE('',#3091,23.65);
#88=CIRCLE('',#3092,23.65);
#89=CIRCLE('',#3093,23.65);
#90=CIRCLE('',#3094,23.65);
#91=CIRCLE('',#3095,23.65);
#92=CIRCLE('',#3096,23.65);
#93=CIRCLE('',#3097,23.65);
#94=CIRCLE('',#3098,23.65);
#95=CIRCLE('',#3099,23.65);
#96=CIRCLE('',#3100,23.65);
#97=CIRCLE('',#3101,23.65);
#98=CIRCLE('',#3102,23.65);
#99=CIRCLE('',#3103,23.65);
#100=CIRCLE('',#3104,23.65);
#101=CIRCLE('',#3110,26.95);
#102=CIRCLE('',#3112,26.95);
#103=CIRCLE('',#3113,26.95);
#104=CIRCLE('',#3114,26.95);
#105=CIRCLE('',#3116,26.95);
#106=CIRCLE('',#3117,26.95);
#107=CIRCLE('',#3118,26.95);
#108=CIRCLE('',#3119,26.95);
#109=CIRCLE('',#3120,26.95);
#110=CIRCLE('',#3121,26.95);
#111=CIRCLE('',#3122,26.95);
#112=CIRCLE('',#3123,26.95);
#113=CIRCLE('',#3124,26.95);
#114=CIRCLE('',#3125,26.95);
#115=CIRCLE('',#3126,26.95);
#116=CIRCLE('',#3127,26.95);
#117=CIRCLE('',#3128,26.95);
#118=CIRCLE('',#3129,26.95);
#119=CIRCLE('',#3130,26.95);
#120=CIRCLE('',#3131,26.95);
#121=CIRCLE('',#3132,26.95);
#122=CIRCLE('',#3133,26.95);
#123=CIRCLE('',#3134,26.95);
#124=CIRCLE('',#3135,26.95);
#125=CIRCLE('',#3136,26.95);
#126=CIRCLE('',#3137,26.95);
#127=CIRCLE('',#3138,26.95);
#128=CIRCLE('',#3139,26.95);
#129=CIRCLE('',#3140,26.95);
#130=CIRCLE('',#3141,26.95);
#131=CIRCLE('',#3142,26.95);
#132=CIRCLE('',#3143,26.95);
#133=CIRCLE('',#3144,26.95);
#134=CIRCLE('',#3145,26.95);
#135=CIRCLE('',#3146,26.95);
#136=CIRCLE('',#3147,26.95);
#137=CIRCLE('',#3148,26.95);
#138=CIRCLE('',#3149,26.95);
#139=CIRCLE('',#3150,26.95);
#140=CIRCLE('',#3151,26.95);
#141=CONICAL_SURFACE('',#3060,1.7,0.785398163397412);
#142=CONICAL_SURFACE('',#3064,1.7,0.785398163397459);
#143=FACE_OUTER_BOUND('',#287,.T.);
#144=FACE_OUTER_BOUND('',#288,.T.);
#145=FACE_OUTER_BOUND('',#289,.T.);
#146=FACE_OUTER_BOUND('',#290,.T.);
#147=FACE_OUTER_BOUND('',#291,.T.);
#148=FACE_OUTER_BOUND('',#292,.T.);
#149=FACE_OUTER_BOUND('',#293,.T.);
#150=FACE_OUTER_BOUND('',#311,.T.);
#151=FACE_OUTER_BOUND('',#312,.T.);
#152=FACE_OUTER_BOUND('',#314,.T.);
#153=FACE_OUTER_BOUND('',#315,.T.);
#154=FACE_OUTER_BOUND('',#317,.T.);
#155=FACE_OUTER_BOUND('',#318,.T.);
#156=FACE_OUTER_BOUND('',#320,.T.);
#157=FACE_OUTER_BOUND('',#336,.T.);
#158=FACE_OUTER_BOUND('',#337,.T.);
#159=FACE_OUTER_BOUND('',#338,.T.);
#160=FACE_OUTER_BOUND('',#339,.T.);
#161=FACE_OUTER_BOUND('',#340,.T.);
#162=FACE_OUTER_BOUND('',#341,.T.);
#163=FACE_OUTER_BOUND('',#342,.T.);
#164=FACE_OUTER_BOUND('',#343,.T.);
#165=FACE_OUTER_BOUND('',#344,.T.);
#166=FACE_OUTER_BOUND('',#345,.T.);
#167=FACE_OUTER_BOUND('',#346,.T.);
#168=FACE_OUTER_BOUND('',#347,.T.);
#169=FACE_OUTER_BOUND('',#348,.T.);
#170=FACE_OUTER_BOUND('',#349,.T.);
#171=FACE_OUTER_BOUND('',#350,.T.);
#172=FACE_OUTER_BOUND('',#351,.T.);
#173=FACE_OUTER_BOUND('',#352,.T.);
#174=FACE_OUTER_BOUND('',#353,.T.);
#175=FACE_OUTER_BOUND('',#354,.T.);
#176=FACE_OUTER_BOUND('',#355,.T.);
#177=FACE_OUTER_BOUND('',#356,.T.);
#178=FACE_OUTER_BOUND('',#357,.T.);
#179=FACE_OUTER_BOUND('',#358,.T.);
#180=FACE_OUTER_BOUND('',#359,.T.);
#181=FACE_OUTER_BOUND('',#360,.T.);
#182=FACE_OUTER_BOUND('',#361,.T.);
#183=FACE_OUTER_BOUND('',#362,.T.);
#184=FACE_OUTER_BOUND('',#363,.T.);
#185=FACE_OUTER_BOUND('',#364,.T.);
#186=FACE_OUTER_BOUND('',#365,.T.);
#187=FACE_OUTER_BOUND('',#366,.T.);
#188=FACE_OUTER_BOUND('',#367,.T.);
#189=FACE_OUTER_BOUND('',#368,.T.);
#190=FACE_OUTER_BOUND('',#369,.T.);
#191=FACE_OUTER_BOUND('',#370,.T.);
#192=FACE_OUTER_BOUND('',#371,.T.);
#193=FACE_OUTER_BOUND('',#372,.T.);
#194=FACE_OUTER_BOUND('',#373,.T.);
#195=FACE_OUTER_BOUND('',#374,.T.);
#196=FACE_OUTER_BOUND('',#375,.T.);
#197=FACE_OUTER_BOUND('',#376,.T.);
#198=FACE_OUTER_BOUND('',#377,.T.);
#199=FACE_OUTER_BOUND('',#378,.T.);
#200=FACE_OUTER_BOUND('',#379,.T.);
#201=FACE_OUTER_BOUND('',#380,.T.);
#202=FACE_OUTER_BOUND('',#381,.T.);
#203=FACE_OUTER_BOUND('',#382,.T.);
#204=FACE_OUTER_BOUND('',#383,.T.);
#205=FACE_OUTER_BOUND('',#384,.T.);
#206=FACE_OUTER_BOUND('',#385,.T.);
#207=FACE_OUTER_BOUND('',#386,.T.);
#208=FACE_OUTER_BOUND('',#387,.T.);
#209=FACE_OUTER_BOUND('',#388,.T.);
#210=FACE_OUTER_BOUND('',#389,.T.);
#211=FACE_OUTER_BOUND('',#390,.T.);
#212=FACE_OUTER_BOUND('',#391,.T.);
#213=FACE_OUTER_BOUND('',#392,.T.);
#214=FACE_OUTER_BOUND('',#393,.T.);
#215=FACE_OUTER_BOUND('',#394,.T.);
#216=FACE_OUTER_BOUND('',#395,.T.);
#217=FACE_OUTER_BOUND('',#396,.T.);
#218=FACE_OUTER_BOUND('',#397,.T.);
#219=FACE_OUTER_BOUND('',#398,.T.);
#220=FACE_OUTER_BOUND('',#399,.T.);
#221=FACE_OUTER_BOUND('',#400,.T.);
#222=FACE_OUTER_BOUND('',#401,.T.);
#223=FACE_OUTER_BOUND('',#402,.T.);
#224=FACE_OUTER_BOUND('',#403,.T.);
#225=FACE_OUTER_BOUND('',#404,.T.);
#226=FACE_OUTER_BOUND('',#405,.T.);
#227=FACE_OUTER_BOUND('',#406,.T.);
#228=FACE_OUTER_BOUND('',#407,.T.);
#229=FACE_OUTER_BOUND('',#408,.T.);
#230=FACE_OUTER_BOUND('',#409,.T.);
#231=FACE_OUTER_BOUND('',#410,.T.);
#232=FACE_OUTER_BOUND('',#411,.T.);
#233=FACE_OUTER_BOUND('',#412,.T.);
#234=FACE_OUTER_BOUND('',#413,.T.);
#235=FACE_OUTER_BOUND('',#414,.T.);
#236=FACE_OUTER_BOUND('',#415,.T.);
#237=FACE_OUTER_BOUND('',#416,.T.);
#238=FACE_OUTER_BOUND('',#417,.T.);
#239=FACE_OUTER_BOUND('',#418,.T.);
#240=FACE_OUTER_BOUND('',#419,.T.);
#241=FACE_OUTER_BOUND('',#420,.T.);
#242=FACE_OUTER_BOUND('',#421,.T.);
#243=FACE_OUTER_BOUND('',#422,.T.);
#244=FACE_OUTER_BOUND('',#423,.T.);
#245=FACE_OUTER_BOUND('',#424,.T.);
#246=FACE_OUTER_BOUND('',#425,.T.);
#247=FACE_OUTER_BOUND('',#426,.T.);
#248=FACE_OUTER_BOUND('',#427,.T.);
#249=FACE_OUTER_BOUND('',#428,.T.);
#250=FACE_OUTER_BOUND('',#429,.T.);
#251=FACE_OUTER_BOUND('',#430,.T.);
#252=FACE_OUTER_BOUND('',#431,.T.);
#253=FACE_OUTER_BOUND('',#432,.T.);
#254=FACE_OUTER_BOUND('',#433,.T.);
#255=FACE_OUTER_BOUND('',#434,.T.);
#256=FACE_OUTER_BOUND('',#435,.T.);
#257=FACE_OUTER_BOUND('',#436,.T.);
#258=FACE_OUTER_BOUND('',#437,.T.);
#259=FACE_OUTER_BOUND('',#438,.T.);
#260=FACE_OUTER_BOUND('',#439,.T.);
#261=FACE_OUTER_BOUND('',#440,.T.);
#262=FACE_OUTER_BOUND('',#441,.T.);
#263=FACE_OUTER_BOUND('',#442,.T.);
#264=FACE_OUTER_BOUND('',#443,.T.);
#265=FACE_OUTER_BOUND('',#444,.T.);
#266=FACE_OUTER_BOUND('',#445,.T.);
#267=FACE_OUTER_BOUND('',#446,.T.);
#268=FACE_OUTER_BOUND('',#447,.T.);
#269=FACE_OUTER_BOUND('',#448,.T.);
#270=FACE_OUTER_BOUND('',#449,.T.);
#271=FACE_OUTER_BOUND('',#450,.T.);
#272=FACE_OUTER_BOUND('',#451,.T.);
#273=FACE_OUTER_BOUND('',#452,.T.);
#274=FACE_OUTER_BOUND('',#453,.T.);
#275=FACE_OUTER_BOUND('',#454,.T.);
#276=FACE_OUTER_BOUND('',#455,.T.);
#277=FACE_OUTER_BOUND('',#456,.T.);
#278=FACE_OUTER_BOUND('',#457,.T.);
#279=FACE_OUTER_BOUND('',#458,.T.);
#280=FACE_OUTER_BOUND('',#459,.T.);
#281=FACE_OUTER_BOUND('',#460,.T.);
#282=FACE_OUTER_BOUND('',#461,.T.);
#283=FACE_OUTER_BOUND('',#462,.T.);
#284=FACE_OUTER_BOUND('',#463,.T.);
#285=FACE_OUTER_BOUND('',#464,.T.);
#286=FACE_OUTER_BOUND('',#465,.T.);
#287=EDGE_LOOP('',(#1879,#1880,#1881,#1882));
#288=EDGE_LOOP('',(#1883,#1884,#1885,#1886));
#289=EDGE_LOOP('',(#1887,#1888,#1889,#1890));
#290=EDGE_LOOP('',(#1891,#1892,#1893,#1894));
#291=EDGE_LOOP('',(#1895,#1896,#1897,#1898,#1899,#1900,#1901));
#292=EDGE_LOOP('',(#1902,#1903,#1904,#1905,#1906,#1907,#1908));
#293=EDGE_LOOP('',(#1909,#1910,#1911,#1912,#1913,#1914,#1915,#1916,#1917,
#1918,#1919,#1920));
#294=EDGE_LOOP('',(#1921,#1922,#1923,#1924));
#295=EDGE_LOOP('',(#1925,#1926,#1927,#1928));
#296=EDGE_LOOP('',(#1929,#1930,#1931,#1932));
#297=EDGE_LOOP('',(#1933,#1934,#1935,#1936));
#298=EDGE_LOOP('',(#1937,#1938,#1939,#1940));
#299=EDGE_LOOP('',(#1941,#1942,#1943,#1944));
#300=EDGE_LOOP('',(#1945,#1946,#1947,#1948));
#301=EDGE_LOOP('',(#1949,#1950,#1951,#1952));
#302=EDGE_LOOP('',(#1953,#1954,#1955,#1956));
#303=EDGE_LOOP('',(#1957,#1958,#1959,#1960));
#304=EDGE_LOOP('',(#1961,#1962,#1963,#1964));
#305=EDGE_LOOP('',(#1965,#1966,#1967,#1968));
#306=EDGE_LOOP('',(#1969,#1970,#1971,#1972));
#307=EDGE_LOOP('',(#1973,#1974,#1975,#1976));
#308=EDGE_LOOP('',(#1977,#1978,#1979,#1980));
#309=EDGE_LOOP('',(#1981,#1982,#1983,#1984));
#310=EDGE_LOOP('',(#1985,#1986,#1987,#1988));
#311=EDGE_LOOP('',(#1989,#1990,#1991,#1992,#1993,#1994));
#312=EDGE_LOOP('',(#1995,#1996,#1997,#1998));
#313=EDGE_LOOP('',(#1999));
#314=EDGE_LOOP('',(#2000,#2001,#2002,#2003,#2004,#2005));
#315=EDGE_LOOP('',(#2006,#2007,#2008,#2009));
#316=EDGE_LOOP('',(#2010));
#317=EDGE_LOOP('',(#2011,#2012));
#318=EDGE_LOOP('',(#2013,#2014,#2015,#2016,#2017));
#319=EDGE_LOOP('',(#2018));
#320=EDGE_LOOP('',(#2019,#2020,#2021,#2022,#2023,#2024,#2025,#2026,#2027,
#2028,#2029,#2030,#2031,#2032,#2033,#2034,#2035,#2036,#2037,#2038));
#321=EDGE_LOOP('',(#2039,#2040,#2041,#2042));
#322=EDGE_LOOP('',(#2043,#2044,#2045,#2046));
#323=EDGE_LOOP('',(#2047,#2048,#2049,#2050));
#324=EDGE_LOOP('',(#2051,#2052,#2053,#2054));
#325=EDGE_LOOP('',(#2055,#2056,#2057,#2058));
#326=EDGE_LOOP('',(#2059,#2060,#2061,#2062));
#327=EDGE_LOOP('',(#2063,#2064,#2065,#2066));
#328=EDGE_LOOP('',(#2067,#2068,#2069,#2070));
#329=EDGE_LOOP('',(#2071,#2072,#2073,#2074));
#330=EDGE_LOOP('',(#2075,#2076,#2077,#2078));
#331=EDGE_LOOP('',(#2079,#2080,#2081,#2082));
#332=EDGE_LOOP('',(#2083,#2084,#2085,#2086));
#333=EDGE_LOOP('',(#2087,#2088,#2089,#2090));
#334=EDGE_LOOP('',(#2091,#2092,#2093,#2094));
#335=EDGE_LOOP('',(#2095,#2096,#2097,#2098));
#336=EDGE_LOOP('',(#2099,#2100));
#337=EDGE_LOOP('',(#2101,#2102,#2103,#2104));
#338=EDGE_LOOP('',(#2105,#2106,#2107,#2108));
#339=EDGE_LOOP('',(#2109,#2110,#2111,#2112));
#340=EDGE_LOOP('',(#2113,#2114,#2115,#2116));
#341=EDGE_LOOP('',(#2117,#2118,#2119,#2120));
#342=EDGE_LOOP('',(#2121,#2122,#2123,#2124));
#343=EDGE_LOOP('',(#2125,#2126,#2127,#2128));
#344=EDGE_LOOP('',(#2129,#2130,#2131,#2132));
#345=EDGE_LOOP('',(#2133,#2134,#2135,#2136));
#346=EDGE_LOOP('',(#2137,#2138,#2139,#2140));
#347=EDGE_LOOP('',(#2141,#2142,#2143,#2144));
#348=EDGE_LOOP('',(#2145,#2146,#2147,#2148));
#349=EDGE_LOOP('',(#2149,#2150,#2151,#2152));
#350=EDGE_LOOP('',(#2153,#2154,#2155,#2156));
#351=EDGE_LOOP('',(#2157,#2158,#2159,#2160));
#352=EDGE_LOOP('',(#2161,#2162,#2163,#2164));
#353=EDGE_LOOP('',(#2165,#2166,#2167,#2168,#2169,#2170,#2171,#2172));
#354=EDGE_LOOP('',(#2173,#2174,#2175,#2176,#2177,#2178,#2179,#2180));
#355=EDGE_LOOP('',(#2181,#2182,#2183,#2184,#2185,#2186,#2187,#2188));
#356=EDGE_LOOP('',(#2189,#2190,#2191,#2192,#2193,#2194,#2195,#2196));
#357=EDGE_LOOP('',(#2197,#2198,#2199,#2200,#2201,#2202,#2203,#2204));
#358=EDGE_LOOP('',(#2205,#2206,#2207,#2208,#2209,#2210,#2211,#2212));
#359=EDGE_LOOP('',(#2213,#2214,#2215,#2216,#2217,#2218,#2219,#2220));
#360=EDGE_LOOP('',(#2221,#2222,#2223,#2224,#2225,#2226,#2227,#2228));
#361=EDGE_LOOP('',(#2229,#2230,#2231,#2232,#2233,#2234,#2235,#2236));
#362=EDGE_LOOP('',(#2237,#2238,#2239,#2240,#2241,#2242,#2243,#2244));
#363=EDGE_LOOP('',(#2245,#2246,#2247,#2248,#2249,#2250,#2251,#2252));
#364=EDGE_LOOP('',(#2253,#2254,#2255,#2256,#2257,#2258,#2259,#2260));
#365=EDGE_LOOP('',(#2261,#2262,#2263,#2264,#2265,#2266,#2267,#2268));
#366=EDGE_LOOP('',(#2269,#2270,#2271,#2272,#2273,#2274,#2275,#2276));
#367=EDGE_LOOP('',(#2277,#2278,#2279,#2280,#2281,#2282,#2283,#2284));
#368=EDGE_LOOP('',(#2285,#2286,#2287,#2288,#2289,#2290,#2291,#2292));
#369=EDGE_LOOP('',(#2293,#2294,#2295,#2296,#2297,#2298,#2299,#2300));
#370=EDGE_LOOP('',(#2301,#2302,#2303,#2304,#2305,#2306,#2307,#2308));
#371=EDGE_LOOP('',(#2309,#2310,#2311,#2312,#2313,#2314,#2315,#2316));
#372=EDGE_LOOP('',(#2317,#2318,#2319,#2320,#2321,#2322,#2323,#2324));
#373=EDGE_LOOP('',(#2325,#2326,#2327,#2328,#2329,#2330,#2331,#2332));
#374=EDGE_LOOP('',(#2333,#2334,#2335,#2336,#2337,#2338,#2339,#2340));
#375=EDGE_LOOP('',(#2341,#2342,#2343,#2344,#2345,#2346,#2347,#2348));
#376=EDGE_LOOP('',(#2349,#2350,#2351,#2352,#2353,#2354,#2355,#2356));
#377=EDGE_LOOP('',(#2357,#2358,#2359,#2360,#2361,#2362,#2363,#2364));
#378=EDGE_LOOP('',(#2365,#2366,#2367,#2368,#2369,#2370,#2371,#2372));
#379=EDGE_LOOP('',(#2373,#2374,#2375,#2376,#2377,#2378,#2379,#2380));
#380=EDGE_LOOP('',(#2381,#2382,#2383,#2384,#2385,#2386,#2387,#2388));
#381=EDGE_LOOP('',(#2389,#2390,#2391,#2392,#2393,#2394,#2395,#2396));
#382=EDGE_LOOP('',(#2397,#2398,#2399,#2400,#2401,#2402,#2403,#2404));
#383=EDGE_LOOP('',(#2405,#2406,#2407,#2408,#2409,#2410,#2411,#2412,#2413,
#2414));
#384=EDGE_LOOP('',(#2415,#2416,#2417,#2418));
#385=EDGE_LOOP('',(#2419,#2420,#2421,#2422));
#386=EDGE_LOOP('',(#2423,#2424,#2425,#2426));
#387=EDGE_LOOP('',(#2427,#2428,#2429,#2430));
#388=EDGE_LOOP('',(#2431,#2432,#2433,#2434));
#389=EDGE_LOOP('',(#2435,#2436,#2437,#2438));
#390=EDGE_LOOP('',(#2439,#2440,#2441,#2442));
#391=EDGE_LOOP('',(#2443,#2444,#2445,#2446));
#392=EDGE_LOOP('',(#2447,#2448,#2449,#2450));
#393=EDGE_LOOP('',(#2451,#2452,#2453,#2454));
#394=EDGE_LOOP('',(#2455,#2456,#2457,#2458));
#395=EDGE_LOOP('',(#2459,#2460,#2461,#2462));
#396=EDGE_LOOP('',(#2463,#2464,#2465,#2466));
#397=EDGE_LOOP('',(#2467,#2468,#2469,#2470));
#398=EDGE_LOOP('',(#2471,#2472,#2473,#2474));
#399=EDGE_LOOP('',(#2475,#2476,#2477,#2478));
#400=EDGE_LOOP('',(#2479,#2480,#2481,#2482));
#401=EDGE_LOOP('',(#2483,#2484,#2485,#2486));
#402=EDGE_LOOP('',(#2487,#2488,#2489,#2490));
#403=EDGE_LOOP('',(#2491,#2492,#2493,#2494));
#404=EDGE_LOOP('',(#2495,#2496,#2497,#2498));
#405=EDGE_LOOP('',(#2499,#2500,#2501,#2502));
#406=EDGE_LOOP('',(#2503,#2504,#2505,#2506));
#407=EDGE_LOOP('',(#2507,#2508,#2509,#2510));
#408=EDGE_LOOP('',(#2511,#2512,#2513,#2514));
#409=EDGE_LOOP('',(#2515,#2516,#2517,#2518));
#410=EDGE_LOOP('',(#2519,#2520,#2521,#2522));
#411=EDGE_LOOP('',(#2523,#2524,#2525,#2526));
#412=EDGE_LOOP('',(#2527,#2528,#2529,#2530));
#413=EDGE_LOOP('',(#2531,#2532,#2533,#2534));
#414=EDGE_LOOP('',(#2535,#2536,#2537,#2538));
#415=EDGE_LOOP('',(#2539,#2540,#2541,#2542));
#416=EDGE_LOOP('',(#2543,#2544,#2545,#2546));
#417=EDGE_LOOP('',(#2547,#2548,#2549,#2550));
#418=EDGE_LOOP('',(#2551,#2552,#2553,#2554));
#419=EDGE_LOOP('',(#2555,#2556,#2557,#2558));
#420=EDGE_LOOP('',(#2559,#2560,#2561,#2562));
#421=EDGE_LOOP('',(#2563,#2564,#2565,#2566));
#422=EDGE_LOOP('',(#2567,#2568,#2569,#2570));
#423=EDGE_LOOP('',(#2571,#2572,#2573,#2574));
#424=EDGE_LOOP('',(#2575,#2576,#2577,#2578));
#425=EDGE_LOOP('',(#2579,#2580,#2581,#2582));
#426=EDGE_LOOP('',(#2583,#2584,#2585,#2586));
#427=EDGE_LOOP('',(#2587,#2588,#2589,#2590));
#428=EDGE_LOOP('',(#2591,#2592,#2593,#2594));
#429=EDGE_LOOP('',(#2595,#2596,#2597,#2598));
#430=EDGE_LOOP('',(#2599,#2600,#2601,#2602));
#431=EDGE_LOOP('',(#2603,#2604,#2605,#2606));
#432=EDGE_LOOP('',(#2607,#2608,#2609,#2610));
#433=EDGE_LOOP('',(#2611,#2612,#2613,#2614));
#434=EDGE_LOOP('',(#2615,#2616,#2617,#2618));
#435=EDGE_LOOP('',(#2619,#2620,#2621,#2622));
#436=EDGE_LOOP('',(#2623,#2624,#2625,#2626));
#437=EDGE_LOOP('',(#2627,#2628,#2629,#2630));
#438=EDGE_LOOP('',(#2631,#2632,#2633,#2634));
#439=EDGE_LOOP('',(#2635,#2636,#2637,#2638));
#440=EDGE_LOOP('',(#2639,#2640,#2641,#2642));
#441=EDGE_LOOP('',(#2643,#2644,#2645,#2646));
#442=EDGE_LOOP('',(#2647,#2648,#2649,#2650));
#443=EDGE_LOOP('',(#2651,#2652,#2653,#2654));
#444=EDGE_LOOP('',(#2655,#2656,#2657,#2658));
#445=EDGE_LOOP('',(#2659,#2660,#2661,#2662));
#446=EDGE_LOOP('',(#2663,#2664,#2665,#2666));
#447=EDGE_LOOP('',(#2667,#2668,#2669,#2670));
#448=EDGE_LOOP('',(#2671,#2672,#2673,#2674));
#449=EDGE_LOOP('',(#2675,#2676,#2677,#2678));
#450=EDGE_LOOP('',(#2679,#2680,#2681,#2682));
#451=EDGE_LOOP('',(#2683,#2684,#2685,#2686));
#452=EDGE_LOOP('',(#2687,#2688,#2689,#2690));
#453=EDGE_LOOP('',(#2691,#2692,#2693,#2694));
#454=EDGE_LOOP('',(#2695,#2696,#2697,#2698));
#455=EDGE_LOOP('',(#2699,#2700,#2701,#2702));
#456=EDGE_LOOP('',(#2703,#2704,#2705,#2706));
#457=EDGE_LOOP('',(#2707,#2708,#2709,#2710));
#458=EDGE_LOOP('',(#2711,#2712,#2713,#2714));
#459=EDGE_LOOP('',(#2715,#2716,#2717,#2718));
#460=EDGE_LOOP('',(#2719,#2720,#2721,#2722));
#461=EDGE_LOOP('',(#2723,#2724,#2725,#2726));
#462=EDGE_LOOP('',(#2727,#2728,#2729,#2730));
#463=EDGE_LOOP('',(#2731,#2732,#2733,#2734));
#464=EDGE_LOOP('',(#2735,#2736,#2737,#2738,#2739,#2740,#2741,#2742,#2743,
#2744));
#465=EDGE_LOOP('',(#2745));
#466=EDGE_LOOP('',(#2746));
#467=ELLIPSE('',#3053,27.3086677326693,23.65);
#468=ELLIPSE('',#3055,27.3086677326693,23.65);
#469=ELLIPSE('',#3057,27.3086677326693,23.65);
#470=ELLIPSE('',#3059,27.3086677326693,23.65);
#471=LINE('',#4092,#811);
#472=LINE('',#4095,#812);
#473=LINE('',#4102,#813);
#474=LINE('',#4111,#814);
#475=LINE('',#4114,#815);
#476=LINE('',#4121,#816);
#477=LINE('',#4127,#817);
#478=LINE('',#4134,#818);
#479=LINE('',#4141,#819);
#480=LINE('',#4145,#820);
#481=LINE('',#4149,#821);
#482=LINE('',#4154,#822);
#483=LINE('',#4226,#823);
#484=LINE('',#4229,#824);
#485=LINE('',#4234,#825);
#486=LINE('',#4237,#826);
#487=LINE('',#4240,#827);
#488=LINE('',#4244,#828);
#489=LINE('',#4250,#829);
#490=LINE('',#4253,#830);
#491=LINE('',#4256,#831);
#492=LINE('',#4260,#832);
#493=LINE('',#4266,#833);
#494=LINE('',#4269,#834);
#495=LINE('',#4272,#835);
#496=LINE('',#4276,#836);
#497=LINE('',#4282,#837);
#498=LINE('',#4285,#838);
#499=LINE('',#4288,#839);
#500=LINE('',#4292,#840);
#501=LINE('',#4298,#841);
#502=LINE('',#4301,#842);
#503=LINE('',#4304,#843);
#504=LINE('',#4308,#844);
#505=LINE('',#4314,#845);
#506=LINE('',#4317,#846);
#507=LINE('',#4320,#847);
#508=LINE('',#4324,#848);
#509=LINE('',#4330,#849);
#510=LINE('',#4333,#850);
#511=LINE('',#4336,#851);
#512=LINE('',#4340,#852);
#513=LINE('',#4346,#853);
#514=LINE('',#4348,#854);
#515=LINE('',#4350,#855);
#516=LINE('',#4351,#856);
#517=LINE('',#4356,#857);
#518=LINE('',#4358,#858);
#519=LINE('',#4360,#859);
#520=LINE('',#4361,#860);
#521=LINE('',#4373,#861);
#522=LINE('',#4377,#862);
#523=LINE('',#4380,#863);
#524=LINE('',#4385,#864);
#525=LINE('',#4391,#865);
#526=LINE('',#4394,#866);
#527=LINE('',#4399,#867);
#528=LINE('',#4402,#868);
#529=LINE('',#4407,#869);
#530=LINE('',#4410,#870);
#531=LINE('',#4415,#871);
#532=LINE('',#4418,#872);
#533=LINE('',#4423,#873);
#534=LINE('',#4426,#874);
#535=LINE('',#4431,#875);
#536=LINE('',#4434,#876);
#537=LINE('',#4439,#877);
#538=LINE('',#4442,#878);
#539=LINE('',#4447,#879);
#540=LINE('',#4450,#880);
#541=LINE('',#4455,#881);
#542=LINE('',#4458,#882);
#543=LINE('',#4463,#883);
#544=LINE('',#4466,#884);
#545=LINE('',#4471,#885);
#546=LINE('',#4474,#886);
#547=LINE('',#4479,#887);
#548=LINE('',#4482,#888);
#549=LINE('',#4487,#889);
#550=LINE('',#4490,#890);
#551=LINE('',#4495,#891);
#552=LINE('',#4498,#892);
#553=LINE('',#4503,#893);
#554=LINE('',#4506,#894);
#555=LINE('',#4510,#895);
#556=LINE('',#4512,#896);
#557=LINE('',#4513,#897);
#558=LINE('',#4516,#898);
#559=LINE('',#4518,#899);
#560=LINE('',#4519,#900);
#561=LINE('',#4522,#901);
#562=LINE('',#4524,#902);
#563=LINE('',#4525,#903);
#564=LINE('',#4528,#904);
#565=LINE('',#4530,#905);
#566=LINE('',#4531,#906);
#567=LINE('',#4534,#907);
#568=LINE('',#4536,#908);
#569=LINE('',#4537,#909);
#570=LINE('',#4540,#910);
#571=LINE('',#4542,#911);
#572=LINE('',#4543,#912);
#573=LINE('',#4546,#913);
#574=LINE('',#4548,#914);
#575=LINE('',#4549,#915);
#576=LINE('',#4552,#916);
#577=LINE('',#4554,#917);
#578=LINE('',#4555,#918);
#579=LINE('',#4558,#919);
#580=LINE('',#4560,#920);
#581=LINE('',#4561,#921);
#582=LINE('',#4564,#922);
#583=LINE('',#4566,#923);
#584=LINE('',#4567,#924);
#585=LINE('',#4570,#925);
#586=LINE('',#4572,#926);
#587=LINE('',#4573,#927);
#588=LINE('',#4576,#928);
#589=LINE('',#4578,#929);
#590=LINE('',#4579,#930);
#591=LINE('',#4582,#931);
#592=LINE('',#4584,#932);
#593=LINE('',#4585,#933);
#594=LINE('',#4588,#934);
#595=LINE('',#4590,#935);
#596=LINE('',#4591,#936);
#597=LINE('',#4594,#937);
#598=LINE('',#4596,#938);
#599=LINE('',#4597,#939);
#600=LINE('',#4600,#940);
#601=LINE('',#4602,#941);
#602=LINE('',#4603,#942);
#603=LINE('',#4606,#943);
#604=LINE('',#4608,#944);
#605=LINE('',#4609,#945);
#606=LINE('',#4611,#946);
#607=LINE('',#4612,#947);
#608=LINE('',#4615,#948);
#609=LINE('',#4617,#949);
#610=LINE('',#4618,#950);
#611=LINE('',#4620,#951);
#612=LINE('',#4621,#952);
#613=LINE('',#4624,#953);
#614=LINE('',#4626,#954);
#615=LINE('',#4627,#955);
#616=LINE('',#4629,#956);
#617=LINE('',#4630,#957);
#618=LINE('',#4633,#958);
#619=LINE('',#4635,#959);
#620=LINE('',#4636,#960);
#621=LINE('',#4638,#961);
#622=LINE('',#4639,#962);
#623=LINE('',#4642,#963);
#624=LINE('',#4644,#964);
#625=LINE('',#4645,#965);
#626=LINE('',#4647,#966);
#627=LINE('',#4648,#967);
#628=LINE('',#4651,#968);
#629=LINE('',#4653,#969);
#630=LINE('',#4654,#970);
#631=LINE('',#4656,#971);
#632=LINE('',#4657,#972);
#633=LINE('',#4660,#973);
#634=LINE('',#4662,#974);
#635=LINE('',#4663,#975);
#636=LINE('',#4665,#976);
#637=LINE('',#4666,#977);
#638=LINE('',#4669,#978);
#639=LINE('',#4671,#979);
#640=LINE('',#4672,#980);
#641=LINE('',#4674,#981);
#642=LINE('',#4675,#982);
#643=LINE('',#4678,#983);
#644=LINE('',#4680,#984);
#645=LINE('',#4681,#985);
#646=LINE('',#4683,#986);
#647=LINE('',#4684,#987);
#648=LINE('',#4687,#988);
#649=LINE('',#4689,#989);
#650=LINE('',#4690,#990);
#651=LINE('',#4692,#991);
#652=LINE('',#4693,#992);
#653=LINE('',#4696,#993);
#654=LINE('',#4698,#994);
#655=LINE('',#4699,#995);
#656=LINE('',#4701,#996);
#657=LINE('',#4702,#997);
#658=LINE('',#4705,#998);
#659=LINE('',#4707,#999);
#660=LINE('',#4708,#1000);
#661=LINE('',#4710,#1001);
#662=LINE('',#4711,#1002);
#663=LINE('',#4714,#1003);
#664=LINE('',#4716,#1004);
#665=LINE('',#4717,#1005);
#666=LINE('',#4719,#1006);
#667=LINE('',#4720,#1007);
#668=LINE('',#4723,#1008);
#669=LINE('',#4725,#1009);
#670=LINE('',#4726,#1010);
#671=LINE('',#4728,#1011);
#672=LINE('',#4729,#1012);
#673=LINE('',#4732,#1013);
#674=LINE('',#4734,#1014);
#675=LINE('',#4735,#1015);
#676=LINE('',#4737,#1016);
#677=LINE('',#4738,#1017);
#678=LINE('',#4741,#1018);
#679=LINE('',#4742,#1019);
#680=LINE('',#4744,#1020);
#681=LINE('',#4746,#1021);
#682=LINE('',#4747,#1022);
#683=LINE('',#4750,#1023);
#684=LINE('',#4751,#1024);
#685=LINE('',#4753,#1025);
#686=LINE('',#4755,#1026);
#687=LINE('',#4756,#1027);
#688=LINE('',#4759,#1028);
#689=LINE('',#4760,#1029);
#690=LINE('',#4762,#1030);
#691=LINE('',#4764,#1031);
#692=LINE('',#4765,#1032);
#693=LINE('',#4768,#1033);
#694=LINE('',#4769,#1034);
#695=LINE('',#4771,#1035);
#696=LINE('',#4773,#1036);
#697=LINE('',#4774,#1037);
#698=LINE('',#4777,#1038);
#699=LINE('',#4778,#1039);
#700=LINE('',#4780,#1040);
#701=LINE('',#4782,#1041);
#702=LINE('',#4783,#1042);
#703=LINE('',#4786,#1043);
#704=LINE('',#4787,#1044);
#705=LINE('',#4789,#1045);
#706=LINE('',#4791,#1046);
#707=LINE('',#4792,#1047);
#708=LINE('',#4795,#1048);
#709=LINE('',#4796,#1049);
#710=LINE('',#4798,#1050);
#711=LINE('',#4800,#1051);
#712=LINE('',#4801,#1052);
#713=LINE('',#4804,#1053);
#714=LINE('',#4805,#1054);
#715=LINE('',#4807,#1055);
#716=LINE('',#4809,#1056);
#717=LINE('',#4810,#1057);
#718=LINE('',#4813,#1058);
#719=LINE('',#4814,#1059);
#720=LINE('',#4816,#1060);
#721=LINE('',#4818,#1061);
#722=LINE('',#4819,#1062);
#723=LINE('',#4822,#1063);
#724=LINE('',#4823,#1064);
#725=LINE('',#4825,#1065);
#726=LINE('',#4827,#1066);
#727=LINE('',#4828,#1067);
#728=LINE('',#4831,#1068);
#729=LINE('',#4832,#1069);
#730=LINE('',#4834,#1070);
#731=LINE('',#4836,#1071);
#732=LINE('',#4837,#1072);
#733=LINE('',#4840,#1073);
#734=LINE('',#4841,#1074);
#735=LINE('',#4843,#1075);
#736=LINE('',#4845,#1076);
#737=LINE('',#4846,#1077);
#738=LINE('',#4849,#1078);
#739=LINE('',#4850,#1079);
#740=LINE('',#4852,#1080);
#741=LINE('',#4854,#1081);
#742=LINE('',#4855,#1082);
#743=LINE('',#4858,#1083);
#744=LINE('',#4859,#1084);
#745=LINE('',#4861,#1085);
#746=LINE('',#4863,#1086);
#747=LINE('',#4864,#1087);
#748=LINE('',#4867,#1088);
#749=LINE('',#4868,#1089);
#750=LINE('',#4870,#1090);
#751=LINE('',#4872,#1091);
#752=LINE('',#4873,#1092);
#753=LINE('',#4876,#1093);
#754=LINE('',#4877,#1094);
#755=LINE('',#4879,#1095);
#756=LINE('',#4881,#1096);
#757=LINE('',#4882,#1097);
#758=LINE('',#4885,#1098);
#759=LINE('',#4886,#1099);
#760=LINE('',#4889,#1100);
#761=LINE('',#4890,#1101);
#762=LINE('',#4892,#1102);
#763=LINE('',#4894,#1103);
#764=LINE('',#4897,#1104);
#765=LINE('',#4899,#1105);
#766=LINE('',#4902,#1106);
#767=LINE('',#4905,#1107);
#768=LINE('',#4907,#1108);
#769=LINE('',#4910,#1109);
#770=LINE('',#4913,#1110);
#771=LINE('',#4915,#1111);
#772=LINE('',#4918,#1112);
#773=LINE('',#4921,#1113);
#774=LINE('',#4923,#1114);
#775=LINE('',#4926,#1115);
#776=LINE('',#4929,#1116);
#777=LINE('',#4931,#1117);
#778=LINE('',#4934,#1118);
#779=LINE('',#4937,#1119);
#780=LINE('',#4939,#1120);
#781=LINE('',#4942,#1121);
#782=LINE('',#4945,#1122);
#783=LINE('',#4947,#1123);
#784=LINE('',#4950,#1124);
#785=LINE('',#4953,#1125);
#786=LINE('',#4955,#1126);
#787=LINE('',#4958,#1127);
#788=LINE('',#4961,#1128);
#789=LINE('',#4963,#1129);
#790=LINE('',#4966,#1130);
#791=LINE('',#4969,#1131);
#792=LINE('',#4971,#1132);
#793=LINE('',#4974,#1133);
#794=LINE('',#4977,#1134);
#795=LINE('',#4979,#1135);
#796=LINE('',#4982,#1136);
#797=LINE('',#4985,#1137);
#798=LINE('',#4987,#1138);
#799=LINE('',#4990,#1139);
#800=LINE('',#4993,#1140);
#801=LINE('',#4995,#1141);
#802=LINE('',#4998,#1142);
#803=LINE('',#5001,#1143);
#804=LINE('',#5003,#1144);
#805=LINE('',#5006,#1145);
#806=LINE('',#5009,#1146);
#807=LINE('',#5011,#1147);
#808=LINE('',#5015,#1148);
#809=LINE('',#5016,#1149);
#810=LINE('',#5018,#1150);
#811=VECTOR('',#3286,10.);
#812=VECTOR('',#3289,10.);
#813=VECTOR('',#3292,10.);
#814=VECTOR('',#3297,10.);
#815=VECTOR('',#3300,10.);
#816=VECTOR('',#3303,10.);
#817=VECTOR('',#3310,1.69999999999999);
#818=VECTOR('',#3319,1.7);
#819=VECTOR('',#3328,23.65);
#820=VECTOR('',#3331,10.);
#821=VECTOR('',#3334,23.65);
#822=VECTOR('',#3339,10.);
#823=VECTOR('',#3344,10.);
#824=VECTOR('',#3347,10.);
#825=VECTOR('',#3350,10.);
#826=VECTOR('',#3353,10.);
#827=VECTOR('',#3354,10.);
#828=VECTOR('',#3357,10.);
#829=VECTOR('',#3362,10.);
#830=VECTOR('',#3365,10.);
#831=VECTOR('',#3366,10.);
#832=VECTOR('',#3369,10.);
#833=VECTOR('',#3374,10.);
#834=VECTOR('',#3377,10.);
#835=VECTOR('',#3378,10.);
#836=VECTOR('',#3381,10.);
#837=VECTOR('',#3386,10.);
#838=VECTOR('',#3389,10.);
#839=VECTOR('',#3390,10.);
#840=VECTOR('',#3393,10.);
#841=VECTOR('',#3398,10.);
#842=VECTOR('',#3401,10.);
#843=VECTOR('',#3402,10.);
#844=VECTOR('',#3405,10.);
#845=VECTOR('',#3410,10.);
#846=VECTOR('',#3413,10.);
#847=VECTOR('',#3414,10.);
#848=VECTOR('',#3417,10.);
#849=VECTOR('',#3422,10.);
#850=VECTOR('',#3425,10.);
#851=VECTOR('',#3426,10.);
#852=VECTOR('',#3429,10.);
#853=VECTOR('',#3436,10.);
#854=VECTOR('',#3437,10.);
#855=VECTOR('',#3438,10.);
#856=VECTOR('',#3439,10.);
#857=VECTOR('',#3444,10.);
#858=VECTOR('',#3445,10.);
#859=VECTOR('',#3446,10.);
#860=VECTOR('',#3447,10.);
#861=VECTOR('',#3464,26.95);
#862=VECTOR('',#3467,10.);
#863=VECTOR('',#3470,26.95);
#864=VECTOR('',#3475,10.);
#865=VECTOR('',#3480,10.);
#866=VECTOR('',#3483,10.);
#867=VECTOR('',#3486,10.);
#868=VECTOR('',#3489,10.);
#869=VECTOR('',#3492,10.);
#870=VECTOR('',#3495,10.);
#871=VECTOR('',#3498,10.);
#872=VECTOR('',#3501,10.);
#873=VECTOR('',#3504,10.);
#874=VECTOR('',#3507,10.);
#875=VECTOR('',#3510,10.);
#876=VECTOR('',#3513,10.);
#877=VECTOR('',#3516,10.);
#878=VECTOR('',#3519,10.);
#879=VECTOR('',#3522,10.);
#880=VECTOR('',#3525,10.);
#881=VECTOR('',#3528,10.);
#882=VECTOR('',#3531,10.);
#883=VECTOR('',#3534,10.);
#884=VECTOR('',#3537,10.);
#885=VECTOR('',#3540,10.);
#886=VECTOR('',#3543,10.);
#887=VECTOR('',#3546,10.);
#888=VECTOR('',#3549,10.);
#889=VECTOR('',#3552,10.);
#890=VECTOR('',#3555,10.);
#891=VECTOR('',#3558,10.);
#892=VECTOR('',#3561,10.);
#893=VECTOR('',#3564,10.);
#894=VECTOR('',#3567,10.);
#895=VECTOR('',#3572,10.);
#896=VECTOR('',#3573,10.);
#897=VECTOR('',#3574,10.);
#898=VECTOR('',#3577,10.);
#899=VECTOR('',#3578,10.);
#900=VECTOR('',#3579,10.);
#901=VECTOR('',#3582,10.);
#902=VECTOR('',#3583,10.);
#903=VECTOR('',#3584,10.);
#904=VECTOR('',#3587,10.);
#905=VECTOR('',#3588,10.);
#906=VECTOR('',#3589,10.);
#907=VECTOR('',#3592,10.);
#908=VECTOR('',#3593,10.);
#909=VECTOR('',#3594,10.);
#910=VECTOR('',#3597,10.);
#911=VECTOR('',#3598,10.);
#912=VECTOR('',#3599,10.);
#913=VECTOR('',#3602,10.);
#914=VECTOR('',#3603,10.);
#915=VECTOR('',#3604,10.);
#916=VECTOR('',#3607,10.);
#917=VECTOR('',#3608,10.);
#918=VECTOR('',#3609,10.);
#919=VECTOR('',#3612,10.);
#920=VECTOR('',#3613,10.);
#921=VECTOR('',#3614,10.);
#922=VECTOR('',#3617,10.);
#923=VECTOR('',#3618,10.);
#924=VECTOR('',#3619,10.);
#925=VECTOR('',#3622,10.);
#926=VECTOR('',#3623,10.);
#927=VECTOR('',#3624,10.);
#928=VECTOR('',#3627,10.);
#929=VECTOR('',#3628,10.);
#930=VECTOR('',#3629,10.);
#931=VECTOR('',#3632,10.);
#932=VECTOR('',#3633,10.);
#933=VECTOR('',#3634,10.);
#934=VECTOR('',#3637,10.);
#935=VECTOR('',#3638,10.);
#936=VECTOR('',#3639,10.);
#937=VECTOR('',#3642,10.);
#938=VECTOR('',#3643,10.);
#939=VECTOR('',#3644,10.);
#940=VECTOR('',#3647,10.);
#941=VECTOR('',#3648,10.);
#942=VECTOR('',#3649,10.);
#943=VECTOR('',#3652,10.);
#944=VECTOR('',#3653,10.);
#945=VECTOR('',#3654,10.);
#946=VECTOR('',#3655,10.);
#947=VECTOR('',#3656,10.);
#948=VECTOR('',#3659,10.);
#949=VECTOR('',#3660,10.);
#950=VECTOR('',#3661,10.);
#951=VECTOR('',#3662,10.);
#952=VECTOR('',#3663,10.);
#953=VECTOR('',#3666,10.);
#954=VECTOR('',#3667,10.);
#955=VECTOR('',#3668,10.);
#956=VECTOR('',#3669,10.);
#957=VECTOR('',#3670,10.);
#958=VECTOR('',#3673,10.);
#959=VECTOR('',#3674,10.);
#960=VECTOR('',#3675,10.);
#961=VECTOR('',#3676,10.);
#962=VECTOR('',#3677,10.);
#963=VECTOR('',#3680,10.);
#964=VECTOR('',#3681,10.);
#965=VECTOR('',#3682,10.);
#966=VECTOR('',#3683,10.);
#967=VECTOR('',#3684,10.);
#968=VECTOR('',#3687,10.);
#969=VECTOR('',#3688,10.);
#970=VECTOR('',#3689,10.);
#971=VECTOR('',#3690,10.);
#972=VECTOR('',#3691,10.);
#973=VECTOR('',#3694,10.);
#974=VECTOR('',#3695,10.);
#975=VECTOR('',#3696,10.);
#976=VECTOR('',#3697,10.);
#977=VECTOR('',#3698,10.);
#978=VECTOR('',#3701,10.);
#979=VECTOR('',#3702,10.);
#980=VECTOR('',#3703,10.);
#981=VECTOR('',#3704,10.);
#982=VECTOR('',#3705,10.);
#983=VECTOR('',#3708,10.);
#984=VECTOR('',#3709,10.);
#985=VECTOR('',#3710,10.);
#986=VECTOR('',#3711,10.);
#987=VECTOR('',#3712,10.);
#988=VECTOR('',#3715,10.);
#989=VECTOR('',#3716,10.);
#990=VECTOR('',#3717,10.);
#991=VECTOR('',#3718,10.);
#992=VECTOR('',#3719,10.);
#993=VECTOR('',#3722,10.);
#994=VECTOR('',#3723,10.);
#995=VECTOR('',#3724,10.);
#996=VECTOR('',#3725,10.);
#997=VECTOR('',#3726,10.);
#998=VECTOR('',#3729,10.);
#999=VECTOR('',#3730,10.);
#1000=VECTOR('',#3731,10.);
#1001=VECTOR('',#3732,10.);
#1002=VECTOR('',#3733,10.);
#1003=VECTOR('',#3736,10.);
#1004=VECTOR('',#3737,10.);
#1005=VECTOR('',#3738,10.);
#1006=VECTOR('',#3739,10.);
#1007=VECTOR('',#3740,10.);
#1008=VECTOR('',#3743,10.);
#1009=VECTOR('',#3744,10.);
#1010=VECTOR('',#3745,10.);
#1011=VECTOR('',#3746,10.);
#1012=VECTOR('',#3747,10.);
#1013=VECTOR('',#3750,10.);
#1014=VECTOR('',#3751,10.);
#1015=VECTOR('',#3752,10.);
#1016=VECTOR('',#3753,10.);
#1017=VECTOR('',#3754,10.);
#1018=VECTOR('',#3757,10.);
#1019=VECTOR('',#3758,10.);
#1020=VECTOR('',#3759,10.);
#1021=VECTOR('',#3760,10.);
#1022=VECTOR('',#3761,10.);
#1023=VECTOR('',#3764,10.);
#1024=VECTOR('',#3765,10.);
#1025=VECTOR('',#3766,10.);
#1026=VECTOR('',#3767,10.);
#1027=VECTOR('',#3768,10.);
#1028=VECTOR('',#3771,10.);
#1029=VECTOR('',#3772,10.);
#1030=VECTOR('',#3773,10.);
#1031=VECTOR('',#3774,10.);
#1032=VECTOR('',#3775,10.);
#1033=VECTOR('',#3778,10.);
#1034=VECTOR('',#3779,10.);
#1035=VECTOR('',#3780,10.);
#1036=VECTOR('',#3781,10.);
#1037=VECTOR('',#3782,10.);
#1038=VECTOR('',#3785,10.);
#1039=VECTOR('',#3786,10.);
#1040=VECTOR('',#3787,10.);
#1041=VECTOR('',#3788,10.);
#1042=VECTOR('',#3789,10.);
#1043=VECTOR('',#3792,10.);
#1044=VECTOR('',#3793,10.);
#1045=VECTOR('',#3794,10.);
#1046=VECTOR('',#3795,10.);
#1047=VECTOR('',#3796,10.);
#1048=VECTOR('',#3799,10.);
#1049=VECTOR('',#3800,10.);
#1050=VECTOR('',#3801,10.);
#1051=VECTOR('',#3802,10.);
#1052=VECTOR('',#3803,10.);
#1053=VECTOR('',#3806,10.);
#1054=VECTOR('',#3807,10.);
#1055=VECTOR('',#3808,10.);
#1056=VECTOR('',#3809,10.);
#1057=VECTOR('',#3810,10.);
#1058=VECTOR('',#3813,10.);
#1059=VECTOR('',#3814,10.);
#1060=VECTOR('',#3815,10.);
#1061=VECTOR('',#3816,10.);
#1062=VECTOR('',#3817,10.);
#1063=VECTOR('',#3820,10.);
#1064=VECTOR('',#3821,10.);
#1065=VECTOR('',#3822,10.);
#1066=VECTOR('',#3823,10.);
#1067=VECTOR('',#3824,10.);
#1068=VECTOR('',#3827,10.);
#1069=VECTOR('',#3828,10.);
#1070=VECTOR('',#3829,10.);
#1071=VECTOR('',#3830,10.);
#1072=VECTOR('',#3831,10.);
#1073=VECTOR('',#3834,10.);
#1074=VECTOR('',#3835,10.);
#1075=VECTOR('',#3836,10.);
#1076=VECTOR('',#3837,10.);
#1077=VECTOR('',#3838,10.);
#1078=VECTOR('',#3841,10.);
#1079=VECTOR('',#3842,10.);
#1080=VECTOR('',#3843,10.);
#1081=VECTOR('',#3844,10.);
#1082=VECTOR('',#3845,10.);
#1083=VECTOR('',#3848,10.);
#1084=VECTOR('',#3849,10.);
#1085=VECTOR('',#3850,10.);
#1086=VECTOR('',#3851,10.);
#1087=VECTOR('',#3852,10.);
#1088=VECTOR('',#3855,10.);
#1089=VECTOR('',#3856,10.);
#1090=VECTOR('',#3857,10.);
#1091=VECTOR('',#3858,10.);
#1092=VECTOR('',#3859,10.);
#1093=VECTOR('',#3862,10.);
#1094=VECTOR('',#3863,10.);
#1095=VECTOR('',#3864,10.);
#1096=VECTOR('',#3865,10.);
#1097=VECTOR('',#3866,10.);
#1098=VECTOR('',#3869,10.);
#1099=VECTOR('',#3870,10.);
#1100=VECTOR('',#3873,10.);
#1101=VECTOR('',#3874,10.);
#1102=VECTOR('',#3877,10.);
#1103=VECTOR('',#3880,10.);
#1104=VECTOR('',#3885,10.);
#1105=VECTOR('',#3888,10.);
#1106=VECTOR('',#3893,10.);
#1107=VECTOR('',#3898,10.);
#1108=VECTOR('',#3901,10.);
#1109=VECTOR('',#3906,10.);
#1110=VECTOR('',#3911,10.);
#1111=VECTOR('',#3914,10.);
#1112=VECTOR('',#3919,10.);
#1113=VECTOR('',#3924,10.);
#1114=VECTOR('',#3927,10.);
#1115=VECTOR('',#3932,10.);
#1116=VECTOR('',#3937,10.);
#1117=VECTOR('',#3940,10.);
#1118=VECTOR('',#3945,10.);
#1119=VECTOR('',#3950,10.);
#1120=VECTOR('',#3953,10.);
#1121=VECTOR('',#3958,10.);
#1122=VECTOR('',#3963,10.);
#1123=VECTOR('',#3966,10.);
#1124=VECTOR('',#3971,10.);
#1125=VECTOR('',#3976,10.);
#1126=VECTOR('',#3979,10.);
#1127=VECTOR('',#3984,10.);
#1128=VECTOR('',#3989,10.);
#1129=VECTOR('',#3992,10.);
#1130=VECTOR('',#3997,10.);
#1131=VECTOR('',#4002,10.);
#1132=VECTOR('',#4005,10.);
#1133=VECTOR('',#4010,10.);
#1134=VECTOR('',#4015,10.);
#1135=VECTOR('',#4018,10.);
#1136=VECTOR('',#4023,10.);
#1137=VECTOR('',#4028,10.);
#1138=VECTOR('',#4031,10.);
#1139=VECTOR('',#4036,10.);
#1140=VECTOR('',#4041,10.);
#1141=VECTOR('',#4044,10.);
#1142=VECTOR('',#4049,10.);
#1143=VECTOR('',#4054,10.);
#1144=VECTOR('',#4057,10.);
#1145=VECTOR('',#4062,10.);
#1146=VECTOR('',#4067,10.);
#1147=VECTOR('',#4070,10.);
#1148=VECTOR('',#4075,10.);
#1149=VECTOR('',#4076,10.);
#1150=VECTOR('',#4079,10.);
#1151=(
BOUNDED_CURVE()
B_SPLINE_CURVE(2,(#4088,#4089,#4090),.UNSPECIFIED.,.F.,.F.)
B_SPLINE_CURVE_WITH_KNOTS((3,3),(0.06032488886546,0.163347159334749),
 .UNSPECIFIED.)
CURVE()
GEOMETRIC_REPRESENTATION_ITEM()
RATIONAL_B_SPLINE_CURVE((1.13263926973996,1.22024922214909,1.22024922214909))
REPRESENTATION_ITEM('')
);
#1152=(
BOUNDED_CURVE()
B_SPLINE_CURVE(2,(#4098,#4099,#4100),.UNSPECIFIED.,.F.,.F.)
B_SPLINE_CURVE_WITH_KNOTS((3,3),(0.163347159334749,0.266369429804038),
 .UNSPECIFIED.)
CURVE()
GEOMETRIC_REPRESENTATION_ITEM()
RATIONAL_B_SPLINE_CURVE((1.22024922214908,1.22024922214908,1.13263926973996))
REPRESENTATION_ITEM('')
);
#1153=(
BOUNDED_CURVE()
B_SPLINE_CURVE(2,(#4107,#4108,#4109),.UNSPECIFIED.,.F.,.F.)
B_SPLINE_CURVE_WITH_KNOTS((3,3),(0.132535834160578,0.259234771216874),
 .UNSPECIFIED.)
CURVE()
GEOMETRIC_REPRESENTATION_ITEM()
RATIONAL_B_SPLINE_CURVE((1.32708502731738,1.42973541141791,1.42973541141791))
REPRESENTATION_ITEM('')
);
#1154=(
BOUNDED_CURVE()
B_SPLINE_CURVE(2,(#4117,#4118,#4119),.UNSPECIFIED.,.F.,.F.)
B_SPLINE_CURVE_WITH_KNOTS((3,3),(0.259234771216876,0.385933708273169),
 .UNSPECIFIED.)
CURVE()
GEOMETRIC_REPRESENTATION_ITEM()
RATIONAL_B_SPLINE_CURVE((1.42973541141788,1.42973541141788,1.32708502731736))
REPRESENTATION_ITEM('')
);
#1155=VERTEX_POINT('',#4086);
#1156=VERTEX_POINT('',#4087);
#1157=VERTEX_POINT('',#4091);
#1158=VERTEX_POINT('',#4093);
#1159=VERTEX_POINT('',#4097);
#1160=VERTEX_POINT('',#4101);
#1161=VERTEX_POINT('',#4105);
#1162=VERTEX_POINT('',#4106);
#1163=VERTEX_POINT('',#4110);
#1164=VERTEX_POINT('',#4112);
#1165=VERTEX_POINT('',#4116);
#1166=VERTEX_POINT('',#4120);
#1167=VERTEX_POINT('',#4124);
#1168=VERTEX_POINT('',#4126);
#1169=VERTEX_POINT('',#4131);
#1170=VERTEX_POINT('',#4133);
#1171=VERTEX_POINT('',#4138);
#1172=VERTEX_POINT('',#4140);
#1173=VERTEX_POINT('',#4142);
#1174=VERTEX_POINT('',#4144);
#1175=VERTEX_POINT('',#4146);
#1176=VERTEX_POINT('',#4148);
#1177=VERTEX_POINT('',#4151);
#1178=VERTEX_POINT('',#4153);
#1179=VERTEX_POINT('',#4156);
#1180=VERTEX_POINT('',#4189);
#1181=VERTEX_POINT('',#4222);
#1182=VERTEX_POINT('',#4223);
#1183=VERTEX_POINT('',#4225);
#1184=VERTEX_POINT('',#4227);
#1185=VERTEX_POINT('',#4230);
#1186=VERTEX_POINT('',#4231);
#1187=VERTEX_POINT('',#4233);
#1188=VERTEX_POINT('',#4235);
#1189=VERTEX_POINT('',#4238);
#1190=VERTEX_POINT('',#4239);
#1191=VERTEX_POINT('',#4241);
#1192=VERTEX_POINT('',#4243);
#1193=VERTEX_POINT('',#4246);
#1194=VERTEX_POINT('',#4247);
#1195=VERTEX_POINT('',#4249);
#1196=VERTEX_POINT('',#4251);
#1197=VERTEX_POINT('',#4254);
#1198=VERTEX_POINT('',#4255);
#1199=VERTEX_POINT('',#4257);
#1200=VERTEX_POINT('',#4259);
#1201=VERTEX_POINT('',#4262);
#1202=VERTEX_POINT('',#4263);
#1203=VERTEX_POINT('',#4265);
#1204=VERTEX_POINT('',#4267);
#1205=VERTEX_POINT('',#4270);
#1206=VERTEX_POINT('',#4271);
#1207=VERTEX_POINT('',#4273);
#1208=VERTEX_POINT('',#4275);
#1209=VERTEX_POINT('',#4278);
#1210=VERTEX_POINT('',#4279);
#1211=VERTEX_POINT('',#4281);
#1212=VERTEX_POINT('',#4283);
#1213=VERTEX_POINT('',#4286);
#1214=VERTEX_POINT('',#4287);
#1215=VERTEX_POINT('',#4289);
#1216=VERTEX_POINT('',#4291);
#1217=VERTEX_POINT('',#4294);
#1218=VERTEX_POINT('',#4295);
#1219=VERTEX_POINT('',#4297);
#1220=VERTEX_POINT('',#4299);
#1221=VERTEX_POINT('',#4302);
#1222=VERTEX_POINT('',#4303);
#1223=VERTEX_POINT('',#4305);
#1224=VERTEX_POINT('',#4307);
#1225=VERTEX_POINT('',#4310);
#1226=VERTEX_POINT('',#4311);
#1227=VERTEX_POINT('',#4313);
#1228=VERTEX_POINT('',#4315);
#1229=VERTEX_POINT('',#4318);
#1230=VERTEX_POINT('',#4319);
#1231=VERTEX_POINT('',#4321);
#1232=VERTEX_POINT('',#4323);
#1233=VERTEX_POINT('',#4326);
#1234=VERTEX_POINT('',#4327);
#1235=VERTEX_POINT('',#4329);
#1236=VERTEX_POINT('',#4331);
#1237=VERTEX_POINT('',#4334);
#1238=VERTEX_POINT('',#4335);
#1239=VERTEX_POINT('',#4337);
#1240=VERTEX_POINT('',#4339);
#1241=VERTEX_POINT('',#4344);
#1242=VERTEX_POINT('',#4345);
#1243=VERTEX_POINT('',#4347);
#1244=VERTEX_POINT('',#4349);
#1245=VERTEX_POINT('',#4354);
#1246=VERTEX_POINT('',#4355);
#1247=VERTEX_POINT('',#4357);
#1248=VERTEX_POINT('',#4359);
#1249=VERTEX_POINT('',#4365);
#1250=VERTEX_POINT('',#4370);
#1251=VERTEX_POINT('',#4372);
#1252=VERTEX_POINT('',#4374);
#1253=VERTEX_POINT('',#4376);
#1254=VERTEX_POINT('',#4378);
#1255=VERTEX_POINT('',#4382);
#1256=VERTEX_POINT('',#4384);
#1257=VERTEX_POINT('',#4387);
#1258=VERTEX_POINT('',#4388);
#1259=VERTEX_POINT('',#4390);
#1260=VERTEX_POINT('',#4392);
#1261=VERTEX_POINT('',#4395);
#1262=VERTEX_POINT('',#4396);
#1263=VERTEX_POINT('',#4398);
#1264=VERTEX_POINT('',#4400);
#1265=VERTEX_POINT('',#4403);
#1266=VERTEX_POINT('',#4404);
#1267=VERTEX_POINT('',#4406);
#1268=VERTEX_POINT('',#4408);
#1269=VERTEX_POINT('',#4411);
#1270=VERTEX_POINT('',#4412);
#1271=VERTEX_POINT('',#4414);
#1272=VERTEX_POINT('',#4416);
#1273=VERTEX_POINT('',#4419);
#1274=VERTEX_POINT('',#4420);
#1275=VERTEX_POINT('',#4422);
#1276=VERTEX_POINT('',#4424);
#1277=VERTEX_POINT('',#4427);
#1278=VERTEX_POINT('',#4428);
#1279=VERTEX_POINT('',#4430);
#1280=VERTEX_POINT('',#4432);
#1281=VERTEX_POINT('',#4435);
#1282=VERTEX_POINT('',#4436);
#1283=VERTEX_POINT('',#4438);
#1284=VERTEX_POINT('',#4440);
#1285=VERTEX_POINT('',#4443);
#1286=VERTEX_POINT('',#4444);
#1287=VERTEX_POINT('',#4446);
#1288=VERTEX_POINT('',#4448);
#1289=VERTEX_POINT('',#4451);
#1290=VERTEX_POINT('',#4452);
#1291=VERTEX_POINT('',#4454);
#1292=VERTEX_POINT('',#4456);
#1293=VERTEX_POINT('',#4459);
#1294=VERTEX_POINT('',#4460);
#1295=VERTEX_POINT('',#4462);
#1296=VERTEX_POINT('',#4464);
#1297=VERTEX_POINT('',#4467);
#1298=VERTEX_POINT('',#4468);
#1299=VERTEX_POINT('',#4470);
#1300=VERTEX_POINT('',#4472);
#1301=VERTEX_POINT('',#4475);
#1302=VERTEX_POINT('',#4476);
#1303=VERTEX_POINT('',#4478);
#1304=VERTEX_POINT('',#4480);
#1305=VERTEX_POINT('',#4483);
#1306=VERTEX_POINT('',#4484);
#1307=VERTEX_POINT('',#4486);
#1308=VERTEX_POINT('',#4488);
#1309=VERTEX_POINT('',#4491);
#1310=VERTEX_POINT('',#4492);
#1311=VERTEX_POINT('',#4494);
#1312=VERTEX_POINT('',#4496);
#1313=VERTEX_POINT('',#4499);
#1314=VERTEX_POINT('',#4500);
#1315=VERTEX_POINT('',#4502);
#1316=VERTEX_POINT('',#4504);
#1317=VERTEX_POINT('',#4509);
#1318=VERTEX_POINT('',#4511);
#1319=VERTEX_POINT('',#4515);
#1320=VERTEX_POINT('',#4517);
#1321=VERTEX_POINT('',#4521);
#1322=VERTEX_POINT('',#4523);
#1323=VERTEX_POINT('',#4527);
#1324=VERTEX_POINT('',#4529);
#1325=VERTEX_POINT('',#4533);
#1326=VERTEX_POINT('',#4535);
#1327=VERTEX_POINT('',#4539);
#1328=VERTEX_POINT('',#4541);
#1329=VERTEX_POINT('',#4545);
#1330=VERTEX_POINT('',#4547);
#1331=VERTEX_POINT('',#4551);
#1332=VERTEX_POINT('',#4553);
#1333=VERTEX_POINT('',#4557);
#1334=VERTEX_POINT('',#4559);
#1335=VERTEX_POINT('',#4563);
#1336=VERTEX_POINT('',#4565);
#1337=VERTEX_POINT('',#4569);
#1338=VERTEX_POINT('',#4571);
#1339=VERTEX_POINT('',#4575);
#1340=VERTEX_POINT('',#4577);
#1341=VERTEX_POINT('',#4581);
#1342=VERTEX_POINT('',#4583);
#1343=VERTEX_POINT('',#4587);
#1344=VERTEX_POINT('',#4589);
#1345=VERTEX_POINT('',#4593);
#1346=VERTEX_POINT('',#4595);
#1347=VERTEX_POINT('',#4599);
#1348=VERTEX_POINT('',#4601);
#1349=VERTEX_POINT('',#4605);
#1350=VERTEX_POINT('',#4607);
#1351=VERTEX_POINT('',#4610);
#1352=VERTEX_POINT('',#4614);
#1353=VERTEX_POINT('',#4616);
#1354=VERTEX_POINT('',#4619);
#1355=VERTEX_POINT('',#4623);
#1356=VERTEX_POINT('',#4625);
#1357=VERTEX_POINT('',#4628);
#1358=VERTEX_POINT('',#4632);
#1359=VERTEX_POINT('',#4634);
#1360=VERTEX_POINT('',#4637);
#1361=VERTEX_POINT('',#4641);
#1362=VERTEX_POINT('',#4643);
#1363=VERTEX_POINT('',#4646);
#1364=VERTEX_POINT('',#4650);
#1365=VERTEX_POINT('',#4652);
#1366=VERTEX_POINT('',#4655);
#1367=VERTEX_POINT('',#4659);
#1368=VERTEX_POINT('',#4661);
#1369=VERTEX_POINT('',#4664);
#1370=VERTEX_POINT('',#4668);
#1371=VERTEX_POINT('',#4670);
#1372=VERTEX_POINT('',#4673);
#1373=VERTEX_POINT('',#4677);
#1374=VERTEX_POINT('',#4679);
#1375=VERTEX_POINT('',#4682);
#1376=VERTEX_POINT('',#4686);
#1377=VERTEX_POINT('',#4688);
#1378=VERTEX_POINT('',#4691);
#1379=VERTEX_POINT('',#4695);
#1380=VERTEX_POINT('',#4697);
#1381=VERTEX_POINT('',#4700);
#1382=VERTEX_POINT('',#4704);
#1383=VERTEX_POINT('',#4706);
#1384=VERTEX_POINT('',#4709);
#1385=VERTEX_POINT('',#4713);
#1386=VERTEX_POINT('',#4715);
#1387=VERTEX_POINT('',#4718);
#1388=VERTEX_POINT('',#4722);
#1389=VERTEX_POINT('',#4724);
#1390=VERTEX_POINT('',#4727);
#1391=VERTEX_POINT('',#4731);
#1392=VERTEX_POINT('',#4733);
#1393=VERTEX_POINT('',#4736);
#1394=VERTEX_POINT('',#4740);
#1395=VERTEX_POINT('',#4743);
#1396=VERTEX_POINT('',#4745);
#1397=VERTEX_POINT('',#4749);
#1398=VERTEX_POINT('',#4752);
#1399=VERTEX_POINT('',#4754);
#1400=VERTEX_POINT('',#4758);
#1401=VERTEX_POINT('',#4761);
#1402=VERTEX_POINT('',#4763);
#1403=VERTEX_POINT('',#4767);
#1404=VERTEX_POINT('',#4770);
#1405=VERTEX_POINT('',#4772);
#1406=VERTEX_POINT('',#4776);
#1407=VERTEX_POINT('',#4779);
#1408=VERTEX_POINT('',#4781);
#1409=VERTEX_POINT('',#4785);
#1410=VERTEX_POINT('',#4788);
#1411=VERTEX_POINT('',#4790);
#1412=VERTEX_POINT('',#4794);
#1413=VERTEX_POINT('',#4797);
#1414=VERTEX_POINT('',#4799);
#1415=VERTEX_POINT('',#4803);
#1416=VERTEX_POINT('',#4806);
#1417=VERTEX_POINT('',#4808);
#1418=VERTEX_POINT('',#4812);
#1419=VERTEX_POINT('',#4815);
#1420=VERTEX_POINT('',#4817);
#1421=VERTEX_POINT('',#4821);
#1422=VERTEX_POINT('',#4824);
#1423=VERTEX_POINT('',#4826);
#1424=VERTEX_POINT('',#4830);
#1425=VERTEX_POINT('',#4833);
#1426=VERTEX_POINT('',#4835);
#1427=VERTEX_POINT('',#4839);
#1428=VERTEX_POINT('',#4842);
#1429=VERTEX_POINT('',#4844);
#1430=VERTEX_POINT('',#4848);
#1431=VERTEX_POINT('',#4851);
#1432=VERTEX_POINT('',#4853);
#1433=VERTEX_POINT('',#4857);
#1434=VERTEX_POINT('',#4860);
#1435=VERTEX_POINT('',#4862);
#1436=VERTEX_POINT('',#4866);
#1437=VERTEX_POINT('',#4869);
#1438=VERTEX_POINT('',#4871);
#1439=VERTEX_POINT('',#4875);
#1440=VERTEX_POINT('',#4878);
#1441=VERTEX_POINT('',#4880);
#1442=VERTEX_POINT('',#4884);
#1443=VERTEX_POINT('',#4888);
#1444=VERTEX_POINT('',#5014);
#1445=EDGE_CURVE('',#1155,#1156,#1151,.T.);
#1446=EDGE_CURVE('',#1155,#1157,#471,.T.);
#1447=EDGE_CURVE('',#1158,#1157,#467,.T.);
#1448=EDGE_CURVE('',#1156,#1158,#472,.T.);
#1449=EDGE_CURVE('',#1159,#1155,#1152,.T.);
#1450=EDGE_CURVE('',#1159,#1160,#473,.T.);
#1451=EDGE_CURVE('',#1157,#1160,#468,.T.);
#1452=EDGE_CURVE('',#1161,#1162,#1153,.T.);
#1453=EDGE_CURVE('',#1163,#1161,#474,.T.);
#1454=EDGE_CURVE('',#1164,#1163,#469,.T.);
#1455=EDGE_CURVE('',#1164,#1162,#475,.T.);
#1456=EDGE_CURVE('',#1165,#1161,#1154,.T.);
#1457=EDGE_CURVE('',#1166,#1165,#476,.T.);
#1458=EDGE_CURVE('',#1163,#1166,#470,.T.);
#1459=EDGE_CURVE('',#1167,#1167,#59,.T.);
#1460=EDGE_CURVE('',#1167,#1168,#477,.T.);
#1461=EDGE_CURVE('',#1168,#1165,#60,.T.);
#1462=EDGE_CURVE('',#1162,#1168,#61,.T.);
#1463=EDGE_CURVE('',#1169,#1169,#62,.T.);
#1464=EDGE_CURVE('',#1169,#1170,#478,.T.);
#1465=EDGE_CURVE('',#1170,#1159,#63,.T.);
#1466=EDGE_CURVE('',#1156,#1170,#64,.T.);
#1467=EDGE_CURVE('',#1171,#1171,#65,.T.);
#1468=EDGE_CURVE('',#1171,#1172,#479,.T.);
#1469=EDGE_CURVE('',#1172,#1173,#66,.T.);
#1470=EDGE_CURVE('',#1173,#1174,#480,.T.);
#1471=EDGE_CURVE('',#1174,#1175,#67,.T.);
#1472=EDGE_CURVE('',#1175,#1176,#481,.T.);
#1473=EDGE_CURVE('',#1176,#1176,#68,.T.);
#1474=EDGE_CURVE('',#1175,#1177,#69,.T.);
#1475=EDGE_CURVE('',#1177,#1178,#482,.T.);
#1476=EDGE_CURVE('',#1178,#1172,#70,.T.);
#1477=EDGE_CURVE('',#1160,#1179,#51,.T.);
#1478=EDGE_CURVE('',#1179,#1158,#52,.T.);
#1479=EDGE_CURVE('',#1166,#1180,#53,.T.);
#1480=EDGE_CURVE('',#1180,#1164,#54,.T.);
#1481=EDGE_CURVE('',#1181,#1182,#71,.T.);
#1482=EDGE_CURVE('',#1182,#1183,#483,.T.);
#1483=EDGE_CURVE('',#1183,#1184,#72,.T.);
#1484=EDGE_CURVE('',#1184,#1181,#484,.T.);
#1485=EDGE_CURVE('',#1185,#1186,#73,.T.);
#1486=EDGE_CURVE('',#1186,#1187,#485,.T.);
#1487=EDGE_CURVE('',#1187,#1188,#74,.T.);
#1488=EDGE_CURVE('',#1188,#1185,#486,.T.);
#1489=EDGE_CURVE('',#1189,#1190,#487,.T.);
#1490=EDGE_CURVE('',#1190,#1191,#75,.T.);
#1491=EDGE_CURVE('',#1191,#1192,#488,.T.);
#1492=EDGE_CURVE('',#1192,#1189,#76,.T.);
#1493=EDGE_CURVE('',#1193,#1194,#77,.T.);
#1494=EDGE_CURVE('',#1194,#1195,#489,.T.);
#1495=EDGE_CURVE('',#1195,#1196,#78,.T.);
#1496=EDGE_CURVE('',#1196,#1193,#490,.T.);
#1497=EDGE_CURVE('',#1197,#1198,#491,.T.);
#1498=EDGE_CURVE('',#1198,#1199,#79,.T.);
#1499=EDGE_CURVE('',#1199,#1200,#492,.T.);
#1500=EDGE_CURVE('',#1200,#1197,#80,.T.);
#1501=EDGE_CURVE('',#1201,#1202,#81,.T.);
#1502=EDGE_CURVE('',#1202,#1203,#493,.T.);
#1503=EDGE_CURVE('',#1203,#1204,#82,.T.);
#1504=EDGE_CURVE('',#1204,#1201,#494,.T.);
#1505=EDGE_CURVE('',#1205,#1206,#495,.T.);
#1506=EDGE_CURVE('',#1206,#1207,#83,.T.);
#1507=EDGE_CURVE('',#1207,#1208,#496,.T.);
#1508=EDGE_CURVE('',#1208,#1205,#84,.T.);
#1509=EDGE_CURVE('',#1209,#1210,#85,.T.);
#1510=EDGE_CURVE('',#1210,#1211,#497,.T.);
#1511=EDGE_CURVE('',#1211,#1212,#86,.T.);
#1512=EDGE_CURVE('',#1212,#1209,#498,.T.);
#1513=EDGE_CURVE('',#1213,#1214,#499,.T.);
#1514=EDGE_CURVE('',#1214,#1215,#87,.T.);
#1515=EDGE_CURVE('',#1215,#1216,#500,.T.);
#1516=EDGE_CURVE('',#1216,#1213,#88,.T.);
#1517=EDGE_CURVE('',#1217,#1218,#89,.T.);
#1518=EDGE_CURVE('',#1218,#1219,#501,.T.);
#1519=EDGE_CURVE('',#1219,#1220,#90,.T.);
#1520=EDGE_CURVE('',#1220,#1217,#502,.T.);
#1521=EDGE_CURVE('',#1221,#1222,#503,.T.);
#1522=EDGE_CURVE('',#1222,#1223,#91,.T.);
#1523=EDGE_CURVE('',#1223,#1224,#504,.T.);
#1524=EDGE_CURVE('',#1224,#1221,#92,.T.);
#1525=EDGE_CURVE('',#1225,#1226,#93,.T.);
#1526=EDGE_CURVE('',#1226,#1227,#505,.T.);
#1527=EDGE_CURVE('',#1227,#1228,#94,.T.);
#1528=EDGE_CURVE('',#1228,#1225,#506,.T.);
#1529=EDGE_CURVE('',#1229,#1230,#507,.T.);
#1530=EDGE_CURVE('',#1230,#1231,#95,.T.);
#1531=EDGE_CURVE('',#1231,#1232,#508,.T.);
#1532=EDGE_CURVE('',#1232,#1229,#96,.T.);
#1533=EDGE_CURVE('',#1233,#1234,#97,.T.);
#1534=EDGE_CURVE('',#1234,#1235,#509,.T.);
#1535=EDGE_CURVE('',#1235,#1236,#98,.T.);
#1536=EDGE_CURVE('',#1236,#1233,#510,.T.);
#1537=EDGE_CURVE('',#1237,#1238,#511,.T.);
#1538=EDGE_CURVE('',#1238,#1239,#99,.T.);
#1539=EDGE_CURVE('',#1239,#1240,#512,.T.);
#1540=EDGE_CURVE('',#1240,#1237,#100,.T.);
#1541=EDGE_CURVE('',#1241,#1242,#513,.T.);
#1542=EDGE_CURVE('',#1243,#1241,#514,.T.);
#1543=EDGE_CURVE('',#1244,#1243,#515,.T.);
#1544=EDGE_CURVE('',#1242,#1244,#516,.T.);
#1545=EDGE_CURVE('',#1245,#1246,#517,.T.);
#1546=EDGE_CURVE('',#1247,#1245,#518,.T.);
#1547=EDGE_CURVE('',#1247,#1248,#519,.T.);
#1548=EDGE_CURVE('',#1246,#1248,#520,.T.);
#1549=EDGE_CURVE('',#1244,#1243,#101,.T.);
#1550=EDGE_CURVE('',#1242,#1249,#102,.T.);
#1551=EDGE_CURVE('',#1249,#1245,#103,.T.);
#1552=EDGE_CURVE('',#1246,#1241,#104,.T.);
#1553=EDGE_CURVE('',#1250,#1250,#105,.T.);
#1554=EDGE_CURVE('',#1250,#1251,#521,.T.);
#1555=EDGE_CURVE('',#1251,#1252,#106,.T.);
#1556=EDGE_CURVE('',#1252,#1253,#522,.T.);
#1557=EDGE_CURVE('',#1253,#1254,#107,.T.);
#1558=EDGE_CURVE('',#1254,#1249,#523,.T.);
#1559=EDGE_CURVE('',#1248,#1247,#108,.T.);
#1560=EDGE_CURVE('',#1254,#1255,#109,.T.);
#1561=EDGE_CURVE('',#1255,#1256,#524,.T.);
#1562=EDGE_CURVE('',#1256,#1251,#110,.T.);
#1563=EDGE_CURVE('',#1257,#1258,#111,.T.);
#1564=EDGE_CURVE('',#1258,#1259,#525,.T.);
#1565=EDGE_CURVE('',#1259,#1260,#112,.T.);
#1566=EDGE_CURVE('',#1260,#1257,#526,.T.);
#1567=EDGE_CURVE('',#1261,#1262,#113,.T.);
#1568=EDGE_CURVE('',#1262,#1263,#527,.T.);
#1569=EDGE_CURVE('',#1263,#1264,#114,.T.);
#1570=EDGE_CURVE('',#1264,#1261,#528,.T.);
#1571=EDGE_CURVE('',#1265,#1266,#115,.T.);
#1572=EDGE_CURVE('',#1266,#1267,#529,.T.);
#1573=EDGE_CURVE('',#1267,#1268,#116,.T.);
#1574=EDGE_CURVE('',#1268,#1265,#530,.T.);
#1575=EDGE_CURVE('',#1269,#1270,#117,.T.);
#1576=EDGE_CURVE('',#1270,#1271,#531,.T.);
#1577=EDGE_CURVE('',#1271,#1272,#118,.T.);
#1578=EDGE_CURVE('',#1272,#1269,#532,.T.);
#1579=EDGE_CURVE('',#1273,#1274,#119,.T.);
#1580=EDGE_CURVE('',#1274,#1275,#533,.T.);
#1581=EDGE_CURVE('',#1275,#1276,#120,.T.);
#1582=EDGE_CURVE('',#1276,#1273,#534,.T.);
#1583=EDGE_CURVE('',#1277,#1278,#121,.T.);
#1584=EDGE_CURVE('',#1278,#1279,#535,.T.);
#1585=EDGE_CURVE('',#1279,#1280,#122,.T.);
#1586=EDGE_CURVE('',#1280,#1277,#536,.T.);
#1587=EDGE_CURVE('',#1281,#1282,#123,.T.);
#1588=EDGE_CURVE('',#1282,#1283,#537,.T.);
#1589=EDGE_CURVE('',#1283,#1284,#124,.T.);
#1590=EDGE_CURVE('',#1284,#1281,#538,.T.);
#1591=EDGE_CURVE('',#1285,#1286,#125,.T.);
#1592=EDGE_CURVE('',#1286,#1287,#539,.T.);
#1593=EDGE_CURVE('',#1287,#1288,#126,.T.);
#1594=EDGE_CURVE('',#1288,#1285,#540,.T.);
#1595=EDGE_CURVE('',#1289,#1290,#127,.T.);
#1596=EDGE_CURVE('',#1290,#1291,#541,.T.);
#1597=EDGE_CURVE('',#1291,#1292,#128,.T.);
#1598=EDGE_CURVE('',#1292,#1289,#542,.T.);
#1599=EDGE_CURVE('',#1293,#1294,#129,.T.);
#1600=EDGE_CURVE('',#1294,#1295,#543,.T.);
#1601=EDGE_CURVE('',#1295,#1296,#130,.T.);
#1602=EDGE_CURVE('',#1296,#1293,#544,.T.);
#1603=EDGE_CURVE('',#1297,#1298,#131,.T.);
#1604=EDGE_CURVE('',#1298,#1299,#545,.T.);
#1605=EDGE_CURVE('',#1299,#1300,#132,.T.);
#1606=EDGE_CURVE('',#1300,#1297,#546,.T.);
#1607=EDGE_CURVE('',#1301,#1302,#133,.T.);
#1608=EDGE_CURVE('',#1302,#1303,#547,.T.);
#1609=EDGE_CURVE('',#1303,#1304,#134,.T.);
#1610=EDGE_CURVE('',#1304,#1301,#548,.T.);
#1611=EDGE_CURVE('',#1305,#1306,#135,.T.);
#1612=EDGE_CURVE('',#1306,#1307,#549,.T.);
#1613=EDGE_CURVE('',#1307,#1308,#136,.T.);
#1614=EDGE_CURVE('',#1308,#1305,#550,.T.);
#1615=EDGE_CURVE('',#1309,#1310,#137,.T.);
#1616=EDGE_CURVE('',#1310,#1311,#551,.T.);
#1617=EDGE_CURVE('',#1311,#1312,#138,.T.);
#1618=EDGE_CURVE('',#1312,#1309,#552,.T.);
#1619=EDGE_CURVE('',#1313,#1314,#139,.T.);
#1620=EDGE_CURVE('',#1314,#1315,#553,.T.);
#1621=EDGE_CURVE('',#1315,#1316,#140,.T.);
#1622=EDGE_CURVE('',#1316,#1313,#554,.T.);
#1623=EDGE_CURVE('',#1252,#1317,#555,.T.);
#1624=EDGE_CURVE('',#1318,#1317,#556,.T.);
#1625=EDGE_CURVE('',#1318,#1253,#557,.T.);
#1626=EDGE_CURVE('',#1260,#1319,#558,.T.);
#1627=EDGE_CURVE('',#1320,#1319,#559,.T.);
#1628=EDGE_CURVE('',#1320,#1257,#560,.T.);
#1629=EDGE_CURVE('',#1264,#1321,#561,.T.);
#1630=EDGE_CURVE('',#1322,#1321,#562,.T.);
#1631=EDGE_CURVE('',#1322,#1261,#563,.T.);
#1632=EDGE_CURVE('',#1268,#1323,#564,.T.);
#1633=EDGE_CURVE('',#1324,#1323,#565,.T.);
#1634=EDGE_CURVE('',#1324,#1265,#566,.T.);
#1635=EDGE_CURVE('',#1272,#1325,#567,.T.);
#1636=EDGE_CURVE('',#1326,#1325,#568,.T.);
#1637=EDGE_CURVE('',#1326,#1269,#569,.T.);
#1638=EDGE_CURVE('',#1276,#1327,#570,.T.);
#1639=EDGE_CURVE('',#1328,#1327,#571,.T.);
#1640=EDGE_CURVE('',#1328,#1273,#572,.T.);
#1641=EDGE_CURVE('',#1280,#1329,#573,.T.);
#1642=EDGE_CURVE('',#1330,#1329,#574,.T.);
#1643=EDGE_CURVE('',#1330,#1277,#575,.T.);
#1644=EDGE_CURVE('',#1284,#1331,#576,.T.);
#1645=EDGE_CURVE('',#1332,#1331,#577,.T.);
#1646=EDGE_CURVE('',#1332,#1281,#578,.T.);
#1647=EDGE_CURVE('',#1288,#1333,#579,.T.);
#1648=EDGE_CURVE('',#1334,#1333,#580,.T.);
#1649=EDGE_CURVE('',#1334,#1285,#581,.T.);
#1650=EDGE_CURVE('',#1292,#1335,#582,.T.);
#1651=EDGE_CURVE('',#1336,#1335,#583,.T.);
#1652=EDGE_CURVE('',#1336,#1289,#584,.T.);
#1653=EDGE_CURVE('',#1296,#1337,#585,.T.);
#1654=EDGE_CURVE('',#1338,#1337,#586,.T.);
#1655=EDGE_CURVE('',#1338,#1293,#587,.T.);
#1656=EDGE_CURVE('',#1300,#1339,#588,.T.);
#1657=EDGE_CURVE('',#1340,#1339,#589,.T.);
#1658=EDGE_CURVE('',#1340,#1297,#590,.T.);
#1659=EDGE_CURVE('',#1304,#1341,#591,.T.);
#1660=EDGE_CURVE('',#1342,#1341,#592,.T.);
#1661=EDGE_CURVE('',#1342,#1301,#593,.T.);
#1662=EDGE_CURVE('',#1308,#1343,#594,.T.);
#1663=EDGE_CURVE('',#1344,#1343,#595,.T.);
#1664=EDGE_CURVE('',#1344,#1305,#596,.T.);
#1665=EDGE_CURVE('',#1312,#1345,#597,.T.);
#1666=EDGE_CURVE('',#1346,#1345,#598,.T.);
#1667=EDGE_CURVE('',#1346,#1309,#599,.T.);
#1668=EDGE_CURVE('',#1316,#1347,#600,.T.);
#1669=EDGE_CURVE('',#1348,#1347,#601,.T.);
#1670=EDGE_CURVE('',#1348,#1313,#602,.T.);
#1671=EDGE_CURVE('',#1349,#1315,#603,.T.);
#1672=EDGE_CURVE('',#1350,#1349,#604,.T.);
#1673=EDGE_CURVE('',#1234,#1350,#605,.T.);
#1674=EDGE_CURVE('',#1351,#1233,#606,.T.);
#1675=EDGE_CURVE('',#1347,#1351,#607,.T.);
#1676=EDGE_CURVE('',#1352,#1311,#608,.T.);
#1677=EDGE_CURVE('',#1353,#1352,#609,.T.);
#1678=EDGE_CURVE('',#1226,#1353,#610,.T.);
#1679=EDGE_CURVE('',#1354,#1225,#611,.T.);
#1680=EDGE_CURVE('',#1345,#1354,#612,.T.);
#1681=EDGE_CURVE('',#1355,#1307,#613,.T.);
#1682=EDGE_CURVE('',#1356,#1355,#614,.T.);
#1683=EDGE_CURVE('',#1218,#1356,#615,.T.);
#1684=EDGE_CURVE('',#1357,#1217,#616,.T.);
#1685=EDGE_CURVE('',#1343,#1357,#617,.T.);
#1686=EDGE_CURVE('',#1358,#1303,#618,.T.);
#1687=EDGE_CURVE('',#1359,#1358,#619,.T.);
#1688=EDGE_CURVE('',#1210,#1359,#620,.T.);
#1689=EDGE_CURVE('',#1360,#1209,#621,.T.);
#1690=EDGE_CURVE('',#1341,#1360,#622,.T.);
#1691=EDGE_CURVE('',#1361,#1299,#623,.T.);
#1692=EDGE_CURVE('',#1362,#1361,#624,.T.);
#1693=EDGE_CURVE('',#1202,#1362,#625,.T.);
#1694=EDGE_CURVE('',#1363,#1201,#626,.T.);
#1695=EDGE_CURVE('',#1339,#1363,#627,.T.);
#1696=EDGE_CURVE('',#1364,#1295,#628,.T.);
#1697=EDGE_CURVE('',#1365,#1364,#629,.T.);
#1698=EDGE_CURVE('',#1194,#1365,#630,.T.);
#1699=EDGE_CURVE('',#1366,#1193,#631,.T.);
#1700=EDGE_CURVE('',#1337,#1366,#632,.T.);
#1701=EDGE_CURVE('',#1367,#1291,#633,.T.);
#1702=EDGE_CURVE('',#1368,#1367,#634,.T.);
#1703=EDGE_CURVE('',#1186,#1368,#635,.T.);
#1704=EDGE_CURVE('',#1369,#1185,#636,.T.);
#1705=EDGE_CURVE('',#1335,#1369,#637,.T.);
#1706=EDGE_CURVE('',#1370,#1287,#638,.T.);
#1707=EDGE_CURVE('',#1371,#1370,#639,.T.);
#1708=EDGE_CURVE('',#1182,#1371,#640,.T.);
#1709=EDGE_CURVE('',#1372,#1181,#641,.T.);
#1710=EDGE_CURVE('',#1333,#1372,#642,.T.);
#1711=EDGE_CURVE('',#1373,#1283,#643,.T.);
#1712=EDGE_CURVE('',#1374,#1373,#644,.T.);
#1713=EDGE_CURVE('',#1189,#1374,#645,.T.);
#1714=EDGE_CURVE('',#1375,#1192,#646,.T.);
#1715=EDGE_CURVE('',#1331,#1375,#647,.T.);
#1716=EDGE_CURVE('',#1376,#1279,#648,.T.);
#1717=EDGE_CURVE('',#1377,#1376,#649,.T.);
#1718=EDGE_CURVE('',#1197,#1377,#650,.T.);
#1719=EDGE_CURVE('',#1378,#1200,#651,.T.);
#1720=EDGE_CURVE('',#1329,#1378,#652,.T.);
#1721=EDGE_CURVE('',#1379,#1275,#653,.T.);
#1722=EDGE_CURVE('',#1380,#1379,#654,.T.);
#1723=EDGE_CURVE('',#1205,#1380,#655,.T.);
#1724=EDGE_CURVE('',#1381,#1208,#656,.T.);
#1725=EDGE_CURVE('',#1327,#1381,#657,.T.);
#1726=EDGE_CURVE('',#1382,#1271,#658,.T.);
#1727=EDGE_CURVE('',#1383,#1382,#659,.T.);
#1728=EDGE_CURVE('',#1213,#1383,#660,.T.);
#1729=EDGE_CURVE('',#1384,#1216,#661,.T.);
#1730=EDGE_CURVE('',#1325,#1384,#662,.T.);
#1731=EDGE_CURVE('',#1385,#1267,#663,.T.);
#1732=EDGE_CURVE('',#1386,#1385,#664,.T.);
#1733=EDGE_CURVE('',#1221,#1386,#665,.T.);
#1734=EDGE_CURVE('',#1387,#1224,#666,.T.);
#1735=EDGE_CURVE('',#1323,#1387,#667,.T.);
#1736=EDGE_CURVE('',#1388,#1263,#668,.T.);
#1737=EDGE_CURVE('',#1389,#1388,#669,.T.);
#1738=EDGE_CURVE('',#1229,#1389,#670,.T.);
#1739=EDGE_CURVE('',#1390,#1232,#671,.T.);
#1740=EDGE_CURVE('',#1321,#1390,#672,.T.);
#1741=EDGE_CURVE('',#1391,#1259,#673,.T.);
#1742=EDGE_CURVE('',#1392,#1391,#674,.T.);
#1743=EDGE_CURVE('',#1237,#1392,#675,.T.);
#1744=EDGE_CURVE('',#1393,#1240,#676,.T.);
#1745=EDGE_CURVE('',#1319,#1393,#677,.T.);
#1746=EDGE_CURVE('',#1394,#1348,#678,.T.);
#1747=EDGE_CURVE('',#1236,#1394,#679,.T.);
#1748=EDGE_CURVE('',#1395,#1235,#680,.T.);
#1749=EDGE_CURVE('',#1396,#1395,#681,.T.);
#1750=EDGE_CURVE('',#1314,#1396,#682,.T.);
#1751=EDGE_CURVE('',#1397,#1346,#683,.T.);
#1752=EDGE_CURVE('',#1228,#1397,#684,.T.);
#1753=EDGE_CURVE('',#1398,#1227,#685,.T.);
#1754=EDGE_CURVE('',#1399,#1398,#686,.T.);
#1755=EDGE_CURVE('',#1310,#1399,#687,.T.);
#1756=EDGE_CURVE('',#1400,#1344,#688,.T.);
#1757=EDGE_CURVE('',#1220,#1400,#689,.T.);
#1758=EDGE_CURVE('',#1401,#1219,#690,.T.);
#1759=EDGE_CURVE('',#1402,#1401,#691,.T.);
#1760=EDGE_CURVE('',#1306,#1402,#692,.T.);
#1761=EDGE_CURVE('',#1403,#1342,#693,.T.);
#1762=EDGE_CURVE('',#1212,#1403,#694,.T.);
#1763=EDGE_CURVE('',#1404,#1211,#695,.T.);
#1764=EDGE_CURVE('',#1405,#1404,#696,.T.);
#1765=EDGE_CURVE('',#1302,#1405,#697,.T.);
#1766=EDGE_CURVE('',#1406,#1340,#698,.T.);
#1767=EDGE_CURVE('',#1204,#1406,#699,.T.);
#1768=EDGE_CURVE('',#1407,#1203,#700,.T.);
#1769=EDGE_CURVE('',#1408,#1407,#701,.T.);
#1770=EDGE_CURVE('',#1298,#1408,#702,.T.);
#1771=EDGE_CURVE('',#1409,#1338,#703,.T.);
#1772=EDGE_CURVE('',#1196,#1409,#704,.T.);
#1773=EDGE_CURVE('',#1410,#1195,#705,.T.);
#1774=EDGE_CURVE('',#1411,#1410,#706,.T.);
#1775=EDGE_CURVE('',#1294,#1411,#707,.T.);
#1776=EDGE_CURVE('',#1412,#1336,#708,.T.);
#1777=EDGE_CURVE('',#1188,#1412,#709,.T.);
#1778=EDGE_CURVE('',#1413,#1187,#710,.T.);
#1779=EDGE_CURVE('',#1414,#1413,#711,.T.);
#1780=EDGE_CURVE('',#1290,#1414,#712,.T.);
#1781=EDGE_CURVE('',#1415,#1334,#713,.T.);
#1782=EDGE_CURVE('',#1184,#1415,#714,.T.);
#1783=EDGE_CURVE('',#1416,#1183,#715,.T.);
#1784=EDGE_CURVE('',#1417,#1416,#716,.T.);
#1785=EDGE_CURVE('',#1286,#1417,#717,.T.);
#1786=EDGE_CURVE('',#1418,#1332,#718,.T.);
#1787=EDGE_CURVE('',#1191,#1418,#719,.T.);
#1788=EDGE_CURVE('',#1419,#1190,#720,.T.);
#1789=EDGE_CURVE('',#1420,#1419,#721,.T.);
#1790=EDGE_CURVE('',#1282,#1420,#722,.T.);
#1791=EDGE_CURVE('',#1421,#1330,#723,.T.);
#1792=EDGE_CURVE('',#1199,#1421,#724,.T.);
#1793=EDGE_CURVE('',#1422,#1198,#725,.T.);
#1794=EDGE_CURVE('',#1423,#1422,#726,.T.);
#1795=EDGE_CURVE('',#1278,#1423,#727,.T.);
#1796=EDGE_CURVE('',#1424,#1328,#728,.T.);
#1797=EDGE_CURVE('',#1207,#1424,#729,.T.);
#1798=EDGE_CURVE('',#1425,#1206,#730,.T.);
#1799=EDGE_CURVE('',#1426,#1425,#731,.T.);
#1800=EDGE_CURVE('',#1274,#1426,#732,.T.);
#1801=EDGE_CURVE('',#1427,#1326,#733,.T.);
#1802=EDGE_CURVE('',#1215,#1427,#734,.T.);
#1803=EDGE_CURVE('',#1428,#1214,#735,.T.);
#1804=EDGE_CURVE('',#1429,#1428,#736,.T.);
#1805=EDGE_CURVE('',#1270,#1429,#737,.T.);
#1806=EDGE_CURVE('',#1430,#1324,#738,.T.);
#1807=EDGE_CURVE('',#1223,#1430,#739,.T.);
#1808=EDGE_CURVE('',#1431,#1222,#740,.T.);
#1809=EDGE_CURVE('',#1432,#1431,#741,.T.);
#1810=EDGE_CURVE('',#1266,#1432,#742,.T.);
#1811=EDGE_CURVE('',#1433,#1322,#743,.T.);
#1812=EDGE_CURVE('',#1231,#1433,#744,.T.);
#1813=EDGE_CURVE('',#1434,#1230,#745,.T.);
#1814=EDGE_CURVE('',#1435,#1434,#746,.T.);
#1815=EDGE_CURVE('',#1262,#1435,#747,.T.);
#1816=EDGE_CURVE('',#1436,#1320,#748,.T.);
#1817=EDGE_CURVE('',#1239,#1436,#749,.T.);
#1818=EDGE_CURVE('',#1437,#1238,#750,.T.);
#1819=EDGE_CURVE('',#1438,#1437,#751,.T.);
#1820=EDGE_CURVE('',#1258,#1438,#752,.T.);
#1821=EDGE_CURVE('',#1439,#1318,#753,.T.);
#1822=EDGE_CURVE('',#1177,#1439,#754,.T.);
#1823=EDGE_CURVE('',#1440,#1174,#755,.T.);
#1824=EDGE_CURVE('',#1441,#1440,#756,.T.);
#1825=EDGE_CURVE('',#1255,#1441,#757,.T.);
#1826=EDGE_CURVE('',#1441,#1442,#758,.T.);
#1827=EDGE_CURVE('',#1442,#1256,#759,.T.);
#1828=EDGE_CURVE('',#1440,#1443,#760,.T.);
#1829=EDGE_CURVE('',#1443,#1442,#761,.T.);
#1830=EDGE_CURVE('',#1173,#1443,#762,.T.);
#1831=EDGE_CURVE('',#1436,#1393,#763,.T.);
#1832=EDGE_CURVE('',#1438,#1391,#764,.T.);
#1833=EDGE_CURVE('',#1437,#1392,#765,.T.);
#1834=EDGE_CURVE('',#1433,#1390,#766,.T.);
#1835=EDGE_CURVE('',#1435,#1388,#767,.T.);
#1836=EDGE_CURVE('',#1434,#1389,#768,.T.);
#1837=EDGE_CURVE('',#1430,#1387,#769,.T.);
#1838=EDGE_CURVE('',#1432,#1385,#770,.T.);
#1839=EDGE_CURVE('',#1431,#1386,#771,.T.);
#1840=EDGE_CURVE('',#1427,#1384,#772,.T.);
#1841=EDGE_CURVE('',#1429,#1382,#773,.T.);
#1842=EDGE_CURVE('',#1428,#1383,#774,.T.);
#1843=EDGE_CURVE('',#1424,#1381,#775,.T.);
#1844=EDGE_CURVE('',#1426,#1379,#776,.T.);
#1845=EDGE_CURVE('',#1425,#1380,#777,.T.);
#1846=EDGE_CURVE('',#1421,#1378,#778,.T.);
#1847=EDGE_CURVE('',#1423,#1376,#779,.T.);
#1848=EDGE_CURVE('',#1422,#1377,#780,.T.);
#1849=EDGE_CURVE('',#1418,#1375,#781,.T.);
#1850=EDGE_CURVE('',#1420,#1373,#782,.T.);
#1851=EDGE_CURVE('',#1419,#1374,#783,.T.);
#1852=EDGE_CURVE('',#1415,#1372,#784,.T.);
#1853=EDGE_CURVE('',#1417,#1370,#785,.T.);
#1854=EDGE_CURVE('',#1416,#1371,#786,.T.);
#1855=EDGE_CURVE('',#1412,#1369,#787,.T.);
#1856=EDGE_CURVE('',#1414,#1367,#788,.T.);
#1857=EDGE_CURVE('',#1413,#1368,#789,.T.);
#1858=EDGE_CURVE('',#1409,#1366,#790,.T.);
#1859=EDGE_CURVE('',#1411,#1364,#791,.T.);
#1860=EDGE_CURVE('',#1410,#1365,#792,.T.);
#1861=EDGE_CURVE('',#1406,#1363,#793,.T.);
#1862=EDGE_CURVE('',#1408,#1361,#794,.T.);
#1863=EDGE_CURVE('',#1407,#1362,#795,.T.);
#1864=EDGE_CURVE('',#1403,#1360,#796,.T.);
#1865=EDGE_CURVE('',#1405,#1358,#797,.T.);
#1866=EDGE_CURVE('',#1404,#1359,#798,.T.);
#1867=EDGE_CURVE('',#1400,#1357,#799,.T.);
#1868=EDGE_CURVE('',#1402,#1355,#800,.T.);
#1869=EDGE_CURVE('',#1401,#1356,#801,.T.);
#1870=EDGE_CURVE('',#1397,#1354,#802,.T.);
#1871=EDGE_CURVE('',#1399,#1352,#803,.T.);
#1872=EDGE_CURVE('',#1398,#1353,#804,.T.);
#1873=EDGE_CURVE('',#1394,#1351,#805,.T.);
#1874=EDGE_CURVE('',#1396,#1349,#806,.T.);
#1875=EDGE_CURVE('',#1395,#1350,#807,.T.);
#1876=EDGE_CURVE('',#1439,#1444,#808,.T.);
#1877=EDGE_CURVE('',#1444,#1178,#809,.T.);
#1878=EDGE_CURVE('',#1317,#1444,#810,.T.);
#1879=ORIENTED_EDGE('',*,*,#1445,.F.);
#1880=ORIENTED_EDGE('',*,*,#1446,.T.);
#1881=ORIENTED_EDGE('',*,*,#1447,.F.);
#1882=ORIENTED_EDGE('',*,*,#1448,.F.);
#1883=ORIENTED_EDGE('',*,*,#1449,.F.);
#1884=ORIENTED_EDGE('',*,*,#1450,.T.);
#1885=ORIENTED_EDGE('',*,*,#1451,.F.);
#1886=ORIENTED_EDGE('',*,*,#1446,.F.);
#1887=ORIENTED_EDGE('',*,*,#1452,.F.);
#1888=ORIENTED_EDGE('',*,*,#1453,.F.);
#1889=ORIENTED_EDGE('',*,*,#1454,.F.);
#1890=ORIENTED_EDGE('',*,*,#1455,.T.);
#1891=ORIENTED_EDGE('',*,*,#1456,.F.);
#1892=ORIENTED_EDGE('',*,*,#1457,.F.);
#1893=ORIENTED_EDGE('',*,*,#1458,.F.);
#1894=ORIENTED_EDGE('',*,*,#1453,.T.);
#1895=ORIENTED_EDGE('',*,*,#1459,.T.);
#1896=ORIENTED_EDGE('',*,*,#1460,.T.);
#1897=ORIENTED_EDGE('',*,*,#1461,.T.);
#1898=ORIENTED_EDGE('',*,*,#1456,.T.);
#1899=ORIENTED_EDGE('',*,*,#1452,.T.);
#1900=ORIENTED_EDGE('',*,*,#1462,.T.);
#1901=ORIENTED_EDGE('',*,*,#1460,.F.);
#1902=ORIENTED_EDGE('',*,*,#1463,.T.);
#1903=ORIENTED_EDGE('',*,*,#1464,.T.);
#1904=ORIENTED_EDGE('',*,*,#1465,.T.);
#1905=ORIENTED_EDGE('',*,*,#1449,.T.);
#1906=ORIENTED_EDGE('',*,*,#1445,.T.);
#1907=ORIENTED_EDGE('',*,*,#1466,.T.);
#1908=ORIENTED_EDGE('',*,*,#1464,.F.);
#1909=ORIENTED_EDGE('',*,*,#1467,.T.);
#1910=ORIENTED_EDGE('',*,*,#1468,.T.);
#1911=ORIENTED_EDGE('',*,*,#1469,.T.);
#1912=ORIENTED_EDGE('',*,*,#1470,.T.);
#1913=ORIENTED_EDGE('',*,*,#1471,.T.);
#1914=ORIENTED_EDGE('',*,*,#1472,.T.);
#1915=ORIENTED_EDGE('',*,*,#1473,.F.);
#1916=ORIENTED_EDGE('',*,*,#1472,.F.);
#1917=ORIENTED_EDGE('',*,*,#1474,.T.);
#1918=ORIENTED_EDGE('',*,*,#1475,.T.);
#1919=ORIENTED_EDGE('',*,*,#1476,.T.);
#1920=ORIENTED_EDGE('',*,*,#1468,.F.);
#1921=ORIENTED_EDGE('',*,*,#1447,.T.);
#1922=ORIENTED_EDGE('',*,*,#1451,.T.);
#1923=ORIENTED_EDGE('',*,*,#1477,.T.);
#1924=ORIENTED_EDGE('',*,*,#1478,.T.);
#1925=ORIENTED_EDGE('',*,*,#1454,.T.);
#1926=ORIENTED_EDGE('',*,*,#1458,.T.);
#1927=ORIENTED_EDGE('',*,*,#1479,.T.);
#1928=ORIENTED_EDGE('',*,*,#1480,.T.);
#1929=ORIENTED_EDGE('',*,*,#1481,.T.);
#1930=ORIENTED_EDGE('',*,*,#1482,.T.);
#1931=ORIENTED_EDGE('',*,*,#1483,.T.);
#1932=ORIENTED_EDGE('',*,*,#1484,.T.);
#1933=ORIENTED_EDGE('',*,*,#1485,.T.);
#1934=ORIENTED_EDGE('',*,*,#1486,.T.);
#1935=ORIENTED_EDGE('',*,*,#1487,.T.);
#1936=ORIENTED_EDGE('',*,*,#1488,.T.);
#1937=ORIENTED_EDGE('',*,*,#1489,.T.);
#1938=ORIENTED_EDGE('',*,*,#1490,.T.);
#1939=ORIENTED_EDGE('',*,*,#1491,.T.);
#1940=ORIENTED_EDGE('',*,*,#1492,.T.);
#1941=ORIENTED_EDGE('',*,*,#1493,.T.);
#1942=ORIENTED_EDGE('',*,*,#1494,.T.);
#1943=ORIENTED_EDGE('',*,*,#1495,.T.);
#1944=ORIENTED_EDGE('',*,*,#1496,.T.);
#1945=ORIENTED_EDGE('',*,*,#1497,.T.);
#1946=ORIENTED_EDGE('',*,*,#1498,.T.);
#1947=ORIENTED_EDGE('',*,*,#1499,.T.);
#1948=ORIENTED_EDGE('',*,*,#1500,.T.);
#1949=ORIENTED_EDGE('',*,*,#1501,.T.);
#1950=ORIENTED_EDGE('',*,*,#1502,.T.);
#1951=ORIENTED_EDGE('',*,*,#1503,.T.);
#1952=ORIENTED_EDGE('',*,*,#1504,.T.);
#1953=ORIENTED_EDGE('',*,*,#1505,.T.);
#1954=ORIENTED_EDGE('',*,*,#1506,.T.);
#1955=ORIENTED_EDGE('',*,*,#1507,.T.);
#1956=ORIENTED_EDGE('',*,*,#1508,.T.);
#1957=ORIENTED_EDGE('',*,*,#1509,.T.);
#1958=ORIENTED_EDGE('',*,*,#1510,.T.);
#1959=ORIENTED_EDGE('',*,*,#1511,.T.);
#1960=ORIENTED_EDGE('',*,*,#1512,.T.);
#1961=ORIENTED_EDGE('',*,*,#1513,.T.);
#1962=ORIENTED_EDGE('',*,*,#1514,.T.);
#1963=ORIENTED_EDGE('',*,*,#1515,.T.);
#1964=ORIENTED_EDGE('',*,*,#1516,.T.);
#1965=ORIENTED_EDGE('',*,*,#1517,.T.);
#1966=ORIENTED_EDGE('',*,*,#1518,.T.);
#1967=ORIENTED_EDGE('',*,*,#1519,.T.);
#1968=ORIENTED_EDGE('',*,*,#1520,.T.);
#1969=ORIENTED_EDGE('',*,*,#1521,.T.);
#1970=ORIENTED_EDGE('',*,*,#1522,.T.);
#1971=ORIENTED_EDGE('',*,*,#1523,.T.);
#1972=ORIENTED_EDGE('',*,*,#1524,.T.);
#1973=ORIENTED_EDGE('',*,*,#1525,.T.);
#1974=ORIENTED_EDGE('',*,*,#1526,.T.);
#1975=ORIENTED_EDGE('',*,*,#1527,.T.);
#1976=ORIENTED_EDGE('',*,*,#1528,.T.);
#1977=ORIENTED_EDGE('',*,*,#1529,.T.);
#1978=ORIENTED_EDGE('',*,*,#1530,.T.);
#1979=ORIENTED_EDGE('',*,*,#1531,.T.);
#1980=ORIENTED_EDGE('',*,*,#1532,.T.);
#1981=ORIENTED_EDGE('',*,*,#1533,.T.);
#1982=ORIENTED_EDGE('',*,*,#1534,.T.);
#1983=ORIENTED_EDGE('',*,*,#1535,.T.);
#1984=ORIENTED_EDGE('',*,*,#1536,.T.);
#1985=ORIENTED_EDGE('',*,*,#1537,.T.);
#1986=ORIENTED_EDGE('',*,*,#1538,.T.);
#1987=ORIENTED_EDGE('',*,*,#1539,.T.);
#1988=ORIENTED_EDGE('',*,*,#1540,.T.);
#1989=ORIENTED_EDGE('',*,*,#1457,.T.);
#1990=ORIENTED_EDGE('',*,*,#1461,.F.);
#1991=ORIENTED_EDGE('',*,*,#1462,.F.);
#1992=ORIENTED_EDGE('',*,*,#1455,.F.);
#1993=ORIENTED_EDGE('',*,*,#1480,.F.);
#1994=ORIENTED_EDGE('',*,*,#1479,.F.);
#1995=ORIENTED_EDGE('',*,*,#1541,.F.);
#1996=ORIENTED_EDGE('',*,*,#1542,.F.);
#1997=ORIENTED_EDGE('',*,*,#1543,.F.);
#1998=ORIENTED_EDGE('',*,*,#1544,.F.);
#1999=ORIENTED_EDGE('',*,*,#1459,.F.);
#2000=ORIENTED_EDGE('',*,*,#1450,.F.);
#2001=ORIENTED_EDGE('',*,*,#1465,.F.);
#2002=ORIENTED_EDGE('',*,*,#1466,.F.);
#2003=ORIENTED_EDGE('',*,*,#1448,.T.);
#2004=ORIENTED_EDGE('',*,*,#1478,.F.);
#2005=ORIENTED_EDGE('',*,*,#1477,.F.);
#2006=ORIENTED_EDGE('',*,*,#1545,.F.);
#2007=ORIENTED_EDGE('',*,*,#1546,.F.);
#2008=ORIENTED_EDGE('',*,*,#1547,.T.);
#2009=ORIENTED_EDGE('',*,*,#1548,.F.);
#2010=ORIENTED_EDGE('',*,*,#1463,.F.);
#2011=ORIENTED_EDGE('',*,*,#1549,.F.);
#2012=ORIENTED_EDGE('',*,*,#1543,.T.);
#2013=ORIENTED_EDGE('',*,*,#1541,.T.);
#2014=ORIENTED_EDGE('',*,*,#1550,.T.);
#2015=ORIENTED_EDGE('',*,*,#1551,.T.);
#2016=ORIENTED_EDGE('',*,*,#1545,.T.);
#2017=ORIENTED_EDGE('',*,*,#1552,.T.);
#2018=ORIENTED_EDGE('',*,*,#1473,.T.);
#2019=ORIENTED_EDGE('',*,*,#1553,.F.);
#2020=ORIENTED_EDGE('',*,*,#1554,.T.);
#2021=ORIENTED_EDGE('',*,*,#1555,.T.);
#2022=ORIENTED_EDGE('',*,*,#1556,.T.);
#2023=ORIENTED_EDGE('',*,*,#1557,.T.);
#2024=ORIENTED_EDGE('',*,*,#1558,.T.);
#2025=ORIENTED_EDGE('',*,*,#1550,.F.);
#2026=ORIENTED_EDGE('',*,*,#1544,.T.);
#2027=ORIENTED_EDGE('',*,*,#1549,.T.);
#2028=ORIENTED_EDGE('',*,*,#1542,.T.);
#2029=ORIENTED_EDGE('',*,*,#1552,.F.);
#2030=ORIENTED_EDGE('',*,*,#1548,.T.);
#2031=ORIENTED_EDGE('',*,*,#1559,.T.);
#2032=ORIENTED_EDGE('',*,*,#1546,.T.);
#2033=ORIENTED_EDGE('',*,*,#1551,.F.);
#2034=ORIENTED_EDGE('',*,*,#1558,.F.);
#2035=ORIENTED_EDGE('',*,*,#1560,.T.);
#2036=ORIENTED_EDGE('',*,*,#1561,.T.);
#2037=ORIENTED_EDGE('',*,*,#1562,.T.);
#2038=ORIENTED_EDGE('',*,*,#1554,.F.);
#2039=ORIENTED_EDGE('',*,*,#1563,.T.);
#2040=ORIENTED_EDGE('',*,*,#1564,.T.);
#2041=ORIENTED_EDGE('',*,*,#1565,.T.);
#2042=ORIENTED_EDGE('',*,*,#1566,.T.);
#2043=ORIENTED_EDGE('',*,*,#1567,.T.);
#2044=ORIENTED_EDGE('',*,*,#1568,.T.);
#2045=ORIENTED_EDGE('',*,*,#1569,.T.);
#2046=ORIENTED_EDGE('',*,*,#1570,.T.);
#2047=ORIENTED_EDGE('',*,*,#1571,.T.);
#2048=ORIENTED_EDGE('',*,*,#1572,.T.);
#2049=ORIENTED_EDGE('',*,*,#1573,.T.);
#2050=ORIENTED_EDGE('',*,*,#1574,.T.);
#2051=ORIENTED_EDGE('',*,*,#1575,.T.);
#2052=ORIENTED_EDGE('',*,*,#1576,.T.);
#2053=ORIENTED_EDGE('',*,*,#1577,.T.);
#2054=ORIENTED_EDGE('',*,*,#1578,.T.);
#2055=ORIENTED_EDGE('',*,*,#1579,.T.);
#2056=ORIENTED_EDGE('',*,*,#1580,.T.);
#2057=ORIENTED_EDGE('',*,*,#1581,.T.);
#2058=ORIENTED_EDGE('',*,*,#1582,.T.);
#2059=ORIENTED_EDGE('',*,*,#1583,.T.);
#2060=ORIENTED_EDGE('',*,*,#1584,.T.);
#2061=ORIENTED_EDGE('',*,*,#1585,.T.);
#2062=ORIENTED_EDGE('',*,*,#1586,.T.);
#2063=ORIENTED_EDGE('',*,*,#1587,.T.);
#2064=ORIENTED_EDGE('',*,*,#1588,.T.);
#2065=ORIENTED_EDGE('',*,*,#1589,.T.);
#2066=ORIENTED_EDGE('',*,*,#1590,.T.);
#2067=ORIENTED_EDGE('',*,*,#1591,.T.);
#2068=ORIENTED_EDGE('',*,*,#1592,.T.);
#2069=ORIENTED_EDGE('',*,*,#1593,.T.);
#2070=ORIENTED_EDGE('',*,*,#1594,.T.);
#2071=ORIENTED_EDGE('',*,*,#1595,.T.);
#2072=ORIENTED_EDGE('',*,*,#1596,.T.);
#2073=ORIENTED_EDGE('',*,*,#1597,.T.);
#2074=ORIENTED_EDGE('',*,*,#1598,.T.);
#2075=ORIENTED_EDGE('',*,*,#1599,.T.);
#2076=ORIENTED_EDGE('',*,*,#1600,.T.);
#2077=ORIENTED_EDGE('',*,*,#1601,.T.);
#2078=ORIENTED_EDGE('',*,*,#1602,.T.);
#2079=ORIENTED_EDGE('',*,*,#1603,.T.);
#2080=ORIENTED_EDGE('',*,*,#1604,.T.);
#2081=ORIENTED_EDGE('',*,*,#1605,.T.);
#2082=ORIENTED_EDGE('',*,*,#1606,.T.);
#2083=ORIENTED_EDGE('',*,*,#1607,.T.);
#2084=ORIENTED_EDGE('',*,*,#1608,.T.);
#2085=ORIENTED_EDGE('',*,*,#1609,.T.);
#2086=ORIENTED_EDGE('',*,*,#1610,.T.);
#2087=ORIENTED_EDGE('',*,*,#1611,.T.);
#2088=ORIENTED_EDGE('',*,*,#1612,.T.);
#2089=ORIENTED_EDGE('',*,*,#1613,.T.);
#2090=ORIENTED_EDGE('',*,*,#1614,.T.);
#2091=ORIENTED_EDGE('',*,*,#1615,.T.);
#2092=ORIENTED_EDGE('',*,*,#1616,.T.);
#2093=ORIENTED_EDGE('',*,*,#1617,.T.);
#2094=ORIENTED_EDGE('',*,*,#1618,.T.);
#2095=ORIENTED_EDGE('',*,*,#1619,.T.);
#2096=ORIENTED_EDGE('',*,*,#1620,.T.);
#2097=ORIENTED_EDGE('',*,*,#1621,.T.);
#2098=ORIENTED_EDGE('',*,*,#1622,.T.);
#2099=ORIENTED_EDGE('',*,*,#1559,.F.);
#2100=ORIENTED_EDGE('',*,*,#1547,.F.);
#2101=ORIENTED_EDGE('',*,*,#1556,.F.);
#2102=ORIENTED_EDGE('',*,*,#1623,.T.);
#2103=ORIENTED_EDGE('',*,*,#1624,.F.);
#2104=ORIENTED_EDGE('',*,*,#1625,.T.);
#2105=ORIENTED_EDGE('',*,*,#1566,.F.);
#2106=ORIENTED_EDGE('',*,*,#1626,.T.);
#2107=ORIENTED_EDGE('',*,*,#1627,.F.);
#2108=ORIENTED_EDGE('',*,*,#1628,.T.);
#2109=ORIENTED_EDGE('',*,*,#1570,.F.);
#2110=ORIENTED_EDGE('',*,*,#1629,.T.);
#2111=ORIENTED_EDGE('',*,*,#1630,.F.);
#2112=ORIENTED_EDGE('',*,*,#1631,.T.);
#2113=ORIENTED_EDGE('',*,*,#1574,.F.);
#2114=ORIENTED_EDGE('',*,*,#1632,.T.);
#2115=ORIENTED_EDGE('',*,*,#1633,.F.);
#2116=ORIENTED_EDGE('',*,*,#1634,.T.);
#2117=ORIENTED_EDGE('',*,*,#1578,.F.);
#2118=ORIENTED_EDGE('',*,*,#1635,.T.);
#2119=ORIENTED_EDGE('',*,*,#1636,.F.);
#2120=ORIENTED_EDGE('',*,*,#1637,.T.);
#2121=ORIENTED_EDGE('',*,*,#1582,.F.);
#2122=ORIENTED_EDGE('',*,*,#1638,.T.);
#2123=ORIENTED_EDGE('',*,*,#1639,.F.);
#2124=ORIENTED_EDGE('',*,*,#1640,.T.);
#2125=ORIENTED_EDGE('',*,*,#1586,.F.);
#2126=ORIENTED_EDGE('',*,*,#1641,.T.);
#2127=ORIENTED_EDGE('',*,*,#1642,.F.);
#2128=ORIENTED_EDGE('',*,*,#1643,.T.);
#2129=ORIENTED_EDGE('',*,*,#1590,.F.);
#2130=ORIENTED_EDGE('',*,*,#1644,.T.);
#2131=ORIENTED_EDGE('',*,*,#1645,.F.);
#2132=ORIENTED_EDGE('',*,*,#1646,.T.);
#2133=ORIENTED_EDGE('',*,*,#1594,.F.);
#2134=ORIENTED_EDGE('',*,*,#1647,.T.);
#2135=ORIENTED_EDGE('',*,*,#1648,.F.);
#2136=ORIENTED_EDGE('',*,*,#1649,.T.);
#2137=ORIENTED_EDGE('',*,*,#1598,.F.);
#2138=ORIENTED_EDGE('',*,*,#1650,.T.);
#2139=ORIENTED_EDGE('',*,*,#1651,.F.);
#2140=ORIENTED_EDGE('',*,*,#1652,.T.);
#2141=ORIENTED_EDGE('',*,*,#1602,.F.);
#2142=ORIENTED_EDGE('',*,*,#1653,.T.);
#2143=ORIENTED_EDGE('',*,*,#1654,.F.);
#2144=ORIENTED_EDGE('',*,*,#1655,.T.);
#2145=ORIENTED_EDGE('',*,*,#1606,.F.);
#2146=ORIENTED_EDGE('',*,*,#1656,.T.);
#2147=ORIENTED_EDGE('',*,*,#1657,.F.);
#2148=ORIENTED_EDGE('',*,*,#1658,.T.);
#2149=ORIENTED_EDGE('',*,*,#1610,.F.);
#2150=ORIENTED_EDGE('',*,*,#1659,.T.);
#2151=ORIENTED_EDGE('',*,*,#1660,.F.);
#2152=ORIENTED_EDGE('',*,*,#1661,.T.);
#2153=ORIENTED_EDGE('',*,*,#1614,.F.);
#2154=ORIENTED_EDGE('',*,*,#1662,.T.);
#2155=ORIENTED_EDGE('',*,*,#1663,.F.);
#2156=ORIENTED_EDGE('',*,*,#1664,.T.);
#2157=ORIENTED_EDGE('',*,*,#1618,.F.);
#2158=ORIENTED_EDGE('',*,*,#1665,.T.);
#2159=ORIENTED_EDGE('',*,*,#1666,.F.);
#2160=ORIENTED_EDGE('',*,*,#1667,.T.);
#2161=ORIENTED_EDGE('',*,*,#1622,.F.);
#2162=ORIENTED_EDGE('',*,*,#1668,.T.);
#2163=ORIENTED_EDGE('',*,*,#1669,.F.);
#2164=ORIENTED_EDGE('',*,*,#1670,.T.);
#2165=ORIENTED_EDGE('',*,*,#1621,.F.);
#2166=ORIENTED_EDGE('',*,*,#1671,.F.);
#2167=ORIENTED_EDGE('',*,*,#1672,.F.);
#2168=ORIENTED_EDGE('',*,*,#1673,.F.);
#2169=ORIENTED_EDGE('',*,*,#1533,.F.);
#2170=ORIENTED_EDGE('',*,*,#1674,.F.);
#2171=ORIENTED_EDGE('',*,*,#1675,.F.);
#2172=ORIENTED_EDGE('',*,*,#1668,.F.);
#2173=ORIENTED_EDGE('',*,*,#1617,.F.);
#2174=ORIENTED_EDGE('',*,*,#1676,.F.);
#2175=ORIENTED_EDGE('',*,*,#1677,.F.);
#2176=ORIENTED_EDGE('',*,*,#1678,.F.);
#2177=ORIENTED_EDGE('',*,*,#1525,.F.);
#2178=ORIENTED_EDGE('',*,*,#1679,.F.);
#2179=ORIENTED_EDGE('',*,*,#1680,.F.);
#2180=ORIENTED_EDGE('',*,*,#1665,.F.);
#2181=ORIENTED_EDGE('',*,*,#1613,.F.);
#2182=ORIENTED_EDGE('',*,*,#1681,.F.);
#2183=ORIENTED_EDGE('',*,*,#1682,.F.);
#2184=ORIENTED_EDGE('',*,*,#1683,.F.);
#2185=ORIENTED_EDGE('',*,*,#1517,.F.);
#2186=ORIENTED_EDGE('',*,*,#1684,.F.);
#2187=ORIENTED_EDGE('',*,*,#1685,.F.);
#2188=ORIENTED_EDGE('',*,*,#1662,.F.);
#2189=ORIENTED_EDGE('',*,*,#1609,.F.);
#2190=ORIENTED_EDGE('',*,*,#1686,.F.);
#2191=ORIENTED_EDGE('',*,*,#1687,.F.);
#2192=ORIENTED_EDGE('',*,*,#1688,.F.);
#2193=ORIENTED_EDGE('',*,*,#1509,.F.);
#2194=ORIENTED_EDGE('',*,*,#1689,.F.);
#2195=ORIENTED_EDGE('',*,*,#1690,.F.);
#2196=ORIENTED_EDGE('',*,*,#1659,.F.);
#2197=ORIENTED_EDGE('',*,*,#1605,.F.);
#2198=ORIENTED_EDGE('',*,*,#1691,.F.);
#2199=ORIENTED_EDGE('',*,*,#1692,.F.);
#2200=ORIENTED_EDGE('',*,*,#1693,.F.);
#2201=ORIENTED_EDGE('',*,*,#1501,.F.);
#2202=ORIENTED_EDGE('',*,*,#1694,.F.);
#2203=ORIENTED_EDGE('',*,*,#1695,.F.);
#2204=ORIENTED_EDGE('',*,*,#1656,.F.);
#2205=ORIENTED_EDGE('',*,*,#1601,.F.);
#2206=ORIENTED_EDGE('',*,*,#1696,.F.);
#2207=ORIENTED_EDGE('',*,*,#1697,.F.);
#2208=ORIENTED_EDGE('',*,*,#1698,.F.);
#2209=ORIENTED_EDGE('',*,*,#1493,.F.);
#2210=ORIENTED_EDGE('',*,*,#1699,.F.);
#2211=ORIENTED_EDGE('',*,*,#1700,.F.);
#2212=ORIENTED_EDGE('',*,*,#1653,.F.);
#2213=ORIENTED_EDGE('',*,*,#1597,.F.);
#2214=ORIENTED_EDGE('',*,*,#1701,.F.);
#2215=ORIENTED_EDGE('',*,*,#1702,.F.);
#2216=ORIENTED_EDGE('',*,*,#1703,.F.);
#2217=ORIENTED_EDGE('',*,*,#1485,.F.);
#2218=ORIENTED_EDGE('',*,*,#1704,.F.);
#2219=ORIENTED_EDGE('',*,*,#1705,.F.);
#2220=ORIENTED_EDGE('',*,*,#1650,.F.);
#2221=ORIENTED_EDGE('',*,*,#1593,.F.);
#2222=ORIENTED_EDGE('',*,*,#1706,.F.);
#2223=ORIENTED_EDGE('',*,*,#1707,.F.);
#2224=ORIENTED_EDGE('',*,*,#1708,.F.);
#2225=ORIENTED_EDGE('',*,*,#1481,.F.);
#2226=ORIENTED_EDGE('',*,*,#1709,.F.);
#2227=ORIENTED_EDGE('',*,*,#1710,.F.);
#2228=ORIENTED_EDGE('',*,*,#1647,.F.);
#2229=ORIENTED_EDGE('',*,*,#1589,.F.);
#2230=ORIENTED_EDGE('',*,*,#1711,.F.);
#2231=ORIENTED_EDGE('',*,*,#1712,.F.);
#2232=ORIENTED_EDGE('',*,*,#1713,.F.);
#2233=ORIENTED_EDGE('',*,*,#1492,.F.);
#2234=ORIENTED_EDGE('',*,*,#1714,.F.);
#2235=ORIENTED_EDGE('',*,*,#1715,.F.);
#2236=ORIENTED_EDGE('',*,*,#1644,.F.);
#2237=ORIENTED_EDGE('',*,*,#1585,.F.);
#2238=ORIENTED_EDGE('',*,*,#1716,.F.);
#2239=ORIENTED_EDGE('',*,*,#1717,.F.);
#2240=ORIENTED_EDGE('',*,*,#1718,.F.);
#2241=ORIENTED_EDGE('',*,*,#1500,.F.);
#2242=ORIENTED_EDGE('',*,*,#1719,.F.);
#2243=ORIENTED_EDGE('',*,*,#1720,.F.);
#2244=ORIENTED_EDGE('',*,*,#1641,.F.);
#2245=ORIENTED_EDGE('',*,*,#1581,.F.);
#2246=ORIENTED_EDGE('',*,*,#1721,.F.);
#2247=ORIENTED_EDGE('',*,*,#1722,.F.);
#2248=ORIENTED_EDGE('',*,*,#1723,.F.);
#2249=ORIENTED_EDGE('',*,*,#1508,.F.);
#2250=ORIENTED_EDGE('',*,*,#1724,.F.);
#2251=ORIENTED_EDGE('',*,*,#1725,.F.);
#2252=ORIENTED_EDGE('',*,*,#1638,.F.);
#2253=ORIENTED_EDGE('',*,*,#1577,.F.);
#2254=ORIENTED_EDGE('',*,*,#1726,.F.);
#2255=ORIENTED_EDGE('',*,*,#1727,.F.);
#2256=ORIENTED_EDGE('',*,*,#1728,.F.);
#2257=ORIENTED_EDGE('',*,*,#1516,.F.);
#2258=ORIENTED_EDGE('',*,*,#1729,.F.);
#2259=ORIENTED_EDGE('',*,*,#1730,.F.);
#2260=ORIENTED_EDGE('',*,*,#1635,.F.);
#2261=ORIENTED_EDGE('',*,*,#1573,.F.);
#2262=ORIENTED_EDGE('',*,*,#1731,.F.);
#2263=ORIENTED_EDGE('',*,*,#1732,.F.);
#2264=ORIENTED_EDGE('',*,*,#1733,.F.);
#2265=ORIENTED_EDGE('',*,*,#1524,.F.);
#2266=ORIENTED_EDGE('',*,*,#1734,.F.);
#2267=ORIENTED_EDGE('',*,*,#1735,.F.);
#2268=ORIENTED_EDGE('',*,*,#1632,.F.);
#2269=ORIENTED_EDGE('',*,*,#1569,.F.);
#2270=ORIENTED_EDGE('',*,*,#1736,.F.);
#2271=ORIENTED_EDGE('',*,*,#1737,.F.);
#2272=ORIENTED_EDGE('',*,*,#1738,.F.);
#2273=ORIENTED_EDGE('',*,*,#1532,.F.);
#2274=ORIENTED_EDGE('',*,*,#1739,.F.);
#2275=ORIENTED_EDGE('',*,*,#1740,.F.);
#2276=ORIENTED_EDGE('',*,*,#1629,.F.);
#2277=ORIENTED_EDGE('',*,*,#1565,.F.);
#2278=ORIENTED_EDGE('',*,*,#1741,.F.);
#2279=ORIENTED_EDGE('',*,*,#1742,.F.);
#2280=ORIENTED_EDGE('',*,*,#1743,.F.);
#2281=ORIENTED_EDGE('',*,*,#1540,.F.);
#2282=ORIENTED_EDGE('',*,*,#1744,.F.);
#2283=ORIENTED_EDGE('',*,*,#1745,.F.);
#2284=ORIENTED_EDGE('',*,*,#1626,.F.);
#2285=ORIENTED_EDGE('',*,*,#1619,.F.);
#2286=ORIENTED_EDGE('',*,*,#1670,.F.);
#2287=ORIENTED_EDGE('',*,*,#1746,.F.);
#2288=ORIENTED_EDGE('',*,*,#1747,.F.);
#2289=ORIENTED_EDGE('',*,*,#1535,.F.);
#2290=ORIENTED_EDGE('',*,*,#1748,.F.);
#2291=ORIENTED_EDGE('',*,*,#1749,.F.);
#2292=ORIENTED_EDGE('',*,*,#1750,.F.);
#2293=ORIENTED_EDGE('',*,*,#1615,.F.);
#2294=ORIENTED_EDGE('',*,*,#1667,.F.);
#2295=ORIENTED_EDGE('',*,*,#1751,.F.);
#2296=ORIENTED_EDGE('',*,*,#1752,.F.);
#2297=ORIENTED_EDGE('',*,*,#1527,.F.);
#2298=ORIENTED_EDGE('',*,*,#1753,.F.);
#2299=ORIENTED_EDGE('',*,*,#1754,.F.);
#2300=ORIENTED_EDGE('',*,*,#1755,.F.);
#2301=ORIENTED_EDGE('',*,*,#1611,.F.);
#2302=ORIENTED_EDGE('',*,*,#1664,.F.);
#2303=ORIENTED_EDGE('',*,*,#1756,.F.);
#2304=ORIENTED_EDGE('',*,*,#1757,.F.);
#2305=ORIENTED_EDGE('',*,*,#1519,.F.);
#2306=ORIENTED_EDGE('',*,*,#1758,.F.);
#2307=ORIENTED_EDGE('',*,*,#1759,.F.);
#2308=ORIENTED_EDGE('',*,*,#1760,.F.);
#2309=ORIENTED_EDGE('',*,*,#1607,.F.);
#2310=ORIENTED_EDGE('',*,*,#1661,.F.);
#2311=ORIENTED_EDGE('',*,*,#1761,.F.);
#2312=ORIENTED_EDGE('',*,*,#1762,.F.);
#2313=ORIENTED_EDGE('',*,*,#1511,.F.);
#2314=ORIENTED_EDGE('',*,*,#1763,.F.);
#2315=ORIENTED_EDGE('',*,*,#1764,.F.);
#2316=ORIENTED_EDGE('',*,*,#1765,.F.);
#2317=ORIENTED_EDGE('',*,*,#1603,.F.);
#2318=ORIENTED_EDGE('',*,*,#1658,.F.);
#2319=ORIENTED_EDGE('',*,*,#1766,.F.);
#2320=ORIENTED_EDGE('',*,*,#1767,.F.);
#2321=ORIENTED_EDGE('',*,*,#1503,.F.);
#2322=ORIENTED_EDGE('',*,*,#1768,.F.);
#2323=ORIENTED_EDGE('',*,*,#1769,.F.);
#2324=ORIENTED_EDGE('',*,*,#1770,.F.);
#2325=ORIENTED_EDGE('',*,*,#1599,.F.);
#2326=ORIENTED_EDGE('',*,*,#1655,.F.);
#2327=ORIENTED_EDGE('',*,*,#1771,.F.);
#2328=ORIENTED_EDGE('',*,*,#1772,.F.);
#2329=ORIENTED_EDGE('',*,*,#1495,.F.);
#2330=ORIENTED_EDGE('',*,*,#1773,.F.);
#2331=ORIENTED_EDGE('',*,*,#1774,.F.);
#2332=ORIENTED_EDGE('',*,*,#1775,.F.);
#2333=ORIENTED_EDGE('',*,*,#1595,.F.);
#2334=ORIENTED_EDGE('',*,*,#1652,.F.);
#2335=ORIENTED_EDGE('',*,*,#1776,.F.);
#2336=ORIENTED_EDGE('',*,*,#1777,.F.);
#2337=ORIENTED_EDGE('',*,*,#1487,.F.);
#2338=ORIENTED_EDGE('',*,*,#1778,.F.);
#2339=ORIENTED_EDGE('',*,*,#1779,.F.);
#2340=ORIENTED_EDGE('',*,*,#1780,.F.);
#2341=ORIENTED_EDGE('',*,*,#1591,.F.);
#2342=ORIENTED_EDGE('',*,*,#1649,.F.);
#2343=ORIENTED_EDGE('',*,*,#1781,.F.);
#2344=ORIENTED_EDGE('',*,*,#1782,.F.);
#2345=ORIENTED_EDGE('',*,*,#1483,.F.);
#2346=ORIENTED_EDGE('',*,*,#1783,.F.);
#2347=ORIENTED_EDGE('',*,*,#1784,.F.);
#2348=ORIENTED_EDGE('',*,*,#1785,.F.);
#2349=ORIENTED_EDGE('',*,*,#1587,.F.);
#2350=ORIENTED_EDGE('',*,*,#1646,.F.);
#2351=ORIENTED_EDGE('',*,*,#1786,.F.);
#2352=ORIENTED_EDGE('',*,*,#1787,.F.);
#2353=ORIENTED_EDGE('',*,*,#1490,.F.);
#2354=ORIENTED_EDGE('',*,*,#1788,.F.);
#2355=ORIENTED_EDGE('',*,*,#1789,.F.);
#2356=ORIENTED_EDGE('',*,*,#1790,.F.);
#2357=ORIENTED_EDGE('',*,*,#1583,.F.);
#2358=ORIENTED_EDGE('',*,*,#1643,.F.);
#2359=ORIENTED_EDGE('',*,*,#1791,.F.);
#2360=ORIENTED_EDGE('',*,*,#1792,.F.);
#2361=ORIENTED_EDGE('',*,*,#1498,.F.);
#2362=ORIENTED_EDGE('',*,*,#1793,.F.);
#2363=ORIENTED_EDGE('',*,*,#1794,.F.);
#2364=ORIENTED_EDGE('',*,*,#1795,.F.);
#2365=ORIENTED_EDGE('',*,*,#1579,.F.);
#2366=ORIENTED_EDGE('',*,*,#1640,.F.);
#2367=ORIENTED_EDGE('',*,*,#1796,.F.);
#2368=ORIENTED_EDGE('',*,*,#1797,.F.);
#2369=ORIENTED_EDGE('',*,*,#1506,.F.);
#2370=ORIENTED_EDGE('',*,*,#1798,.F.);
#2371=ORIENTED_EDGE('',*,*,#1799,.F.);
#2372=ORIENTED_EDGE('',*,*,#1800,.F.);
#2373=ORIENTED_EDGE('',*,*,#1575,.F.);
#2374=ORIENTED_EDGE('',*,*,#1637,.F.);
#2375=ORIENTED_EDGE('',*,*,#1801,.F.);
#2376=ORIENTED_EDGE('',*,*,#1802,.F.);
#2377=ORIENTED_EDGE('',*,*,#1514,.F.);
#2378=ORIENTED_EDGE('',*,*,#1803,.F.);
#2379=ORIENTED_EDGE('',*,*,#1804,.F.);
#2380=ORIENTED_EDGE('',*,*,#1805,.F.);
#2381=ORIENTED_EDGE('',*,*,#1571,.F.);
#2382=ORIENTED_EDGE('',*,*,#1634,.F.);
#2383=ORIENTED_EDGE('',*,*,#1806,.F.);
#2384=ORIENTED_EDGE('',*,*,#1807,.F.);
#2385=ORIENTED_EDGE('',*,*,#1522,.F.);
#2386=ORIENTED_EDGE('',*,*,#1808,.F.);
#2387=ORIENTED_EDGE('',*,*,#1809,.F.);
#2388=ORIENTED_EDGE('',*,*,#1810,.F.);
#2389=ORIENTED_EDGE('',*,*,#1567,.F.);
#2390=ORIENTED_EDGE('',*,*,#1631,.F.);
#2391=ORIENTED_EDGE('',*,*,#1811,.F.);
#2392=ORIENTED_EDGE('',*,*,#1812,.F.);
#2393=ORIENTED_EDGE('',*,*,#1530,.F.);
#2394=ORIENTED_EDGE('',*,*,#1813,.F.);
#2395=ORIENTED_EDGE('',*,*,#1814,.F.);
#2396=ORIENTED_EDGE('',*,*,#1815,.F.);
#2397=ORIENTED_EDGE('',*,*,#1563,.F.);
#2398=ORIENTED_EDGE('',*,*,#1628,.F.);
#2399=ORIENTED_EDGE('',*,*,#1816,.F.);
#2400=ORIENTED_EDGE('',*,*,#1817,.F.);
#2401=ORIENTED_EDGE('',*,*,#1538,.F.);
#2402=ORIENTED_EDGE('',*,*,#1818,.F.);
#2403=ORIENTED_EDGE('',*,*,#1819,.F.);
#2404=ORIENTED_EDGE('',*,*,#1820,.F.);
#2405=ORIENTED_EDGE('',*,*,#1557,.F.);
#2406=ORIENTED_EDGE('',*,*,#1625,.F.);
#2407=ORIENTED_EDGE('',*,*,#1821,.F.);
#2408=ORIENTED_EDGE('',*,*,#1822,.F.);
#2409=ORIENTED_EDGE('',*,*,#1474,.F.);
#2410=ORIENTED_EDGE('',*,*,#1471,.F.);
#2411=ORIENTED_EDGE('',*,*,#1823,.F.);
#2412=ORIENTED_EDGE('',*,*,#1824,.F.);
#2413=ORIENTED_EDGE('',*,*,#1825,.F.);
#2414=ORIENTED_EDGE('',*,*,#1560,.F.);
#2415=ORIENTED_EDGE('',*,*,#1561,.F.);
#2416=ORIENTED_EDGE('',*,*,#1825,.T.);
#2417=ORIENTED_EDGE('',*,*,#1826,.T.);
#2418=ORIENTED_EDGE('',*,*,#1827,.T.);
#2419=ORIENTED_EDGE('',*,*,#1826,.F.);
#2420=ORIENTED_EDGE('',*,*,#1824,.T.);
#2421=ORIENTED_EDGE('',*,*,#1828,.T.);
#2422=ORIENTED_EDGE('',*,*,#1829,.T.);
#2423=ORIENTED_EDGE('',*,*,#1828,.F.);
#2424=ORIENTED_EDGE('',*,*,#1823,.T.);
#2425=ORIENTED_EDGE('',*,*,#1470,.F.);
#2426=ORIENTED_EDGE('',*,*,#1830,.T.);
#2427=ORIENTED_EDGE('',*,*,#1539,.F.);
#2428=ORIENTED_EDGE('',*,*,#1817,.T.);
#2429=ORIENTED_EDGE('',*,*,#1831,.T.);
#2430=ORIENTED_EDGE('',*,*,#1744,.T.);
#2431=ORIENTED_EDGE('',*,*,#1831,.F.);
#2432=ORIENTED_EDGE('',*,*,#1816,.T.);
#2433=ORIENTED_EDGE('',*,*,#1627,.T.);
#2434=ORIENTED_EDGE('',*,*,#1745,.T.);
#2435=ORIENTED_EDGE('',*,*,#1564,.F.);
#2436=ORIENTED_EDGE('',*,*,#1820,.T.);
#2437=ORIENTED_EDGE('',*,*,#1832,.T.);
#2438=ORIENTED_EDGE('',*,*,#1741,.T.);
#2439=ORIENTED_EDGE('',*,*,#1832,.F.);
#2440=ORIENTED_EDGE('',*,*,#1819,.T.);
#2441=ORIENTED_EDGE('',*,*,#1833,.T.);
#2442=ORIENTED_EDGE('',*,*,#1742,.T.);
#2443=ORIENTED_EDGE('',*,*,#1833,.F.);
#2444=ORIENTED_EDGE('',*,*,#1818,.T.);
#2445=ORIENTED_EDGE('',*,*,#1537,.F.);
#2446=ORIENTED_EDGE('',*,*,#1743,.T.);
#2447=ORIENTED_EDGE('',*,*,#1531,.F.);
#2448=ORIENTED_EDGE('',*,*,#1812,.T.);
#2449=ORIENTED_EDGE('',*,*,#1834,.T.);
#2450=ORIENTED_EDGE('',*,*,#1739,.T.);
#2451=ORIENTED_EDGE('',*,*,#1834,.F.);
#2452=ORIENTED_EDGE('',*,*,#1811,.T.);
#2453=ORIENTED_EDGE('',*,*,#1630,.T.);
#2454=ORIENTED_EDGE('',*,*,#1740,.T.);
#2455=ORIENTED_EDGE('',*,*,#1568,.F.);
#2456=ORIENTED_EDGE('',*,*,#1815,.T.);
#2457=ORIENTED_EDGE('',*,*,#1835,.T.);
#2458=ORIENTED_EDGE('',*,*,#1736,.T.);
#2459=ORIENTED_EDGE('',*,*,#1835,.F.);
#2460=ORIENTED_EDGE('',*,*,#1814,.T.);
#2461=ORIENTED_EDGE('',*,*,#1836,.T.);
#2462=ORIENTED_EDGE('',*,*,#1737,.T.);
#2463=ORIENTED_EDGE('',*,*,#1836,.F.);
#2464=ORIENTED_EDGE('',*,*,#1813,.T.);
#2465=ORIENTED_EDGE('',*,*,#1529,.F.);
#2466=ORIENTED_EDGE('',*,*,#1738,.T.);
#2467=ORIENTED_EDGE('',*,*,#1523,.F.);
#2468=ORIENTED_EDGE('',*,*,#1807,.T.);
#2469=ORIENTED_EDGE('',*,*,#1837,.T.);
#2470=ORIENTED_EDGE('',*,*,#1734,.T.);
#2471=ORIENTED_EDGE('',*,*,#1837,.F.);
#2472=ORIENTED_EDGE('',*,*,#1806,.T.);
#2473=ORIENTED_EDGE('',*,*,#1633,.T.);
#2474=ORIENTED_EDGE('',*,*,#1735,.T.);
#2475=ORIENTED_EDGE('',*,*,#1572,.F.);
#2476=ORIENTED_EDGE('',*,*,#1810,.T.);
#2477=ORIENTED_EDGE('',*,*,#1838,.T.);
#2478=ORIENTED_EDGE('',*,*,#1731,.T.);
#2479=ORIENTED_EDGE('',*,*,#1838,.F.);
#2480=ORIENTED_EDGE('',*,*,#1809,.T.);
#2481=ORIENTED_EDGE('',*,*,#1839,.T.);
#2482=ORIENTED_EDGE('',*,*,#1732,.T.);
#2483=ORIENTED_EDGE('',*,*,#1839,.F.);
#2484=ORIENTED_EDGE('',*,*,#1808,.T.);
#2485=ORIENTED_EDGE('',*,*,#1521,.F.);
#2486=ORIENTED_EDGE('',*,*,#1733,.T.);
#2487=ORIENTED_EDGE('',*,*,#1515,.F.);
#2488=ORIENTED_EDGE('',*,*,#1802,.T.);
#2489=ORIENTED_EDGE('',*,*,#1840,.T.);
#2490=ORIENTED_EDGE('',*,*,#1729,.T.);
#2491=ORIENTED_EDGE('',*,*,#1840,.F.);
#2492=ORIENTED_EDGE('',*,*,#1801,.T.);
#2493=ORIENTED_EDGE('',*,*,#1636,.T.);
#2494=ORIENTED_EDGE('',*,*,#1730,.T.);
#2495=ORIENTED_EDGE('',*,*,#1576,.F.);
#2496=ORIENTED_EDGE('',*,*,#1805,.T.);
#2497=ORIENTED_EDGE('',*,*,#1841,.T.);
#2498=ORIENTED_EDGE('',*,*,#1726,.T.);
#2499=ORIENTED_EDGE('',*,*,#1841,.F.);
#2500=ORIENTED_EDGE('',*,*,#1804,.T.);
#2501=ORIENTED_EDGE('',*,*,#1842,.T.);
#2502=ORIENTED_EDGE('',*,*,#1727,.T.);
#2503=ORIENTED_EDGE('',*,*,#1842,.F.);
#2504=ORIENTED_EDGE('',*,*,#1803,.T.);
#2505=ORIENTED_EDGE('',*,*,#1513,.F.);
#2506=ORIENTED_EDGE('',*,*,#1728,.T.);
#2507=ORIENTED_EDGE('',*,*,#1507,.F.);
#2508=ORIENTED_EDGE('',*,*,#1797,.T.);
#2509=ORIENTED_EDGE('',*,*,#1843,.T.);
#2510=ORIENTED_EDGE('',*,*,#1724,.T.);
#2511=ORIENTED_EDGE('',*,*,#1843,.F.);
#2512=ORIENTED_EDGE('',*,*,#1796,.T.);
#2513=ORIENTED_EDGE('',*,*,#1639,.T.);
#2514=ORIENTED_EDGE('',*,*,#1725,.T.);
#2515=ORIENTED_EDGE('',*,*,#1580,.F.);
#2516=ORIENTED_EDGE('',*,*,#1800,.T.);
#2517=ORIENTED_EDGE('',*,*,#1844,.T.);
#2518=ORIENTED_EDGE('',*,*,#1721,.T.);
#2519=ORIENTED_EDGE('',*,*,#1844,.F.);
#2520=ORIENTED_EDGE('',*,*,#1799,.T.);
#2521=ORIENTED_EDGE('',*,*,#1845,.T.);
#2522=ORIENTED_EDGE('',*,*,#1722,.T.);
#2523=ORIENTED_EDGE('',*,*,#1845,.F.);
#2524=ORIENTED_EDGE('',*,*,#1798,.T.);
#2525=ORIENTED_EDGE('',*,*,#1505,.F.);
#2526=ORIENTED_EDGE('',*,*,#1723,.T.);
#2527=ORIENTED_EDGE('',*,*,#1499,.F.);
#2528=ORIENTED_EDGE('',*,*,#1792,.T.);
#2529=ORIENTED_EDGE('',*,*,#1846,.T.);
#2530=ORIENTED_EDGE('',*,*,#1719,.T.);
#2531=ORIENTED_EDGE('',*,*,#1846,.F.);
#2532=ORIENTED_EDGE('',*,*,#1791,.T.);
#2533=ORIENTED_EDGE('',*,*,#1642,.T.);
#2534=ORIENTED_EDGE('',*,*,#1720,.T.);
#2535=ORIENTED_EDGE('',*,*,#1584,.F.);
#2536=ORIENTED_EDGE('',*,*,#1795,.T.);
#2537=ORIENTED_EDGE('',*,*,#1847,.T.);
#2538=ORIENTED_EDGE('',*,*,#1716,.T.);
#2539=ORIENTED_EDGE('',*,*,#1847,.F.);
#2540=ORIENTED_EDGE('',*,*,#1794,.T.);
#2541=ORIENTED_EDGE('',*,*,#1848,.T.);
#2542=ORIENTED_EDGE('',*,*,#1717,.T.);
#2543=ORIENTED_EDGE('',*,*,#1848,.F.);
#2544=ORIENTED_EDGE('',*,*,#1793,.T.);
#2545=ORIENTED_EDGE('',*,*,#1497,.F.);
#2546=ORIENTED_EDGE('',*,*,#1718,.T.);
#2547=ORIENTED_EDGE('',*,*,#1491,.F.);
#2548=ORIENTED_EDGE('',*,*,#1787,.T.);
#2549=ORIENTED_EDGE('',*,*,#1849,.T.);
#2550=ORIENTED_EDGE('',*,*,#1714,.T.);
#2551=ORIENTED_EDGE('',*,*,#1849,.F.);
#2552=ORIENTED_EDGE('',*,*,#1786,.T.);
#2553=ORIENTED_EDGE('',*,*,#1645,.T.);
#2554=ORIENTED_EDGE('',*,*,#1715,.T.);
#2555=ORIENTED_EDGE('',*,*,#1588,.F.);
#2556=ORIENTED_EDGE('',*,*,#1790,.T.);
#2557=ORIENTED_EDGE('',*,*,#1850,.T.);
#2558=ORIENTED_EDGE('',*,*,#1711,.T.);
#2559=ORIENTED_EDGE('',*,*,#1850,.F.);
#2560=ORIENTED_EDGE('',*,*,#1789,.T.);
#2561=ORIENTED_EDGE('',*,*,#1851,.T.);
#2562=ORIENTED_EDGE('',*,*,#1712,.T.);
#2563=ORIENTED_EDGE('',*,*,#1851,.F.);
#2564=ORIENTED_EDGE('',*,*,#1788,.T.);
#2565=ORIENTED_EDGE('',*,*,#1489,.F.);
#2566=ORIENTED_EDGE('',*,*,#1713,.T.);
#2567=ORIENTED_EDGE('',*,*,#1484,.F.);
#2568=ORIENTED_EDGE('',*,*,#1782,.T.);
#2569=ORIENTED_EDGE('',*,*,#1852,.T.);
#2570=ORIENTED_EDGE('',*,*,#1709,.T.);
#2571=ORIENTED_EDGE('',*,*,#1852,.F.);
#2572=ORIENTED_EDGE('',*,*,#1781,.T.);
#2573=ORIENTED_EDGE('',*,*,#1648,.T.);
#2574=ORIENTED_EDGE('',*,*,#1710,.T.);
#2575=ORIENTED_EDGE('',*,*,#1592,.F.);
#2576=ORIENTED_EDGE('',*,*,#1785,.T.);
#2577=ORIENTED_EDGE('',*,*,#1853,.T.);
#2578=ORIENTED_EDGE('',*,*,#1706,.T.);
#2579=ORIENTED_EDGE('',*,*,#1853,.F.);
#2580=ORIENTED_EDGE('',*,*,#1784,.T.);
#2581=ORIENTED_EDGE('',*,*,#1854,.T.);
#2582=ORIENTED_EDGE('',*,*,#1707,.T.);
#2583=ORIENTED_EDGE('',*,*,#1854,.F.);
#2584=ORIENTED_EDGE('',*,*,#1783,.T.);
#2585=ORIENTED_EDGE('',*,*,#1482,.F.);
#2586=ORIENTED_EDGE('',*,*,#1708,.T.);
#2587=ORIENTED_EDGE('',*,*,#1488,.F.);
#2588=ORIENTED_EDGE('',*,*,#1777,.T.);
#2589=ORIENTED_EDGE('',*,*,#1855,.T.);
#2590=ORIENTED_EDGE('',*,*,#1704,.T.);
#2591=ORIENTED_EDGE('',*,*,#1855,.F.);
#2592=ORIENTED_EDGE('',*,*,#1776,.T.);
#2593=ORIENTED_EDGE('',*,*,#1651,.T.);
#2594=ORIENTED_EDGE('',*,*,#1705,.T.);
#2595=ORIENTED_EDGE('',*,*,#1596,.F.);
#2596=ORIENTED_EDGE('',*,*,#1780,.T.);
#2597=ORIENTED_EDGE('',*,*,#1856,.T.);
#2598=ORIENTED_EDGE('',*,*,#1701,.T.);
#2599=ORIENTED_EDGE('',*,*,#1856,.F.);
#2600=ORIENTED_EDGE('',*,*,#1779,.T.);
#2601=ORIENTED_EDGE('',*,*,#1857,.T.);
#2602=ORIENTED_EDGE('',*,*,#1702,.T.);
#2603=ORIENTED_EDGE('',*,*,#1857,.F.);
#2604=ORIENTED_EDGE('',*,*,#1778,.T.);
#2605=ORIENTED_EDGE('',*,*,#1486,.F.);
#2606=ORIENTED_EDGE('',*,*,#1703,.T.);
#2607=ORIENTED_EDGE('',*,*,#1496,.F.);
#2608=ORIENTED_EDGE('',*,*,#1772,.T.);
#2609=ORIENTED_EDGE('',*,*,#1858,.T.);
#2610=ORIENTED_EDGE('',*,*,#1699,.T.);
#2611=ORIENTED_EDGE('',*,*,#1858,.F.);
#2612=ORIENTED_EDGE('',*,*,#1771,.T.);
#2613=ORIENTED_EDGE('',*,*,#1654,.T.);
#2614=ORIENTED_EDGE('',*,*,#1700,.T.);
#2615=ORIENTED_EDGE('',*,*,#1600,.F.);
#2616=ORIENTED_EDGE('',*,*,#1775,.T.);
#2617=ORIENTED_EDGE('',*,*,#1859,.T.);
#2618=ORIENTED_EDGE('',*,*,#1696,.T.);
#2619=ORIENTED_EDGE('',*,*,#1859,.F.);
#2620=ORIENTED_EDGE('',*,*,#1774,.T.);
#2621=ORIENTED_EDGE('',*,*,#1860,.T.);
#2622=ORIENTED_EDGE('',*,*,#1697,.T.);
#2623=ORIENTED_EDGE('',*,*,#1860,.F.);
#2624=ORIENTED_EDGE('',*,*,#1773,.T.);
#2625=ORIENTED_EDGE('',*,*,#1494,.F.);
#2626=ORIENTED_EDGE('',*,*,#1698,.T.);
#2627=ORIENTED_EDGE('',*,*,#1504,.F.);
#2628=ORIENTED_EDGE('',*,*,#1767,.T.);
#2629=ORIENTED_EDGE('',*,*,#1861,.T.);
#2630=ORIENTED_EDGE('',*,*,#1694,.T.);
#2631=ORIENTED_EDGE('',*,*,#1861,.F.);
#2632=ORIENTED_EDGE('',*,*,#1766,.T.);
#2633=ORIENTED_EDGE('',*,*,#1657,.T.);
#2634=ORIENTED_EDGE('',*,*,#1695,.T.);
#2635=ORIENTED_EDGE('',*,*,#1604,.F.);
#2636=ORIENTED_EDGE('',*,*,#1770,.T.);
#2637=ORIENTED_EDGE('',*,*,#1862,.T.);
#2638=ORIENTED_EDGE('',*,*,#1691,.T.);
#2639=ORIENTED_EDGE('',*,*,#1862,.F.);
#2640=ORIENTED_EDGE('',*,*,#1769,.T.);
#2641=ORIENTED_EDGE('',*,*,#1863,.T.);
#2642=ORIENTED_EDGE('',*,*,#1692,.T.);
#2643=ORIENTED_EDGE('',*,*,#1863,.F.);
#2644=ORIENTED_EDGE('',*,*,#1768,.T.);
#2645=ORIENTED_EDGE('',*,*,#1502,.F.);
#2646=ORIENTED_EDGE('',*,*,#1693,.T.);
#2647=ORIENTED_EDGE('',*,*,#1512,.F.);
#2648=ORIENTED_EDGE('',*,*,#1762,.T.);
#2649=ORIENTED_EDGE('',*,*,#1864,.T.);
#2650=ORIENTED_EDGE('',*,*,#1689,.T.);
#2651=ORIENTED_EDGE('',*,*,#1864,.F.);
#2652=ORIENTED_EDGE('',*,*,#1761,.T.);
#2653=ORIENTED_EDGE('',*,*,#1660,.T.);
#2654=ORIENTED_EDGE('',*,*,#1690,.T.);
#2655=ORIENTED_EDGE('',*,*,#1608,.F.);
#2656=ORIENTED_EDGE('',*,*,#1765,.T.);
#2657=ORIENTED_EDGE('',*,*,#1865,.T.);
#2658=ORIENTED_EDGE('',*,*,#1686,.T.);
#2659=ORIENTED_EDGE('',*,*,#1865,.F.);
#2660=ORIENTED_EDGE('',*,*,#1764,.T.);
#2661=ORIENTED_EDGE('',*,*,#1866,.T.);
#2662=ORIENTED_EDGE('',*,*,#1687,.T.);
#2663=ORIENTED_EDGE('',*,*,#1866,.F.);
#2664=ORIENTED_EDGE('',*,*,#1763,.T.);
#2665=ORIENTED_EDGE('',*,*,#1510,.F.);
#2666=ORIENTED_EDGE('',*,*,#1688,.T.);
#2667=ORIENTED_EDGE('',*,*,#1520,.F.);
#2668=ORIENTED_EDGE('',*,*,#1757,.T.);
#2669=ORIENTED_EDGE('',*,*,#1867,.T.);
#2670=ORIENTED_EDGE('',*,*,#1684,.T.);
#2671=ORIENTED_EDGE('',*,*,#1867,.F.);
#2672=ORIENTED_EDGE('',*,*,#1756,.T.);
#2673=ORIENTED_EDGE('',*,*,#1663,.T.);
#2674=ORIENTED_EDGE('',*,*,#1685,.T.);
#2675=ORIENTED_EDGE('',*,*,#1612,.F.);
#2676=ORIENTED_EDGE('',*,*,#1760,.T.);
#2677=ORIENTED_EDGE('',*,*,#1868,.T.);
#2678=ORIENTED_EDGE('',*,*,#1681,.T.);
#2679=ORIENTED_EDGE('',*,*,#1868,.F.);
#2680=ORIENTED_EDGE('',*,*,#1759,.T.);
#2681=ORIENTED_EDGE('',*,*,#1869,.T.);
#2682=ORIENTED_EDGE('',*,*,#1682,.T.);
#2683=ORIENTED_EDGE('',*,*,#1869,.F.);
#2684=ORIENTED_EDGE('',*,*,#1758,.T.);
#2685=ORIENTED_EDGE('',*,*,#1518,.F.);
#2686=ORIENTED_EDGE('',*,*,#1683,.T.);
#2687=ORIENTED_EDGE('',*,*,#1528,.F.);
#2688=ORIENTED_EDGE('',*,*,#1752,.T.);
#2689=ORIENTED_EDGE('',*,*,#1870,.T.);
#2690=ORIENTED_EDGE('',*,*,#1679,.T.);
#2691=ORIENTED_EDGE('',*,*,#1870,.F.);
#2692=ORIENTED_EDGE('',*,*,#1751,.T.);
#2693=ORIENTED_EDGE('',*,*,#1666,.T.);
#2694=ORIENTED_EDGE('',*,*,#1680,.T.);
#2695=ORIENTED_EDGE('',*,*,#1616,.F.);
#2696=ORIENTED_EDGE('',*,*,#1755,.T.);
#2697=ORIENTED_EDGE('',*,*,#1871,.T.);
#2698=ORIENTED_EDGE('',*,*,#1676,.T.);
#2699=ORIENTED_EDGE('',*,*,#1871,.F.);
#2700=ORIENTED_EDGE('',*,*,#1754,.T.);
#2701=ORIENTED_EDGE('',*,*,#1872,.T.);
#2702=ORIENTED_EDGE('',*,*,#1677,.T.);
#2703=ORIENTED_EDGE('',*,*,#1872,.F.);
#2704=ORIENTED_EDGE('',*,*,#1753,.T.);
#2705=ORIENTED_EDGE('',*,*,#1526,.F.);
#2706=ORIENTED_EDGE('',*,*,#1678,.T.);
#2707=ORIENTED_EDGE('',*,*,#1536,.F.);
#2708=ORIENTED_EDGE('',*,*,#1747,.T.);
#2709=ORIENTED_EDGE('',*,*,#1873,.T.);
#2710=ORIENTED_EDGE('',*,*,#1674,.T.);
#2711=ORIENTED_EDGE('',*,*,#1873,.F.);
#2712=ORIENTED_EDGE('',*,*,#1746,.T.);
#2713=ORIENTED_EDGE('',*,*,#1669,.T.);
#2714=ORIENTED_EDGE('',*,*,#1675,.T.);
#2715=ORIENTED_EDGE('',*,*,#1620,.F.);
#2716=ORIENTED_EDGE('',*,*,#1750,.T.);
#2717=ORIENTED_EDGE('',*,*,#1874,.T.);
#2718=ORIENTED_EDGE('',*,*,#1671,.T.);
#2719=ORIENTED_EDGE('',*,*,#1874,.F.);
#2720=ORIENTED_EDGE('',*,*,#1749,.T.);
#2721=ORIENTED_EDGE('',*,*,#1875,.T.);
#2722=ORIENTED_EDGE('',*,*,#1672,.T.);
#2723=ORIENTED_EDGE('',*,*,#1875,.F.);
#2724=ORIENTED_EDGE('',*,*,#1748,.T.);
#2725=ORIENTED_EDGE('',*,*,#1534,.F.);
#2726=ORIENTED_EDGE('',*,*,#1673,.T.);
#2727=ORIENTED_EDGE('',*,*,#1475,.F.);
#2728=ORIENTED_EDGE('',*,*,#1822,.T.);
#2729=ORIENTED_EDGE('',*,*,#1876,.T.);
#2730=ORIENTED_EDGE('',*,*,#1877,.T.);
#2731=ORIENTED_EDGE('',*,*,#1876,.F.);
#2732=ORIENTED_EDGE('',*,*,#1821,.T.);
#2733=ORIENTED_EDGE('',*,*,#1624,.T.);
#2734=ORIENTED_EDGE('',*,*,#1878,.T.);
#2735=ORIENTED_EDGE('',*,*,#1562,.F.);
#2736=ORIENTED_EDGE('',*,*,#1827,.F.);
#2737=ORIENTED_EDGE('',*,*,#1829,.F.);
#2738=ORIENTED_EDGE('',*,*,#1830,.F.);
#2739=ORIENTED_EDGE('',*,*,#1469,.F.);
#2740=ORIENTED_EDGE('',*,*,#1476,.F.);
#2741=ORIENTED_EDGE('',*,*,#1877,.F.);
#2742=ORIENTED_EDGE('',*,*,#1878,.F.);
#2743=ORIENTED_EDGE('',*,*,#1623,.F.);
#2744=ORIENTED_EDGE('',*,*,#1555,.F.);
#2745=ORIENTED_EDGE('',*,*,#1553,.T.);
#2746=ORIENTED_EDGE('',*,*,#1467,.F.);
#2747=PLANE('',#3052);
#2748=PLANE('',#3054);
#2749=PLANE('',#3056);
#2750=PLANE('',#3058);
#2751=PLANE('',#3106);
#2752=PLANE('',#3108);
#2753=PLANE('',#3109);
#2754=PLANE('',#3111);
#2755=PLANE('',#3152);
#2756=PLANE('',#3153);
#2757=PLANE('',#3154);
#2758=PLANE('',#3155);
#2759=PLANE('',#3156);
#2760=PLANE('',#3157);
#2761=PLANE('',#3158);
#2762=PLANE('',#3159);
#2763=PLANE('',#3160);
#2764=PLANE('',#3161);
#2765=PLANE('',#3162);
#2766=PLANE('',#3163);
#2767=PLANE('',#3164);
#2768=PLANE('',#3165);
#2769=PLANE('',#3166);
#2770=PLANE('',#3167);
#2771=PLANE('',#3168);
#2772=PLANE('',#3169);
#2773=PLANE('',#3170);
#2774=PLANE('',#3171);
#2775=PLANE('',#3172);
#2776=PLANE('',#3173);
#2777=PLANE('',#3174);
#2778=PLANE('',#3175);
#2779=PLANE('',#3176);
#2780=PLANE('',#3177);
#2781=PLANE('',#3178);
#2782=PLANE('',#3179);
#2783=PLANE('',#3180);
#2784=PLANE('',#3181);
#2785=PLANE('',#3182);
#2786=PLANE('',#3183);
#2787=PLANE('',#3184);
#2788=PLANE('',#3185);
#2789=PLANE('',#3186);
#2790=PLANE('',#3187);
#2791=PLANE('',#3188);
#2792=PLANE('',#3189);
#2793=PLANE('',#3190);
#2794=PLANE('',#3191);
#2795=PLANE('',#3192);
#2796=PLANE('',#3193);
#2797=PLANE('',#3194);
#2798=PLANE('',#3195);
#2799=PLANE('',#3196);
#2800=PLANE('',#3197);
#2801=PLANE('',#3198);
#2802=PLANE('',#3199);
#2803=PLANE('',#3200);
#2804=PLANE('',#3201);
#2805=PLANE('',#3202);
#2806=PLANE('',#3203);
#2807=PLANE('',#3204);
#2808=PLANE('',#3205);
#2809=PLANE('',#3206);
#2810=PLANE('',#3207);
#2811=PLANE('',#3208);
#2812=PLANE('',#3209);
#2813=PLANE('',#3210);
#2814=PLANE('',#3211);
#2815=PLANE('',#3212);
#2816=PLANE('',#3213);
#2817=PLANE('',#3214);
#2818=PLANE('',#3215);
#2819=PLANE('',#3216);
#2820=PLANE('',#3217);
#2821=PLANE('',#3218);
#2822=PLANE('',#3219);
#2823=PLANE('',#3220);
#2824=PLANE('',#3221);
#2825=PLANE('',#3222);
#2826=PLANE('',#3223);
#2827=PLANE('',#3224);
#2828=PLANE('',#3225);
#2829=PLANE('',#3226);
#2830=PLANE('',#3227);
#2831=PLANE('',#3228);
#2832=PLANE('',#3229);
#2833=PLANE('',#3230);
#2834=PLANE('',#3231);
#2835=PLANE('',#3232);
#2836=PLANE('',#3233);
#2837=PLANE('',#3234);
#2838=PLANE('',#3235);
#2839=PLANE('',#3236);
#2840=PLANE('',#3237);
#2841=PLANE('',#3238);
#2842=PLANE('',#3239);
#2843=PLANE('',#3240);
#2844=PLANE('',#3241);
#2845=PLANE('',#3242);
#2846=PLANE('',#3243);
#2847=PLANE('',#3244);
#2848=PLANE('',#3245);
#2849=PLANE('',#3246);
#2850=PLANE('',#3247);
#2851=PLANE('',#3248);
#2852=PLANE('',#3249);
#2853=PLANE('',#3250);
#2854=PLANE('',#3251);
#2855=PLANE('',#3252);
#2856=PLANE('',#3253);
#2857=PLANE('',#3254);
#2858=PLANE('',#3255);
#2859=PLANE('',#3256);
#2860=PLANE('',#3257);
#2861=PLANE('',#3258);
#2862=PLANE('',#3259);
#2863=PLANE('',#3260);
#2864=PLANE('',#3261);
#2865=PLANE('',#3262);
#2866=PLANE('',#3263);
#2867=PLANE('',#3264);
#2868=PLANE('',#3265);
#2869=PLANE('',#3266);
#2870=PLANE('',#3267);
#2871=PLANE('',#3268);
#2872=PLANE('',#3269);
#2873=PLANE('',#3270);
#2874=PLANE('',#3271);
#2875=PLANE('',#3272);
#2876=PLANE('',#3273);
#2877=PLANE('',#3274);
#2878=PLANE('',#3275);
#2879=PLANE('',#3276);
#2880=PLANE('',#3277);
#2881=PLANE('',#3278);
#2882=PLANE('',#3279);
#2883=PLANE('',#3280);
#2884=PLANE('',#3281);
#2885=ADVANCED_FACE('',(#143),#2747,.F.);
#2886=ADVANCED_FACE('',(#144),#2748,.F.);
#2887=ADVANCED_FACE('',(#145),#2749,.F.);
#2888=ADVANCED_FACE('',(#146),#2750,.F.);
#2889=ADVANCED_FACE('',(#147),#141,.F.);
#2890=ADVANCED_FACE('',(#148),#142,.F.);
#2891=ADVANCED_FACE('',(#149,#15,#16,#17,#18,#19,#20,#21,#22,#23,#24,#25,
#26,#27,#28,#29,#30,#31),#55,.F.);
#2892=ADVANCED_FACE('',(#150),#56,.F.);
#2893=ADVANCED_FACE('',(#151,#32),#2751,.T.);
#2894=ADVANCED_FACE('',(#152),#57,.F.);
#2895=ADVANCED_FACE('',(#153,#33),#2752,.F.);
#2896=ADVANCED_FACE('',(#154),#2753,.T.);
#2897=ADVANCED_FACE('',(#155,#34),#2754,.T.);
#2898=ADVANCED_FACE('',(#156,#35,#36,#37,#38,#39,#40,#41,#42,#43,#44,#45,
#46,#47,#48,#49),#58,.T.);
#2899=ADVANCED_FACE('',(#157),#2755,.F.);
#2900=ADVANCED_FACE('',(#158),#2756,.F.);
#2901=ADVANCED_FACE('',(#159),#2757,.F.);
#2902=ADVANCED_FACE('',(#160),#2758,.F.);
#2903=ADVANCED_FACE('',(#161),#2759,.F.);
#2904=ADVANCED_FACE('',(#162),#2760,.F.);
#2905=ADVANCED_FACE('',(#163),#2761,.F.);
#2906=ADVANCED_FACE('',(#164),#2762,.F.);
#2907=ADVANCED_FACE('',(#165),#2763,.F.);
#2908=ADVANCED_FACE('',(#166),#2764,.F.);
#2909=ADVANCED_FACE('',(#167),#2765,.F.);
#2910=ADVANCED_FACE('',(#168),#2766,.F.);
#2911=ADVANCED_FACE('',(#169),#2767,.F.);
#2912=ADVANCED_FACE('',(#170),#2768,.F.);
#2913=ADVANCED_FACE('',(#171),#2769,.F.);
#2914=ADVANCED_FACE('',(#172),#2770,.F.);
#2915=ADVANCED_FACE('',(#173),#2771,.F.);
#2916=ADVANCED_FACE('',(#174),#2772,.F.);
#2917=ADVANCED_FACE('',(#175),#2773,.F.);
#2918=ADVANCED_FACE('',(#176),#2774,.F.);
#2919=ADVANCED_FACE('',(#177),#2775,.F.);
#2920=ADVANCED_FACE('',(#178),#2776,.F.);
#2921=ADVANCED_FACE('',(#179),#2777,.F.);
#2922=ADVANCED_FACE('',(#180),#2778,.F.);
#2923=ADVANCED_FACE('',(#181),#2779,.F.);
#2924=ADVANCED_FACE('',(#182),#2780,.F.);
#2925=ADVANCED_FACE('',(#183),#2781,.F.);
#2926=ADVANCED_FACE('',(#184),#2782,.F.);
#2927=ADVANCED_FACE('',(#185),#2783,.F.);
#2928=ADVANCED_FACE('',(#186),#2784,.F.);
#2929=ADVANCED_FACE('',(#187),#2785,.F.);
#2930=ADVANCED_FACE('',(#188),#2786,.F.);
#2931=ADVANCED_FACE('',(#189),#2787,.T.);
#2932=ADVANCED_FACE('',(#190),#2788,.T.);
#2933=ADVANCED_FACE('',(#191),#2789,.T.);
#2934=ADVANCED_FACE('',(#192),#2790,.T.);
#2935=ADVANCED_FACE('',(#193),#2791,.T.);
#2936=ADVANCED_FACE('',(#194),#2792,.T.);
#2937=ADVANCED_FACE('',(#195),#2793,.T.);
#2938=ADVANCED_FACE('',(#196),#2794,.T.);
#2939=ADVANCED_FACE('',(#197),#2795,.T.);
#2940=ADVANCED_FACE('',(#198),#2796,.T.);
#2941=ADVANCED_FACE('',(#199),#2797,.T.);
#2942=ADVANCED_FACE('',(#200),#2798,.T.);
#2943=ADVANCED_FACE('',(#201),#2799,.T.);
#2944=ADVANCED_FACE('',(#202),#2800,.T.);
#2945=ADVANCED_FACE('',(#203),#2801,.T.);
#2946=ADVANCED_FACE('',(#204),#2802,.T.);
#2947=ADVANCED_FACE('',(#205),#2803,.F.);
#2948=ADVANCED_FACE('',(#206),#2804,.F.);
#2949=ADVANCED_FACE('',(#207),#2805,.F.);
#2950=ADVANCED_FACE('',(#208),#2806,.F.);
#2951=ADVANCED_FACE('',(#209),#2807,.F.);
#2952=ADVANCED_FACE('',(#210),#2808,.F.);
#2953=ADVANCED_FACE('',(#211),#2809,.F.);
#2954=ADVANCED_FACE('',(#212),#2810,.F.);
#2955=ADVANCED_FACE('',(#213),#2811,.F.);
#2956=ADVANCED_FACE('',(#214),#2812,.F.);
#2957=ADVANCED_FACE('',(#215),#2813,.F.);
#2958=ADVANCED_FACE('',(#216),#2814,.F.);
#2959=ADVANCED_FACE('',(#217),#2815,.F.);
#2960=ADVANCED_FACE('',(#218),#2816,.F.);
#2961=ADVANCED_FACE('',(#219),#2817,.F.);
#2962=ADVANCED_FACE('',(#220),#2818,.F.);
#2963=ADVANCED_FACE('',(#221),#2819,.F.);
#2964=ADVANCED_FACE('',(#222),#2820,.F.);
#2965=ADVANCED_FACE('',(#223),#2821,.F.);
#2966=ADVANCED_FACE('',(#224),#2822,.F.);
#2967=ADVANCED_FACE('',(#225),#2823,.F.);
#2968=ADVANCED_FACE('',(#226),#2824,.F.);
#2969=ADVANCED_FACE('',(#227),#2825,.F.);
#2970=ADVANCED_FACE('',(#228),#2826,.F.);
#2971=ADVANCED_FACE('',(#229),#2827,.F.);
#2972=ADVANCED_FACE('',(#230),#2828,.F.);
#2973=ADVANCED_FACE('',(#231),#2829,.F.);
#2974=ADVANCED_FACE('',(#232),#2830,.F.);
#2975=ADVANCED_FACE('',(#233),#2831,.F.);
#2976=ADVANCED_FACE('',(#234),#2832,.F.);
#2977=ADVANCED_FACE('',(#235),#2833,.F.);
#2978=ADVANCED_FACE('',(#236),#2834,.F.);
#2979=ADVANCED_FACE('',(#237),#2835,.F.);
#2980=ADVANCED_FACE('',(#238),#2836,.F.);
#2981=ADVANCED_FACE('',(#239),#2837,.F.);
#2982=ADVANCED_FACE('',(#240),#2838,.F.);
#2983=ADVANCED_FACE('',(#241),#2839,.F.);
#2984=ADVANCED_FACE('',(#242),#2840,.F.);
#2985=ADVANCED_FACE('',(#243),#2841,.F.);
#2986=ADVANCED_FACE('',(#244),#2842,.F.);
#2987=ADVANCED_FACE('',(#245),#2843,.F.);
#2988=ADVANCED_FACE('',(#246),#2844,.F.);
#2989=ADVANCED_FACE('',(#247),#2845,.F.);
#2990=ADVANCED_FACE('',(#248),#2846,.F.);
#2991=ADVANCED_FACE('',(#249),#2847,.F.);
#2992=ADVANCED_FACE('',(#250),#2848,.F.);
#2993=ADVANCED_FACE('',(#251),#2849,.F.);
#2994=ADVANCED_FACE('',(#252),#2850,.F.);
#2995=ADVANCED_FACE('',(#253),#2851,.F.);
#2996=ADVANCED_FACE('',(#254),#2852,.F.);
#2997=ADVANCED_FACE('',(#255),#2853,.F.);
#2998=ADVANCED_FACE('',(#256),#2854,.F.);
#2999=ADVANCED_FACE('',(#257),#2855,.F.);
#3000=ADVANCED_FACE('',(#258),#2856,.F.);
#3001=ADVANCED_FACE('',(#259),#2857,.F.);
#3002=ADVANCED_FACE('',(#260),#2858,.F.);
#3003=ADVANCED_FACE('',(#261),#2859,.F.);
#3004=ADVANCED_FACE('',(#262),#2860,.F.);
#3005=ADVANCED_FACE('',(#263),#2861,.F.);
#3006=ADVANCED_FACE('',(#264),#2862,.F.);
#3007=ADVANCED_FACE('',(#265),#2863,.F.);
#3008=ADVANCED_FACE('',(#266),#2864,.F.);
#3009=ADVANCED_FACE('',(#267),#2865,.F.);
#3010=ADVANCED_FACE('',(#268),#2866,.F.);
#3011=ADVANCED_FACE('',(#269),#2867,.F.);
#3012=ADVANCED_FACE('',(#270),#2868,.F.);
#3013=ADVANCED_FACE('',(#271),#2869,.F.);
#3014=ADVANCED_FACE('',(#272),#2870,.F.);
#3015=ADVANCED_FACE('',(#273),#2871,.F.);
#3016=ADVANCED_FACE('',(#274),#2872,.F.);
#3017=ADVANCED_FACE('',(#275),#2873,.F.);
#3018=ADVANCED_FACE('',(#276),#2874,.F.);
#3019=ADVANCED_FACE('',(#277),#2875,.F.);
#3020=ADVANCED_FACE('',(#278),#2876,.F.);
#3021=ADVANCED_FACE('',(#279),#2877,.F.);
#3022=ADVANCED_FACE('',(#280),#2878,.F.);
#3023=ADVANCED_FACE('',(#281),#2879,.F.);
#3024=ADVANCED_FACE('',(#282),#2880,.F.);
#3025=ADVANCED_FACE('',(#283),#2881,.F.);
#3026=ADVANCED_FACE('',(#284),#2882,.F.);
#3027=ADVANCED_FACE('',(#285),#2883,.F.);
#3028=ADVANCED_FACE('',(#286,#50),#2884,.T.);
#3029=CLOSED_SHELL('',(#2885,#2886,#2887,#2888,#2889,#2890,#2891,#2892,
#2893,#2894,#2895,#2896,#2897,#2898,#2899,#2900,#2901,#2902,#2903,#2904,
#2905,#2906,#2907,#2908,#2909,#2910,#2911,#2912,#2913,#2914,#2915,#2916,
#2917,#2918,#2919,#2920,#2921,#2922,#2923,#2924,#2925,#2926,#2927,#2928,
#2929,#2930,#2931,#2932,#2933,#2934,#2935,#2936,#2937,#2938,#2939,#2940,
#2941,#2942,#2943,#2944,#2945,#2946,#2947,#2948,#2949,#2950,#2951,#2952,
#2953,#2954,#2955,#2956,#2957,#2958,#2959,#2960,#2961,#2962,#2963,#2964,
#2965,#2966,#2967,#2968,#2969,#2970,#2971,#2972,#2973,#2974,#2975,#2976,
#2977,#2978,#2979,#2980,#2981,#2982,#2983,#2984,#2985,#2986,#2987,#2988,
#2989,#2990,#2991,#2992,#2993,#2994,#2995,#2996,#2997,#2998,#2999,#3000,
#3001,#3002,#3003,#3004,#3005,#3006,#3007,#3008,#3009,#3010,#3011,#3012,
#3013,#3014,#3015,#3016,#3017,#3018,#3019,#3020,#3021,#3022,#3023,#3024,
#3025,#3026,#3027,#3028));
#3030=DERIVED_UNIT_ELEMENT(#3033,1.);
#3031=DERIVED_UNIT_ELEMENT(#5026,-3.);
#3032=DIMENSIONAL_EXPONENTS(0.,1.,0.,0.,0.,0.,0.);
#3033=(
CONVERSION_BASED_UNIT('gram',#3035)
MASS_UNIT()
NAMED_UNIT(#3032)
);
#3034=(
MASS_UNIT()
NAMED_UNIT(*)
SI_UNIT(.KILO.,.GRAM.)
);
#3035=MASS_MEASURE_WITH_UNIT(MASS_MEASURE(0.001),#3034);
#3036=DERIVED_UNIT((#3030,#3031));
#3037=MEASURE_REPRESENTATION_ITEM('density measure',
POSITIVE_RATIO_MEASURE(1.),#3036);
#3038=PROPERTY_DEFINITION_REPRESENTATION(#3043,#3040);
#3039=PROPERTY_DEFINITION_REPRESENTATION(#3044,#3041);
#3040=REPRESENTATION('material name',(#3042),#5023);
#3041=REPRESENTATION('density',(#3037),#5023);
#3042=DESCRIPTIVE_REPRESENTATION_ITEM('Og\X\F3lny','Og\X\F3lny');
#3043=PROPERTY_DEFINITION('material property','material name',#5033);
#3044=PROPERTY_DEFINITION('material property','density of part',#5033);
#3045=DATE_TIME_ROLE('creation_date');
#3046=APPLIED_DATE_AND_TIME_ASSIGNMENT(#3047,#3045,(#5033));
#3047=DATE_AND_TIME(#3048,#3049);
#3048=CALENDAR_DATE(2026,3,8);
#3049=LOCAL_TIME(0,0,0.,#3050);
#3050=COORDINATED_UNIVERSAL_TIME_OFFSET(0,0,.BEHIND.);
#3051=AXIS2_PLACEMENT_3D('',#4084,#3282,#3283);
#3052=AXIS2_PLACEMENT_3D('',#4085,#3284,#3285);
#3053=AXIS2_PLACEMENT_3D('',#4094,#3287,#3288);
#3054=AXIS2_PLACEMENT_3D('',#4096,#3290,#3291);
#3055=AXIS2_PLACEMENT_3D('',#4103,#3293,#3294);
#3056=AXIS2_PLACEMENT_3D('',#4104,#3295,#3296);
#3057=AXIS2_PLACEMENT_3D('',#4113,#3298,#3299);
#3058=AXIS2_PLACEMENT_3D('',#4115,#3301,#3302);
#3059=AXIS2_PLACEMENT_3D('',#4122,#3304,#3305);
#3060=AXIS2_PLACEMENT_3D('',#4123,#3306,#3307);
#3061=AXIS2_PLACEMENT_3D('',#4125,#3308,#3309);
#3062=AXIS2_PLACEMENT_3D('',#4128,#3311,#3312);
#3063=AXIS2_PLACEMENT_3D('',#4129,#3313,#3314);
#3064=AXIS2_PLACEMENT_3D('',#4130,#3315,#3316);
#3065=AXIS2_PLACEMENT_3D('',#4132,#3317,#3318);
#3066=AXIS2_PLACEMENT_3D('',#4135,#3320,#3321);
#3067=AXIS2_PLACEMENT_3D('',#4136,#3322,#3323);
#3068=AXIS2_PLACEMENT_3D('',#4137,#3324,#3325);
#3069=AXIS2_PLACEMENT_3D('',#4139,#3326,#3327);
#3070=AXIS2_PLACEMENT_3D('',#4143,#3329,#3330);
#3071=AXIS2_PLACEMENT_3D('',#4147,#3332,#3333);
#3072=AXIS2_PLACEMENT_3D('',#4150,#3335,#3336);
#3073=AXIS2_PLACEMENT_3D('',#4152,#3337,#3338);
#3074=AXIS2_PLACEMENT_3D('',#4155,#3340,#3341);
#3075=AXIS2_PLACEMENT_3D('',#4224,#3342,#3343);
#3076=AXIS2_PLACEMENT_3D('',#4228,#3345,#3346);
#3077=AXIS2_PLACEMENT_3D('',#4232,#3348,#3349);
#3078=AXIS2_PLACEMENT_3D('',#4236,#3351,#3352);
#3079=AXIS2_PLACEMENT_3D('',#4242,#3355,#3356);
#3080=AXIS2_PLACEMENT_3D('',#4245,#3358,#3359);
#3081=AXIS2_PLACEMENT_3D('',#4248,#3360,#3361);
#3082=AXIS2_PLACEMENT_3D('',#4252,#3363,#3364);
#3083=AXIS2_PLACEMENT_3D('',#4258,#3367,#3368);
#3084=AXIS2_PLACEMENT_3D('',#4261,#3370,#3371);
#3085=AXIS2_PLACEMENT_3D('',#4264,#3372,#3373);
#3086=AXIS2_PLACEMENT_3D('',#4268,#3375,#3376);
#3087=AXIS2_PLACEMENT_3D('',#4274,#3379,#3380);
#3088=AXIS2_PLACEMENT_3D('',#4277,#3382,#3383);
#3089=AXIS2_PLACEMENT_3D('',#4280,#3384,#3385);
#3090=AXIS2_PLACEMENT_3D('',#4284,#3387,#3388);
#3091=AXIS2_PLACEMENT_3D('',#4290,#3391,#3392);
#3092=AXIS2_PLACEMENT_3D('',#4293,#3394,#3395);
#3093=AXIS2_PLACEMENT_3D('',#4296,#3396,#3397);
#3094=AXIS2_PLACEMENT_3D('',#4300,#3399,#3400);
#3095=AXIS2_PLACEMENT_3D('',#4306,#3403,#3404);
#3096=AXIS2_PLACEMENT_3D('',#4309,#3406,#3407);
#3097=AXIS2_PLACEMENT_3D('',#4312,#3408,#3409);
#3098=AXIS2_PLACEMENT_3D('',#4316,#3411,#3412);
#3099=AXIS2_PLACEMENT_3D('',#4322,#3415,#3416);
#3100=AXIS2_PLACEMENT_3D('',#4325,#3418,#3419);
#3101=AXIS2_PLACEMENT_3D('',#4328,#3420,#3421);
#3102=AXIS2_PLACEMENT_3D('',#4332,#3423,#3424);
#3103=AXIS2_PLACEMENT_3D('',#4338,#3427,#3428);
#3104=AXIS2_PLACEMENT_3D('',#4341,#3430,#3431);
#3105=AXIS2_PLACEMENT_3D('',#4342,#3432,#3433);
#3106=AXIS2_PLACEMENT_3D('',#4343,#3434,#3435);
#3107=AXIS2_PLACEMENT_3D('',#4352,#3440,#3441);
#3108=AXIS2_PLACEMENT_3D('',#4353,#3442,#3443);
#3109=AXIS2_PLACEMENT_3D('',#4362,#3448,#3449);
#3110=AXIS2_PLACEMENT_3D('',#4363,#3450,#3451);
#3111=AXIS2_PLACEMENT_3D('',#4364,#3452,#3453);
#3112=AXIS2_PLACEMENT_3D('',#4366,#3454,#3455);
#3113=AXIS2_PLACEMENT_3D('',#4367,#3456,#3457);
#3114=AXIS2_PLACEMENT_3D('',#4368,#3458,#3459);
#3115=AXIS2_PLACEMENT_3D('',#4369,#3460,#3461);
#3116=AXIS2_PLACEMENT_3D('',#4371,#3462,#3463);
#3117=AXIS2_PLACEMENT_3D('',#4375,#3465,#3466);
#3118=AXIS2_PLACEMENT_3D('',#4379,#3468,#3469);
#3119=AXIS2_PLACEMENT_3D('',#4381,#3471,#3472);
#3120=AXIS2_PLACEMENT_3D('',#4383,#3473,#3474);
#3121=AXIS2_PLACEMENT_3D('',#4386,#3476,#3477);
#3122=AXIS2_PLACEMENT_3D('',#4389,#3478,#3479);
#3123=AXIS2_PLACEMENT_3D('',#4393,#3481,#3482);
#3124=AXIS2_PLACEMENT_3D('',#4397,#3484,#3485);
#3125=AXIS2_PLACEMENT_3D('',#4401,#3487,#3488);
#3126=AXIS2_PLACEMENT_3D('',#4405,#3490,#3491);
#3127=AXIS2_PLACEMENT_3D('',#4409,#3493,#3494);
#3128=AXIS2_PLACEMENT_3D('',#4413,#3496,#3497);
#3129=AXIS2_PLACEMENT_3D('',#4417,#3499,#3500);
#3130=AXIS2_PLACEMENT_3D('',#4421,#3502,#3503);
#3131=AXIS2_PLACEMENT_3D('',#4425,#3505,#3506);
#3132=AXIS2_PLACEMENT_3D('',#4429,#3508,#3509);
#3133=AXIS2_PLACEMENT_3D('',#4433,#3511,#3512);
#3134=AXIS2_PLACEMENT_3D('',#4437,#3514,#3515);
#3135=AXIS2_PLACEMENT_3D('',#4441,#3517,#3518);
#3136=AXIS2_PLACEMENT_3D('',#4445,#3520,#3521);
#3137=AXIS2_PLACEMENT_3D('',#4449,#3523,#3524);
#3138=AXIS2_PLACEMENT_3D('',#4453,#3526,#3527);
#3139=AXIS2_PLACEMENT_3D('',#4457,#3529,#3530);
#3140=AXIS2_PLACEMENT_3D('',#4461,#3532,#3533);
#3141=AXIS2_PLACEMENT_3D('',#4465,#3535,#3536);
#3142=AXIS2_PLACEMENT_3D('',#4469,#3538,#3539);
#3143=AXIS2_PLACEMENT_3D('',#4473,#3541,#3542);
#3144=AXIS2_PLACEMENT_3D('',#4477,#3544,#3545);
#3145=AXIS2_PLACEMENT_3D('',#4481,#3547,#3548);
#3146=AXIS2_PLACEMENT_3D('',#4485,#3550,#3551);
#3147=AXIS2_PLACEMENT_3D('',#4489,#3553,#3554);
#3148=AXIS2_PLACEMENT_3D('',#4493,#3556,#3557);
#3149=AXIS2_PLACEMENT_3D('',#4497,#3559,#3560);
#3150=AXIS2_PLACEMENT_3D('',#4501,#3562,#3563);
#3151=AXIS2_PLACEMENT_3D('',#4505,#3565,#3566);
#3152=AXIS2_PLACEMENT_3D('',#4507,#3568,#3569);
#3153=AXIS2_PLACEMENT_3D('',#4508,#3570,#3571);
#3154=AXIS2_PLACEMENT_3D('',#4514,#3575,#3576);
#3155=AXIS2_PLACEMENT_3D('',#4520,#3580,#3581);
#3156=AXIS2_PLACEMENT_3D('',#4526,#3585,#3586);
#3157=AXIS2_PLACEMENT_3D('',#4532,#3590,#3591);
#3158=AXIS2_PLACEMENT_3D('',#4538,#3595,#3596);
#3159=AXIS2_PLACEMENT_3D('',#4544,#3600,#3601);
#3160=AXIS2_PLACEMENT_3D('',#4550,#3605,#3606);
#3161=AXIS2_PLACEMENT_3D('',#4556,#3610,#3611);
#3162=AXIS2_PLACEMENT_3D('',#4562,#3615,#3616);
#3163=AXIS2_PLACEMENT_3D('',#4568,#3620,#3621);
#3164=AXIS2_PLACEMENT_3D('',#4574,#3625,#3626);
#3165=AXIS2_PLACEMENT_3D('',#4580,#3630,#3631);
#3166=AXIS2_PLACEMENT_3D('',#4586,#3635,#3636);
#3167=AXIS2_PLACEMENT_3D('',#4592,#3640,#3641);
#3168=AXIS2_PLACEMENT_3D('',#4598,#3645,#3646);
#3169=AXIS2_PLACEMENT_3D('',#4604,#3650,#3651);
#3170=AXIS2_PLACEMENT_3D('',#4613,#3657,#3658);
#3171=AXIS2_PLACEMENT_3D('',#4622,#3664,#3665);
#3172=AXIS2_PLACEMENT_3D('',#4631,#3671,#3672);
#3173=AXIS2_PLACEMENT_3D('',#4640,#3678,#3679);
#3174=AXIS2_PLACEMENT_3D('',#4649,#3685,#3686);
#3175=AXIS2_PLACEMENT_3D('',#4658,#3692,#3693);
#3176=AXIS2_PLACEMENT_3D('',#4667,#3699,#3700);
#3177=AXIS2_PLACEMENT_3D('',#4676,#3706,#3707);
#3178=AXIS2_PLACEMENT_3D('',#4685,#3713,#3714);
#3179=AXIS2_PLACEMENT_3D('',#4694,#3720,#3721);
#3180=AXIS2_PLACEMENT_3D('',#4703,#3727,#3728);
#3181=AXIS2_PLACEMENT_3D('',#4712,#3734,#3735);
#3182=AXIS2_PLACEMENT_3D('',#4721,#3741,#3742);
#3183=AXIS2_PLACEMENT_3D('',#4730,#3748,#3749);
#3184=AXIS2_PLACEMENT_3D('',#4739,#3755,#3756);
#3185=AXIS2_PLACEMENT_3D('',#4748,#3762,#3763);
#3186=AXIS2_PLACEMENT_3D('',#4757,#3769,#3770);
#3187=AXIS2_PLACEMENT_3D('',#4766,#3776,#3777);
#3188=AXIS2_PLACEMENT_3D('',#4775,#3783,#3784);
#3189=AXIS2_PLACEMENT_3D('',#4784,#3790,#3791);
#3190=AXIS2_PLACEMENT_3D('',#4793,#3797,#3798);
#3191=AXIS2_PLACEMENT_3D('',#4802,#3804,#3805);
#3192=AXIS2_PLACEMENT_3D('',#4811,#3811,#3812);
#3193=AXIS2_PLACEMENT_3D('',#4820,#3818,#3819);
#3194=AXIS2_PLACEMENT_3D('',#4829,#3825,#3826);
#3195=AXIS2_PLACEMENT_3D('',#4838,#3832,#3833);
#3196=AXIS2_PLACEMENT_3D('',#4847,#3839,#3840);
#3197=AXIS2_PLACEMENT_3D('',#4856,#3846,#3847);
#3198=AXIS2_PLACEMENT_3D('',#4865,#3853,#3854);
#3199=AXIS2_PLACEMENT_3D('',#4874,#3860,#3861);
#3200=AXIS2_PLACEMENT_3D('',#4883,#3867,#3868);
#3201=AXIS2_PLACEMENT_3D('',#4887,#3871,#3872);
#3202=AXIS2_PLACEMENT_3D('',#4891,#3875,#3876);
#3203=AXIS2_PLACEMENT_3D('',#4893,#3878,#3879);
#3204=AXIS2_PLACEMENT_3D('',#4895,#3881,#3882);
#3205=AXIS2_PLACEMENT_3D('',#4896,#3883,#3884);
#3206=AXIS2_PLACEMENT_3D('',#4898,#3886,#3887);
#3207=AXIS2_PLACEMENT_3D('',#4900,#3889,#3890);
#3208=AXIS2_PLACEMENT_3D('',#4901,#3891,#3892);
#3209=AXIS2_PLACEMENT_3D('',#4903,#3894,#3895);
#3210=AXIS2_PLACEMENT_3D('',#4904,#3896,#3897);
#3211=AXIS2_PLACEMENT_3D('',#4906,#3899,#3900);
#3212=AXIS2_PLACEMENT_3D('',#4908,#3902,#3903);
#3213=AXIS2_PLACEMENT_3D('',#4909,#3904,#3905);
#3214=AXIS2_PLACEMENT_3D('',#4911,#3907,#3908);
#3215=AXIS2_PLACEMENT_3D('',#4912,#3909,#3910);
#3216=AXIS2_PLACEMENT_3D('',#4914,#3912,#3913);
#3217=AXIS2_PLACEMENT_3D('',#4916,#3915,#3916);
#3218=AXIS2_PLACEMENT_3D('',#4917,#3917,#3918);
#3219=AXIS2_PLACEMENT_3D('',#4919,#3920,#3921);
#3220=AXIS2_PLACEMENT_3D('',#4920,#3922,#3923);
#3221=AXIS2_PLACEMENT_3D('',#4922,#3925,#3926);
#3222=AXIS2_PLACEMENT_3D('',#4924,#3928,#3929);
#3223=AXIS2_PLACEMENT_3D('',#4925,#3930,#3931);
#3224=AXIS2_PLACEMENT_3D('',#4927,#3933,#3934);
#3225=AXIS2_PLACEMENT_3D('',#4928,#3935,#3936);
#3226=AXIS2_PLACEMENT_3D('',#4930,#3938,#3939);
#3227=AXIS2_PLACEMENT_3D('',#4932,#3941,#3942);
#3228=AXIS2_PLACEMENT_3D('',#4933,#3943,#3944);
#3229=AXIS2_PLACEMENT_3D('',#4935,#3946,#3947);
#3230=AXIS2_PLACEMENT_3D('',#4936,#3948,#3949);
#3231=AXIS2_PLACEMENT_3D('',#4938,#3951,#3952);
#3232=AXIS2_PLACEMENT_3D('',#4940,#3954,#3955);
#3233=AXIS2_PLACEMENT_3D('',#4941,#3956,#3957);
#3234=AXIS2_PLACEMENT_3D('',#4943,#3959,#3960);
#3235=AXIS2_PLACEMENT_3D('',#4944,#3961,#3962);
#3236=AXIS2_PLACEMENT_3D('',#4946,#3964,#3965);
#3237=AXIS2_PLACEMENT_3D('',#4948,#3967,#3968);
#3238=AXIS2_PLACEMENT_3D('',#4949,#3969,#3970);
#3239=AXIS2_PLACEMENT_3D('',#4951,#3972,#3973);
#3240=AXIS2_PLACEMENT_3D('',#4952,#3974,#3975);
#3241=AXIS2_PLACEMENT_3D('',#4954,#3977,#3978);
#3242=AXIS2_PLACEMENT_3D('',#4956,#3980,#3981);
#3243=AXIS2_PLACEMENT_3D('',#4957,#3982,#3983);
#3244=AXIS2_PLACEMENT_3D('',#4959,#3985,#3986);
#3245=AXIS2_PLACEMENT_3D('',#4960,#3987,#3988);
#3246=AXIS2_PLACEMENT_3D('',#4962,#3990,#3991);
#3247=AXIS2_PLACEMENT_3D('',#4964,#3993,#3994);
#3248=AXIS2_PLACEMENT_3D('',#4965,#3995,#3996);
#3249=AXIS2_PLACEMENT_3D('',#4967,#3998,#3999);
#3250=AXIS2_PLACEMENT_3D('',#4968,#4000,#4001);
#3251=AXIS2_PLACEMENT_3D('',#4970,#4003,#4004);
#3252=AXIS2_PLACEMENT_3D('',#4972,#4006,#4007);
#3253=AXIS2_PLACEMENT_3D('',#4973,#4008,#4009);
#3254=AXIS2_PLACEMENT_3D('',#4975,#4011,#4012);
#3255=AXIS2_PLACEMENT_3D('',#4976,#4013,#4014);
#3256=AXIS2_PLACEMENT_3D('',#4978,#4016,#4017);
#3257=AXIS2_PLACEMENT_3D('',#4980,#4019,#4020);
#3258=AXIS2_PLACEMENT_3D('',#4981,#4021,#4022);
#3259=AXIS2_PLACEMENT_3D('',#4983,#4024,#4025);
#3260=AXIS2_PLACEMENT_3D('',#4984,#4026,#4027);
#3261=AXIS2_PLACEMENT_3D('',#4986,#4029,#4030);
#3262=AXIS2_PLACEMENT_3D('',#4988,#4032,#4033);
#3263=AXIS2_PLACEMENT_3D('',#4989,#4034,#4035);
#3264=AXIS2_PLACEMENT_3D('',#4991,#4037,#4038);
#3265=AXIS2_PLACEMENT_3D('',#4992,#4039,#4040);
#3266=AXIS2_PLACEMENT_3D('',#4994,#4042,#4043);
#3267=AXIS2_PLACEMENT_3D('',#4996,#4045,#4046);
#3268=AXIS2_PLACEMENT_3D('',#4997,#4047,#4048);
#3269=AXIS2_PLACEMENT_3D('',#4999,#4050,#4051);
#3270=AXIS2_PLACEMENT_3D('',#5000,#4052,#4053);
#3271=AXIS2_PLACEMENT_3D('',#5002,#4055,#4056);
#3272=AXIS2_PLACEMENT_3D('',#5004,#4058,#4059);
#3273=AXIS2_PLACEMENT_3D('',#5005,#4060,#4061);
#3274=AXIS2_PLACEMENT_3D('',#5007,#4063,#4064);
#3275=AXIS2_PLACEMENT_3D('',#5008,#4065,#4066);
#3276=AXIS2_PLACEMENT_3D('',#5010,#4068,#4069);
#3277=AXIS2_PLACEMENT_3D('',#5012,#4071,#4072);
#3278=AXIS2_PLACEMENT_3D('',#5013,#4073,#4074);
#3279=AXIS2_PLACEMENT_3D('',#5017,#4077,#4078);
#3280=AXIS2_PLACEMENT_3D('',#5019,#4080,#4081);
#3281=AXIS2_PLACEMENT_3D('',#5020,#4082,#4083);
#3282=DIRECTION('axis',(0.,0.,1.));
#3283=DIRECTION('refdir',(1.,0.,0.));
#3284=DIRECTION('center_axis',(-0.0975451610080634,0.866025403784439,0.490392640201615));
#3285=DIRECTION('ref_axis',(-0.168953174898453,-0.5,0.849384968487042));
#3286=DIRECTION('',(0.980785280403231,0.,0.195090322016127));
#3287=DIRECTION('center_axis',(0.0975451610080634,-0.866025403784439,-0.490392640201615));
#3288=DIRECTION('ref_axis',(0.168953174898453,0.5,-0.849384968487042));
#3289=DIRECTION('',(0.980785280403231,0.,0.195090322016127));
#3290=DIRECTION('center_axis',(0.0975451610080634,0.866025403784439,-0.490392640201615));
#3291=DIRECTION('ref_axis',(-0.168953174898453,0.5,0.849384968487042));
#3292=DIRECTION('',(0.980785280403231,0.,0.195090322016127));
#3293=DIRECTION('center_axis',(-0.0975451610080634,-0.866025403784439,0.490392640201615));
#3294=DIRECTION('ref_axis',(0.168953174898453,-0.5,-0.849384968487042));
#3295=DIRECTION('center_axis',(0.0975451610080634,0.866025403784439,-0.490392640201615));
#3296=DIRECTION('ref_axis',(-0.168953174898453,0.5,0.849384968487042));
#3297=DIRECTION('',(0.980785280403231,0.,0.195090322016127));
#3298=DIRECTION('center_axis',(-0.0975451610080634,-0.866025403784439,0.490392640201615));
#3299=DIRECTION('ref_axis',(0.168953174898453,-0.5,-0.849384968487042));
#3300=DIRECTION('',(0.980785280403231,0.,0.195090322016127));
#3301=DIRECTION('center_axis',(-0.0975451610080634,0.866025403784439,0.490392640201615));
#3302=DIRECTION('ref_axis',(-0.168953174898453,-0.5,0.849384968487042));
#3303=DIRECTION('',(0.980785280403231,0.,0.195090322016127));
#3304=DIRECTION('center_axis',(0.0975451610080634,-0.866025403784439,-0.490392640201615));
#3305=DIRECTION('ref_axis',(0.168953174898453,0.5,-0.849384968487042));
#3306=DIRECTION('center_axis',(0.98078528040323,0.,0.19509032201613));
#3307=DIRECTION('ref_axis',(-0.19509032201613,0.,0.98078528040323));
#3308=DIRECTION('center_axis',(0.98078528040323,0.,0.195090322016132));
#3309=DIRECTION('ref_axis',(-0.195090322016132,0.,0.98078528040323));
#3310=DIRECTION('',(-0.831469612302562,-8.65956056235469E-17,0.555570233019577));
#3311=DIRECTION('center_axis',(-0.98078528040323,0.,-0.195090322016132));
#3312=DIRECTION('ref_axis',(-0.195090322016127,0.,0.980785280403231));
#3313=DIRECTION('center_axis',(-0.98078528040323,0.,-0.195090322016132));
#3314=DIRECTION('ref_axis',(-0.195090322016127,0.,0.980785280403231));
#3315=DIRECTION('center_axis',(-0.980785280403231,0.,-0.195090322016127));
#3316=DIRECTION('ref_axis',(0.195090322016127,0.,-0.980785280403231));
#3317=DIRECTION('center_axis',(-0.980785280403231,0.,-0.195090322016127));
#3318=DIRECTION('ref_axis',(0.195090322016127,0.,-0.980785280403231));
#3319=DIRECTION('',(0.831469612302539,-8.65956056235502E-17,-0.555570233019612));
#3320=DIRECTION('center_axis',(0.980785280403231,0.,0.195090322016127));
#3321=DIRECTION('ref_axis',(0.195090322016127,0.,-0.980785280403231));
#3322=DIRECTION('center_axis',(0.980785280403231,0.,0.195090322016127));
#3323=DIRECTION('ref_axis',(0.195090322016127,0.,-0.980785280403231));
#3324=DIRECTION('center_axis',(0.,1.,0.));
#3325=DIRECTION('ref_axis',(1.,0.,0.));
#3326=DIRECTION('center_axis',(0.,1.,0.));
#3327=DIRECTION('ref_axis',(1.,0.,0.));
#3328=DIRECTION('',(0.,-1.,0.));
#3329=DIRECTION('center_axis',(0.,-1.,0.));
#3330=DIRECTION('ref_axis',(1.,0.,0.));
#3331=DIRECTION('',(0.,-1.,0.));
#3332=DIRECTION('center_axis',(0.,1.,0.));
#3333=DIRECTION('ref_axis',(1.,0.,0.));
#3334=DIRECTION('',(0.,-1.,0.));
#3335=DIRECTION('center_axis',(0.,1.,0.));
#3336=DIRECTION('ref_axis',(-1.,0.,0.));
#3337=DIRECTION('center_axis',(0.,1.,0.));
#3338=DIRECTION('ref_axis',(1.,0.,0.));
#3339=DIRECTION('',(0.,1.,0.));
#3340=DIRECTION('center_axis',(0.,-1.,0.));
#3341=DIRECTION('ref_axis',(1.,0.,0.));
#3342=DIRECTION('center_axis',(0.,-1.,0.));
#3343=DIRECTION('ref_axis',(1.,0.,0.));
#3344=DIRECTION('',(0.,-1.,0.));
#3345=DIRECTION('center_axis',(0.,1.,0.));
#3346=DIRECTION('ref_axis',(1.,0.,0.));
#3347=DIRECTION('',(0.,1.,0.));
#3348=DIRECTION('center_axis',(0.,-1.,0.));
#3349=DIRECTION('ref_axis',(1.,0.,0.));
#3350=DIRECTION('',(0.,-1.,0.));
#3351=DIRECTION('center_axis',(0.,1.,0.));
#3352=DIRECTION('ref_axis',(1.,0.,0.));
#3353=DIRECTION('',(0.,1.,0.));
#3354=DIRECTION('',(0.,-1.,0.));
#3355=DIRECTION('center_axis',(0.,1.,0.));
#3356=DIRECTION('ref_axis',(1.,0.,0.));
#3357=DIRECTION('',(0.,1.,0.));
#3358=DIRECTION('center_axis',(0.,-1.,0.));
#3359=DIRECTION('ref_axis',(1.,0.,0.));
#3360=DIRECTION('center_axis',(0.,-1.,0.));
#3361=DIRECTION('ref_axis',(1.,0.,0.));
#3362=DIRECTION('',(0.,-1.,0.));
#3363=DIRECTION('center_axis',(0.,1.,0.));
#3364=DIRECTION('ref_axis',(1.,0.,0.));
#3365=DIRECTION('',(0.,1.,0.));
#3366=DIRECTION('',(0.,-1.,0.));
#3367=DIRECTION('center_axis',(0.,1.,0.));
#3368=DIRECTION('ref_axis',(1.,0.,0.));
#3369=DIRECTION('',(0.,1.,0.));
#3370=DIRECTION('center_axis',(0.,-1.,0.));
#3371=DIRECTION('ref_axis',(1.,0.,0.));
#3372=DIRECTION('center_axis',(0.,-1.,0.));
#3373=DIRECTION('ref_axis',(1.,0.,0.));
#3374=DIRECTION('',(0.,-1.,0.));
#3375=DIRECTION('center_axis',(0.,1.,0.));
#3376=DIRECTION('ref_axis',(1.,0.,0.));
#3377=DIRECTION('',(0.,1.,0.));
#3378=DIRECTION('',(0.,-1.,0.));
#3379=DIRECTION('center_axis',(0.,1.,0.));
#3380=DIRECTION('ref_axis',(1.,0.,0.));
#3381=DIRECTION('',(0.,1.,0.));
#3382=DIRECTION('center_axis',(0.,-1.,0.));
#3383=DIRECTION('ref_axis',(1.,0.,0.));
#3384=DIRECTION('center_axis',(0.,-1.,0.));
#3385=DIRECTION('ref_axis',(1.,0.,0.));
#3386=DIRECTION('',(0.,-1.,0.));
#3387=DIRECTION('center_axis',(0.,1.,0.));
#3388=DIRECTION('ref_axis',(1.,0.,0.));
#3389=DIRECTION('',(0.,1.,0.));
#3390=DIRECTION('',(0.,-1.,0.));
#3391=DIRECTION('center_axis',(0.,1.,0.));
#3392=DIRECTION('ref_axis',(1.,0.,0.));
#3393=DIRECTION('',(0.,1.,0.));
#3394=DIRECTION('center_axis',(0.,-1.,0.));
#3395=DIRECTION('ref_axis',(1.,0.,0.));
#3396=DIRECTION('center_axis',(0.,-1.,0.));
#3397=DIRECTION('ref_axis',(1.,0.,0.));
#3398=DIRECTION('',(0.,-1.,0.));
#3399=DIRECTION('center_axis',(0.,1.,0.));
#3400=DIRECTION('ref_axis',(1.,0.,0.));
#3401=DIRECTION('',(0.,1.,0.));
#3402=DIRECTION('',(0.,-1.,0.));
#3403=DIRECTION('center_axis',(0.,1.,0.));
#3404=DIRECTION('ref_axis',(1.,0.,0.));
#3405=DIRECTION('',(0.,1.,0.));
#3406=DIRECTION('center_axis',(0.,-1.,0.));
#3407=DIRECTION('ref_axis',(1.,0.,0.));
#3408=DIRECTION('center_axis',(0.,-1.,0.));
#3409=DIRECTION('ref_axis',(1.,0.,0.));
#3410=DIRECTION('',(0.,-1.,0.));
#3411=DIRECTION('center_axis',(0.,1.,0.));
#3412=DIRECTION('ref_axis',(1.,0.,0.));
#3413=DIRECTION('',(0.,1.,0.));
#3414=DIRECTION('',(0.,-1.,0.));
#3415=DIRECTION('center_axis',(0.,1.,0.));
#3416=DIRECTION('ref_axis',(1.,0.,0.));
#3417=DIRECTION('',(0.,1.,0.));
#3418=DIRECTION('center_axis',(0.,-1.,0.));
#3419=DIRECTION('ref_axis',(1.,0.,0.));
#3420=DIRECTION('center_axis',(0.,-1.,0.));
#3421=DIRECTION('ref_axis',(1.,0.,0.));
#3422=DIRECTION('',(0.,-1.,0.));
#3423=DIRECTION('center_axis',(0.,1.,0.));
#3424=DIRECTION('ref_axis',(1.,0.,0.));
#3425=DIRECTION('',(0.,1.,0.));
#3426=DIRECTION('',(0.,-1.,0.));
#3427=DIRECTION('center_axis',(0.,1.,0.));
#3428=DIRECTION('ref_axis',(1.,0.,0.));
#3429=DIRECTION('',(0.,1.,0.));
#3430=DIRECTION('center_axis',(0.,-1.,0.));
#3431=DIRECTION('ref_axis',(1.,0.,0.));
#3432=DIRECTION('center_axis',(-0.980785280403231,0.,-0.195090322016127));
#3433=DIRECTION('ref_axis',(-4.78544407166016E-17,-1.,5.9818050895752E-17));
#3434=DIRECTION('center_axis',(0.98078528040323,0.,0.195090322016132));
#3435=DIRECTION('ref_axis',(0.195090322016131,0.,-0.98078528040323));
#3436=DIRECTION('',(-0.195090322016132,0.,0.98078528040323));
#3437=DIRECTION('',(0.,-1.,0.));
#3438=DIRECTION('',(0.195090322016131,0.,-0.98078528040323));
#3439=DIRECTION('',(0.,1.,0.));
#3440=DIRECTION('center_axis',(-0.980785280403231,0.,-0.195090322016127));
#3441=DIRECTION('ref_axis',(2.15344983224707E-16,-1.,-1.04681589067566E-15));
#3442=DIRECTION('center_axis',(0.980785280403231,0.,0.195090322016127));
#3443=DIRECTION('ref_axis',(0.195090322016127,0.,-0.980785280403231));
#3444=DIRECTION('',(0.195090322016127,0.,-0.980785280403231));
#3445=DIRECTION('',(0.,-1.,0.));
#3446=DIRECTION('',(0.195090322016127,0.,-0.980785280403231));
#3447=DIRECTION('',(0.,1.,0.));
#3448=DIRECTION('center_axis',(0.,-1.,0.));
#3449=DIRECTION('ref_axis',(-0.382683432365092,0.,0.923879532511286));
#3450=DIRECTION('center_axis',(0.,1.,0.));
#3451=DIRECTION('ref_axis',(1.,0.,0.));
#3452=DIRECTION('center_axis',(0.,-1.,0.));
#3453=DIRECTION('ref_axis',(0.,0.,-1.));
#3454=DIRECTION('center_axis',(0.,-1.,0.));
#3455=DIRECTION('ref_axis',(1.,0.,0.));
#3456=DIRECTION('center_axis',(0.,-1.,0.));
#3457=DIRECTION('ref_axis',(1.,0.,0.));
#3458=DIRECTION('center_axis',(0.,-1.,0.));
#3459=DIRECTION('ref_axis',(1.,0.,0.));
#3460=DIRECTION('center_axis',(0.,1.,0.));
#3461=DIRECTION('ref_axis',(1.,0.,0.));
#3462=DIRECTION('center_axis',(0.,1.,0.));
#3463=DIRECTION('ref_axis',(1.,0.,0.));
#3464=DIRECTION('',(0.,-1.,0.));
#3465=DIRECTION('center_axis',(0.,1.,0.));
#3466=DIRECTION('ref_axis',(1.,0.,0.));
#3467=DIRECTION('',(0.,-1.,0.));
#3468=DIRECTION('center_axis',(0.,-1.,0.));
#3469=DIRECTION('ref_axis',(1.,0.,0.));
#3470=DIRECTION('',(0.,-1.,0.));
#3471=DIRECTION('center_axis',(0.,1.,0.));
#3472=DIRECTION('ref_axis',(1.,0.,0.));
#3473=DIRECTION('center_axis',(0.,-1.,0.));
#3474=DIRECTION('ref_axis',(1.,0.,0.));
#3475=DIRECTION('',(0.,1.,0.));
#3476=DIRECTION('center_axis',(0.,1.,0.));
#3477=DIRECTION('ref_axis',(1.,0.,0.));
#3478=DIRECTION('center_axis',(0.,-1.,0.));
#3479=DIRECTION('ref_axis',(1.,0.,0.));
#3480=DIRECTION('',(0.,1.,0.));
#3481=DIRECTION('center_axis',(0.,1.,0.));
#3482=DIRECTION('ref_axis',(1.,0.,0.));
#3483=DIRECTION('',(0.,-1.,0.));
#3484=DIRECTION('center_axis',(0.,-1.,0.));
#3485=DIRECTION('ref_axis',(1.,0.,0.));
#3486=DIRECTION('',(0.,1.,0.));
#3487=DIRECTION('center_axis',(0.,1.,0.));
#3488=DIRECTION('ref_axis',(1.,0.,0.));
#3489=DIRECTION('',(0.,-1.,0.));
#3490=DIRECTION('center_axis',(0.,-1.,0.));
#3491=DIRECTION('ref_axis',(1.,0.,0.));
#3492=DIRECTION('',(0.,1.,0.));
#3493=DIRECTION('center_axis',(0.,1.,0.));
#3494=DIRECTION('ref_axis',(1.,0.,0.));
#3495=DIRECTION('',(0.,-1.,0.));
#3496=DIRECTION('center_axis',(0.,-1.,0.));
#3497=DIRECTION('ref_axis',(1.,0.,0.));
#3498=DIRECTION('',(0.,1.,0.));
#3499=DIRECTION('center_axis',(0.,1.,0.));
#3500=DIRECTION('ref_axis',(1.,0.,0.));
#3501=DIRECTION('',(0.,-1.,0.));
#3502=DIRECTION('center_axis',(0.,-1.,0.));
#3503=DIRECTION('ref_axis',(1.,0.,0.));
#3504=DIRECTION('',(0.,1.,0.));
#3505=DIRECTION('center_axis',(0.,1.,0.));
#3506=DIRECTION('ref_axis',(1.,0.,0.));
#3507=DIRECTION('',(0.,-1.,0.));
#3508=DIRECTION('center_axis',(0.,-1.,0.));
#3509=DIRECTION('ref_axis',(1.,0.,0.));
#3510=DIRECTION('',(0.,1.,0.));
#3511=DIRECTION('center_axis',(0.,1.,0.));
#3512=DIRECTION('ref_axis',(1.,0.,0.));
#3513=DIRECTION('',(0.,-1.,0.));
#3514=DIRECTION('center_axis',(0.,-1.,0.));
#3515=DIRECTION('ref_axis',(1.,0.,0.));
#3516=DIRECTION('',(0.,1.,0.));
#3517=DIRECTION('center_axis',(0.,1.,0.));
#3518=DIRECTION('ref_axis',(1.,0.,0.));
#3519=DIRECTION('',(0.,-1.,0.));
#3520=DIRECTION('center_axis',(0.,-1.,0.));
#3521=DIRECTION('ref_axis',(1.,0.,0.));
#3522=DIRECTION('',(0.,1.,0.));
#3523=DIRECTION('center_axis',(0.,1.,0.));
#3524=DIRECTION('ref_axis',(1.,0.,0.));
#3525=DIRECTION('',(0.,-1.,0.));
#3526=DIRECTION('center_axis',(0.,-1.,0.));
#3527=DIRECTION('ref_axis',(1.,0.,0.));
#3528=DIRECTION('',(0.,1.,0.));
#3529=DIRECTION('center_axis',(0.,1.,0.));
#3530=DIRECTION('ref_axis',(1.,0.,0.));
#3531=DIRECTION('',(0.,-1.,0.));
#3532=DIRECTION('center_axis',(0.,-1.,0.));
#3533=DIRECTION('ref_axis',(1.,0.,0.));
#3534=DIRECTION('',(0.,1.,0.));
#3535=DIRECTION('center_axis',(0.,1.,0.));
#3536=DIRECTION('ref_axis',(1.,0.,0.));
#3537=DIRECTION('',(0.,-1.,0.));
#3538=DIRECTION('center_axis',(0.,-1.,0.));
#3539=DIRECTION('ref_axis',(1.,0.,0.));
#3540=DIRECTION('',(0.,1.,0.));
#3541=DIRECTION('center_axis',(0.,1.,0.));
#3542=DIRECTION('ref_axis',(1.,0.,0.));
#3543=DIRECTION('',(0.,-1.,0.));
#3544=DIRECTION('center_axis',(0.,-1.,0.));
#3545=DIRECTION('ref_axis',(1.,0.,0.));
#3546=DIRECTION('',(0.,1.,0.));
#3547=DIRECTION('center_axis',(0.,1.,0.));
#3548=DIRECTION('ref_axis',(1.,0.,0.));
#3549=DIRECTION('',(0.,-1.,0.));
#3550=DIRECTION('center_axis',(0.,-1.,0.));
#3551=DIRECTION('ref_axis',(1.,0.,0.));
#3552=DIRECTION('',(0.,1.,0.));
#3553=DIRECTION('center_axis',(0.,1.,0.));
#3554=DIRECTION('ref_axis',(1.,0.,0.));
#3555=DIRECTION('',(0.,-1.,0.));
#3556=DIRECTION('center_axis',(0.,-1.,0.));
#3557=DIRECTION('ref_axis',(1.,0.,0.));
#3558=DIRECTION('',(0.,1.,0.));
#3559=DIRECTION('center_axis',(0.,1.,0.));
#3560=DIRECTION('ref_axis',(1.,0.,0.));
#3561=DIRECTION('',(0.,-1.,0.));
#3562=DIRECTION('center_axis',(0.,-1.,0.));
#3563=DIRECTION('ref_axis',(1.,0.,0.));
#3564=DIRECTION('',(0.,1.,0.));
#3565=DIRECTION('center_axis',(0.,1.,0.));
#3566=DIRECTION('ref_axis',(1.,0.,0.));
#3567=DIRECTION('',(0.,-1.,0.));
#3568=DIRECTION('center_axis',(0.,1.,0.));
#3569=DIRECTION('ref_axis',(0.,0.,1.));
#3570=DIRECTION('center_axis',(0.,0.,1.));
#3571=DIRECTION('ref_axis',(1.,0.,0.));
#3572=DIRECTION('',(1.,0.,0.));
#3573=DIRECTION('',(0.,1.,0.));
#3574=DIRECTION('',(-1.,0.,0.));
#3575=DIRECTION('center_axis',(-0.38268343236501,0.,0.92387953251132));
#3576=DIRECTION('ref_axis',(0.92387953251132,0.,0.38268343236501));
#3577=DIRECTION('',(0.92387953251132,0.,0.38268343236501));
#3578=DIRECTION('',(0.,1.,0.));
#3579=DIRECTION('',(-0.92387953251132,0.,-0.38268343236501));
#3580=DIRECTION('center_axis',(-0.70710678118651,0.,0.707106781186585));
#3581=DIRECTION('ref_axis',(0.707106781186585,0.,0.70710678118651));
#3582=DIRECTION('',(0.707106781186585,0.,0.70710678118651));
#3583=DIRECTION('',(0.,1.,0.));
#3584=DIRECTION('',(-0.707106781186585,0.,-0.70710678118651));
#3585=DIRECTION('center_axis',(-0.923879532511275,0.,0.382683432365118));
#3586=DIRECTION('ref_axis',(0.382683432365118,0.,0.923879532511275));
#3587=DIRECTION('',(0.382683432365118,0.,0.923879532511275));
#3588=DIRECTION('',(0.,1.,0.));
#3589=DIRECTION('',(-0.382683432365118,0.,-0.923879532511275));
#3590=DIRECTION('center_axis',(-1.,0.,3.07297723615947E-14));
#3591=DIRECTION('ref_axis',(3.07297723615947E-14,0.,1.));
#3592=DIRECTION('',(3.07297723615947E-14,0.,1.));
#3593=DIRECTION('',(0.,1.,0.));
#3594=DIRECTION('',(-3.07297723615947E-14,0.,-1.));
#3595=DIRECTION('center_axis',(-0.923879532511298,0.,-0.382683432365063));
#3596=DIRECTION('ref_axis',(-0.382683432365063,0.,0.923879532511298));
#3597=DIRECTION('',(-0.382683432365063,0.,0.923879532511298));
#3598=DIRECTION('',(0.,1.,0.));
#3599=DIRECTION('',(0.382683432365063,0.,-0.923879532511298));
#3600=DIRECTION('center_axis',(-0.707106781186576,0.,-0.707106781186519));
#3601=DIRECTION('ref_axis',(-0.707106781186519,0.,0.707106781186576));
#3602=DIRECTION('',(-0.707106781186519,0.,0.707106781186576));
#3603=DIRECTION('',(0.,1.,0.));
#3604=DIRECTION('',(0.707106781186519,0.,-0.707106781186576));
#3605=DIRECTION('center_axis',(-0.382683432365112,0.,-0.923879532511278));
#3606=DIRECTION('ref_axis',(-0.923879532511278,0.,0.382683432365112));
#3607=DIRECTION('',(-0.923879532511278,0.,0.382683432365112));
#3608=DIRECTION('',(0.,1.,0.));
#3609=DIRECTION('',(0.923879532511278,0.,-0.382683432365112));
#3610=DIRECTION('center_axis',(-2.1274457788796E-14,0.,-1.));
#3611=DIRECTION('ref_axis',(-1.,0.,2.1274457788796E-14));
#3612=DIRECTION('',(-1.,0.,2.1274457788796E-14));
#3613=DIRECTION('',(0.,1.,0.));
#3614=DIRECTION('',(1.,0.,-2.1274457788796E-14));
#3615=DIRECTION('center_axis',(0.382683432365065,0.,-0.923879532511297));
#3616=DIRECTION('ref_axis',(-0.923879532511297,0.,-0.382683432365065));
#3617=DIRECTION('',(-0.923879532511297,0.,-0.382683432365065));
#3618=DIRECTION('',(0.,1.,0.));
#3619=DIRECTION('',(0.923879532511297,0.,0.382683432365065));
#3620=DIRECTION('center_axis',(0.70710678118651,0.,-0.707106781186585));
#3621=DIRECTION('ref_axis',(-0.707106781186585,0.,-0.70710678118651));
#3622=DIRECTION('',(-0.707106781186585,0.,-0.70710678118651));
#3623=DIRECTION('',(0.,1.,0.));
#3624=DIRECTION('',(0.707106781186585,0.,0.70710678118651));
#3625=DIRECTION('center_axis',(0.923879532511282,0.,-0.382683432365101));
#3626=DIRECTION('ref_axis',(-0.382683432365101,0.,-0.923879532511282));
#3627=DIRECTION('',(-0.382683432365101,0.,-0.923879532511282));
#3628=DIRECTION('',(0.,1.,0.));
#3629=DIRECTION('',(0.382683432365101,0.,0.923879532511282));
#3630=DIRECTION('center_axis',(1.,0.,-1.89106291455971E-14));
#3631=DIRECTION('ref_axis',(-1.89106291455971E-14,0.,-1.));
#3632=DIRECTION('',(-1.89106291455971E-14,0.,-1.));
#3633=DIRECTION('',(0.,1.,0.));
#3634=DIRECTION('',(1.89106291455971E-14,0.,1.));
#3635=DIRECTION('center_axis',(0.923879532511296,0.,0.382683432365069));
#3636=DIRECTION('ref_axis',(0.382683432365069,0.,-0.923879532511296));
#3637=DIRECTION('',(0.382683432365069,0.,-0.923879532511296));
#3638=DIRECTION('',(0.,1.,0.));
#3639=DIRECTION('',(-0.382683432365069,0.,0.923879532511296));
#3640=DIRECTION('center_axis',(0.707106781186562,0.,0.707106781186533));
#3641=DIRECTION('ref_axis',(0.707106781186533,0.,-0.707106781186562));
#3642=DIRECTION('',(0.707106781186533,0.,-0.707106781186562));
#3643=DIRECTION('',(0.,1.,0.));
#3644=DIRECTION('',(-0.707106781186533,0.,0.707106781186562));
#3645=DIRECTION('center_axis',(0.382683432365093,0.,0.923879532511286));
#3646=DIRECTION('ref_axis',(0.923879532511286,0.,-0.382683432365093));
#3647=DIRECTION('',(0.923879532511286,0.,-0.382683432365093));
#3648=DIRECTION('',(0.,1.,0.));
#3649=DIRECTION('',(-0.923879532511286,0.,0.382683432365093));
#3650=DIRECTION('center_axis',(0.,1.,0.));
#3651=DIRECTION('ref_axis',(0.,0.,1.));
#3652=DIRECTION('',(-0.923879532511287,0.,0.38268343236509));
#3653=DIRECTION('',(-0.382683432365089,0.,-0.923879532511287));
#3654=DIRECTION('',(-0.923879532511286,0.,0.382683432365092));
#3655=DIRECTION('',(0.923879532511288,0.,-0.382683432365087));
#3656=DIRECTION('',(-0.382683432365089,0.,-0.923879532511287));
#3657=DIRECTION('center_axis',(0.,1.,0.));
#3658=DIRECTION('ref_axis',(0.,0.,1.));
#3659=DIRECTION('',(-0.70710678118655,0.,0.707106781186545));
#3660=DIRECTION('',(-0.707106781186546,0.,-0.707106781186549));
#3661=DIRECTION('',(-0.707106781186636,0.,0.70710678118646));
#3662=DIRECTION('',(0.707106781186548,0.,-0.707106781186548));
#3663=DIRECTION('',(-0.707106781186546,0.,-0.707106781186549));
#3664=DIRECTION('center_axis',(0.,1.,0.));
#3665=DIRECTION('ref_axis',(0.,0.,1.));
#3666=DIRECTION('',(-0.382683432365094,0.,0.923879532511285));
#3667=DIRECTION('',(-0.923879532511286,0.,-0.382683432365091));
#3668=DIRECTION('',(-0.382683432365147,0.,0.923879532511263));
#3669=DIRECTION('',(0.382683432365057,0.,-0.9238795325113));
#3670=DIRECTION('',(-0.923879532511286,0.,-0.382683432365091));
#3671=DIRECTION('center_axis',(0.,1.,0.));
#3672=DIRECTION('ref_axis',(0.,0.,1.));
#3673=DIRECTION('',(-4.47670574445626E-15,0.,1.));
#3674=DIRECTION('',(-1.,0.,-6.25477760352201E-16));
#3675=DIRECTION('',(-9.23803662485054E-14,0.,1.));
#3676=DIRECTION('',(-5.27887807134279E-14,0.,-1.));
#3677=DIRECTION('',(-1.,0.,-6.25477760352201E-16));
#3678=DIRECTION('center_axis',(0.,1.,0.));
#3679=DIRECTION('ref_axis',(0.,0.,1.));
#3680=DIRECTION('',(0.382683432365086,0.,0.923879532511289));
#3681=DIRECTION('',(-0.923879532511287,0.,0.382683432365089));
#3682=DIRECTION('',(0.382683432364997,0.,0.923879532511325));
#3683=DIRECTION('',(-0.382683432365177,0.,-0.923879532511251));
#3684=DIRECTION('',(-0.923879532511287,0.,0.382683432365089));
#3685=DIRECTION('center_axis',(0.,1.,0.));
#3686=DIRECTION('ref_axis',(0.,0.,1.));
#3687=DIRECTION('',(0.707106781186545,0.,0.70710678118655));
#3688=DIRECTION('',(-0.707106781186548,0.,0.707106781186547));
#3689=DIRECTION('',(0.707106781186477,0.,0.707106781186618));
#3690=DIRECTION('',(-0.707106781186636,0.,-0.70710678118646));
#3691=DIRECTION('',(-0.707106781186548,0.,0.707106781186547));
#3692=DIRECTION('center_axis',(0.,1.,0.));
#3693=DIRECTION('ref_axis',(0.,0.,1.));
#3694=DIRECTION('',(0.923879532511285,0.,0.382683432365094));
#3695=DIRECTION('',(-0.38268343236509,0.,0.923879532511287));
#3696=DIRECTION('',(0.923879532511251,0.,0.382683432365177));
#3697=DIRECTION('',(-0.923879532511348,0.,-0.382683432364942));
#3698=DIRECTION('',(-0.38268343236509,0.,0.923879532511287));
#3699=DIRECTION('center_axis',(0.,1.,0.));
#3700=DIRECTION('ref_axis',(0.,0.,1.));
#3701=DIRECTION('',(1.,0.,4.11856928489976E-15));
#3702=DIRECTION('',(0.,0.,1.));
#3703=DIRECTION('',(1.,0.,8.35822361295942E-14));
#3704=DIRECTION('',(-1.,0.,1.71563537318641E-13));
#3705=DIRECTION('',(0.,0.,1.));
#3706=DIRECTION('center_axis',(0.,1.,0.));
#3707=DIRECTION('ref_axis',(0.,0.,1.));
#3708=DIRECTION('',(0.923879532511287,0.,-0.38268343236509));
#3709=DIRECTION('',(0.38268343236509,0.,0.923879532511287));
#3710=DIRECTION('',(0.923879532511307,0.,-0.382683432365042));
#3711=DIRECTION('',(-0.923879532511203,0.,0.382683432365292));
#3712=DIRECTION('',(0.38268343236509,0.,0.923879532511287));
#3713=DIRECTION('center_axis',(0.,1.,0.));
#3714=DIRECTION('ref_axis',(0.,0.,1.));
#3715=DIRECTION('',(0.707106781186548,0.,-0.707106781186547));
#3716=DIRECTION('',(0.707106781186548,0.,0.707106781186547));
#3717=DIRECTION('',(0.707106781186583,0.,-0.707106781186512));
#3718=DIRECTION('',(-0.707106781186371,0.,0.707106781186723));
#3719=DIRECTION('',(0.707106781186548,0.,0.707106781186547));
#3720=DIRECTION('center_axis',(0.,1.,0.));
#3721=DIRECTION('ref_axis',(0.,0.,1.));
#3722=DIRECTION('',(0.382683432365094,0.,-0.923879532511285));
#3723=DIRECTION('',(0.923879532511287,0.,0.38268343236509));
#3724=DIRECTION('',(0.382683432365117,0.,-0.923879532511275));
#3725=DIRECTION('',(-0.382683432364892,0.,0.923879532511369));
#3726=DIRECTION('',(0.923879532511287,0.,0.38268343236509));
#3727=DIRECTION('center_axis',(0.,1.,0.));
#3728=DIRECTION('ref_axis',(0.,0.,1.));
#3729=DIRECTION('',(1.25347760844775E-15,0.,-1.));
#3730=DIRECTION('',(1.,0.,0.));
#3731=DIRECTION('',(3.51925204756186E-14,0.,-1.));
#3732=DIRECTION('',(2.19953252972632E-13,0.,1.));
#3733=DIRECTION('',(1.,0.,0.));
#3734=DIRECTION('center_axis',(0.,1.,0.));
#3735=DIRECTION('ref_axis',(0.,0.,1.));
#3736=DIRECTION('',(-0.382683432365085,0.,-0.923879532511289));
#3737=DIRECTION('',(0.923879532511287,0.,-0.38268343236509));
#3738=DIRECTION('',(-0.382683432365047,0.,-0.923879532511304));
#3739=DIRECTION('',(0.382683432365292,0.,0.923879532511203));
#3740=DIRECTION('',(0.923879532511287,0.,-0.38268343236509));
#3741=DIRECTION('center_axis',(0.,1.,0.));
#3742=DIRECTION('ref_axis',(0.,0.,1.));
#3743=DIRECTION('',(-0.707106781186547,0.,-0.707106781186548));
#3744=DIRECTION('',(0.707106781186547,0.,-0.707106781186548));
#3745=DIRECTION('',(-0.707106781186512,0.,-0.707106781186583));
#3746=DIRECTION('',(0.707106781186723,0.,0.707106781186371));
#3747=DIRECTION('',(0.707106781186547,0.,-0.707106781186548));
#3748=DIRECTION('center_axis',(0.,1.,0.));
#3749=DIRECTION('ref_axis',(0.,0.,1.));
#3750=DIRECTION('',(-0.923879532511285,0.,-0.382683432365094));
#3751=DIRECTION('',(0.382683432365089,0.,-0.923879532511287));
#3752=DIRECTION('',(-0.923879532511286,0.,-0.382683432365092));
#3753=DIRECTION('',(0.923879532511269,0.,0.382683432365132));
#3754=DIRECTION('',(0.382683432365089,0.,-0.923879532511287));
#3755=DIRECTION('center_axis',(0.,1.,0.));
#3756=DIRECTION('ref_axis',(0.,0.,1.));
#3757=DIRECTION('',(0.382683432365089,0.,0.923879532511287));
#3758=DIRECTION('',(-0.923879532511288,0.,0.382683432365087));
#3759=DIRECTION('',(0.923879532511286,0.,-0.382683432365092));
#3760=DIRECTION('',(0.382683432365089,0.,0.923879532511287));
#3761=DIRECTION('',(0.923879532511287,0.,-0.38268343236509));
#3762=DIRECTION('center_axis',(0.,1.,0.));
#3763=DIRECTION('ref_axis',(0.,0.,1.));
#3764=DIRECTION('',(0.707106781186546,0.,0.707106781186549));
#3765=DIRECTION('',(-0.707106781186548,0.,0.707106781186548));
#3766=DIRECTION('',(0.707106781186636,0.,-0.70710678118646));
#3767=DIRECTION('',(0.707106781186546,0.,0.707106781186549));
#3768=DIRECTION('',(0.70710678118655,0.,-0.707106781186545));
#3769=DIRECTION('center_axis',(0.,1.,0.));
#3770=DIRECTION('ref_axis',(0.,0.,1.));
#3771=DIRECTION('',(0.923879532511286,0.,0.382683432365091));
#3772=DIRECTION('',(-0.382683432365057,0.,0.9238795325113));
#3773=DIRECTION('',(0.382683432365147,0.,-0.923879532511263));
#3774=DIRECTION('',(0.923879532511286,0.,0.382683432365091));
#3775=DIRECTION('',(0.382683432365094,0.,-0.923879532511285));
#3776=DIRECTION('center_axis',(0.,1.,0.));
#3777=DIRECTION('ref_axis',(0.,0.,1.));
#3778=DIRECTION('',(1.,0.,6.25477760352201E-16));
#3779=DIRECTION('',(5.27887807134279E-14,0.,1.));
#3780=DIRECTION('',(9.23803662485054E-14,0.,-1.));
#3781=DIRECTION('',(1.,0.,6.25477760352201E-16));
#3782=DIRECTION('',(4.47670574445626E-15,0.,-1.));
#3783=DIRECTION('center_axis',(0.,1.,0.));
#3784=DIRECTION('ref_axis',(0.,0.,1.));
#3785=DIRECTION('',(0.923879532511287,0.,-0.382683432365089));
#3786=DIRECTION('',(0.382683432365177,0.,0.923879532511251));
#3787=DIRECTION('',(-0.382683432364997,0.,-0.923879532511325));
#3788=DIRECTION('',(0.923879532511287,0.,-0.382683432365089));
#3789=DIRECTION('',(-0.382683432365086,0.,-0.923879532511289));
#3790=DIRECTION('center_axis',(0.,1.,0.));
#3791=DIRECTION('ref_axis',(0.,0.,1.));
#3792=DIRECTION('',(0.707106781186548,0.,-0.707106781186547));
#3793=DIRECTION('',(0.707106781186636,0.,0.70710678118646));
#3794=DIRECTION('',(-0.707106781186477,0.,-0.707106781186618));
#3795=DIRECTION('',(0.707106781186548,0.,-0.707106781186547));
#3796=DIRECTION('',(-0.707106781186545,0.,-0.70710678118655));
#3797=DIRECTION('center_axis',(0.,1.,0.));
#3798=DIRECTION('ref_axis',(0.,0.,1.));
#3799=DIRECTION('',(0.38268343236509,0.,-0.923879532511287));
#3800=DIRECTION('',(0.923879532511348,0.,0.382683432364942));
#3801=DIRECTION('',(-0.923879532511251,0.,-0.382683432365177));
#3802=DIRECTION('',(0.38268343236509,0.,-0.923879532511287));
#3803=DIRECTION('',(-0.923879532511285,0.,-0.382683432365094));
#3804=DIRECTION('center_axis',(0.,1.,0.));
#3805=DIRECTION('ref_axis',(0.,0.,1.));
#3806=DIRECTION('',(0.,0.,-1.));
#3807=DIRECTION('',(1.,0.,-1.71563537318641E-13));
#3808=DIRECTION('',(-1.,0.,-8.35822361295942E-14));
#3809=DIRECTION('',(0.,0.,-1.));
#3810=DIRECTION('',(-1.,0.,-4.11856928489976E-15));
#3811=DIRECTION('center_axis',(0.,1.,0.));
#3812=DIRECTION('ref_axis',(0.,0.,1.));
#3813=DIRECTION('',(-0.38268343236509,0.,-0.923879532511287));
#3814=DIRECTION('',(0.923879532511203,0.,-0.382683432365292));
#3815=DIRECTION('',(-0.923879532511307,0.,0.382683432365042));
#3816=DIRECTION('',(-0.38268343236509,0.,-0.923879532511287));
#3817=DIRECTION('',(-0.923879532511287,0.,0.38268343236509));
#3818=DIRECTION('center_axis',(0.,1.,0.));
#3819=DIRECTION('ref_axis',(0.,0.,1.));
#3820=DIRECTION('',(-0.707106781186548,0.,-0.707106781186547));
#3821=DIRECTION('',(0.707106781186371,0.,-0.707106781186723));
#3822=DIRECTION('',(-0.707106781186583,0.,0.707106781186512));
#3823=DIRECTION('',(-0.707106781186548,0.,-0.707106781186547));
#3824=DIRECTION('',(-0.707106781186548,0.,0.707106781186547));
#3825=DIRECTION('center_axis',(0.,1.,0.));
#3826=DIRECTION('ref_axis',(0.,0.,1.));
#3827=DIRECTION('',(-0.923879532511287,0.,-0.38268343236509));
#3828=DIRECTION('',(0.382683432364892,0.,-0.923879532511369));
#3829=DIRECTION('',(-0.382683432365117,0.,0.923879532511275));
#3830=DIRECTION('',(-0.923879532511287,0.,-0.38268343236509));
#3831=DIRECTION('',(-0.382683432365094,0.,0.923879532511285));
#3832=DIRECTION('center_axis',(0.,1.,0.));
#3833=DIRECTION('ref_axis',(0.,0.,1.));
#3834=DIRECTION('',(-1.,0.,0.));
#3835=DIRECTION('',(-2.19953252972632E-13,0.,-1.));
#3836=DIRECTION('',(-3.51925204756186E-14,0.,1.));
#3837=DIRECTION('',(-1.,0.,0.));
#3838=DIRECTION('',(-1.25347760844775E-15,0.,1.));
#3839=DIRECTION('center_axis',(0.,1.,0.));
#3840=DIRECTION('ref_axis',(0.,0.,1.));
#3841=DIRECTION('',(-0.923879532511287,0.,0.38268343236509));
#3842=DIRECTION('',(-0.382683432365292,0.,-0.923879532511203));
#3843=DIRECTION('',(0.382683432365047,0.,0.923879532511304));
#3844=DIRECTION('',(-0.923879532511287,0.,0.38268343236509));
#3845=DIRECTION('',(0.382683432365085,0.,0.923879532511289));
#3846=DIRECTION('center_axis',(0.,1.,0.));
#3847=DIRECTION('ref_axis',(0.,0.,1.));
#3848=DIRECTION('',(-0.707106781186547,0.,0.707106781186548));
#3849=DIRECTION('',(-0.707106781186723,0.,-0.707106781186371));
#3850=DIRECTION('',(0.707106781186512,0.,0.707106781186583));
#3851=DIRECTION('',(-0.707106781186547,0.,0.707106781186548));
#3852=DIRECTION('',(0.707106781186547,0.,0.707106781186548));
#3853=DIRECTION('center_axis',(0.,1.,0.));
#3854=DIRECTION('ref_axis',(0.,0.,1.));
#3855=DIRECTION('',(-0.382683432365089,0.,0.923879532511287));
#3856=DIRECTION('',(-0.923879532511269,0.,-0.382683432365132));
#3857=DIRECTION('',(0.923879532511286,0.,0.382683432365092));
#3858=DIRECTION('',(-0.382683432365089,0.,0.923879532511287));
#3859=DIRECTION('',(0.923879532511285,0.,0.382683432365094));
#3860=DIRECTION('center_axis',(0.,1.,0.));
#3861=DIRECTION('ref_axis',(0.,0.,1.));
#3862=DIRECTION('',(-6.25477760352201E-16,0.,1.));
#3863=DIRECTION('',(-1.,0.,4.39906505945233E-15));
#3864=DIRECTION('',(1.,0.,0.));
#3865=DIRECTION('',(-6.25477760352201E-16,0.,1.));
#3866=DIRECTION('',(1.,0.,9.69169743711834E-14));
#3867=DIRECTION('center_axis',(9.69169743711834E-14,0.,-1.));
#3868=DIRECTION('ref_axis',(-1.,0.,-9.69169743711834E-14));
#3869=DIRECTION('',(0.,1.,0.));
#3870=DIRECTION('',(-1.,0.,-9.69169743711834E-14));
#3871=DIRECTION('center_axis',(1.,0.,6.25477760352201E-16));
#3872=DIRECTION('ref_axis',(6.25477760352201E-16,0.,-1.));
#3873=DIRECTION('',(0.,1.,0.));
#3874=DIRECTION('',(6.25477760352201E-16,0.,-1.));
#3875=DIRECTION('center_axis',(0.,0.,-1.));
#3876=DIRECTION('ref_axis',(-1.,0.,0.));
#3877=DIRECTION('',(-1.,0.,0.));
#3878=DIRECTION('center_axis',(-0.382683432365132,0.,0.923879532511269));
#3879=DIRECTION('ref_axis',(0.923879532511269,0.,0.382683432365132));
#3880=DIRECTION('',(0.,1.,0.));
#3881=DIRECTION('center_axis',(0.923879532511287,0.,0.382683432365089));
#3882=DIRECTION('ref_axis',(0.382683432365089,0.,-0.923879532511287));
#3883=DIRECTION('center_axis',(0.382683432365094,0.,-0.923879532511285));
#3884=DIRECTION('ref_axis',(-0.923879532511285,0.,-0.382683432365094));
#3885=DIRECTION('',(0.,1.,0.));
#3886=DIRECTION('center_axis',(0.923879532511287,0.,0.382683432365089));
#3887=DIRECTION('ref_axis',(0.382683432365089,0.,-0.923879532511287));
#3888=DIRECTION('',(0.,1.,0.));
#3889=DIRECTION('center_axis',(0.382683432365092,0.,-0.923879532511286));
#3890=DIRECTION('ref_axis',(-0.923879532511286,0.,-0.382683432365092));
#3891=DIRECTION('center_axis',(-0.707106781186372,0.,0.707106781186724));
#3892=DIRECTION('ref_axis',(0.707106781186723,0.,0.707106781186371));
#3893=DIRECTION('',(0.,1.,0.));
#3894=DIRECTION('center_axis',(0.707106781186548,0.,0.707106781186547));
#3895=DIRECTION('ref_axis',(0.707106781186547,0.,-0.707106781186548));
#3896=DIRECTION('center_axis',(0.707106781186548,0.,-0.707106781186547));
#3897=DIRECTION('ref_axis',(-0.707106781186547,0.,-0.707106781186548));
#3898=DIRECTION('',(0.,1.,0.));
#3899=DIRECTION('center_axis',(0.707106781186548,0.,0.707106781186547));
#3900=DIRECTION('ref_axis',(0.707106781186547,0.,-0.707106781186548));
#3901=DIRECTION('',(0.,1.,0.));
#3902=DIRECTION('center_axis',(0.707106781186583,0.,-0.707106781186512));
#3903=DIRECTION('ref_axis',(-0.707106781186512,0.,-0.707106781186583));
#3904=DIRECTION('center_axis',(-0.923879532511203,0.,0.382683432365292));
#3905=DIRECTION('ref_axis',(0.382683432365292,0.,0.923879532511203));
#3906=DIRECTION('',(0.,1.,0.));
#3907=DIRECTION('center_axis',(0.38268343236509,0.,0.923879532511287));
#3908=DIRECTION('ref_axis',(0.923879532511287,0.,-0.38268343236509));
#3909=DIRECTION('center_axis',(0.923879532511289,0.,-0.382683432365085));
#3910=DIRECTION('ref_axis',(-0.382683432365085,0.,-0.923879532511289));
#3911=DIRECTION('',(0.,1.,0.));
#3912=DIRECTION('center_axis',(0.38268343236509,0.,0.923879532511287));
#3913=DIRECTION('ref_axis',(0.923879532511287,0.,-0.38268343236509));
#3914=DIRECTION('',(0.,1.,0.));
#3915=DIRECTION('center_axis',(0.923879532511304,0.,-0.382683432365047));
#3916=DIRECTION('ref_axis',(-0.382683432365047,0.,-0.923879532511304));
#3917=DIRECTION('center_axis',(-1.,0.,2.19953252972632E-13));
#3918=DIRECTION('ref_axis',(2.19953252972632E-13,0.,1.));
#3919=DIRECTION('',(0.,1.,0.));
#3920=DIRECTION('center_axis',(0.,0.,1.));
#3921=DIRECTION('ref_axis',(1.,0.,0.));
#3922=DIRECTION('center_axis',(1.,0.,1.25347760844775E-15));
#3923=DIRECTION('ref_axis',(1.25347760844775E-15,0.,-1.));
#3924=DIRECTION('',(0.,1.,0.));
#3925=DIRECTION('center_axis',(0.,0.,1.));
#3926=DIRECTION('ref_axis',(1.,0.,0.));
#3927=DIRECTION('',(0.,1.,0.));
#3928=DIRECTION('center_axis',(1.,0.,3.51925204756186E-14));
#3929=DIRECTION('ref_axis',(3.51925204756186E-14,0.,-1.));
#3930=DIRECTION('center_axis',(-0.923879532511369,0.,-0.382683432364892));
#3931=DIRECTION('ref_axis',(-0.382683432364892,0.,0.923879532511369));
#3932=DIRECTION('',(0.,1.,0.));
#3933=DIRECTION('center_axis',(-0.38268343236509,0.,0.923879532511287));
#3934=DIRECTION('ref_axis',(0.923879532511287,0.,0.38268343236509));
#3935=DIRECTION('center_axis',(0.923879532511285,0.,0.382683432365094));
#3936=DIRECTION('ref_axis',(0.382683432365094,0.,-0.923879532511285));
#3937=DIRECTION('',(0.,1.,0.));
#3938=DIRECTION('center_axis',(-0.38268343236509,0.,0.923879532511287));
#3939=DIRECTION('ref_axis',(0.923879532511287,0.,0.38268343236509));
#3940=DIRECTION('',(0.,1.,0.));
#3941=DIRECTION('center_axis',(0.923879532511275,0.,0.382683432365117));
#3942=DIRECTION('ref_axis',(0.382683432365117,0.,-0.923879532511275));
#3943=DIRECTION('center_axis',(-0.707106781186724,0.,-0.707106781186372));
#3944=DIRECTION('ref_axis',(-0.707106781186371,0.,0.707106781186723));
#3945=DIRECTION('',(0.,1.,0.));
#3946=DIRECTION('center_axis',(-0.707106781186547,0.,0.707106781186548));
#3947=DIRECTION('ref_axis',(0.707106781186548,0.,0.707106781186547));
#3948=DIRECTION('center_axis',(0.707106781186547,0.,0.707106781186548));
#3949=DIRECTION('ref_axis',(0.707106781186548,0.,-0.707106781186547));
#3950=DIRECTION('',(0.,1.,0.));
#3951=DIRECTION('center_axis',(-0.707106781186547,0.,0.707106781186548));
#3952=DIRECTION('ref_axis',(0.707106781186548,0.,0.707106781186547));
#3953=DIRECTION('',(0.,1.,0.));
#3954=DIRECTION('center_axis',(0.707106781186512,0.,0.707106781186583));
#3955=DIRECTION('ref_axis',(0.707106781186583,0.,-0.707106781186512));
#3956=DIRECTION('center_axis',(-0.382683432365292,0.,-0.923879532511203));
#3957=DIRECTION('ref_axis',(-0.923879532511203,0.,0.382683432365292));
#3958=DIRECTION('',(0.,1.,0.));
#3959=DIRECTION('center_axis',(-0.923879532511287,0.,0.38268343236509));
#3960=DIRECTION('ref_axis',(0.38268343236509,0.,0.923879532511287));
#3961=DIRECTION('center_axis',(0.38268343236509,0.,0.923879532511287));
#3962=DIRECTION('ref_axis',(0.923879532511287,0.,-0.38268343236509));
#3963=DIRECTION('',(0.,1.,0.));
#3964=DIRECTION('center_axis',(-0.923879532511287,0.,0.38268343236509));
#3965=DIRECTION('ref_axis',(0.38268343236509,0.,0.923879532511287));
#3966=DIRECTION('',(0.,1.,0.));
#3967=DIRECTION('center_axis',(0.382683432365042,0.,0.923879532511307));
#3968=DIRECTION('ref_axis',(0.923879532511307,0.,-0.382683432365042));
#3969=DIRECTION('center_axis',(-1.71563537318641E-13,0.,-1.));
#3970=DIRECTION('ref_axis',(-1.,0.,1.71563537318641E-13));
#3971=DIRECTION('',(0.,1.,0.));
#3972=DIRECTION('center_axis',(-1.,0.,0.));
#3973=DIRECTION('ref_axis',(0.,0.,1.));
#3974=DIRECTION('center_axis',(-4.11856928489976E-15,0.,1.));
#3975=DIRECTION('ref_axis',(1.,0.,4.11856928489976E-15));
#3976=DIRECTION('',(0.,1.,0.));
#3977=DIRECTION('center_axis',(-1.,0.,0.));
#3978=DIRECTION('ref_axis',(0.,0.,1.));
#3979=DIRECTION('',(0.,1.,0.));
#3980=DIRECTION('center_axis',(-8.35822361295942E-14,0.,1.));
#3981=DIRECTION('ref_axis',(1.,0.,8.35822361295942E-14));
#3982=DIRECTION('center_axis',(0.382683432364942,0.,-0.923879532511348));
#3983=DIRECTION('ref_axis',(-0.923879532511348,0.,-0.382683432364942));
#3984=DIRECTION('',(0.,1.,0.));
#3985=DIRECTION('center_axis',(-0.923879532511287,0.,-0.38268343236509));
#3986=DIRECTION('ref_axis',(-0.38268343236509,0.,0.923879532511287));
#3987=DIRECTION('center_axis',(-0.382683432365094,0.,0.923879532511285));
#3988=DIRECTION('ref_axis',(0.923879532511285,0.,0.382683432365094));
#3989=DIRECTION('',(0.,1.,0.));
#3990=DIRECTION('center_axis',(-0.923879532511287,0.,-0.38268343236509));
#3991=DIRECTION('ref_axis',(-0.38268343236509,0.,0.923879532511287));
#3992=DIRECTION('',(0.,1.,0.));
#3993=DIRECTION('center_axis',(-0.382683432365177,0.,0.923879532511251));
#3994=DIRECTION('ref_axis',(0.923879532511251,0.,0.382683432365177));
#3995=DIRECTION('center_axis',(0.70710678118646,0.,-0.707106781186636));
#3996=DIRECTION('ref_axis',(-0.707106781186636,0.,-0.70710678118646));
#3997=DIRECTION('',(0.,1.,0.));
#3998=DIRECTION('center_axis',(-0.707106781186547,0.,-0.707106781186548));
#3999=DIRECTION('ref_axis',(-0.707106781186548,0.,0.707106781186547));
#4000=DIRECTION('center_axis',(-0.70710678118655,0.,0.707106781186545));
#4001=DIRECTION('ref_axis',(0.707106781186545,0.,0.70710678118655));
#4002=DIRECTION('',(0.,1.,0.));
#4003=DIRECTION('center_axis',(-0.707106781186547,0.,-0.707106781186548));
#4004=DIRECTION('ref_axis',(-0.707106781186548,0.,0.707106781186547));
#4005=DIRECTION('',(0.,1.,0.));
#4006=DIRECTION('center_axis',(-0.707106781186618,0.,0.707106781186477));
#4007=DIRECTION('ref_axis',(0.707106781186477,0.,0.707106781186618));
#4008=DIRECTION('center_axis',(0.923879532511251,0.,-0.382683432365177));
#4009=DIRECTION('ref_axis',(-0.382683432365177,0.,-0.923879532511251));
#4010=DIRECTION('',(0.,1.,0.));
#4011=DIRECTION('center_axis',(-0.382683432365089,0.,-0.923879532511287));
#4012=DIRECTION('ref_axis',(-0.923879532511287,0.,0.382683432365089));
#4013=DIRECTION('center_axis',(-0.923879532511289,0.,0.382683432365086));
#4014=DIRECTION('ref_axis',(0.382683432365086,0.,0.923879532511289));
#4015=DIRECTION('',(0.,1.,0.));
#4016=DIRECTION('center_axis',(-0.382683432365089,0.,-0.923879532511287));
#4017=DIRECTION('ref_axis',(-0.923879532511287,0.,0.382683432365089));
#4018=DIRECTION('',(0.,1.,0.));
#4019=DIRECTION('center_axis',(-0.923879532511325,0.,0.382683432364997));
#4020=DIRECTION('ref_axis',(0.382683432364997,0.,0.923879532511325));
#4021=DIRECTION('center_axis',(1.,0.,-5.27887807134279E-14));
#4022=DIRECTION('ref_axis',(-5.27887807134279E-14,0.,-1.));
#4023=DIRECTION('',(0.,1.,0.));
#4024=DIRECTION('center_axis',(6.25477760352201E-16,0.,-1.));
#4025=DIRECTION('ref_axis',(-1.,0.,-6.25477760352201E-16));
#4026=DIRECTION('center_axis',(-1.,0.,-4.47670574445626E-15));
#4027=DIRECTION('ref_axis',(-4.47670574445626E-15,0.,1.));
#4028=DIRECTION('',(0.,1.,0.));
#4029=DIRECTION('center_axis',(6.25477760352201E-16,0.,-1.));
#4030=DIRECTION('ref_axis',(-1.,0.,-6.25477760352201E-16));
#4031=DIRECTION('',(0.,1.,0.));
#4032=DIRECTION('center_axis',(-1.,0.,-9.23803662485054E-14));
#4033=DIRECTION('ref_axis',(-9.23803662485054E-14,0.,1.));
#4034=DIRECTION('center_axis',(0.9238795325113,0.,0.382683432365057));
#4035=DIRECTION('ref_axis',(0.382683432365057,0.,-0.9238795325113));
#4036=DIRECTION('',(0.,1.,0.));
#4037=DIRECTION('center_axis',(0.382683432365091,0.,-0.923879532511287));
#4038=DIRECTION('ref_axis',(-0.923879532511286,0.,-0.382683432365091));
#4039=DIRECTION('center_axis',(-0.923879532511285,0.,-0.382683432365094));
#4040=DIRECTION('ref_axis',(-0.382683432365094,0.,0.923879532511285));
#4041=DIRECTION('',(0.,1.,0.));
#4042=DIRECTION('center_axis',(0.382683432365091,0.,-0.923879532511287));
#4043=DIRECTION('ref_axis',(-0.923879532511286,0.,-0.382683432365091));
#4044=DIRECTION('',(0.,1.,0.));
#4045=DIRECTION('center_axis',(-0.923879532511263,0.,-0.382683432365147));
#4046=DIRECTION('ref_axis',(-0.382683432365147,0.,0.923879532511263));
#4047=DIRECTION('center_axis',(0.707106781186548,0.,0.707106781186548));
#4048=DIRECTION('ref_axis',(0.707106781186548,0.,-0.707106781186548));
#4049=DIRECTION('',(0.,1.,0.));
#4050=DIRECTION('center_axis',(0.707106781186549,0.,-0.707106781186546));
#4051=DIRECTION('ref_axis',(-0.707106781186546,0.,-0.707106781186549));
#4052=DIRECTION('center_axis',(-0.707106781186545,0.,-0.70710678118655));
#4053=DIRECTION('ref_axis',(-0.70710678118655,0.,0.707106781186545));
#4054=DIRECTION('',(0.,1.,0.));
#4055=DIRECTION('center_axis',(0.707106781186549,0.,-0.707106781186546));
#4056=DIRECTION('ref_axis',(-0.707106781186546,0.,-0.707106781186549));
#4057=DIRECTION('',(0.,1.,0.));
#4058=DIRECTION('center_axis',(-0.70710678118646,0.,-0.707106781186636));
#4059=DIRECTION('ref_axis',(-0.707106781186636,0.,0.70710678118646));
#4060=DIRECTION('center_axis',(0.382683432365087,0.,0.923879532511288));
#4061=DIRECTION('ref_axis',(0.923879532511288,0.,-0.382683432365087));
#4062=DIRECTION('',(0.,1.,0.));
#4063=DIRECTION('center_axis',(0.923879532511287,0.,-0.382683432365089));
#4064=DIRECTION('ref_axis',(-0.382683432365089,0.,-0.923879532511287));
#4065=DIRECTION('center_axis',(-0.38268343236509,0.,-0.923879532511287));
#4066=DIRECTION('ref_axis',(-0.923879532511287,0.,0.38268343236509));
#4067=DIRECTION('',(0.,1.,0.));
#4068=DIRECTION('center_axis',(0.923879532511287,0.,-0.382683432365089));
#4069=DIRECTION('ref_axis',(-0.382683432365089,0.,-0.923879532511287));
#4070=DIRECTION('',(0.,1.,0.));
#4071=DIRECTION('center_axis',(-0.382683432365092,0.,-0.923879532511286));
#4072=DIRECTION('ref_axis',(-0.923879532511286,0.,0.382683432365092));
#4073=DIRECTION('center_axis',(4.39906505945233E-15,0.,1.));
#4074=DIRECTION('ref_axis',(1.,0.,-4.39906505945233E-15));
#4075=DIRECTION('',(0.,1.,0.));
#4076=DIRECTION('',(1.,0.,-4.39906505945233E-15));
#4077=DIRECTION('center_axis',(1.,0.,6.25477760352201E-16));
#4078=DIRECTION('ref_axis',(6.25477760352201E-16,0.,-1.));
#4079=DIRECTION('',(6.25477760352201E-16,0.,-1.));
#4080=DIRECTION('center_axis',(0.,1.,0.));
#4081=DIRECTION('ref_axis',(0.,0.,1.));
#4082=DIRECTION('center_axis',(0.,1.,0.));
#4083=DIRECTION('ref_axis',(0.,0.,1.));
#4084=CARTESIAN_POINT('',(0.,0.,0.));
#4085=CARTESIAN_POINT('Origin',(-26.2654298091985,-20.3256842193501,-5.22451882359188));
#4086=CARTESIAN_POINT('',(-25.9950427848205,-20.3256842193501,-5.1707355004641));
#4087=CARTESIAN_POINT('',(-25.9164776524586,-20.7442631645126,-4.41590433429147));
#4088=CARTESIAN_POINT('Ctrl Pts',(-25.9950427848205,-20.3256842193501,-5.1707355004641));
#4089=CARTESIAN_POINT('Ctrl Pts',(-25.8508348956382,-20.55,-4.74591275802687));
#4090=CARTESIAN_POINT('Ctrl Pts',(-25.9164776524586,-20.7442631645126,-4.41590433429147));
#4091=CARTESIAN_POINT('',(-23.1955718815364,-20.3256842193501,-4.6138861156814));
#4092=CARTESIAN_POINT('',(-26.2654298091985,-20.3256842193501,-5.22451882359188));
#4093=CARTESIAN_POINT('',(-23.3261107490032,-20.7442631645126,-3.90064832114325));
#4094=CARTESIAN_POINT('Origin',(0.,-20.3256842193501,0.));
#4095=CARTESIAN_POINT('',(59.9157191270163,-20.7442631645126,12.6571811245104));
#4096=CARTESIAN_POINT('Origin',(-26.1239893257368,-20.7442631645126,-5.93558815188422));
#4097=CARTESIAN_POINT('',(-25.6335966855352,-20.7442631645126,-5.83804299087616));
#4098=CARTESIAN_POINT('Ctrl Pts',(-25.6335966855352,-20.7442631645126,-5.83804299087616));
#4099=CARTESIAN_POINT('Ctrl Pts',(-25.6992394423557,-20.55,-5.50803456714076));
#4100=CARTESIAN_POINT('Ctrl Pts',(-25.9950427848205,-20.3256842193501,-5.1707355004641));
#4101=CARTESIAN_POINT('',(-23.0432297820798,-20.7442631645126,-5.32278697772793));
#4102=CARTESIAN_POINT('',(60.1986000939397,-20.7442631645126,11.2350424679257));
#4103=CARTESIAN_POINT('Origin',(0.,-20.3256842193501,0.));
#4104=CARTESIAN_POINT('Origin',(-26.1239893257368,-20.7442631645126,-5.93558815188422));
#4105=CARTESIAN_POINT('',(25.9950427848205,-20.3256842193501,5.17073550046412));
#4106=CARTESIAN_POINT('',(25.9164776524586,-20.7442631645126,4.41590433429148));
#4107=CARTESIAN_POINT('Ctrl Pts',(25.9950427848205,-20.3256842193501,5.17073550046412));
#4108=CARTESIAN_POINT('Ctrl Pts',(25.8508348956381,-20.55,4.74591275802688));
#4109=CARTESIAN_POINT('Ctrl Pts',(25.9164776524586,-20.7442631645126,4.41590433429148));
#4110=CARTESIAN_POINT('',(23.1955718815364,-20.3256842193501,4.61388611568141));
#4111=CARTESIAN_POINT('',(-26.2654298091985,-20.3256842193501,-5.22451882359188));
#4112=CARTESIAN_POINT('',(23.3261107490032,-20.7442631645126,3.90064832114326));
#4113=CARTESIAN_POINT('Origin',(0.,-20.3256842193501,0.));
#4114=CARTESIAN_POINT('',(60.1986000939397,-20.7442631645126,11.2350424679257));
#4115=CARTESIAN_POINT('Origin',(-26.2654298091985,-20.3256842193501,-5.22451882359188));
#4116=CARTESIAN_POINT('',(25.6335966855352,-20.7442631645126,5.83804299087616));
#4117=CARTESIAN_POINT('Ctrl Pts',(25.6335966855352,-20.7442631645126,5.83804299087616));
#4118=CARTESIAN_POINT('Ctrl Pts',(25.6992394423556,-20.55,5.50803456714077));
#4119=CARTESIAN_POINT('Ctrl Pts',(25.9950427848205,-20.3256842193501,5.17073550046412));
#4120=CARTESIAN_POINT('',(23.0432297820798,-20.7442631645126,5.32278697772794));
#4121=CARTESIAN_POINT('',(59.9157191270163,-20.7442631645126,12.6571811245104));
#4122=CARTESIAN_POINT('Origin',(0.,-20.3256842193501,0.));
#4123=CARTESIAN_POINT('Origin',(26.0202334890977,-22.,5.17574624308786));
#4124=CARTESIAN_POINT('',(26.64585593713,-22.,3.3119875268056));
#4125=CARTESIAN_POINT('Origin',(26.2654298091985,-22.,5.22451882359189));
#4126=CARTESIAN_POINT('',(26.0579181359203,-22.,3.70483500599914));
#4127=CARTESIAN_POINT('',(26.3518870365251,-22.,3.50841126640237));
#4128=CARTESIAN_POINT('Origin',(25.7750371689969,-22.,5.12697366258382));
#4129=CARTESIAN_POINT('Origin',(25.7750371689969,-22.,5.12697366258382));
#4130=CARTESIAN_POINT('Origin',(-26.0202334890977,-22.,-5.17574624308784));
#4131=CARTESIAN_POINT('',(-26.64585593713,-22.,-3.31198752680558));
#4132=CARTESIAN_POINT('Origin',(-26.2654298091985,-22.,-5.22451882359188));
#4133=CARTESIAN_POINT('',(-26.0579181359203,-22.,-3.70483500599913));
#4134=CARTESIAN_POINT('',(-26.3518870365251,-22.,-3.50841126640235));
#4135=CARTESIAN_POINT('Origin',(-25.7750371689969,-22.,-5.12697366258381));
#4136=CARTESIAN_POINT('Origin',(-25.7750371689969,-22.,-5.12697366258381));
#4137=CARTESIAN_POINT('Origin',(0.,0.,0.));
#4138=CARTESIAN_POINT('',(-23.65,18.,2.89628967998349E-15));
#4139=CARTESIAN_POINT('Origin',(0.,18.,0.));
#4140=CARTESIAN_POINT('',(-23.65,15.15,2.89628967998349E-15));
#4141=CARTESIAN_POINT('',(-23.65,0.,2.89628967998349E-15));
#4142=CARTESIAN_POINT('',(-23.5520699727221,15.15,-2.15));
#4143=CARTESIAN_POINT('Origin',(0.,15.15,0.));
#4144=CARTESIAN_POINT('',(-23.5520699727221,-15.15,-2.15));
#4145=CARTESIAN_POINT('',(-23.5520699727222,0.,-2.15));
#4146=CARTESIAN_POINT('',(-23.65,-15.15,2.89628967998349E-15));
#4147=CARTESIAN_POINT('Origin',(0.,-15.15,0.));
#4148=CARTESIAN_POINT('',(-23.65,-26.,2.89628967998349E-15));
#4149=CARTESIAN_POINT('',(-23.65,0.,2.89628967998349E-15));
#4150=CARTESIAN_POINT('Origin',(0.,-26.,0.));
#4151=CARTESIAN_POINT('',(-23.5520699727222,-15.15,2.15));
#4152=CARTESIAN_POINT('Origin',(0.,-15.15,0.));
#4153=CARTESIAN_POINT('',(-23.5520699727222,15.15,2.15));
#4154=CARTESIAN_POINT('',(-23.5520699727222,0.,2.15));
#4155=CARTESIAN_POINT('Origin',(0.,15.15,0.));
#4156=CARTESIAN_POINT('',(-23.4348155848548,-22.,-3.18306746768707));
#4157=CARTESIAN_POINT('Ctrl Pts',(-23.0432297820797,-20.7442631645128,-5.32278697772826));
#4158=CARTESIAN_POINT('Ctrl Pts',(-23.0180158828945,-20.8089129790466,-5.43194213931173));
#4159=CARTESIAN_POINT('Ctrl Pts',(-22.9943026715495,-20.888155509312,-5.53100785245431));
#4160=CARTESIAN_POINT('Ctrl Pts',(-22.943147594387,-21.103408827389,-5.74030285483878));
#4161=CARTESIAN_POINT('Ctrl Pts',(-22.9155422455965,-21.2664273754425,-5.84858244520204));
#4162=CARTESIAN_POINT('Ctrl Pts',(-22.8784356246373,-21.623663885318,-5.99209282357109));
#4163=CARTESIAN_POINT('Ctrl Pts',(-22.869053651008,-21.8178857243488,-6.02734478085644));
#4164=CARTESIAN_POINT('Ctrl Pts',(-22.869053651008,-22.1821142756512,-6.02734478085644));
#4165=CARTESIAN_POINT('Ctrl Pts',(-22.8784356246373,-22.376336114682,-5.99209282357109));
#4166=CARTESIAN_POINT('Ctrl Pts',(-22.9155422455965,-22.7335726245575,-5.84858244520205));
#4167=CARTESIAN_POINT('Ctrl Pts',(-22.943147594387,-22.896591172611,-5.74030285483878));
#4168=CARTESIAN_POINT('Ctrl Pts',(-23.0043253332431,-23.1540184312855,-5.49000130687921));
#4169=CARTESIAN_POINT('Ctrl Pts',(-23.0419601703024,-23.2656030429665,-5.33127504301053));
#4170=CARTESIAN_POINT('Ctrl Pts',(-23.1198774315433,-23.4135950905127,-4.98253847192309));
#4171=CARTESIAN_POINT('Ctrl Pts',(-23.160043165844,-23.45,-4.79250103118648));
#4172=CARTESIAN_POINT('Ctrl Pts',(-23.2311005972288,-23.45,-4.43527120017632));
#4173=CARTESIAN_POINT('Ctrl Pts',(-23.2667164774991,-23.4135950905127,-4.24432873720328));
#4174=CARTESIAN_POINT('Ctrl Pts',(-23.3281860226243,-23.2656030429665,-3.8923205119653));
#4175=CARTESIAN_POINT('Ctrl Pts',(-23.3541578784195,-23.1540184312855,-3.73127433688266));
#4176=CARTESIAN_POINT('Ctrl Pts',(-23.3934232731446,-22.896591172611,-3.47661415267716));
#4177=CARTESIAN_POINT('Ctrl Pts',(-23.4093560617045,-22.7335726245575,-3.36601274572502));
#4178=CARTESIAN_POINT('Ctrl Pts',(-23.4299930582539,-22.376336114682,-3.21922635537479));
#4179=CARTESIAN_POINT('Ctrl Pts',(-23.4348155848548,-22.1821142756512,-3.18306746768707));
#4180=CARTESIAN_POINT('Ctrl Pts',(-23.4348155848548,-22.,-3.18306746768707));
#4181=CARTESIAN_POINT('Ctrl Pts',(-23.4348155848548,-22.,-3.18306746768707));
#4182=CARTESIAN_POINT('Ctrl Pts',(-23.4348155848548,-21.8178857243488,-3.18306746768707));
#4183=CARTESIAN_POINT('Ctrl Pts',(-23.4299930582539,-21.623663885318,-3.2192263553748));
#4184=CARTESIAN_POINT('Ctrl Pts',(-23.4093560617045,-21.2664273754425,-3.36601274572502));
#4185=CARTESIAN_POINT('Ctrl Pts',(-23.3934232731446,-21.103408827389,-3.47661415267716));
#4186=CARTESIAN_POINT('Ctrl Pts',(-23.3605906720297,-20.888155509312,-3.6895537221485));
#4187=CARTESIAN_POINT('Ctrl Pts',(-23.3445880155063,-20.8089129790466,-3.79015316000447));
#4188=CARTESIAN_POINT('Ctrl Pts',(-23.3261107490033,-20.7442631645128,-3.90064832114292));
#4189=CARTESIAN_POINT('',(22.869053651008,-22.,6.02734478085645));
#4190=CARTESIAN_POINT('Ctrl Pts',(23.0432297820797,-20.7442631645128,5.32278697772827));
#4191=CARTESIAN_POINT('Ctrl Pts',(23.0180158828945,-20.8089129790466,5.43194213931173));
#4192=CARTESIAN_POINT('Ctrl Pts',(22.9943026715495,-20.888155509312,5.53100785245432));
#4193=CARTESIAN_POINT('Ctrl Pts',(22.943147594387,-21.103408827389,5.74030285483878));
#4194=CARTESIAN_POINT('Ctrl Pts',(22.9155422455965,-21.2664273754425,5.84858244520205));
#4195=CARTESIAN_POINT('Ctrl Pts',(22.8784356246373,-21.623663885318,5.9920928235711));
#4196=CARTESIAN_POINT('Ctrl Pts',(22.869053651008,-21.8178857243488,6.02734478085645));
#4197=CARTESIAN_POINT('Ctrl Pts',(22.869053651008,-22.,6.02734478085645));
#4198=CARTESIAN_POINT('Ctrl Pts',(22.869053651008,-22.,6.02734478085645));
#4199=CARTESIAN_POINT('Ctrl Pts',(22.869053651008,-22.1821142756512,6.02734478085645));
#4200=CARTESIAN_POINT('Ctrl Pts',(22.8784356246373,-22.376336114682,5.9920928235711));
#4201=CARTESIAN_POINT('Ctrl Pts',(22.9155422455965,-22.7335726245575,5.84858244520205));
#4202=CARTESIAN_POINT('Ctrl Pts',(22.943147594387,-22.896591172611,5.74030285483879));
#4203=CARTESIAN_POINT('Ctrl Pts',(23.0043253332431,-23.1540184312855,5.49000130687922));
#4204=CARTESIAN_POINT('Ctrl Pts',(23.0419601703024,-23.2656030429665,5.33127504301053));
#4205=CARTESIAN_POINT('Ctrl Pts',(23.1198774315433,-23.4135950905127,4.9825384719231));
#4206=CARTESIAN_POINT('Ctrl Pts',(23.160043165844,-23.45,4.79250103118649));
#4207=CARTESIAN_POINT('Ctrl Pts',(23.2311005972288,-23.45,4.43527120017633));
#4208=CARTESIAN_POINT('Ctrl Pts',(23.2667164774991,-23.4135950905127,4.24432873720328));
#4209=CARTESIAN_POINT('Ctrl Pts',(23.3281860226243,-23.2656030429665,3.8923205119653));
#4210=CARTESIAN_POINT('Ctrl Pts',(23.3541578784195,-23.1540184312855,3.73127433688267));
#4211=CARTESIAN_POINT('Ctrl Pts',(23.3934232731446,-22.896591172611,3.47661415267716));
#4212=CARTESIAN_POINT('Ctrl Pts',(23.4093560617045,-22.7335726245575,3.36601274572503));
#4213=CARTESIAN_POINT('Ctrl Pts',(23.4299930582539,-22.376336114682,3.2192263553748));
#4214=CARTESIAN_POINT('Ctrl Pts',(23.4348155848548,-22.1821142756512,3.18306746768708));
#4215=CARTESIAN_POINT('Ctrl Pts',(23.4348155848548,-21.8178857243488,3.18306746768708));
#4216=CARTESIAN_POINT('Ctrl Pts',(23.4299930582539,-21.623663885318,3.2192263553748));
#4217=CARTESIAN_POINT('Ctrl Pts',(23.4093560617045,-21.2664273754425,3.36601274572503));
#4218=CARTESIAN_POINT('Ctrl Pts',(23.3934232731446,-21.103408827389,3.47661415267716));
#4219=CARTESIAN_POINT('Ctrl Pts',(23.3605906720297,-20.888155509312,3.6895537221485));
#4220=CARTESIAN_POINT('Ctrl Pts',(23.3445880155063,-20.8089129790466,3.79015316000448));
#4221=CARTESIAN_POINT('Ctrl Pts',(23.3261107490032,-20.7442631645128,3.90064832114293));
#4222=CARTESIAN_POINT('',(23.5520699727222,15.15,-2.15000000000001));
#4223=CARTESIAN_POINT('',(23.5520699727222,15.15,2.15000000000001));
#4224=CARTESIAN_POINT('Origin',(0.,15.15,0.));
#4225=CARTESIAN_POINT('',(23.5520699727222,-15.15,2.15000000000001));
#4226=CARTESIAN_POINT('',(23.5520699727222,0.,2.15));
#4227=CARTESIAN_POINT('',(23.5520699727222,-15.15,-2.15000000000001));
#4228=CARTESIAN_POINT('Origin',(0.,-15.15,0.));
#4229=CARTESIAN_POINT('',(23.5520699727222,0.,-2.15));
#4230=CARTESIAN_POINT('',(22.5820447756566,15.15,7.02664598156481));
#4231=CARTESIAN_POINT('',(20.9365060164867,15.15,10.9993279713633));
#4232=CARTESIAN_POINT('Origin',(0.,15.15,0.));
#4233=CARTESIAN_POINT('',(20.9365060164867,-15.15,10.9993279713633));
#4234=CARTESIAN_POINT('',(20.9365060164867,0.,10.9993279713633));
#4235=CARTESIAN_POINT('',(22.5820447756566,-15.15,7.02664598156481));
#4236=CARTESIAN_POINT('Origin',(0.,-15.15,0.));
#4237=CARTESIAN_POINT('',(22.5820447756566,0.,7.02664598156481));
#4238=CARTESIAN_POINT('',(22.5820447756566,15.15,-7.02664598156481));
#4239=CARTESIAN_POINT('',(22.5820447756566,-15.15,-7.02664598156481));
#4240=CARTESIAN_POINT('',(22.5820447756566,0.,-7.02664598156481));
#4241=CARTESIAN_POINT('',(20.9365060164867,-15.15,-10.9993279713633));
#4242=CARTESIAN_POINT('Origin',(0.,-15.15,0.));
#4243=CARTESIAN_POINT('',(20.9365060164867,15.15,-10.9993279713633));
#4244=CARTESIAN_POINT('',(20.9365060164867,0.,-10.9993279713633));
#4245=CARTESIAN_POINT('Origin',(0.,15.15,0.));
#4246=CARTESIAN_POINT('',(18.174107968243,15.15,15.1335488091408));
#4247=CARTESIAN_POINT('',(15.1335488091408,15.15,18.174107968243));
#4248=CARTESIAN_POINT('Origin',(0.,15.15,0.));
#4249=CARTESIAN_POINT('',(15.1335488091408,-15.15,18.174107968243));
#4250=CARTESIAN_POINT('',(15.1335488091408,0.,18.174107968243));
#4251=CARTESIAN_POINT('',(18.174107968243,-15.15,15.1335488091408));
#4252=CARTESIAN_POINT('Origin',(0.,-15.15,0.));
#4253=CARTESIAN_POINT('',(18.174107968243,0.,15.1335488091408));
#4254=CARTESIAN_POINT('',(18.174107968243,15.15,-15.1335488091408));
#4255=CARTESIAN_POINT('',(18.174107968243,-15.15,-15.1335488091408));
#4256=CARTESIAN_POINT('',(18.174107968243,0.,-15.1335488091408));
#4257=CARTESIAN_POINT('',(15.1335488091408,-15.15,-18.174107968243));
#4258=CARTESIAN_POINT('Origin',(0.,-15.15,0.));
#4259=CARTESIAN_POINT('',(15.1335488091408,15.15,-18.174107968243));
#4260=CARTESIAN_POINT('',(15.1335488091408,0.,-18.174107968243));
#4261=CARTESIAN_POINT('Origin',(0.,15.15,0.));
#4262=CARTESIAN_POINT('',(10.9993279713633,15.15,20.9365060164867));
#4263=CARTESIAN_POINT('',(7.02664598156481,15.15,22.5820447756566));
#4264=CARTESIAN_POINT('Origin',(0.,15.15,0.));
#4265=CARTESIAN_POINT('',(7.02664598156481,-15.15,22.5820447756566));
#4266=CARTESIAN_POINT('',(7.02664598156481,0.,22.5820447756566));
#4267=CARTESIAN_POINT('',(10.9993279713633,-15.15,20.9365060164867));
#4268=CARTESIAN_POINT('Origin',(0.,-15.15,0.));
#4269=CARTESIAN_POINT('',(10.9993279713633,0.,20.9365060164867));
#4270=CARTESIAN_POINT('',(10.9993279713633,15.15,-20.9365060164867));
#4271=CARTESIAN_POINT('',(10.9993279713633,-15.15,-20.9365060164867));
#4272=CARTESIAN_POINT('',(10.9993279713633,0.,-20.9365060164867));
#4273=CARTESIAN_POINT('',(7.02664598156481,-15.15,-22.5820447756566));
#4274=CARTESIAN_POINT('Origin',(0.,-15.15,0.));
#4275=CARTESIAN_POINT('',(7.02664598156481,15.15,-22.5820447756566));
#4276=CARTESIAN_POINT('',(7.02664598156481,0.,-22.5820447756566));
#4277=CARTESIAN_POINT('Origin',(0.,15.15,0.));
#4278=CARTESIAN_POINT('',(2.15,15.15,23.5520699727222));
#4279=CARTESIAN_POINT('',(-2.15000000000001,15.15,23.5520699727222));
#4280=CARTESIAN_POINT('Origin',(0.,15.15,0.));
#4281=CARTESIAN_POINT('',(-2.15000000000001,-15.15,23.5520699727222));
#4282=CARTESIAN_POINT('',(-2.15000000000001,0.,23.5520699727222));
#4283=CARTESIAN_POINT('',(2.15,-15.15,23.5520699727222));
#4284=CARTESIAN_POINT('Origin',(0.,-15.15,0.));
#4285=CARTESIAN_POINT('',(2.15,0.,23.5520699727222));
#4286=CARTESIAN_POINT('',(2.15,15.15,-23.5520699727222));
#4287=CARTESIAN_POINT('',(2.15,-15.15,-23.5520699727222));
#4288=CARTESIAN_POINT('',(2.15,0.,-23.5520699727222));
#4289=CARTESIAN_POINT('',(-2.15000000000001,-15.15,-23.5520699727222));
#4290=CARTESIAN_POINT('Origin',(0.,-15.15,0.));
#4291=CARTESIAN_POINT('',(-2.15000000000001,15.15,-23.5520699727222));
#4292=CARTESIAN_POINT('',(-2.15000000000001,0.,-23.5520699727222));
#4293=CARTESIAN_POINT('Origin',(0.,15.15,0.));
#4294=CARTESIAN_POINT('',(-7.02664598156481,15.15,22.5820447756566));
#4295=CARTESIAN_POINT('',(-10.9993279713634,15.15,20.9365060164867));
#4296=CARTESIAN_POINT('Origin',(0.,15.15,0.));
#4297=CARTESIAN_POINT('',(-10.9993279713634,-15.15,20.9365060164867));
#4298=CARTESIAN_POINT('',(-10.9993279713633,0.,20.9365060164867));
#4299=CARTESIAN_POINT('',(-7.02664598156481,-15.15,22.5820447756566));
#4300=CARTESIAN_POINT('Origin',(0.,-15.15,0.));
#4301=CARTESIAN_POINT('',(-7.02664598156481,0.,22.5820447756566));
#4302=CARTESIAN_POINT('',(-7.02664598156481,15.15,-22.5820447756566));
#4303=CARTESIAN_POINT('',(-7.02664598156481,-15.15,-22.5820447756566));
#4304=CARTESIAN_POINT('',(-7.02664598156481,0.,-22.5820447756566));
#4305=CARTESIAN_POINT('',(-10.9993279713633,-15.15,-20.9365060164867));
#4306=CARTESIAN_POINT('Origin',(0.,-15.15,0.));
#4307=CARTESIAN_POINT('',(-10.9993279713633,15.15,-20.9365060164867));
#4308=CARTESIAN_POINT('',(-10.9993279713633,0.,-20.9365060164867));
#4309=CARTESIAN_POINT('Origin',(0.,15.15,0.));
#4310=CARTESIAN_POINT('',(-15.1335488091408,15.15,18.174107968243));
#4311=CARTESIAN_POINT('',(-18.174107968243,15.15,15.1335488091408));
#4312=CARTESIAN_POINT('Origin',(0.,15.15,0.));
#4313=CARTESIAN_POINT('',(-18.174107968243,-15.15,15.1335488091408));
#4314=CARTESIAN_POINT('',(-18.174107968243,0.,15.1335488091408));
#4315=CARTESIAN_POINT('',(-15.1335488091408,-15.15,18.174107968243));
#4316=CARTESIAN_POINT('Origin',(0.,-15.15,0.));
#4317=CARTESIAN_POINT('',(-15.1335488091408,0.,18.174107968243));
#4318=CARTESIAN_POINT('',(-15.1335488091408,15.15,-18.174107968243));
#4319=CARTESIAN_POINT('',(-15.1335488091408,-15.15,-18.174107968243));
#4320=CARTESIAN_POINT('',(-15.1335488091408,0.,-18.174107968243));
#4321=CARTESIAN_POINT('',(-18.174107968243,-15.15,-15.1335488091408));
#4322=CARTESIAN_POINT('Origin',(0.,-15.15,0.));
#4323=CARTESIAN_POINT('',(-18.174107968243,15.15,-15.1335488091408));
#4324=CARTESIAN_POINT('',(-18.174107968243,0.,-15.1335488091408));
#4325=CARTESIAN_POINT('Origin',(0.,15.15,0.));
#4326=CARTESIAN_POINT('',(-20.9365060164867,15.15,10.9993279713633));
#4327=CARTESIAN_POINT('',(-22.5820447756566,15.15,7.02664598156481));
#4328=CARTESIAN_POINT('Origin',(0.,15.15,0.));
#4329=CARTESIAN_POINT('',(-22.5820447756566,-15.15,7.02664598156481));
#4330=CARTESIAN_POINT('',(-22.5820447756566,0.,7.02664598156481));
#4331=CARTESIAN_POINT('',(-20.9365060164867,-15.15,10.9993279713633));
#4332=CARTESIAN_POINT('Origin',(0.,-15.15,0.));
#4333=CARTESIAN_POINT('',(-20.9365060164867,0.,10.9993279713633));
#4334=CARTESIAN_POINT('',(-20.9365060164867,15.15,-10.9993279713633));
#4335=CARTESIAN_POINT('',(-20.9365060164867,-15.15,-10.9993279713633));
#4336=CARTESIAN_POINT('',(-20.9365060164867,0.,-10.9993279713633));
#4337=CARTESIAN_POINT('',(-22.5820447756566,-15.15,-7.02664598156481));
#4338=CARTESIAN_POINT('Origin',(0.,-15.15,0.));
#4339=CARTESIAN_POINT('',(-22.5820447756566,15.15,-7.02664598156481));
#4340=CARTESIAN_POINT('',(-22.5820447756566,0.,-7.02664598156481));
#4341=CARTESIAN_POINT('Origin',(0.,15.15,0.));
#4342=CARTESIAN_POINT('Origin',(60.057159610478,-22.,11.9461117962181));
#4343=CARTESIAN_POINT('Origin',(25.6758146965663,-26.,8.18871416448233));
#4344=CARTESIAN_POINT('',(26.8550449218308,-26.,2.26032348270169));
#4345=CARTESIAN_POINT('',(25.6758146965663,-26.,8.18871416448233));
#4346=CARTESIAN_POINT('',(25.9706222528824,-26.,6.70661649403717));
#4347=CARTESIAN_POINT('',(26.8550449218308,-18.,2.26032348270169));
#4348=CARTESIAN_POINT('',(26.8550449218308,0.,2.26032348270169));
#4349=CARTESIAN_POINT('',(25.6758146965663,-18.,8.18871416448233));
#4350=CARTESIAN_POINT('',(26.8550449218308,-18.,2.26032348270169));
#4351=CARTESIAN_POINT('',(25.6758146965663,0.,8.18871416448218));
#4352=CARTESIAN_POINT('Origin',(60.057159610478,-22.,11.9461117962181));
#4353=CARTESIAN_POINT('Origin',(-26.8550449218308,-26.,-2.26032348270155));
#4354=CARTESIAN_POINT('',(-26.8550449218308,-26.,-2.26032348270155));
#4355=CARTESIAN_POINT('',(-25.6758146965663,-26.,-8.1887141644822));
#4356=CARTESIAN_POINT('',(-26.5602373655146,-26.,-3.74242115314672));
#4357=CARTESIAN_POINT('',(-26.8550449218308,-18.,-2.26032348270155));
#4358=CARTESIAN_POINT('',(-26.8550449218308,0.,-2.26032348270152));
#4359=CARTESIAN_POINT('',(-25.6758146965663,-18.,-8.1887141644822));
#4360=CARTESIAN_POINT('',(-25.6758146965663,-18.,-8.1887141644822));
#4361=CARTESIAN_POINT('',(-25.6758146965663,0.,-8.1887141644822));
#4362=CARTESIAN_POINT('Origin',(26.3487965580328,-18.,5.24110150096339));
#4363=CARTESIAN_POINT('Origin',(0.,-18.,0.));
#4364=CARTESIAN_POINT('Origin',(0.,-26.,0.));
#4365=CARTESIAN_POINT('',(-26.95,-26.,3.30042312370212E-15));
#4366=CARTESIAN_POINT('Origin',(0.,-26.,0.));
#4367=CARTESIAN_POINT('Origin',(0.,-26.,0.));
#4368=CARTESIAN_POINT('Origin',(0.,-26.,0.));
#4369=CARTESIAN_POINT('Origin',(0.,0.,0.));
#4370=CARTESIAN_POINT('',(-26.95,18.,3.30042312370212E-15));
#4371=CARTESIAN_POINT('Origin',(0.,18.,0.));
#4372=CARTESIAN_POINT('',(-26.95,15.15,3.30042312370212E-15));
#4373=CARTESIAN_POINT('',(-26.95,0.,3.30042312370212E-15));
#4374=CARTESIAN_POINT('',(-26.7151642330718,15.15,3.55000000000001));
#4375=CARTESIAN_POINT('Origin',(0.,15.15,0.));
#4376=CARTESIAN_POINT('',(-26.7151642330718,-15.15,3.55000000000001));
#4377=CARTESIAN_POINT('',(-26.7151642330718,0.,3.55000000000001));
#4378=CARTESIAN_POINT('',(-26.95,-15.15,3.30042312370212E-15));
#4379=CARTESIAN_POINT('Origin',(0.,-15.15,0.));
#4380=CARTESIAN_POINT('',(-26.95,0.,3.30042312370212E-15));
#4381=CARTESIAN_POINT('Origin',(0.,-18.,0.));
#4382=CARTESIAN_POINT('',(-26.7151642330718,-15.15,-3.54999999999999));
#4383=CARTESIAN_POINT('Origin',(0.,-15.15,0.));
#4384=CARTESIAN_POINT('',(-26.7151642330718,15.15,-3.54999999999999));
#4385=CARTESIAN_POINT('',(-26.7151642330718,0.,-3.54999999999999));
#4386=CARTESIAN_POINT('Origin',(0.,15.15,0.));
#4387=CARTESIAN_POINT('',(-26.0401196275087,-15.15,-6.94367840449394));
#4388=CARTESIAN_POINT('',(-23.3230672577166,-15.15,-13.5032230853241));
#4389=CARTESIAN_POINT('Origin',(0.,-15.15,0.));
#4390=CARTESIAN_POINT('',(-23.3230672577166,15.15,-13.5032230853241));
#4391=CARTESIAN_POINT('',(-23.3230672577166,0.,-13.5032230853241));
#4392=CARTESIAN_POINT('',(-26.0401196275087,15.15,-6.94367840449394));
#4393=CARTESIAN_POINT('Origin',(0.,15.15,0.));
#4394=CARTESIAN_POINT('',(-26.0401196275087,0.,-6.94367840449394));
#4395=CARTESIAN_POINT('',(-21.4007028629297,-15.15,-16.3802447165052));
#4396=CARTESIAN_POINT('',(-16.3802447165052,-15.15,-21.4007028629296));
#4397=CARTESIAN_POINT('Origin',(0.,-15.15,0.));
#4398=CARTESIAN_POINT('',(-16.3802447165052,15.15,-21.4007028629296));
#4399=CARTESIAN_POINT('',(-16.3802447165052,0.,-21.4007028629296));
#4400=CARTESIAN_POINT('',(-21.4007028629297,15.15,-16.3802447165052));
#4401=CARTESIAN_POINT('Origin',(0.,15.15,0.));
#4402=CARTESIAN_POINT('',(-21.4007028629297,0.,-16.3802447165052));
#4403=CARTESIAN_POINT('',(-13.5032230853241,-15.15,-23.3230672577166));
#4404=CARTESIAN_POINT('',(-6.94367840449393,-15.15,-26.0401196275087));
#4405=CARTESIAN_POINT('Origin',(0.,-15.15,0.));
#4406=CARTESIAN_POINT('',(-6.94367840449393,15.15,-26.0401196275087));
#4407=CARTESIAN_POINT('',(-6.94367840449393,0.,-26.0401196275087));
#4408=CARTESIAN_POINT('',(-13.5032230853241,15.15,-23.3230672577166));
#4409=CARTESIAN_POINT('Origin',(0.,15.15,0.));
#4410=CARTESIAN_POINT('',(-13.5032230853241,0.,-23.3230672577166));
#4411=CARTESIAN_POINT('',(-3.55000000000001,-15.15,-26.7151642330718));
#4412=CARTESIAN_POINT('',(3.55,-15.15,-26.7151642330718));
#4413=CARTESIAN_POINT('Origin',(0.,-15.15,0.));
#4414=CARTESIAN_POINT('',(3.55,15.15,-26.7151642330718));
#4415=CARTESIAN_POINT('',(3.55,0.,-26.7151642330718));
#4416=CARTESIAN_POINT('',(-3.55000000000001,15.15,-26.7151642330718));
#4417=CARTESIAN_POINT('Origin',(0.,15.15,0.));
#4418=CARTESIAN_POINT('',(-3.55000000000001,0.,-26.7151642330718));
#4419=CARTESIAN_POINT('',(6.94367840449393,-15.15,-26.0401196275087));
#4420=CARTESIAN_POINT('',(13.5032230853241,-15.15,-23.3230672577166));
#4421=CARTESIAN_POINT('Origin',(0.,-15.15,0.));
#4422=CARTESIAN_POINT('',(13.5032230853241,15.15,-23.3230672577166));
#4423=CARTESIAN_POINT('',(13.5032230853241,0.,-23.3230672577166));
#4424=CARTESIAN_POINT('',(6.94367840449393,15.15,-26.0401196275087));
#4425=CARTESIAN_POINT('Origin',(0.,15.15,0.));
#4426=CARTESIAN_POINT('',(6.94367840449393,0.,-26.0401196275087));
#4427=CARTESIAN_POINT('',(16.3802447165052,-15.15,-21.4007028629297));
#4428=CARTESIAN_POINT('',(21.4007028629296,-15.15,-16.3802447165052));
#4429=CARTESIAN_POINT('Origin',(0.,-15.15,0.));
#4430=CARTESIAN_POINT('',(21.4007028629296,15.15,-16.3802447165052));
#4431=CARTESIAN_POINT('',(21.4007028629296,0.,-16.3802447165052));
#4432=CARTESIAN_POINT('',(16.3802447165052,15.15,-21.4007028629297));
#4433=CARTESIAN_POINT('Origin',(0.,15.15,0.));
#4434=CARTESIAN_POINT('',(16.3802447165052,0.,-21.4007028629297));
#4435=CARTESIAN_POINT('',(23.3230672577166,-15.15,-13.5032230853241));
#4436=CARTESIAN_POINT('',(26.0401196275087,-15.15,-6.94367840449395));
#4437=CARTESIAN_POINT('Origin',(0.,-15.15,0.));
#4438=CARTESIAN_POINT('',(26.0401196275087,15.15,-6.94367840449395));
#4439=CARTESIAN_POINT('',(26.0401196275087,0.,-6.94367840449395));
#4440=CARTESIAN_POINT('',(23.3230672577166,15.15,-13.5032230853241));
#4441=CARTESIAN_POINT('Origin',(0.,15.15,0.));
#4442=CARTESIAN_POINT('',(23.3230672577166,0.,-13.5032230853241));
#4443=CARTESIAN_POINT('',(26.7151642330718,-15.15,-3.55000000000001));
#4444=CARTESIAN_POINT('',(26.7151642330718,-15.15,3.55000000000001));
#4445=CARTESIAN_POINT('Origin',(0.,-15.15,0.));
#4446=CARTESIAN_POINT('',(26.7151642330718,15.15,3.55000000000001));
#4447=CARTESIAN_POINT('',(26.7151642330718,0.,3.55000000000001));
#4448=CARTESIAN_POINT('',(26.7151642330718,15.15,-3.55000000000001));
#4449=CARTESIAN_POINT('Origin',(0.,15.15,0.));
#4450=CARTESIAN_POINT('',(26.7151642330718,0.,-3.55000000000001));
#4451=CARTESIAN_POINT('',(26.0401196275087,-15.15,6.94367840449393));
#4452=CARTESIAN_POINT('',(23.3230672577166,-15.15,13.5032230853241));
#4453=CARTESIAN_POINT('Origin',(0.,-15.15,0.));
#4454=CARTESIAN_POINT('',(23.3230672577166,15.15,13.5032230853241));
#4455=CARTESIAN_POINT('',(23.3230672577166,0.,13.5032230853241));
#4456=CARTESIAN_POINT('',(26.0401196275087,15.15,6.94367840449393));
#4457=CARTESIAN_POINT('Origin',(0.,15.15,0.));
#4458=CARTESIAN_POINT('',(26.0401196275087,0.,6.94367840449393));
#4459=CARTESIAN_POINT('',(21.4007028629296,-15.15,16.3802447165052));
#4460=CARTESIAN_POINT('',(16.3802447165052,-15.15,21.4007028629297));
#4461=CARTESIAN_POINT('Origin',(0.,-15.15,0.));
#4462=CARTESIAN_POINT('',(16.3802447165052,15.15,21.4007028629297));
#4463=CARTESIAN_POINT('',(16.3802447165052,0.,21.4007028629297));
#4464=CARTESIAN_POINT('',(21.4007028629296,15.15,16.3802447165052));
#4465=CARTESIAN_POINT('Origin',(0.,15.15,0.));
#4466=CARTESIAN_POINT('',(21.4007028629296,0.,16.3802447165052));
#4467=CARTESIAN_POINT('',(13.5032230853241,-15.15,23.3230672577166));
#4468=CARTESIAN_POINT('',(6.94367840449393,-15.15,26.0401196275087));
#4469=CARTESIAN_POINT('Origin',(0.,-15.15,0.));
#4470=CARTESIAN_POINT('',(6.94367840449393,15.15,26.0401196275087));
#4471=CARTESIAN_POINT('',(6.94367840449393,0.,26.0401196275087));
#4472=CARTESIAN_POINT('',(13.5032230853241,15.15,23.3230672577166));
#4473=CARTESIAN_POINT('Origin',(0.,15.15,0.));
#4474=CARTESIAN_POINT('',(13.5032230853241,0.,23.3230672577166));
#4475=CARTESIAN_POINT('',(3.55000000000001,-15.15,26.7151642330718));
#4476=CARTESIAN_POINT('',(-3.55000000000001,-15.15,26.7151642330718));
#4477=CARTESIAN_POINT('Origin',(0.,-15.15,0.));
#4478=CARTESIAN_POINT('',(-3.55000000000001,15.15,26.7151642330718));
#4479=CARTESIAN_POINT('',(-3.55000000000001,0.,26.7151642330718));
#4480=CARTESIAN_POINT('',(3.55000000000001,15.15,26.7151642330718));
#4481=CARTESIAN_POINT('Origin',(0.,15.15,0.));
#4482=CARTESIAN_POINT('',(3.55000000000001,0.,26.7151642330718));
#4483=CARTESIAN_POINT('',(-6.94367840449394,-15.15,26.0401196275087));
#4484=CARTESIAN_POINT('',(-13.5032230853241,-15.15,23.3230672577166));
#4485=CARTESIAN_POINT('Origin',(0.,-15.15,0.));
#4486=CARTESIAN_POINT('',(-13.5032230853241,15.15,23.3230672577166));
#4487=CARTESIAN_POINT('',(-13.5032230853241,0.,23.3230672577166));
#4488=CARTESIAN_POINT('',(-6.94367840449394,15.15,26.0401196275087));
#4489=CARTESIAN_POINT('Origin',(0.,15.15,0.));
#4490=CARTESIAN_POINT('',(-6.94367840449394,0.,26.0401196275087));
#4491=CARTESIAN_POINT('',(-16.3802447165052,-15.15,21.4007028629296));
#4492=CARTESIAN_POINT('',(-21.4007028629297,-15.15,16.3802447165052));
#4493=CARTESIAN_POINT('Origin',(0.,-15.15,0.));
#4494=CARTESIAN_POINT('',(-21.4007028629297,15.15,16.3802447165052));
#4495=CARTESIAN_POINT('',(-21.4007028629297,0.,16.3802447165052));
#4496=CARTESIAN_POINT('',(-16.3802447165052,15.15,21.4007028629296));
#4497=CARTESIAN_POINT('Origin',(0.,15.15,0.));
#4498=CARTESIAN_POINT('',(-16.3802447165052,0.,21.4007028629296));
#4499=CARTESIAN_POINT('',(-23.3230672577166,-15.15,13.5032230853241));
#4500=CARTESIAN_POINT('',(-26.0401196275087,-15.15,6.94367840449395));
#4501=CARTESIAN_POINT('Origin',(0.,-15.15,0.));
#4502=CARTESIAN_POINT('',(-26.0401196275087,15.15,6.94367840449395));
#4503=CARTESIAN_POINT('',(-26.0401196275087,0.,6.94367840449395));
#4504=CARTESIAN_POINT('',(-23.3230672577166,15.15,13.5032230853241));
#4505=CARTESIAN_POINT('Origin',(0.,15.15,0.));
#4506=CARTESIAN_POINT('',(-23.3230672577166,0.,13.5032230853241));
#4507=CARTESIAN_POINT('Origin',(-26.3487965580328,-18.,-5.24110150096324));
#4508=CARTESIAN_POINT('Origin',(-26.95,0.,3.55000000000001));
#4509=CARTESIAN_POINT('',(-23.6151642330718,15.15,3.55));
#4510=CARTESIAN_POINT('',(-26.95,15.15,3.55000000000001));
#4511=CARTESIAN_POINT('',(-23.6151642330718,-15.15,3.55));
#4512=CARTESIAN_POINT('',(-23.6151642330718,0.,3.55));
#4513=CARTESIAN_POINT('',(-26.95,-15.15,3.55000000000001));
#4514=CARTESIAN_POINT('Origin',(-26.2570795860753,0.,-7.03354616182408));
#4515=CARTESIAN_POINT('',(-23.1760930767237,15.15,-5.75735976416216));
#4516=CARTESIAN_POINT('',(-26.2570795860753,15.15,-7.03354616182408));
#4517=CARTESIAN_POINT('',(-23.1760930767237,-15.15,-5.75735976416216));
#4518=CARTESIAN_POINT('',(-23.1760930767237,0.,-5.75735976416216));
#4519=CARTESIAN_POINT('',(-26.2570795860753,-15.15,-7.03354616182408));
#4520=CARTESIAN_POINT('Origin',(-21.5667568261897,0.,-16.5462986797652));
#4521=CARTESIAN_POINT('',(-19.2086718412513,15.15,-14.1882136948269));
#4522=CARTESIAN_POINT('',(-21.5667568261897,15.15,-16.5462986797652));
#4523=CARTESIAN_POINT('',(-19.2086718412513,-15.15,-14.1882136948269));
#4524=CARTESIAN_POINT('',(-19.2086718412513,0.,-14.1882136948269));
#4525=CARTESIAN_POINT('',(-21.5667568261897,-15.15,-16.5462986797652));
#4526=CARTESIAN_POINT('Origin',(-13.5930908426543,0.,-23.5400272162831));
#4527=CARTESIAN_POINT('',(-12.3169044449923,15.15,-20.4590407069316));
#4528=CARTESIAN_POINT('',(-13.5930908426543,15.15,-23.5400272162831));
#4529=CARTESIAN_POINT('',(-12.3169044449923,-15.15,-20.4590407069316));
#4530=CARTESIAN_POINT('',(-12.3169044449923,0.,-20.4590407069316));
#4531=CARTESIAN_POINT('',(-13.5930908426543,-15.15,-23.5400272162831));
#4532=CARTESIAN_POINT('Origin',(-3.55000000000002,0.,-26.95));
#4533=CARTESIAN_POINT('',(-3.55,15.15,-23.6151642330718));
#4534=CARTESIAN_POINT('',(-3.55000000000002,15.15,-26.95));
#4535=CARTESIAN_POINT('',(-3.55,-15.15,-23.6151642330718));
#4536=CARTESIAN_POINT('',(-3.55,0.,-23.6151642330718));
#4537=CARTESIAN_POINT('',(-3.55000000000002,-15.15,-26.95));
#4538=CARTESIAN_POINT('Origin',(7.03354616182409,0.,-26.2570795860753));
#4539=CARTESIAN_POINT('',(5.75735976416216,15.15,-23.1760930767237));
#4540=CARTESIAN_POINT('',(7.03354616182409,15.15,-26.2570795860753));
#4541=CARTESIAN_POINT('',(5.75735976416216,-15.15,-23.1760930767237));
#4542=CARTESIAN_POINT('',(5.75735976416216,0.,-23.1760930767237));
#4543=CARTESIAN_POINT('',(7.03354616182409,-15.15,-26.2570795860753));
#4544=CARTESIAN_POINT('Origin',(16.5462986797652,0.,-21.5667568261897));
#4545=CARTESIAN_POINT('',(14.1882136948269,15.15,-19.2086718412513));
#4546=CARTESIAN_POINT('',(16.5462986797652,15.15,-21.5667568261897));
#4547=CARTESIAN_POINT('',(14.1882136948269,-15.15,-19.2086718412513));
#4548=CARTESIAN_POINT('',(14.1882136948269,0.,-19.2086718412513));
#4549=CARTESIAN_POINT('',(16.5462986797652,-15.15,-21.5667568261897));
#4550=CARTESIAN_POINT('Origin',(23.5400272162831,0.,-13.5930908426543));
#4551=CARTESIAN_POINT('',(20.4590407069316,15.15,-12.3169044449923));
#4552=CARTESIAN_POINT('',(23.5400272162831,15.15,-13.5930908426543));
#4553=CARTESIAN_POINT('',(20.4590407069316,-15.15,-12.3169044449923));
#4554=CARTESIAN_POINT('',(20.4590407069316,0.,-12.3169044449923));
#4555=CARTESIAN_POINT('',(23.5400272162831,-15.15,-13.5930908426543));
#4556=CARTESIAN_POINT('Origin',(26.95,0.,-3.55000000000001));
#4557=CARTESIAN_POINT('',(23.6151642330718,15.15,-3.55));
#4558=CARTESIAN_POINT('',(26.95,15.15,-3.55000000000001));
#4559=CARTESIAN_POINT('',(23.6151642330718,-15.15,-3.55));
#4560=CARTESIAN_POINT('',(23.6151642330718,0.,-3.55));
#4561=CARTESIAN_POINT('',(26.95,-15.15,-3.55000000000001));
#4562=CARTESIAN_POINT('Origin',(26.2570795860753,0.,7.03354616182409));
#4563=CARTESIAN_POINT('',(23.1760930767237,15.15,5.75735976416216));
#4564=CARTESIAN_POINT('',(26.2570795860753,15.15,7.03354616182409));
#4565=CARTESIAN_POINT('',(23.1760930767237,-15.15,5.75735976416216));
#4566=CARTESIAN_POINT('',(23.1760930767237,0.,5.75735976416216));
#4567=CARTESIAN_POINT('',(26.2570795860753,-15.15,7.03354616182409));
#4568=CARTESIAN_POINT('Origin',(21.5667568261897,0.,16.5462986797652));
#4569=CARTESIAN_POINT('',(19.2086718412513,15.15,14.1882136948269));
#4570=CARTESIAN_POINT('',(21.5667568261897,15.15,16.5462986797652));
#4571=CARTESIAN_POINT('',(19.2086718412513,-15.15,14.1882136948269));
#4572=CARTESIAN_POINT('',(19.2086718412513,0.,14.1882136948269));
#4573=CARTESIAN_POINT('',(21.5667568261897,-15.15,16.5462986797652));
#4574=CARTESIAN_POINT('Origin',(13.5930908426542,0.,23.5400272162831));
#4575=CARTESIAN_POINT('',(12.3169044449923,15.15,20.4590407069316));
#4576=CARTESIAN_POINT('',(13.5930908426542,15.15,23.5400272162831));
#4577=CARTESIAN_POINT('',(12.3169044449923,-15.15,20.4590407069316));
#4578=CARTESIAN_POINT('',(12.3169044449923,0.,20.4590407069316));
#4579=CARTESIAN_POINT('',(13.5930908426542,-15.15,23.5400272162831));
#4580=CARTESIAN_POINT('Origin',(3.55000000000001,0.,26.95));
#4581=CARTESIAN_POINT('',(3.55,15.15,23.6151642330718));
#4582=CARTESIAN_POINT('',(3.55000000000001,15.15,26.95));
#4583=CARTESIAN_POINT('',(3.55,-15.15,23.6151642330718));
#4584=CARTESIAN_POINT('',(3.55,0.,23.6151642330718));
#4585=CARTESIAN_POINT('',(3.55000000000001,-15.15,26.95));
#4586=CARTESIAN_POINT('Origin',(-7.03354616182409,0.,26.2570795860753));
#4587=CARTESIAN_POINT('',(-5.75735976416216,15.15,23.1760930767237));
#4588=CARTESIAN_POINT('',(-7.03354616182409,15.15,26.2570795860753));
#4589=CARTESIAN_POINT('',(-5.75735976416216,-15.15,23.1760930767237));
#4590=CARTESIAN_POINT('',(-5.75735976416216,0.,23.1760930767237));
#4591=CARTESIAN_POINT('',(-7.03354616182409,-15.15,26.2570795860753));
#4592=CARTESIAN_POINT('Origin',(-16.5462986797652,0.,21.5667568261897));
#4593=CARTESIAN_POINT('',(-14.1882136948269,15.15,19.2086718412514));
#4594=CARTESIAN_POINT('',(-16.5462986797652,15.15,21.5667568261897));
#4595=CARTESIAN_POINT('',(-14.1882136948269,-15.15,19.2086718412514));
#4596=CARTESIAN_POINT('',(-14.1882136948269,0.,19.2086718412514));
#4597=CARTESIAN_POINT('',(-16.5462986797652,-15.15,21.5667568261897));
#4598=CARTESIAN_POINT('Origin',(-23.5400272162831,0.,13.5930908426542));
#4599=CARTESIAN_POINT('',(-20.4590407069316,15.15,12.3169044449923));
#4600=CARTESIAN_POINT('',(-23.5400272162831,15.15,13.5930908426542));
#4601=CARTESIAN_POINT('',(-20.4590407069316,-15.15,12.3169044449923));
#4602=CARTESIAN_POINT('',(-20.4590407069316,0.,12.3169044449923));
#4603=CARTESIAN_POINT('',(-23.5400272162831,-15.15,13.5930908426542));
#4604=CARTESIAN_POINT('Origin',(-26.8325821165359,15.15,-5.82867087928207E-15));
#4605=CARTESIAN_POINT('',(-23.1760930767237,15.15,5.75735976416217));
#4606=CARTESIAN_POINT('',(-23.1760930767237,15.15,5.75735976416217));
#4607=CARTESIAN_POINT('',(-22.6403362714126,15.15,7.05079110967796));
#4608=CARTESIAN_POINT('',(-20.4590407069316,15.15,12.3169044449923));
#4609=CARTESIAN_POINT('',(-22.5820447756566,15.15,7.0266459815648));
#4610=CARTESIAN_POINT('',(-20.9947975122427,15.15,11.0234730994765));
#4611=CARTESIAN_POINT('',(-20.9947975122427,15.15,11.0234730994765));
#4612=CARTESIAN_POINT('',(-20.4590407069316,15.15,12.3169044449923));
#4613=CARTESIAN_POINT('Origin',(-26.8325821165359,15.15,-5.82867087928207E-15));
#4614=CARTESIAN_POINT('',(-19.2086718412513,15.15,14.1882136948269));
#4615=CARTESIAN_POINT('',(-19.2086718412513,15.15,14.1882136948269));
#4616=CARTESIAN_POINT('',(-18.2187223475902,15.15,15.178163188488));
#4617=CARTESIAN_POINT('',(-14.1882136948269,15.15,19.2086718412514));
#4618=CARTESIAN_POINT('',(-18.174107968243,15.15,15.1335488091408));
#4619=CARTESIAN_POINT('',(-15.178163188488,15.15,18.2187223475902));
#4620=CARTESIAN_POINT('',(-15.178163188488,15.15,18.2187223475902));
#4621=CARTESIAN_POINT('',(-14.1882136948269,15.15,19.2086718412514));
#4622=CARTESIAN_POINT('Origin',(-26.8325821165359,15.15,-5.82867087928207E-15));
#4623=CARTESIAN_POINT('',(-12.3169044449923,15.15,20.4590407069316));
#4624=CARTESIAN_POINT('',(-12.3169044449923,15.15,20.4590407069316));
#4625=CARTESIAN_POINT('',(-11.0234730994765,15.15,20.9947975122427));
#4626=CARTESIAN_POINT('',(-5.75735976416216,15.15,23.1760930767237));
#4627=CARTESIAN_POINT('',(-10.9993279713633,15.15,20.9365060164867));
#4628=CARTESIAN_POINT('',(-7.05079110967796,15.15,22.6403362714126));
#4629=CARTESIAN_POINT('',(-7.05079110967796,15.15,22.6403362714126));
#4630=CARTESIAN_POINT('',(-5.75735976416216,15.15,23.1760930767237));
#4631=CARTESIAN_POINT('Origin',(-26.8325821165359,15.15,-5.82867087928207E-15));
#4632=CARTESIAN_POINT('',(-3.55,15.15,23.6151642330718));
#4633=CARTESIAN_POINT('',(-3.55,15.15,23.6151642330718));
#4634=CARTESIAN_POINT('',(-2.15000000000001,15.15,23.6151642330718));
#4635=CARTESIAN_POINT('',(3.55,15.15,23.6151642330718));
#4636=CARTESIAN_POINT('',(-2.15000000000001,15.15,23.5520699727221));
#4637=CARTESIAN_POINT('',(2.15000000000001,15.15,23.6151642330718));
#4638=CARTESIAN_POINT('',(2.15000000000001,15.15,23.6151642330718));
#4639=CARTESIAN_POINT('',(3.55,15.15,23.6151642330718));
#4640=CARTESIAN_POINT('Origin',(-26.8325821165359,15.15,-5.82867087928207E-15));
#4641=CARTESIAN_POINT('',(5.75735976416216,15.15,23.1760930767237));
#4642=CARTESIAN_POINT('',(5.75735976416216,15.15,23.1760930767237));
#4643=CARTESIAN_POINT('',(7.05079110967795,15.15,22.6403362714126));
#4644=CARTESIAN_POINT('',(12.3169044449923,15.15,20.4590407069316));
#4645=CARTESIAN_POINT('',(7.02664598156481,15.15,22.5820447756566));
#4646=CARTESIAN_POINT('',(11.0234730994765,15.15,20.9947975122427));
#4647=CARTESIAN_POINT('',(11.0234730994765,15.15,20.9947975122427));
#4648=CARTESIAN_POINT('',(12.3169044449923,15.15,20.4590407069316));
#4649=CARTESIAN_POINT('Origin',(-26.8325821165359,15.15,-5.82867087928207E-15));
#4650=CARTESIAN_POINT('',(14.1882136948269,15.15,19.2086718412513));
#4651=CARTESIAN_POINT('',(14.1882136948269,15.15,19.2086718412513));
#4652=CARTESIAN_POINT('',(15.178163188488,15.15,18.2187223475902));
#4653=CARTESIAN_POINT('',(19.2086718412513,15.15,14.1882136948269));
#4654=CARTESIAN_POINT('',(15.1335488091408,15.15,18.174107968243));
#4655=CARTESIAN_POINT('',(18.2187223475902,15.15,15.178163188488));
#4656=CARTESIAN_POINT('',(18.2187223475902,15.15,15.178163188488));
#4657=CARTESIAN_POINT('',(19.2086718412513,15.15,14.1882136948269));
#4658=CARTESIAN_POINT('Origin',(-26.8325821165359,15.15,-5.82867087928207E-15));
#4659=CARTESIAN_POINT('',(20.4590407069316,15.15,12.3169044449923));
#4660=CARTESIAN_POINT('',(20.4590407069316,15.15,12.3169044449923));
#4661=CARTESIAN_POINT('',(20.9947975122427,15.15,11.0234730994765));
#4662=CARTESIAN_POINT('',(23.1760930767237,15.15,5.75735976416216));
#4663=CARTESIAN_POINT('',(20.9365060164867,15.15,10.9993279713633));
#4664=CARTESIAN_POINT('',(22.6403362714126,15.15,7.05079110967795));
#4665=CARTESIAN_POINT('',(22.6403362714126,15.15,7.05079110967795));
#4666=CARTESIAN_POINT('',(23.1760930767237,15.15,5.75735976416216));
#4667=CARTESIAN_POINT('Origin',(-26.8325821165359,15.15,-5.82867087928207E-15));
#4668=CARTESIAN_POINT('',(23.6151642330718,15.15,3.55));
#4669=CARTESIAN_POINT('',(23.6151642330718,15.15,3.55));
#4670=CARTESIAN_POINT('',(23.6151642330718,15.15,2.15000000000001));
#4671=CARTESIAN_POINT('',(23.6151642330718,15.15,-3.55));
#4672=CARTESIAN_POINT('',(23.5520699727221,15.15,2.15));
#4673=CARTESIAN_POINT('',(23.6151642330718,15.15,-2.15000000000002));
#4674=CARTESIAN_POINT('',(23.6151642330718,15.15,-2.15000000000002));
#4675=CARTESIAN_POINT('',(23.6151642330718,15.15,-3.55));
#4676=CARTESIAN_POINT('Origin',(-26.8325821165359,15.15,-5.82867087928207E-15));
#4677=CARTESIAN_POINT('',(23.1760930767237,15.15,-5.75735976416216));
#4678=CARTESIAN_POINT('',(23.1760930767237,15.15,-5.75735976416216));
#4679=CARTESIAN_POINT('',(22.6403362714126,15.15,-7.05079110967795));
#4680=CARTESIAN_POINT('',(20.4590407069316,15.15,-12.3169044449923));
#4681=CARTESIAN_POINT('',(22.5820447756566,15.15,-7.0266459815648));
#4682=CARTESIAN_POINT('',(20.9947975122427,15.15,-11.0234730994765));
#4683=CARTESIAN_POINT('',(20.9947975122427,15.15,-11.0234730994765));
#4684=CARTESIAN_POINT('',(20.4590407069316,15.15,-12.3169044449923));
#4685=CARTESIAN_POINT('Origin',(-26.8325821165359,15.15,-5.82867087928207E-15));
#4686=CARTESIAN_POINT('',(19.2086718412513,15.15,-14.1882136948269));
#4687=CARTESIAN_POINT('',(19.2086718412513,15.15,-14.1882136948269));
#4688=CARTESIAN_POINT('',(18.2187223475902,15.15,-15.178163188488));
#4689=CARTESIAN_POINT('',(14.1882136948269,15.15,-19.2086718412513));
#4690=CARTESIAN_POINT('',(18.174107968243,15.15,-15.1335488091408));
#4691=CARTESIAN_POINT('',(15.178163188488,15.15,-18.2187223475902));
#4692=CARTESIAN_POINT('',(15.178163188488,15.15,-18.2187223475902));
#4693=CARTESIAN_POINT('',(14.1882136948269,15.15,-19.2086718412513));
#4694=CARTESIAN_POINT('Origin',(-26.8325821165359,15.15,-5.82867087928207E-15));
#4695=CARTESIAN_POINT('',(12.3169044449923,15.15,-20.4590407069316));
#4696=CARTESIAN_POINT('',(12.3169044449923,15.15,-20.4590407069316));
#4697=CARTESIAN_POINT('',(11.0234730994765,15.15,-20.9947975122427));
#4698=CARTESIAN_POINT('',(5.75735976416216,15.15,-23.1760930767237));
#4699=CARTESIAN_POINT('',(10.9993279713633,15.15,-20.9365060164867));
#4700=CARTESIAN_POINT('',(7.05079110967794,15.15,-22.6403362714126));
#4701=CARTESIAN_POINT('',(7.05079110967795,15.15,-22.6403362714126));
#4702=CARTESIAN_POINT('',(5.75735976416216,15.15,-23.1760930767237));
#4703=CARTESIAN_POINT('Origin',(-26.8325821165359,15.15,-5.82867087928207E-15));
#4704=CARTESIAN_POINT('',(3.55,15.15,-23.6151642330718));
#4705=CARTESIAN_POINT('',(3.55,15.15,-23.6151642330718));
#4706=CARTESIAN_POINT('',(2.15000000000001,15.15,-23.6151642330718));
#4707=CARTESIAN_POINT('',(-3.55,15.15,-23.6151642330718));
#4708=CARTESIAN_POINT('',(2.15,15.15,-23.5520699727221));
#4709=CARTESIAN_POINT('',(-2.15000000000002,15.15,-23.6151642330718));
#4710=CARTESIAN_POINT('',(-2.15000000000002,15.15,-23.6151642330718));
#4711=CARTESIAN_POINT('',(-3.55,15.15,-23.6151642330718));
#4712=CARTESIAN_POINT('Origin',(-26.8325821165359,15.15,-5.82867087928207E-15));
#4713=CARTESIAN_POINT('',(-5.75735976416216,15.15,-23.1760930767237));
#4714=CARTESIAN_POINT('',(-5.75735976416216,15.15,-23.1760930767237));
#4715=CARTESIAN_POINT('',(-7.05079110967796,15.15,-22.6403362714126));
#4716=CARTESIAN_POINT('',(-12.3169044449923,15.15,-20.4590407069316));
#4717=CARTESIAN_POINT('',(-7.0266459815648,15.15,-22.5820447756566));
#4718=CARTESIAN_POINT('',(-11.0234730994765,15.15,-20.9947975122427));
#4719=CARTESIAN_POINT('',(-11.0234730994765,15.15,-20.9947975122427));
#4720=CARTESIAN_POINT('',(-12.3169044449923,15.15,-20.4590407069316));
#4721=CARTESIAN_POINT('Origin',(-26.8325821165359,15.15,-5.82867087928207E-15));
#4722=CARTESIAN_POINT('',(-14.1882136948269,15.15,-19.2086718412513));
#4723=CARTESIAN_POINT('',(-14.1882136948269,15.15,-19.2086718412513));
#4724=CARTESIAN_POINT('',(-15.178163188488,15.15,-18.2187223475902));
#4725=CARTESIAN_POINT('',(-19.2086718412513,15.15,-14.1882136948269));
#4726=CARTESIAN_POINT('',(-15.1335488091408,15.15,-18.174107968243));
#4727=CARTESIAN_POINT('',(-18.2187223475902,15.15,-15.178163188488));
#4728=CARTESIAN_POINT('',(-18.2187223475902,15.15,-15.178163188488));
#4729=CARTESIAN_POINT('',(-19.2086718412513,15.15,-14.1882136948269));
#4730=CARTESIAN_POINT('Origin',(-26.8325821165359,15.15,-5.82867087928207E-15));
#4731=CARTESIAN_POINT('',(-20.4590407069316,15.15,-12.3169044449923));
#4732=CARTESIAN_POINT('',(-20.4590407069316,15.15,-12.3169044449923));
#4733=CARTESIAN_POINT('',(-20.9947975122427,15.15,-11.0234730994765));
#4734=CARTESIAN_POINT('',(-23.1760930767237,15.15,-5.75735976416216));
#4735=CARTESIAN_POINT('',(-20.9365060164867,15.15,-10.9993279713633));
#4736=CARTESIAN_POINT('',(-22.6403362714126,15.15,-7.05079110967796));
#4737=CARTESIAN_POINT('',(-22.6403362714126,15.15,-7.05079110967796));
#4738=CARTESIAN_POINT('',(-23.1760930767237,15.15,-5.75735976416216));
#4739=CARTESIAN_POINT('Origin',(-26.8325821165359,-15.15,-5.82867087928207E-15));
#4740=CARTESIAN_POINT('',(-20.9947975122427,-15.15,11.0234730994765));
#4741=CARTESIAN_POINT('',(-20.4590407069316,-15.15,12.3169044449923));
#4742=CARTESIAN_POINT('',(-20.9947975122427,-15.15,11.0234730994765));
#4743=CARTESIAN_POINT('',(-22.6403362714126,-15.15,7.05079110967796));
#4744=CARTESIAN_POINT('',(-22.5820447756566,-15.15,7.0266459815648));
#4745=CARTESIAN_POINT('',(-23.1760930767237,-15.15,5.75735976416217));
#4746=CARTESIAN_POINT('',(-20.4590407069316,-15.15,12.3169044449923));
#4747=CARTESIAN_POINT('',(-23.1760930767237,-15.15,5.75735976416217));
#4748=CARTESIAN_POINT('Origin',(-26.8325821165359,-15.15,-5.82867087928207E-15));
#4749=CARTESIAN_POINT('',(-15.178163188488,-15.15,18.2187223475902));
#4750=CARTESIAN_POINT('',(-14.1882136948269,-15.15,19.2086718412514));
#4751=CARTESIAN_POINT('',(-15.178163188488,-15.15,18.2187223475902));
#4752=CARTESIAN_POINT('',(-18.2187223475902,-15.15,15.178163188488));
#4753=CARTESIAN_POINT('',(-18.174107968243,-15.15,15.1335488091408));
#4754=CARTESIAN_POINT('',(-19.2086718412513,-15.15,14.1882136948269));
#4755=CARTESIAN_POINT('',(-14.1882136948269,-15.15,19.2086718412514));
#4756=CARTESIAN_POINT('',(-19.2086718412513,-15.15,14.1882136948269));
#4757=CARTESIAN_POINT('Origin',(-26.8325821165359,-15.15,-5.82867087928207E-15));
#4758=CARTESIAN_POINT('',(-7.05079110967796,-15.15,22.6403362714126));
#4759=CARTESIAN_POINT('',(-5.75735976416216,-15.15,23.1760930767237));
#4760=CARTESIAN_POINT('',(-7.05079110967796,-15.15,22.6403362714126));
#4761=CARTESIAN_POINT('',(-11.0234730994765,-15.15,20.9947975122427));
#4762=CARTESIAN_POINT('',(-10.9993279713633,-15.15,20.9365060164867));
#4763=CARTESIAN_POINT('',(-12.3169044449923,-15.15,20.4590407069316));
#4764=CARTESIAN_POINT('',(-5.75735976416216,-15.15,23.1760930767237));
#4765=CARTESIAN_POINT('',(-12.3169044449923,-15.15,20.4590407069316));
#4766=CARTESIAN_POINT('Origin',(-26.8325821165359,-15.15,-5.82867087928207E-15));
#4767=CARTESIAN_POINT('',(2.15000000000001,-15.15,23.6151642330718));
#4768=CARTESIAN_POINT('',(3.55,-15.15,23.6151642330718));
#4769=CARTESIAN_POINT('',(2.15000000000001,-15.15,23.6151642330718));
#4770=CARTESIAN_POINT('',(-2.15000000000001,-15.15,23.6151642330718));
#4771=CARTESIAN_POINT('',(-2.15000000000001,-15.15,23.5520699727221));
#4772=CARTESIAN_POINT('',(-3.55,-15.15,23.6151642330718));
#4773=CARTESIAN_POINT('',(3.55,-15.15,23.6151642330718));
#4774=CARTESIAN_POINT('',(-3.55,-15.15,23.6151642330718));
#4775=CARTESIAN_POINT('Origin',(-26.8325821165359,-15.15,-5.82867087928207E-15));
#4776=CARTESIAN_POINT('',(11.0234730994765,-15.15,20.9947975122427));
#4777=CARTESIAN_POINT('',(12.3169044449923,-15.15,20.4590407069316));
#4778=CARTESIAN_POINT('',(11.0234730994765,-15.15,20.9947975122427));
#4779=CARTESIAN_POINT('',(7.05079110967795,-15.15,22.6403362714126));
#4780=CARTESIAN_POINT('',(7.02664598156481,-15.15,22.5820447756566));
#4781=CARTESIAN_POINT('',(5.75735976416216,-15.15,23.1760930767237));
#4782=CARTESIAN_POINT('',(12.3169044449923,-15.15,20.4590407069316));
#4783=CARTESIAN_POINT('',(5.75735976416216,-15.15,23.1760930767237));
#4784=CARTESIAN_POINT('Origin',(-26.8325821165359,-15.15,-5.82867087928207E-15));
#4785=CARTESIAN_POINT('',(18.2187223475902,-15.15,15.178163188488));
#4786=CARTESIAN_POINT('',(19.2086718412513,-15.15,14.1882136948269));
#4787=CARTESIAN_POINT('',(18.2187223475902,-15.15,15.178163188488));
#4788=CARTESIAN_POINT('',(15.178163188488,-15.15,18.2187223475902));
#4789=CARTESIAN_POINT('',(15.1335488091408,-15.15,18.174107968243));
#4790=CARTESIAN_POINT('',(14.1882136948269,-15.15,19.2086718412513));
#4791=CARTESIAN_POINT('',(19.2086718412513,-15.15,14.1882136948269));
#4792=CARTESIAN_POINT('',(14.1882136948269,-15.15,19.2086718412513));
#4793=CARTESIAN_POINT('Origin',(-26.8325821165359,-15.15,-5.82867087928207E-15));
#4794=CARTESIAN_POINT('',(22.6403362714126,-15.15,7.05079110967795));
#4795=CARTESIAN_POINT('',(23.1760930767237,-15.15,5.75735976416216));
#4796=CARTESIAN_POINT('',(22.6403362714126,-15.15,7.05079110967795));
#4797=CARTESIAN_POINT('',(20.9947975122427,-15.15,11.0234730994765));
#4798=CARTESIAN_POINT('',(20.9365060164867,-15.15,10.9993279713633));
#4799=CARTESIAN_POINT('',(20.4590407069316,-15.15,12.3169044449923));
#4800=CARTESIAN_POINT('',(23.1760930767237,-15.15,5.75735976416216));
#4801=CARTESIAN_POINT('',(20.4590407069316,-15.15,12.3169044449923));
#4802=CARTESIAN_POINT('Origin',(-26.8325821165359,-15.15,-5.82867087928207E-15));
#4803=CARTESIAN_POINT('',(23.6151642330718,-15.15,-2.15000000000002));
#4804=CARTESIAN_POINT('',(23.6151642330718,-15.15,-3.55));
#4805=CARTESIAN_POINT('',(23.6151642330718,-15.15,-2.15000000000002));
#4806=CARTESIAN_POINT('',(23.6151642330718,-15.15,2.15000000000001));
#4807=CARTESIAN_POINT('',(23.5520699727221,-15.15,2.15));
#4808=CARTESIAN_POINT('',(23.6151642330718,-15.15,3.55));
#4809=CARTESIAN_POINT('',(23.6151642330718,-15.15,-3.55));
#4810=CARTESIAN_POINT('',(23.6151642330718,-15.15,3.55));
#4811=CARTESIAN_POINT('Origin',(-26.8325821165359,-15.15,-5.82867087928207E-15));
#4812=CARTESIAN_POINT('',(20.9947975122427,-15.15,-11.0234730994765));
#4813=CARTESIAN_POINT('',(20.4590407069316,-15.15,-12.3169044449923));
#4814=CARTESIAN_POINT('',(20.9947975122427,-15.15,-11.0234730994765));
#4815=CARTESIAN_POINT('',(22.6403362714126,-15.15,-7.05079110967795));
#4816=CARTESIAN_POINT('',(22.5820447756566,-15.15,-7.0266459815648));
#4817=CARTESIAN_POINT('',(23.1760930767237,-15.15,-5.75735976416216));
#4818=CARTESIAN_POINT('',(20.4590407069316,-15.15,-12.3169044449923));
#4819=CARTESIAN_POINT('',(23.1760930767237,-15.15,-5.75735976416216));
#4820=CARTESIAN_POINT('Origin',(-26.8325821165359,-15.15,-5.82867087928207E-15));
#4821=CARTESIAN_POINT('',(15.178163188488,-15.15,-18.2187223475902));
#4822=CARTESIAN_POINT('',(14.1882136948269,-15.15,-19.2086718412513));
#4823=CARTESIAN_POINT('',(15.178163188488,-15.15,-18.2187223475902));
#4824=CARTESIAN_POINT('',(18.2187223475902,-15.15,-15.178163188488));
#4825=CARTESIAN_POINT('',(18.174107968243,-15.15,-15.1335488091408));
#4826=CARTESIAN_POINT('',(19.2086718412513,-15.15,-14.1882136948269));
#4827=CARTESIAN_POINT('',(14.1882136948269,-15.15,-19.2086718412513));
#4828=CARTESIAN_POINT('',(19.2086718412513,-15.15,-14.1882136948269));
#4829=CARTESIAN_POINT('Origin',(-26.8325821165359,-15.15,-5.82867087928207E-15));
#4830=CARTESIAN_POINT('',(7.05079110967794,-15.15,-22.6403362714126));
#4831=CARTESIAN_POINT('',(5.75735976416216,-15.15,-23.1760930767237));
#4832=CARTESIAN_POINT('',(7.05079110967795,-15.15,-22.6403362714126));
#4833=CARTESIAN_POINT('',(11.0234730994765,-15.15,-20.9947975122427));
#4834=CARTESIAN_POINT('',(10.9993279713633,-15.15,-20.9365060164867));
#4835=CARTESIAN_POINT('',(12.3169044449923,-15.15,-20.4590407069316));
#4836=CARTESIAN_POINT('',(5.75735976416216,-15.15,-23.1760930767237));
#4837=CARTESIAN_POINT('',(12.3169044449923,-15.15,-20.4590407069316));
#4838=CARTESIAN_POINT('Origin',(-26.8325821165359,-15.15,-5.82867087928207E-15));
#4839=CARTESIAN_POINT('',(-2.15000000000002,-15.15,-23.6151642330718));
#4840=CARTESIAN_POINT('',(-3.55,-15.15,-23.6151642330718));
#4841=CARTESIAN_POINT('',(-2.15000000000002,-15.15,-23.6151642330718));
#4842=CARTESIAN_POINT('',(2.15000000000001,-15.15,-23.6151642330718));
#4843=CARTESIAN_POINT('',(2.15,-15.15,-23.5520699727221));
#4844=CARTESIAN_POINT('',(3.55,-15.15,-23.6151642330718));
#4845=CARTESIAN_POINT('',(-3.55,-15.15,-23.6151642330718));
#4846=CARTESIAN_POINT('',(3.55,-15.15,-23.6151642330718));
#4847=CARTESIAN_POINT('Origin',(-26.8325821165359,-15.15,-5.82867087928207E-15));
#4848=CARTESIAN_POINT('',(-11.0234730994765,-15.15,-20.9947975122427));
#4849=CARTESIAN_POINT('',(-12.3169044449923,-15.15,-20.4590407069316));
#4850=CARTESIAN_POINT('',(-11.0234730994765,-15.15,-20.9947975122427));
#4851=CARTESIAN_POINT('',(-7.05079110967796,-15.15,-22.6403362714126));
#4852=CARTESIAN_POINT('',(-7.0266459815648,-15.15,-22.5820447756566));
#4853=CARTESIAN_POINT('',(-5.75735976416216,-15.15,-23.1760930767237));
#4854=CARTESIAN_POINT('',(-12.3169044449923,-15.15,-20.4590407069316));
#4855=CARTESIAN_POINT('',(-5.75735976416216,-15.15,-23.1760930767237));
#4856=CARTESIAN_POINT('Origin',(-26.8325821165359,-15.15,-5.82867087928207E-15));
#4857=CARTESIAN_POINT('',(-18.2187223475902,-15.15,-15.178163188488));
#4858=CARTESIAN_POINT('',(-19.2086718412513,-15.15,-14.1882136948269));
#4859=CARTESIAN_POINT('',(-18.2187223475902,-15.15,-15.178163188488));
#4860=CARTESIAN_POINT('',(-15.178163188488,-15.15,-18.2187223475902));
#4861=CARTESIAN_POINT('',(-15.1335488091408,-15.15,-18.174107968243));
#4862=CARTESIAN_POINT('',(-14.1882136948269,-15.15,-19.2086718412513));
#4863=CARTESIAN_POINT('',(-19.2086718412513,-15.15,-14.1882136948269));
#4864=CARTESIAN_POINT('',(-14.1882136948269,-15.15,-19.2086718412513));
#4865=CARTESIAN_POINT('Origin',(-26.8325821165359,-15.15,-5.82867087928207E-15));
#4866=CARTESIAN_POINT('',(-22.6403362714126,-15.15,-7.05079110967796));
#4867=CARTESIAN_POINT('',(-23.1760930767237,-15.15,-5.75735976416216));
#4868=CARTESIAN_POINT('',(-22.6403362714126,-15.15,-7.05079110967796));
#4869=CARTESIAN_POINT('',(-20.9947975122427,-15.15,-11.0234730994765));
#4870=CARTESIAN_POINT('',(-20.9365060164867,-15.15,-10.9993279713633));
#4871=CARTESIAN_POINT('',(-20.4590407069316,-15.15,-12.3169044449923));
#4872=CARTESIAN_POINT('',(-23.1760930767237,-15.15,-5.75735976416216));
#4873=CARTESIAN_POINT('',(-20.4590407069316,-15.15,-12.3169044449923));
#4874=CARTESIAN_POINT('Origin',(-26.8325821165359,-15.15,-5.82867087928207E-15));
#4875=CARTESIAN_POINT('',(-23.6151642330718,-15.15,2.15000000000001));
#4876=CARTESIAN_POINT('',(-23.6151642330718,-15.15,3.55));
#4877=CARTESIAN_POINT('',(-23.6151642330718,-15.15,2.15));
#4878=CARTESIAN_POINT('',(-23.6151642330718,-15.15,-2.15));
#4879=CARTESIAN_POINT('',(-23.5520699727221,-15.15,-2.15));
#4880=CARTESIAN_POINT('',(-23.6151642330718,-15.15,-3.55));
#4881=CARTESIAN_POINT('',(-23.6151642330718,-15.15,3.55));
#4882=CARTESIAN_POINT('',(-26.7151642330718,-15.15,-3.54999999999999));
#4883=CARTESIAN_POINT('Origin',(-23.6151642330718,0.,-3.54999999999969));
#4884=CARTESIAN_POINT('',(-23.6151642330718,15.15,-3.55));
#4885=CARTESIAN_POINT('',(-23.6151642330718,0.,-3.55));
#4886=CARTESIAN_POINT('',(-26.7151642330718,15.15,-3.54999999999999));
#4887=CARTESIAN_POINT('Origin',(-23.6151642330718,0.,-2.15));
#4888=CARTESIAN_POINT('',(-23.6151642330718,15.15,-2.15));
#4889=CARTESIAN_POINT('',(-23.6151642330718,0.,-2.15));
#4890=CARTESIAN_POINT('',(-23.6151642330718,15.15,3.55));
#4891=CARTESIAN_POINT('Origin',(-23.5520699727221,0.,-2.15));
#4892=CARTESIAN_POINT('',(-23.5520699727221,15.15,-2.15));
#4893=CARTESIAN_POINT('Origin',(-22.6403362714126,0.,-7.05079110967796));
#4894=CARTESIAN_POINT('',(-22.6403362714126,0.,-7.05079110967796));
#4895=CARTESIAN_POINT('Origin',(-23.1760930767237,0.,-5.75735976416216));
#4896=CARTESIAN_POINT('Origin',(-20.4590407069316,0.,-12.3169044449923));
#4897=CARTESIAN_POINT('',(-20.4590407069316,0.,-12.3169044449923));
#4898=CARTESIAN_POINT('Origin',(-20.9947975122427,0.,-11.0234730994765));
#4899=CARTESIAN_POINT('',(-20.9947975122427,0.,-11.0234730994765));
#4900=CARTESIAN_POINT('Origin',(-20.9365060164867,0.,-10.9993279713633));
#4901=CARTESIAN_POINT('Origin',(-18.2187223475902,0.,-15.178163188488));
#4902=CARTESIAN_POINT('',(-18.2187223475902,0.,-15.178163188488));
#4903=CARTESIAN_POINT('Origin',(-19.2086718412513,0.,-14.1882136948269));
#4904=CARTESIAN_POINT('Origin',(-14.1882136948269,0.,-19.2086718412513));
#4905=CARTESIAN_POINT('',(-14.1882136948269,0.,-19.2086718412513));
#4906=CARTESIAN_POINT('Origin',(-15.178163188488,0.,-18.2187223475902));
#4907=CARTESIAN_POINT('',(-15.178163188488,0.,-18.2187223475902));
#4908=CARTESIAN_POINT('Origin',(-15.1335488091408,0.,-18.174107968243));
#4909=CARTESIAN_POINT('Origin',(-11.0234730994765,0.,-20.9947975122427));
#4910=CARTESIAN_POINT('',(-11.0234730994765,0.,-20.9947975122427));
#4911=CARTESIAN_POINT('Origin',(-12.3169044449923,0.,-20.4590407069316));
#4912=CARTESIAN_POINT('Origin',(-5.75735976416216,0.,-23.1760930767237));
#4913=CARTESIAN_POINT('',(-5.75735976416216,0.,-23.1760930767237));
#4914=CARTESIAN_POINT('Origin',(-7.05079110967796,0.,-22.6403362714126));
#4915=CARTESIAN_POINT('',(-7.05079110967796,0.,-22.6403362714126));
#4916=CARTESIAN_POINT('Origin',(-7.02664598156481,0.,-22.5820447756566));
#4917=CARTESIAN_POINT('Origin',(-2.15000000000002,0.,-23.6151642330718));
#4918=CARTESIAN_POINT('',(-2.15000000000002,0.,-23.6151642330718));
#4919=CARTESIAN_POINT('Origin',(-3.55,0.,-23.6151642330718));
#4920=CARTESIAN_POINT('Origin',(3.55,0.,-23.6151642330718));
#4921=CARTESIAN_POINT('',(3.55,0.,-23.6151642330718));
#4922=CARTESIAN_POINT('Origin',(2.15000000000001,0.,-23.6151642330718));
#4923=CARTESIAN_POINT('',(2.15000000000001,0.,-23.6151642330718));
#4924=CARTESIAN_POINT('Origin',(2.15,0.,-23.5520699727222));
#4925=CARTESIAN_POINT('Origin',(7.05079110967794,0.,-22.6403362714126));
#4926=CARTESIAN_POINT('',(7.05079110967794,0.,-22.6403362714126));
#4927=CARTESIAN_POINT('Origin',(5.75735976416216,0.,-23.1760930767237));
#4928=CARTESIAN_POINT('Origin',(12.3169044449923,0.,-20.4590407069316));
#4929=CARTESIAN_POINT('',(12.3169044449923,0.,-20.4590407069316));
#4930=CARTESIAN_POINT('Origin',(11.0234730994765,0.,-20.9947975122427));
#4931=CARTESIAN_POINT('',(11.0234730994765,0.,-20.9947975122427));
#4932=CARTESIAN_POINT('Origin',(10.9993279713633,0.,-20.9365060164867));
#4933=CARTESIAN_POINT('Origin',(15.178163188488,0.,-18.2187223475902));
#4934=CARTESIAN_POINT('',(15.178163188488,0.,-18.2187223475902));
#4935=CARTESIAN_POINT('Origin',(14.1882136948269,0.,-19.2086718412513));
#4936=CARTESIAN_POINT('Origin',(19.2086718412513,0.,-14.1882136948269));
#4937=CARTESIAN_POINT('',(19.2086718412513,0.,-14.1882136948269));
#4938=CARTESIAN_POINT('Origin',(18.2187223475902,0.,-15.178163188488));
#4939=CARTESIAN_POINT('',(18.2187223475902,0.,-15.178163188488));
#4940=CARTESIAN_POINT('Origin',(18.174107968243,0.,-15.1335488091408));
#4941=CARTESIAN_POINT('Origin',(20.9947975122427,0.,-11.0234730994765));
#4942=CARTESIAN_POINT('',(20.9947975122427,0.,-11.0234730994765));
#4943=CARTESIAN_POINT('Origin',(20.4590407069316,0.,-12.3169044449923));
#4944=CARTESIAN_POINT('Origin',(23.1760930767237,0.,-5.75735976416216));
#4945=CARTESIAN_POINT('',(23.1760930767237,0.,-5.75735976416216));
#4946=CARTESIAN_POINT('Origin',(22.6403362714126,0.,-7.05079110967795));
#4947=CARTESIAN_POINT('',(22.6403362714126,0.,-7.05079110967795));
#4948=CARTESIAN_POINT('Origin',(22.5820447756566,0.,-7.02664598156481));
#4949=CARTESIAN_POINT('Origin',(23.6151642330718,0.,-2.15000000000002));
#4950=CARTESIAN_POINT('',(23.6151642330718,0.,-2.15000000000002));
#4951=CARTESIAN_POINT('Origin',(23.6151642330718,0.,-3.55));
#4952=CARTESIAN_POINT('Origin',(23.6151642330718,0.,3.55));
#4953=CARTESIAN_POINT('',(23.6151642330718,0.,3.55));
#4954=CARTESIAN_POINT('Origin',(23.6151642330718,0.,2.15000000000001));
#4955=CARTESIAN_POINT('',(23.6151642330718,0.,2.15000000000001));
#4956=CARTESIAN_POINT('Origin',(23.5520699727222,0.,2.15));
#4957=CARTESIAN_POINT('Origin',(22.6403362714126,0.,7.05079110967795));
#4958=CARTESIAN_POINT('',(22.6403362714126,0.,7.05079110967795));
#4959=CARTESIAN_POINT('Origin',(23.1760930767237,0.,5.75735976416216));
#4960=CARTESIAN_POINT('Origin',(20.4590407069316,0.,12.3169044449923));
#4961=CARTESIAN_POINT('',(20.4590407069316,0.,12.3169044449923));
#4962=CARTESIAN_POINT('Origin',(20.9947975122427,0.,11.0234730994765));
#4963=CARTESIAN_POINT('',(20.9947975122427,0.,11.0234730994765));
#4964=CARTESIAN_POINT('Origin',(20.9365060164867,0.,10.9993279713633));
#4965=CARTESIAN_POINT('Origin',(18.2187223475902,0.,15.178163188488));
#4966=CARTESIAN_POINT('',(18.2187223475902,0.,15.178163188488));
#4967=CARTESIAN_POINT('Origin',(19.2086718412513,0.,14.1882136948269));
#4968=CARTESIAN_POINT('Origin',(14.1882136948269,0.,19.2086718412513));
#4969=CARTESIAN_POINT('',(14.1882136948269,0.,19.2086718412513));
#4970=CARTESIAN_POINT('Origin',(15.178163188488,0.,18.2187223475902));
#4971=CARTESIAN_POINT('',(15.178163188488,0.,18.2187223475902));
#4972=CARTESIAN_POINT('Origin',(15.1335488091408,0.,18.174107968243));
#4973=CARTESIAN_POINT('Origin',(11.0234730994765,0.,20.9947975122427));
#4974=CARTESIAN_POINT('',(11.0234730994765,0.,20.9947975122427));
#4975=CARTESIAN_POINT('Origin',(12.3169044449923,0.,20.4590407069316));
#4976=CARTESIAN_POINT('Origin',(5.75735976416216,0.,23.1760930767237));
#4977=CARTESIAN_POINT('',(5.75735976416216,0.,23.1760930767237));
#4978=CARTESIAN_POINT('Origin',(7.05079110967795,0.,22.6403362714126));
#4979=CARTESIAN_POINT('',(7.05079110967795,0.,22.6403362714126));
#4980=CARTESIAN_POINT('Origin',(7.02664598156481,0.,22.5820447756566));
#4981=CARTESIAN_POINT('Origin',(2.15000000000001,0.,23.6151642330718));
#4982=CARTESIAN_POINT('',(2.15000000000001,0.,23.6151642330718));
#4983=CARTESIAN_POINT('Origin',(3.55,0.,23.6151642330718));
#4984=CARTESIAN_POINT('Origin',(-3.55,0.,23.6151642330718));
#4985=CARTESIAN_POINT('',(-3.55,0.,23.6151642330718));
#4986=CARTESIAN_POINT('Origin',(-2.15000000000001,0.,23.6151642330718));
#4987=CARTESIAN_POINT('',(-2.15000000000001,0.,23.6151642330718));
#4988=CARTESIAN_POINT('Origin',(-2.15000000000001,0.,23.5520699727222));
#4989=CARTESIAN_POINT('Origin',(-7.05079110967796,0.,22.6403362714126));
#4990=CARTESIAN_POINT('',(-7.05079110967796,0.,22.6403362714126));
#4991=CARTESIAN_POINT('Origin',(-5.75735976416216,0.,23.1760930767237));
#4992=CARTESIAN_POINT('Origin',(-12.3169044449923,0.,20.4590407069316));
#4993=CARTESIAN_POINT('',(-12.3169044449923,0.,20.4590407069316));
#4994=CARTESIAN_POINT('Origin',(-11.0234730994765,0.,20.9947975122427));
#4995=CARTESIAN_POINT('',(-11.0234730994765,0.,20.9947975122427));
#4996=CARTESIAN_POINT('Origin',(-10.9993279713634,0.,20.9365060164867));
#4997=CARTESIAN_POINT('Origin',(-15.178163188488,0.,18.2187223475902));
#4998=CARTESIAN_POINT('',(-15.178163188488,0.,18.2187223475902));
#4999=CARTESIAN_POINT('Origin',(-14.1882136948269,0.,19.2086718412514));
#5000=CARTESIAN_POINT('Origin',(-19.2086718412513,0.,14.1882136948269));
#5001=CARTESIAN_POINT('',(-19.2086718412513,0.,14.1882136948269));
#5002=CARTESIAN_POINT('Origin',(-18.2187223475902,0.,15.178163188488));
#5003=CARTESIAN_POINT('',(-18.2187223475902,0.,15.178163188488));
#5004=CARTESIAN_POINT('Origin',(-18.174107968243,0.,15.1335488091408));
#5005=CARTESIAN_POINT('Origin',(-20.9947975122427,0.,11.0234730994765));
#5006=CARTESIAN_POINT('',(-20.9947975122427,0.,11.0234730994765));
#5007=CARTESIAN_POINT('Origin',(-20.4590407069316,0.,12.3169044449923));
#5008=CARTESIAN_POINT('Origin',(-23.1760930767237,0.,5.75735976416217));
#5009=CARTESIAN_POINT('',(-23.1760930767237,0.,5.75735976416217));
#5010=CARTESIAN_POINT('Origin',(-22.6403362714126,0.,7.05079110967796));
#5011=CARTESIAN_POINT('',(-22.6403362714126,0.,7.05079110967796));
#5012=CARTESIAN_POINT('Origin',(-22.5820447756566,0.,7.02664598156481));
#5013=CARTESIAN_POINT('Origin',(-23.6151642330718,0.,2.15));
#5014=CARTESIAN_POINT('',(-23.6151642330718,15.15,2.15000000000001));
#5015=CARTESIAN_POINT('',(-23.6151642330718,0.,2.15000000000001));
#5016=CARTESIAN_POINT('',(-23.6151642330718,15.15,2.15));
#5017=CARTESIAN_POINT('Origin',(-23.6151642330718,0.,3.55));
#5018=CARTESIAN_POINT('',(-23.6151642330718,15.15,3.55));
#5019=CARTESIAN_POINT('Origin',(-26.8325821165359,15.15,-5.82867087928207E-15));
#5020=CARTESIAN_POINT('Origin',(23.65,18.,0.));
#5021=UNCERTAINTY_MEASURE_WITH_UNIT(LENGTH_MEASURE(0.01),#5025,
'DISTANCE_ACCURACY_VALUE',
'Maximum model space distance between geometric entities at asserted c
onnectivities');
#5022=UNCERTAINTY_MEASURE_WITH_UNIT(LENGTH_MEASURE(0.01),#5025,
'DISTANCE_ACCURACY_VALUE',
'Maximum model space distance between geometric entities at asserted c
onnectivities');
#5023=(
GEOMETRIC_REPRESENTATION_CONTEXT(3)
GLOBAL_UNCERTAINTY_ASSIGNED_CONTEXT((#5021))
GLOBAL_UNIT_ASSIGNED_CONTEXT((#5025,#5027,#5028))
REPRESENTATION_CONTEXT('','3D')
);
#5024=(
GEOMETRIC_REPRESENTATION_CONTEXT(3)
GLOBAL_UNCERTAINTY_ASSIGNED_CONTEXT((#5022))
GLOBAL_UNIT_ASSIGNED_CONTEXT((#5025,#5027,#5028))
REPRESENTATION_CONTEXT('','3D')
);
#5025=(
LENGTH_UNIT()
NAMED_UNIT(*)
SI_UNIT(.MILLI.,.METRE.)
);
#5026=(
LENGTH_UNIT()
NAMED_UNIT(*)
SI_UNIT(.CENTI.,.METRE.)
);
#5027=(
NAMED_UNIT(*)
PLANE_ANGLE_UNIT()
SI_UNIT($,.RADIAN.)
);
#5028=(
NAMED_UNIT(*)
SI_UNIT($,.STERADIAN.)
SOLID_ANGLE_UNIT()
);
#5029=SHAPE_DEFINITION_REPRESENTATION(#5030,#5031);
#5030=PRODUCT_DEFINITION_SHAPE('',$,#5033);
#5031=SHAPE_REPRESENTATION('',(#3051),#5023);
#5032=PRODUCT_DEFINITION_CONTEXT('part definition',#5037,'design');
#5033=PRODUCT_DEFINITION('magnet_ring','magnet_ring',#5034,#5032);
#5034=PRODUCT_DEFINITION_FORMATION('',$,#5039);
#5035=PRODUCT_RELATED_PRODUCT_CATEGORY('magnet_ring','magnet_ring',(#5039));
#5036=APPLICATION_PROTOCOL_DEFINITION('international standard',
'automotive_design',2009,#5037);
#5037=APPLICATION_CONTEXT(
'Core Data for Automotive Mechanical Design Process');
#5038=PRODUCT_CONTEXT('part definition',#5037,'mechanical');
#5039=PRODUCT('magnet_ring','magnet_ring',$,(#5038));
#5040=PRESENTATION_STYLE_ASSIGNMENT((#5041));
#5041=SURFACE_STYLE_USAGE(.BOTH.,#5044);
#5042=SURFACE_STYLE_RENDERING_WITH_PROPERTIES($,#5048,(#5043));
#5043=SURFACE_STYLE_TRANSPARENT(0.);
#5044=SURFACE_SIDE_STYLE('',(#5045,#5042));
#5045=SURFACE_STYLE_FILL_AREA(#5046);
#5046=FILL_AREA_STYLE('',(#5047));
#5047=FILL_AREA_STYLE_COLOUR('',#5048);
#5048=COLOUR_RGB('',0.32156862745098,0.411764705882353,0.168627450980392);
ENDSEC;
END-ISO-10303-21;
