ISO-10303-21;
HEADER;
/* Generated by software containing ST-Developer
 * from STEP Tools, Inc. (www.steptools.com) 
 */

FILE_DESCRIPTION(
/* description */ (''),
/* implementation_level */ '2;1');

FILE_NAME(
/* name */ 'rotor_plastic.stp',
/* time_stamp */ '2026-08-21T06:54:17+02:00',
/* author */ ('zzapa'),
/* organization */ (''),
/* preprocessor_version */ 'ST-DEVELOPER v20',
/* originating_system */ 'Autodesk Inventor 2025',
/* authorisation */ '');

FILE_SCHEMA (('AUTOMOTIVE_DESIGN { 1 0 10303 214 3 1 1 }'));
ENDSEC;

DATA;
#10=MECHANICAL_DESIGN_GEOMETRIC_PRESENTATION_REPRESENTATION('',(#13),#4003);
#11=SHAPE_REPRESENTATION_RELATIONSHIP('SRR','None',#4010,#12);
#12=ADVANCED_BREP_SHAPE_REPRESENTATION('',(#14),#4002);
#13=STYLED_ITEM('',(#4019),#14);
#14=MANIFOLD_SOLID_BREP('Bry\X2\0142\X0\a1',#2318);
#15=CYLINDRICAL_SURFACE('',#2398,1.45);
#16=CYLINDRICAL_SURFACE('',#2403,1.45);
#17=CYLINDRICAL_SURFACE('',#2408,1.45);
#18=CYLINDRICAL_SURFACE('',#2413,1.45);
#19=CYLINDRICAL_SURFACE('',#2472,1.45);
#20=CYLINDRICAL_SURFACE('',#2477,1.45);
#21=CYLINDRICAL_SURFACE('',#2482,1.45);
#22=CYLINDRICAL_SURFACE('',#2487,1.45);
#23=CYLINDRICAL_SURFACE('',#2497,21.);
#24=CYLINDRICAL_SURFACE('',#2498,21.);
#25=CYLINDRICAL_SURFACE('',#2501,21.);
#26=CYLINDRICAL_SURFACE('',#2504,21.);
#27=CYLINDRICAL_SURFACE('',#2505,21.);
#28=CYLINDRICAL_SURFACE('',#2506,21.);
#29=CYLINDRICAL_SURFACE('',#2509,21.);
#30=CYLINDRICAL_SURFACE('',#2512,21.);
#31=CYLINDRICAL_SURFACE('',#2513,21.);
#32=CYLINDRICAL_SURFACE('',#2515,21.);
#33=CYLINDRICAL_SURFACE('',#2517,21.);
#34=CYLINDRICAL_SURFACE('',#2520,21.);
#35=CYLINDRICAL_SURFACE('',#2521,21.);
#36=CYLINDRICAL_SURFACE('',#2522,21.);
#37=CYLINDRICAL_SURFACE('',#2525,21.);
#38=CYLINDRICAL_SURFACE('',#2528,21.);
#39=CYLINDRICAL_SURFACE('',#2529,21.);
#40=CYLINDRICAL_SURFACE('',#2530,21.);
#41=CYLINDRICAL_SURFACE('',#2533,21.);
#42=CYLINDRICAL_SURFACE('',#2536,21.);
#43=CYLINDRICAL_SURFACE('',#2537,21.);
#44=CYLINDRICAL_SURFACE('',#2539,21.);
#45=CYLINDRICAL_SURFACE('',#2541,21.);
#46=CYLINDRICAL_SURFACE('',#2544,21.);
#47=CYLINDRICAL_SURFACE('',#2561,14.97);
#48=CYLINDRICAL_SURFACE('',#2562,18.);
#49=CYLINDRICAL_SURFACE('',#2563,22.5);
#50=CYLINDRICAL_SURFACE('',#2564,18.);
#51=CYLINDRICAL_SURFACE('',#2565,22.5);
#52=CYLINDRICAL_SURFACE('',#2566,18.);
#53=CYLINDRICAL_SURFACE('',#2567,22.5);
#54=CYLINDRICAL_SURFACE('',#2568,18.);
#55=CYLINDRICAL_SURFACE('',#2569,22.5);
#56=CYLINDRICAL_SURFACE('',#2570,18.);
#57=CYLINDRICAL_SURFACE('',#2572,22.5);
#58=CYLINDRICAL_SURFACE('',#2573,18.);
#59=CYLINDRICAL_SURFACE('',#2575,22.5);
#60=CYLINDRICAL_SURFACE('',#2576,18.);
#61=CYLINDRICAL_SURFACE('',#2578,22.5);
#62=CYLINDRICAL_SURFACE('',#2579,18.);
#63=CYLINDRICAL_SURFACE('',#2581,22.5);
#64=CYLINDRICAL_SURFACE('',#2582,18.);
#65=CYLINDRICAL_SURFACE('',#2583,22.5);
#66=CYLINDRICAL_SURFACE('',#2585,18.);
#67=CYLINDRICAL_SURFACE('',#2586,22.5);
#68=CYLINDRICAL_SURFACE('',#2588,18.);
#69=CYLINDRICAL_SURFACE('',#2590,22.5);
#70=CYLINDRICAL_SURFACE('',#2591,18.);
#71=CYLINDRICAL_SURFACE('',#2593,22.5);
#72=FACE_BOUND('',#265,.T.);
#73=FACE_BOUND('',#266,.T.);
#74=FACE_BOUND('',#267,.T.);
#75=FACE_BOUND('',#268,.T.);
#76=FACE_BOUND('',#269,.T.);
#77=FACE_BOUND('',#279,.T.);
#78=FACE_BOUND('',#280,.T.);
#79=FACE_BOUND('',#281,.T.);
#80=FACE_BOUND('',#282,.T.);
#81=FACE_BOUND('',#283,.T.);
#82=PLANE('',#2345);
#83=PLANE('',#2419);
#84=PLANE('',#2489);
#85=PLANE('',#2490);
#86=PLANE('',#2491);
#87=PLANE('',#2492);
#88=PLANE('',#2493);
#89=PLANE('',#2494);
#90=PLANE('',#2495);
#91=PLANE('',#2496);
#92=PLANE('',#2499);
#93=PLANE('',#2500);
#94=PLANE('',#2502);
#95=PLANE('',#2503);
#96=PLANE('',#2507);
#97=PLANE('',#2508);
#98=PLANE('',#2510);
#99=PLANE('',#2511);
#100=PLANE('',#2514);
#101=PLANE('',#2516);
#102=PLANE('',#2518);
#103=PLANE('',#2519);
#104=PLANE('',#2523);
#105=PLANE('',#2524);
#106=PLANE('',#2526);
#107=PLANE('',#2527);
#108=PLANE('',#2531);
#109=PLANE('',#2532);
#110=PLANE('',#2534);
#111=PLANE('',#2535);
#112=PLANE('',#2538);
#113=PLANE('',#2540);
#114=PLANE('',#2542);
#115=PLANE('',#2543);
#116=PLANE('',#2545);
#117=PLANE('',#2546);
#118=PLANE('',#2547);
#119=PLANE('',#2548);
#120=PLANE('',#2549);
#121=PLANE('',#2550);
#122=PLANE('',#2551);
#123=PLANE('',#2552);
#124=PLANE('',#2553);
#125=PLANE('',#2554);
#126=PLANE('',#2555);
#127=PLANE('',#2556);
#128=PLANE('',#2557);
#129=PLANE('',#2558);
#130=PLANE('',#2559);
#131=PLANE('',#2560);
#132=PLANE('',#2571);
#133=PLANE('',#2574);
#134=PLANE('',#2577);
#135=PLANE('',#2580);
#136=PLANE('',#2584);
#137=PLANE('',#2587);
#138=PLANE('',#2589);
#139=PLANE('',#2592);
#140=FACE_OUTER_BOUND('',#263,.T.);
#141=FACE_OUTER_BOUND('',#264,.T.);
#142=FACE_OUTER_BOUND('',#270,.T.);
#143=FACE_OUTER_BOUND('',#271,.T.);
#144=FACE_OUTER_BOUND('',#272,.T.);
#145=FACE_OUTER_BOUND('',#273,.T.);
#146=FACE_OUTER_BOUND('',#274,.T.);
#147=FACE_OUTER_BOUND('',#275,.T.);
#148=FACE_OUTER_BOUND('',#276,.T.);
#149=FACE_OUTER_BOUND('',#277,.T.);
#150=FACE_OUTER_BOUND('',#278,.T.);
#151=FACE_OUTER_BOUND('',#284,.T.);
#152=FACE_OUTER_BOUND('',#285,.T.);
#153=FACE_OUTER_BOUND('',#286,.T.);
#154=FACE_OUTER_BOUND('',#287,.T.);
#155=FACE_OUTER_BOUND('',#288,.T.);
#156=FACE_OUTER_BOUND('',#289,.T.);
#157=FACE_OUTER_BOUND('',#290,.T.);
#158=FACE_OUTER_BOUND('',#291,.T.);
#159=FACE_OUTER_BOUND('',#292,.T.);
#160=FACE_OUTER_BOUND('',#293,.T.);
#161=FACE_OUTER_BOUND('',#294,.T.);
#162=FACE_OUTER_BOUND('',#295,.T.);
#163=FACE_OUTER_BOUND('',#296,.T.);
#164=FACE_OUTER_BOUND('',#297,.T.);
#165=FACE_OUTER_BOUND('',#298,.T.);
#166=FACE_OUTER_BOUND('',#299,.T.);
#167=FACE_OUTER_BOUND('',#300,.T.);
#168=FACE_OUTER_BOUND('',#301,.T.);
#169=FACE_OUTER_BOUND('',#302,.T.);
#170=FACE_OUTER_BOUND('',#303,.T.);
#171=FACE_OUTER_BOUND('',#304,.T.);
#172=FACE_OUTER_BOUND('',#305,.T.);
#173=FACE_OUTER_BOUND('',#306,.T.);
#174=FACE_OUTER_BOUND('',#307,.T.);
#175=FACE_OUTER_BOUND('',#308,.T.);
#176=FACE_OUTER_BOUND('',#309,.T.);
#177=FACE_OUTER_BOUND('',#310,.T.);
#178=FACE_OUTER_BOUND('',#311,.T.);
#179=FACE_OUTER_BOUND('',#312,.T.);
#180=FACE_OUTER_BOUND('',#313,.T.);
#181=FACE_OUTER_BOUND('',#314,.T.);
#182=FACE_OUTER_BOUND('',#315,.T.);
#183=FACE_OUTER_BOUND('',#316,.T.);
#184=FACE_OUTER_BOUND('',#317,.T.);
#185=FACE_OUTER_BOUND('',#318,.T.);
#186=FACE_OUTER_BOUND('',#319,.T.);
#187=FACE_OUTER_BOUND('',#320,.T.);
#188=FACE_OUTER_BOUND('',#321,.T.);
#189=FACE_OUTER_BOUND('',#322,.T.);
#190=FACE_OUTER_BOUND('',#323,.T.);
#191=FACE_OUTER_BOUND('',#324,.T.);
#192=FACE_OUTER_BOUND('',#325,.T.);
#193=FACE_OUTER_BOUND('',#326,.T.);
#194=FACE_OUTER_BOUND('',#327,.T.);
#195=FACE_OUTER_BOUND('',#328,.T.);
#196=FACE_OUTER_BOUND('',#329,.T.);
#197=FACE_OUTER_BOUND('',#330,.T.);
#198=FACE_OUTER_BOUND('',#331,.T.);
#199=FACE_OUTER_BOUND('',#332,.T.);
#200=FACE_OUTER_BOUND('',#333,.T.);
#201=FACE_OUTER_BOUND('',#334,.T.);
#202=FACE_OUTER_BOUND('',#335,.T.);
#203=FACE_OUTER_BOUND('',#336,.T.);
#204=FACE_OUTER_BOUND('',#337,.T.);
#205=FACE_OUTER_BOUND('',#338,.T.);
#206=FACE_OUTER_BOUND('',#339,.T.);
#207=FACE_OUTER_BOUND('',#340,.T.);
#208=FACE_OUTER_BOUND('',#341,.T.);
#209=FACE_OUTER_BOUND('',#342,.T.);
#210=FACE_OUTER_BOUND('',#343,.T.);
#211=FACE_OUTER_BOUND('',#344,.T.);
#212=FACE_OUTER_BOUND('',#345,.T.);
#213=FACE_OUTER_BOUND('',#346,.T.);
#214=FACE_OUTER_BOUND('',#347,.T.);
#215=FACE_OUTER_BOUND('',#348,.T.);
#216=FACE_OUTER_BOUND('',#349,.T.);
#217=FACE_OUTER_BOUND('',#350,.T.);
#218=FACE_OUTER_BOUND('',#351,.T.);
#219=FACE_OUTER_BOUND('',#352,.T.);
#220=FACE_OUTER_BOUND('',#353,.T.);
#221=FACE_OUTER_BOUND('',#354,.T.);
#222=FACE_OUTER_BOUND('',#355,.T.);
#223=FACE_OUTER_BOUND('',#356,.T.);
#224=FACE_OUTER_BOUND('',#357,.T.);
#225=FACE_OUTER_BOUND('',#358,.T.);
#226=FACE_OUTER_BOUND('',#359,.T.);
#227=FACE_OUTER_BOUND('',#360,.T.);
#228=FACE_OUTER_BOUND('',#361,.T.);
#229=FACE_OUTER_BOUND('',#362,.T.);
#230=FACE_OUTER_BOUND('',#363,.T.);
#231=FACE_OUTER_BOUND('',#364,.T.);
#232=FACE_OUTER_BOUND('',#365,.T.);
#233=FACE_OUTER_BOUND('',#366,.T.);
#234=FACE_OUTER_BOUND('',#367,.T.);
#235=FACE_OUTER_BOUND('',#368,.T.);
#236=FACE_OUTER_BOUND('',#369,.T.);
#237=FACE_OUTER_BOUND('',#370,.T.);
#238=FACE_OUTER_BOUND('',#371,.T.);
#239=FACE_OUTER_BOUND('',#372,.T.);
#240=FACE_OUTER_BOUND('',#373,.T.);
#241=FACE_OUTER_BOUND('',#374,.T.);
#242=FACE_OUTER_BOUND('',#375,.T.);
#243=FACE_OUTER_BOUND('',#376,.T.);
#244=FACE_OUTER_BOUND('',#377,.T.);
#245=FACE_OUTER_BOUND('',#378,.T.);
#246=FACE_OUTER_BOUND('',#379,.T.);
#247=FACE_OUTER_BOUND('',#380,.T.);
#248=FACE_OUTER_BOUND('',#381,.T.);
#249=FACE_OUTER_BOUND('',#382,.T.);
#250=FACE_OUTER_BOUND('',#383,.T.);
#251=FACE_OUTER_BOUND('',#384,.T.);
#252=FACE_OUTER_BOUND('',#385,.T.);
#253=FACE_OUTER_BOUND('',#386,.T.);
#254=FACE_OUTER_BOUND('',#387,.T.);
#255=FACE_OUTER_BOUND('',#388,.T.);
#256=FACE_OUTER_BOUND('',#389,.T.);
#257=FACE_OUTER_BOUND('',#390,.T.);
#258=FACE_OUTER_BOUND('',#391,.T.);
#259=FACE_OUTER_BOUND('',#392,.T.);
#260=FACE_OUTER_BOUND('',#393,.T.);
#261=FACE_OUTER_BOUND('',#394,.T.);
#262=FACE_OUTER_BOUND('',#395,.T.);
#263=EDGE_LOOP('',(#1509,#1510,#1511,#1512,#1513));
#264=EDGE_LOOP('',(#1514,#1515,#1516,#1517,#1518,#1519,#1520,#1521,#1522,
#1523,#1524,#1525,#1526,#1527,#1528,#1529,#1530,#1531,#1532,#1533,#1534,
#1535,#1536,#1537,#1538,#1539,#1540,#1541,#1542,#1543,#1544,#1545,#1546,
#1547,#1548,#1549,#1550,#1551,#1552,#1553,#1554,#1555,#1556,#1557,#1558,
#1559,#1560,#1561,#1562,#1563,#1564,#1565,#1566,#1567,#1568,#1569,#1570,
#1571,#1572,#1573,#1574,#1575,#1576,#1577,#1578,#1579,#1580,#1581,#1582,
#1583,#1584,#1585,#1586,#1587,#1588,#1589,#1590,#1591,#1592,#1593,#1594,
#1595,#1596,#1597,#1598,#1599,#1600,#1601,#1602,#1603,#1604,#1605,#1606,
#1607,#1608,#1609));
#265=EDGE_LOOP('',(#1610));
#266=EDGE_LOOP('',(#1611));
#267=EDGE_LOOP('',(#1612));
#268=EDGE_LOOP('',(#1613));
#269=EDGE_LOOP('',(#1614));
#270=EDGE_LOOP('',(#1615,#1616,#1617,#1618,#1619));
#271=EDGE_LOOP('',(#1620,#1621,#1622,#1623,#1624));
#272=EDGE_LOOP('',(#1625,#1626,#1627,#1628,#1629));
#273=EDGE_LOOP('',(#1630,#1631,#1632,#1633,#1634));
#274=EDGE_LOOP('',(#1635,#1636,#1637,#1638,#1639));
#275=EDGE_LOOP('',(#1640,#1641,#1642,#1643,#1644));
#276=EDGE_LOOP('',(#1645,#1646,#1647,#1648,#1649));
#277=EDGE_LOOP('',(#1650,#1651,#1652,#1653,#1654));
#278=EDGE_LOOP('',(#1655,#1656,#1657,#1658,#1659,#1660,#1661,#1662,#1663,
#1664,#1665,#1666,#1667,#1668,#1669,#1670,#1671,#1672,#1673,#1674,#1675,
#1676,#1677,#1678,#1679,#1680,#1681,#1682,#1683,#1684,#1685,#1686,#1687,
#1688,#1689,#1690,#1691,#1692,#1693,#1694,#1695,#1696,#1697,#1698,#1699,
#1700,#1701,#1702,#1703,#1704,#1705,#1706,#1707,#1708,#1709,#1710,#1711,
#1712,#1713,#1714,#1715,#1716,#1717,#1718,#1719,#1720,#1721,#1722,#1723,
#1724,#1725,#1726,#1727,#1728,#1729,#1730,#1731,#1732,#1733,#1734,#1735,
#1736,#1737,#1738,#1739,#1740,#1741,#1742,#1743,#1744,#1745,#1746,#1747,
#1748,#1749,#1750));
#279=EDGE_LOOP('',(#1751));
#280=EDGE_LOOP('',(#1752));
#281=EDGE_LOOP('',(#1753));
#282=EDGE_LOOP('',(#1754));
#283=EDGE_LOOP('',(#1755));
#284=EDGE_LOOP('',(#1756,#1757,#1758,#1759,#1760));
#285=EDGE_LOOP('',(#1761,#1762,#1763,#1764,#1765));
#286=EDGE_LOOP('',(#1766,#1767,#1768,#1769,#1770));
#287=EDGE_LOOP('',(#1771,#1772,#1773,#1774,#1775));
#288=EDGE_LOOP('',(#1776,#1777,#1778,#1779,#1780));
#289=EDGE_LOOP('',(#1781,#1782,#1783,#1784,#1785));
#290=EDGE_LOOP('',(#1786,#1787,#1788,#1789,#1790));
#291=EDGE_LOOP('',(#1791));
#292=EDGE_LOOP('',(#1792));
#293=EDGE_LOOP('',(#1793));
#294=EDGE_LOOP('',(#1794));
#295=EDGE_LOOP('',(#1795));
#296=EDGE_LOOP('',(#1796));
#297=EDGE_LOOP('',(#1797));
#298=EDGE_LOOP('',(#1798));
#299=EDGE_LOOP('',(#1799,#1800,#1801,#1802));
#300=EDGE_LOOP('',(#1803,#1804,#1805,#1806));
#301=EDGE_LOOP('',(#1807,#1808,#1809,#1810));
#302=EDGE_LOOP('',(#1811,#1812,#1813,#1814));
#303=EDGE_LOOP('',(#1815,#1816,#1817,#1818));
#304=EDGE_LOOP('',(#1819,#1820,#1821,#1822));
#305=EDGE_LOOP('',(#1823,#1824,#1825,#1826));
#306=EDGE_LOOP('',(#1827,#1828,#1829,#1830));
#307=EDGE_LOOP('',(#1831,#1832,#1833,#1834));
#308=EDGE_LOOP('',(#1835,#1836,#1837,#1838));
#309=EDGE_LOOP('',(#1839,#1840,#1841,#1842));
#310=EDGE_LOOP('',(#1843,#1844,#1845,#1846));
#311=EDGE_LOOP('',(#1847,#1848,#1849,#1850));
#312=EDGE_LOOP('',(#1851,#1852,#1853,#1854));
#313=EDGE_LOOP('',(#1855,#1856,#1857,#1858));
#314=EDGE_LOOP('',(#1859,#1860,#1861,#1862));
#315=EDGE_LOOP('',(#1863,#1864,#1865,#1866));
#316=EDGE_LOOP('',(#1867,#1868,#1869,#1870));
#317=EDGE_LOOP('',(#1871,#1872,#1873,#1874));
#318=EDGE_LOOP('',(#1875,#1876,#1877,#1878));
#319=EDGE_LOOP('',(#1879,#1880,#1881,#1882));
#320=EDGE_LOOP('',(#1883,#1884,#1885,#1886));
#321=EDGE_LOOP('',(#1887,#1888,#1889,#1890));
#322=EDGE_LOOP('',(#1891,#1892,#1893,#1894));
#323=EDGE_LOOP('',(#1895,#1896,#1897,#1898));
#324=EDGE_LOOP('',(#1899,#1900,#1901,#1902));
#325=EDGE_LOOP('',(#1903,#1904,#1905,#1906));
#326=EDGE_LOOP('',(#1907,#1908,#1909,#1910));
#327=EDGE_LOOP('',(#1911,#1912,#1913,#1914));
#328=EDGE_LOOP('',(#1915,#1916,#1917,#1918));
#329=EDGE_LOOP('',(#1919,#1920,#1921,#1922));
#330=EDGE_LOOP('',(#1923,#1924,#1925,#1926));
#331=EDGE_LOOP('',(#1927,#1928,#1929,#1930));
#332=EDGE_LOOP('',(#1931,#1932,#1933,#1934));
#333=EDGE_LOOP('',(#1935,#1936,#1937,#1938));
#334=EDGE_LOOP('',(#1939,#1940,#1941,#1942));
#335=EDGE_LOOP('',(#1943,#1944,#1945,#1946));
#336=EDGE_LOOP('',(#1947,#1948,#1949,#1950));
#337=EDGE_LOOP('',(#1951,#1952,#1953,#1954));
#338=EDGE_LOOP('',(#1955,#1956,#1957,#1958));
#339=EDGE_LOOP('',(#1959,#1960,#1961,#1962));
#340=EDGE_LOOP('',(#1963,#1964,#1965,#1966));
#341=EDGE_LOOP('',(#1967,#1968,#1969,#1970));
#342=EDGE_LOOP('',(#1971,#1972,#1973,#1974));
#343=EDGE_LOOP('',(#1975,#1976,#1977,#1978));
#344=EDGE_LOOP('',(#1979,#1980,#1981,#1982));
#345=EDGE_LOOP('',(#1983,#1984,#1985,#1986));
#346=EDGE_LOOP('',(#1987,#1988,#1989,#1990));
#347=EDGE_LOOP('',(#1991,#1992,#1993,#1994));
#348=EDGE_LOOP('',(#1995,#1996,#1997,#1998));
#349=EDGE_LOOP('',(#1999,#2000,#2001,#2002));
#350=EDGE_LOOP('',(#2003,#2004,#2005,#2006));
#351=EDGE_LOOP('',(#2007,#2008,#2009,#2010));
#352=EDGE_LOOP('',(#2011,#2012,#2013,#2014));
#353=EDGE_LOOP('',(#2015,#2016,#2017,#2018));
#354=EDGE_LOOP('',(#2019,#2020,#2021,#2022));
#355=EDGE_LOOP('',(#2023,#2024,#2025,#2026));
#356=EDGE_LOOP('',(#2027,#2028,#2029,#2030));
#357=EDGE_LOOP('',(#2031,#2032,#2033,#2034));
#358=EDGE_LOOP('',(#2035,#2036,#2037,#2038));
#359=EDGE_LOOP('',(#2039,#2040,#2041,#2042));
#360=EDGE_LOOP('',(#2043,#2044,#2045,#2046));
#361=EDGE_LOOP('',(#2047,#2048,#2049,#2050));
#362=EDGE_LOOP('',(#2051,#2052,#2053,#2054));
#363=EDGE_LOOP('',(#2055,#2056,#2057,#2058));
#364=EDGE_LOOP('',(#2059,#2060,#2061,#2062));
#365=EDGE_LOOP('',(#2063,#2064,#2065,#2066));
#366=EDGE_LOOP('',(#2067,#2068,#2069,#2070));
#367=EDGE_LOOP('',(#2071,#2072,#2073,#2074));
#368=EDGE_LOOP('',(#2075,#2076,#2077,#2078));
#369=EDGE_LOOP('',(#2079,#2080,#2081,#2082));
#370=EDGE_LOOP('',(#2083,#2084,#2085,#2086));
#371=EDGE_LOOP('',(#2087,#2088,#2089,#2090));
#372=EDGE_LOOP('',(#2091,#2092,#2093,#2094));
#373=EDGE_LOOP('',(#2095,#2096,#2097,#2098));
#374=EDGE_LOOP('',(#2099,#2100,#2101,#2102));
#375=EDGE_LOOP('',(#2103,#2104,#2105,#2106));
#376=EDGE_LOOP('',(#2107,#2108,#2109,#2110));
#377=EDGE_LOOP('',(#2111,#2112,#2113,#2114));
#378=EDGE_LOOP('',(#2115,#2116,#2117,#2118));
#379=EDGE_LOOP('',(#2119,#2120,#2121,#2122));
#380=EDGE_LOOP('',(#2123,#2124,#2125,#2126));
#381=EDGE_LOOP('',(#2127,#2128,#2129,#2130));
#382=EDGE_LOOP('',(#2131,#2132,#2133,#2134));
#383=EDGE_LOOP('',(#2135,#2136,#2137,#2138));
#384=EDGE_LOOP('',(#2139,#2140,#2141,#2142));
#385=EDGE_LOOP('',(#2143,#2144,#2145,#2146));
#386=EDGE_LOOP('',(#2147,#2148,#2149,#2150));
#387=EDGE_LOOP('',(#2151,#2152,#2153,#2154));
#388=EDGE_LOOP('',(#2155,#2156,#2157,#2158));
#389=EDGE_LOOP('',(#2159,#2160,#2161,#2162));
#390=EDGE_LOOP('',(#2163,#2164,#2165,#2166));
#391=EDGE_LOOP('',(#2167,#2168,#2169,#2170));
#392=EDGE_LOOP('',(#2171,#2172,#2173,#2174));
#393=EDGE_LOOP('',(#2175,#2176,#2177,#2178));
#394=EDGE_LOOP('',(#2179,#2180,#2181,#2182));
#395=EDGE_LOOP('',(#2183,#2184,#2185,#2186));
#396=LINE('',#3316,#605);
#397=LINE('',#3323,#606);
#398=LINE('',#3327,#607);
#399=LINE('',#3331,#608);
#400=LINE('',#3335,#609);
#401=LINE('',#3339,#610);
#402=LINE('',#3343,#611);
#403=LINE('',#3347,#612);
#404=LINE('',#3351,#613);
#405=LINE('',#3355,#614);
#406=LINE('',#3359,#615);
#407=LINE('',#3363,#616);
#408=LINE('',#3367,#617);
#409=LINE('',#3371,#618);
#410=LINE('',#3375,#619);
#411=LINE('',#3379,#620);
#412=LINE('',#3383,#621);
#413=LINE('',#3387,#622);
#414=LINE('',#3391,#623);
#415=LINE('',#3395,#624);
#416=LINE('',#3399,#625);
#417=LINE('',#3403,#626);
#418=LINE('',#3407,#627);
#419=LINE('',#3411,#628);
#420=LINE('',#3415,#629);
#421=LINE('',#3419,#630);
#422=LINE('',#3423,#631);
#423=LINE('',#3427,#632);
#424=LINE('',#3431,#633);
#425=LINE('',#3435,#634);
#426=LINE('',#3439,#635);
#427=LINE('',#3443,#636);
#428=LINE('',#3447,#637);
#429=LINE('',#3451,#638);
#430=LINE('',#3455,#639);
#431=LINE('',#3459,#640);
#432=LINE('',#3463,#641);
#433=LINE('',#3467,#642);
#434=LINE('',#3471,#643);
#435=LINE('',#3475,#644);
#436=LINE('',#3479,#645);
#437=LINE('',#3483,#646);
#438=LINE('',#3487,#647);
#439=LINE('',#3491,#648);
#440=LINE('',#3495,#649);
#441=LINE('',#3499,#650);
#442=LINE('',#3503,#651);
#443=LINE('',#3507,#652);
#444=LINE('',#3511,#653);
#445=LINE('',#3523,#654);
#446=LINE('',#3527,#655);
#447=LINE('',#3533,#656);
#448=LINE('',#3537,#657);
#449=LINE('',#3543,#658);
#450=LINE('',#3547,#659);
#451=LINE('',#3553,#660);
#452=LINE('',#3559,#661);
#453=LINE('',#3566,#662);
#454=LINE('',#3570,#663);
#455=LINE('',#3574,#664);
#456=LINE('',#3578,#665);
#457=LINE('',#3582,#666);
#458=LINE('',#3586,#667);
#459=LINE('',#3590,#668);
#460=LINE('',#3594,#669);
#461=LINE('',#3598,#670);
#462=LINE('',#3602,#671);
#463=LINE('',#3606,#672);
#464=LINE('',#3610,#673);
#465=LINE('',#3614,#674);
#466=LINE('',#3618,#675);
#467=LINE('',#3622,#676);
#468=LINE('',#3626,#677);
#469=LINE('',#3630,#678);
#470=LINE('',#3634,#679);
#471=LINE('',#3638,#680);
#472=LINE('',#3642,#681);
#473=LINE('',#3646,#682);
#474=LINE('',#3650,#683);
#475=LINE('',#3654,#684);
#476=LINE('',#3658,#685);
#477=LINE('',#3662,#686);
#478=LINE('',#3666,#687);
#479=LINE('',#3670,#688);
#480=LINE('',#3674,#689);
#481=LINE('',#3678,#690);
#482=LINE('',#3682,#691);
#483=LINE('',#3686,#692);
#484=LINE('',#3690,#693);
#485=LINE('',#3694,#694);
#486=LINE('',#3698,#695);
#487=LINE('',#3702,#696);
#488=LINE('',#3706,#697);
#489=LINE('',#3710,#698);
#490=LINE('',#3714,#699);
#491=LINE('',#3718,#700);
#492=LINE('',#3722,#701);
#493=LINE('',#3726,#702);
#494=LINE('',#3730,#703);
#495=LINE('',#3734,#704);
#496=LINE('',#3738,#705);
#497=LINE('',#3742,#706);
#498=LINE('',#3746,#707);
#499=LINE('',#3750,#708);
#500=LINE('',#3754,#709);
#501=LINE('',#3766,#710);
#502=LINE('',#3770,#711);
#503=LINE('',#3776,#712);
#504=LINE('',#3780,#713);
#505=LINE('',#3786,#714);
#506=LINE('',#3790,#715);
#507=LINE('',#3796,#716);
#508=LINE('',#3807,#717);
#509=LINE('',#3808,#718);
#510=LINE('',#3810,#719);
#511=LINE('',#3811,#720);
#512=LINE('',#3813,#721);
#513=LINE('',#3815,#722);
#514=LINE('',#3817,#723);
#515=LINE('',#3818,#724);
#516=LINE('',#3820,#725);
#517=LINE('',#3822,#726);
#518=LINE('',#3823,#727);
#519=LINE('',#3825,#728);
#520=LINE('',#3827,#729);
#521=LINE('',#3828,#730);
#522=LINE('',#3830,#731);
#523=LINE('',#3831,#732);
#524=LINE('',#3833,#733);
#525=LINE('',#3835,#734);
#526=LINE('',#3837,#735);
#527=LINE('',#3838,#736);
#528=LINE('',#3840,#737);
#529=LINE('',#3842,#738);
#530=LINE('',#3843,#739);
#531=LINE('',#3845,#740);
#532=LINE('',#3847,#741);
#533=LINE('',#3848,#742);
#534=LINE('',#3850,#743);
#535=LINE('',#3851,#744);
#536=LINE('',#3853,#745);
#537=LINE('',#3855,#746);
#538=LINE('',#3857,#747);
#539=LINE('',#3858,#748);
#540=LINE('',#3860,#749);
#541=LINE('',#3862,#750);
#542=LINE('',#3863,#751);
#543=LINE('',#3865,#752);
#544=LINE('',#3867,#753);
#545=LINE('',#3868,#754);
#546=LINE('',#3870,#755);
#547=LINE('',#3871,#756);
#548=LINE('',#3873,#757);
#549=LINE('',#3875,#758);
#550=LINE('',#3877,#759);
#551=LINE('',#3878,#760);
#552=LINE('',#3880,#761);
#553=LINE('',#3882,#762);
#554=LINE('',#3883,#763);
#555=LINE('',#3885,#764);
#556=LINE('',#3887,#765);
#557=LINE('',#3888,#766);
#558=LINE('',#3890,#767);
#559=LINE('',#3891,#768);
#560=LINE('',#3893,#769);
#561=LINE('',#3895,#770);
#562=LINE('',#3897,#771);
#563=LINE('',#3898,#772);
#564=LINE('',#3900,#773);
#565=LINE('',#3902,#774);
#566=LINE('',#3903,#775);
#567=LINE('',#3905,#776);
#568=LINE('',#3907,#777);
#569=LINE('',#3908,#778);
#570=LINE('',#3910,#779);
#571=LINE('',#3911,#780);
#572=LINE('',#3913,#781);
#573=LINE('',#3915,#782);
#574=LINE('',#3917,#783);
#575=LINE('',#3918,#784);
#576=LINE('',#3920,#785);
#577=LINE('',#3922,#786);
#578=LINE('',#3923,#787);
#579=LINE('',#3925,#788);
#580=LINE('',#3927,#789);
#581=LINE('',#3929,#790);
#582=LINE('',#3931,#791);
#583=LINE('',#3933,#792);
#584=LINE('',#3935,#793);
#585=LINE('',#3937,#794);
#586=LINE('',#3939,#795);
#587=LINE('',#3941,#796);
#588=LINE('',#3943,#797);
#589=LINE('',#3945,#798);
#590=LINE('',#3947,#799);
#591=LINE('',#3949,#800);
#592=LINE('',#3951,#801);
#593=LINE('',#3953,#802);
#594=LINE('',#3955,#803);
#595=LINE('',#3957,#804);
#596=LINE('',#3959,#805);
#597=LINE('',#3969,#806);
#598=LINE('',#3973,#807);
#599=LINE('',#3977,#808);
#600=LINE('',#3981,#809);
#601=LINE('',#3987,#810);
#602=LINE('',#3991,#811);
#603=LINE('',#3993,#812);
#604=LINE('',#3997,#813);
#605=VECTOR('',#2600,1.7);
#606=VECTOR('',#2607,10.);
#607=VECTOR('',#2610,10.);
#608=VECTOR('',#2613,10.);
#609=VECTOR('',#2616,10.);
#610=VECTOR('',#2619,10.);
#611=VECTOR('',#2622,10.);
#612=VECTOR('',#2625,10.);
#613=VECTOR('',#2628,10.);
#614=VECTOR('',#2631,10.);
#615=VECTOR('',#2634,10.);
#616=VECTOR('',#2637,10.);
#617=VECTOR('',#2640,10.);
#618=VECTOR('',#2643,10.);
#619=VECTOR('',#2646,10.);
#620=VECTOR('',#2649,10.);
#621=VECTOR('',#2652,10.);
#622=VECTOR('',#2655,10.);
#623=VECTOR('',#2658,10.);
#624=VECTOR('',#2661,10.);
#625=VECTOR('',#2664,10.);
#626=VECTOR('',#2667,10.);
#627=VECTOR('',#2670,10.);
#628=VECTOR('',#2673,10.);
#629=VECTOR('',#2676,10.);
#630=VECTOR('',#2679,10.);
#631=VECTOR('',#2682,10.);
#632=VECTOR('',#2685,10.);
#633=VECTOR('',#2688,10.);
#634=VECTOR('',#2691,10.);
#635=VECTOR('',#2694,10.);
#636=VECTOR('',#2697,10.);
#637=VECTOR('',#2700,10.);
#638=VECTOR('',#2703,10.);
#639=VECTOR('',#2706,10.);
#640=VECTOR('',#2709,10.);
#641=VECTOR('',#2712,10.);
#642=VECTOR('',#2715,10.);
#643=VECTOR('',#2718,10.);
#644=VECTOR('',#2721,10.);
#645=VECTOR('',#2724,10.);
#646=VECTOR('',#2727,10.);
#647=VECTOR('',#2730,10.);
#648=VECTOR('',#2733,10.);
#649=VECTOR('',#2736,10.);
#650=VECTOR('',#2739,10.);
#651=VECTOR('',#2742,10.);
#652=VECTOR('',#2745,10.);
#653=VECTOR('',#2748,10.);
#654=VECTOR('',#2761,1.45);
#655=VECTOR('',#2766,1.7);
#656=VECTOR('',#2773,1.45);
#657=VECTOR('',#2778,1.7);
#658=VECTOR('',#2785,1.45);
#659=VECTOR('',#2790,1.7);
#660=VECTOR('',#2797,1.45);
#661=VECTOR('',#2804,1.7);
#662=VECTOR('',#2811,10.);
#663=VECTOR('',#2814,10.);
#664=VECTOR('',#2817,10.);
#665=VECTOR('',#2820,10.);
#666=VECTOR('',#2823,10.);
#667=VECTOR('',#2826,10.);
#668=VECTOR('',#2829,10.);
#669=VECTOR('',#2832,10.);
#670=VECTOR('',#2835,10.);
#671=VECTOR('',#2838,10.);
#672=VECTOR('',#2841,10.);
#673=VECTOR('',#2844,10.);
#674=VECTOR('',#2847,10.);
#675=VECTOR('',#2850,10.);
#676=VECTOR('',#2853,10.);
#677=VECTOR('',#2856,10.);
#678=VECTOR('',#2859,10.);
#679=VECTOR('',#2862,10.);
#680=VECTOR('',#2865,10.);
#681=VECTOR('',#2868,10.);
#682=VECTOR('',#2871,10.);
#683=VECTOR('',#2874,10.);
#684=VECTOR('',#2877,10.);
#685=VECTOR('',#2880,10.);
#686=VECTOR('',#2883,10.);
#687=VECTOR('',#2886,10.);
#688=VECTOR('',#2889,10.);
#689=VECTOR('',#2892,10.);
#690=VECTOR('',#2895,10.);
#691=VECTOR('',#2898,10.);
#692=VECTOR('',#2901,10.);
#693=VECTOR('',#2904,10.);
#694=VECTOR('',#2907,10.);
#695=VECTOR('',#2910,10.);
#696=VECTOR('',#2913,10.);
#697=VECTOR('',#2916,10.);
#698=VECTOR('',#2919,10.);
#699=VECTOR('',#2922,10.);
#700=VECTOR('',#2925,10.);
#701=VECTOR('',#2928,10.);
#702=VECTOR('',#2931,10.);
#703=VECTOR('',#2934,10.);
#704=VECTOR('',#2937,10.);
#705=VECTOR('',#2940,10.);
#706=VECTOR('',#2943,10.);
#707=VECTOR('',#2946,10.);
#708=VECTOR('',#2949,10.);
#709=VECTOR('',#2952,10.);
#710=VECTOR('',#2965,1.45);
#711=VECTOR('',#2970,1.7);
#712=VECTOR('',#2977,1.45);
#713=VECTOR('',#2982,1.7);
#714=VECTOR('',#2989,1.45);
#715=VECTOR('',#2994,1.7);
#716=VECTOR('',#3001,1.45);
#717=VECTOR('',#3022,10.);
#718=VECTOR('',#3023,10.);
#719=VECTOR('',#3026,10.);
#720=VECTOR('',#3027,10.);
#721=VECTOR('',#3030,10.);
#722=VECTOR('',#3033,10.);
#723=VECTOR('',#3036,10.);
#724=VECTOR('',#3037,10.);
#725=VECTOR('',#3040,10.);
#726=VECTOR('',#3043,10.);
#727=VECTOR('',#3044,10.);
#728=VECTOR('',#3047,10.);
#729=VECTOR('',#3050,10.);
#730=VECTOR('',#3051,10.);
#731=VECTOR('',#3054,10.);
#732=VECTOR('',#3055,10.);
#733=VECTOR('',#3058,10.);
#734=VECTOR('',#3061,10.);
#735=VECTOR('',#3064,10.);
#736=VECTOR('',#3065,10.);
#737=VECTOR('',#3068,10.);
#738=VECTOR('',#3071,10.);
#739=VECTOR('',#3072,10.);
#740=VECTOR('',#3075,10.);
#741=VECTOR('',#3078,10.);
#742=VECTOR('',#3079,10.);
#743=VECTOR('',#3082,10.);
#744=VECTOR('',#3083,10.);
#745=VECTOR('',#3086,10.);
#746=VECTOR('',#3089,10.);
#747=VECTOR('',#3092,10.);
#748=VECTOR('',#3093,10.);
#749=VECTOR('',#3096,10.);
#750=VECTOR('',#3099,10.);
#751=VECTOR('',#3100,10.);
#752=VECTOR('',#3103,10.);
#753=VECTOR('',#3106,10.);
#754=VECTOR('',#3107,10.);
#755=VECTOR('',#3110,10.);
#756=VECTOR('',#3111,10.);
#757=VECTOR('',#3114,10.);
#758=VECTOR('',#3117,10.);
#759=VECTOR('',#3120,10.);
#760=VECTOR('',#3121,10.);
#761=VECTOR('',#3124,10.);
#762=VECTOR('',#3127,10.);
#763=VECTOR('',#3128,10.);
#764=VECTOR('',#3131,10.);
#765=VECTOR('',#3134,10.);
#766=VECTOR('',#3135,10.);
#767=VECTOR('',#3138,10.);
#768=VECTOR('',#3139,10.);
#769=VECTOR('',#3142,10.);
#770=VECTOR('',#3145,10.);
#771=VECTOR('',#3148,10.);
#772=VECTOR('',#3149,10.);
#773=VECTOR('',#3152,10.);
#774=VECTOR('',#3155,10.);
#775=VECTOR('',#3156,10.);
#776=VECTOR('',#3159,10.);
#777=VECTOR('',#3162,10.);
#778=VECTOR('',#3163,10.);
#779=VECTOR('',#3166,10.);
#780=VECTOR('',#3167,10.);
#781=VECTOR('',#3170,10.);
#782=VECTOR('',#3173,10.);
#783=VECTOR('',#3176,10.);
#784=VECTOR('',#3177,10.);
#785=VECTOR('',#3180,10.);
#786=VECTOR('',#3183,10.);
#787=VECTOR('',#3184,10.);
#788=VECTOR('',#3187,10.);
#789=VECTOR('',#3190,10.);
#790=VECTOR('',#3193,10.);
#791=VECTOR('',#3196,10.);
#792=VECTOR('',#3199,10.);
#793=VECTOR('',#3202,10.);
#794=VECTOR('',#3205,10.);
#795=VECTOR('',#3208,10.);
#796=VECTOR('',#3211,10.);
#797=VECTOR('',#3214,10.);
#798=VECTOR('',#3217,10.);
#799=VECTOR('',#3220,10.);
#800=VECTOR('',#3223,10.);
#801=VECTOR('',#3226,10.);
#802=VECTOR('',#3229,10.);
#803=VECTOR('',#3232,10.);
#804=VECTOR('',#3235,10.);
#805=VECTOR('',#3238,14.97);
#806=VECTOR('',#3257,10.);
#807=VECTOR('',#3264,10.);
#808=VECTOR('',#3271,10.);
#809=VECTOR('',#3278,10.);
#810=VECTOR('',#3289,10.);
#811=VECTOR('',#3296,10.);
#812=VECTOR('',#3299,10.);
#813=VECTOR('',#3306,10.);
#814=CIRCLE('',#2342,1.95);
#815=CIRCLE('',#2343,1.45);
#816=CIRCLE('',#2344,1.45);
#817=CIRCLE('',#2346,18.);
#818=CIRCLE('',#2347,21.);
#819=CIRCLE('',#2348,22.5);
#820=CIRCLE('',#2349,21.);
#821=CIRCLE('',#2350,18.);
#822=CIRCLE('',#2351,21.);
#823=CIRCLE('',#2352,22.5);
#824=CIRCLE('',#2353,21.);
#825=CIRCLE('',#2354,18.);
#826=CIRCLE('',#2355,21.);
#827=CIRCLE('',#2356,22.5);
#828=CIRCLE('',#2357,21.);
#829=CIRCLE('',#2358,18.);
#830=CIRCLE('',#2359,21.);
#831=CIRCLE('',#2360,22.5);
#832=CIRCLE('',#2361,21.);
#833=CIRCLE('',#2362,18.);
#834=CIRCLE('',#2363,21.);
#835=CIRCLE('',#2364,22.5);
#836=CIRCLE('',#2365,21.);
#837=CIRCLE('',#2366,18.);
#838=CIRCLE('',#2367,21.);
#839=CIRCLE('',#2368,22.5);
#840=CIRCLE('',#2369,21.);
#841=CIRCLE('',#2370,18.);
#842=CIRCLE('',#2371,21.);
#843=CIRCLE('',#2372,22.5);
#844=CIRCLE('',#2373,21.);
#845=CIRCLE('',#2374,18.);
#846=CIRCLE('',#2375,21.);
#847=CIRCLE('',#2376,22.5);
#848=CIRCLE('',#2377,21.);
#849=CIRCLE('',#2378,18.);
#850=CIRCLE('',#2379,21.);
#851=CIRCLE('',#2380,22.5);
#852=CIRCLE('',#2381,21.);
#853=CIRCLE('',#2382,18.);
#854=CIRCLE('',#2383,21.);
#855=CIRCLE('',#2384,22.5);
#856=CIRCLE('',#2385,21.);
#857=CIRCLE('',#2386,18.);
#858=CIRCLE('',#2387,21.);
#859=CIRCLE('',#2388,22.5);
#860=CIRCLE('',#2389,21.);
#861=CIRCLE('',#2390,18.);
#862=CIRCLE('',#2391,21.);
#863=CIRCLE('',#2392,22.5);
#864=CIRCLE('',#2393,21.);
#865=CIRCLE('',#2394,1.95);
#866=CIRCLE('',#2395,1.95);
#867=CIRCLE('',#2396,14.97);
#868=CIRCLE('',#2397,1.95);
#869=CIRCLE('',#2399,1.45);
#870=CIRCLE('',#2401,1.45);
#871=CIRCLE('',#2402,1.45);
#872=CIRCLE('',#2404,1.45);
#873=CIRCLE('',#2406,1.45);
#874=CIRCLE('',#2407,1.45);
#875=CIRCLE('',#2409,1.45);
#876=CIRCLE('',#2411,1.45);
#877=CIRCLE('',#2412,1.45);
#878=CIRCLE('',#2414,1.45);
#879=CIRCLE('',#2416,1.95);
#880=CIRCLE('',#2417,1.45);
#881=CIRCLE('',#2418,1.45);
#882=CIRCLE('',#2420,18.);
#883=CIRCLE('',#2421,21.);
#884=CIRCLE('',#2422,22.5);
#885=CIRCLE('',#2423,21.);
#886=CIRCLE('',#2424,18.);
#887=CIRCLE('',#2425,21.);
#888=CIRCLE('',#2426,22.5);
#889=CIRCLE('',#2427,21.);
#890=CIRCLE('',#2428,18.);
#891=CIRCLE('',#2429,21.);
#892=CIRCLE('',#2430,22.5);
#893=CIRCLE('',#2431,21.);
#894=CIRCLE('',#2432,18.);
#895=CIRCLE('',#2433,21.);
#896=CIRCLE('',#2434,22.5);
#897=CIRCLE('',#2435,21.);
#898=CIRCLE('',#2436,18.);
#899=CIRCLE('',#2437,21.);
#900=CIRCLE('',#2438,22.5);
#901=CIRCLE('',#2439,21.);
#902=CIRCLE('',#2440,18.);
#903=CIRCLE('',#2441,21.);
#904=CIRCLE('',#2442,22.5);
#905=CIRCLE('',#2443,21.);
#906=CIRCLE('',#2444,18.);
#907=CIRCLE('',#2445,21.);
#908=CIRCLE('',#2446,22.5);
#909=CIRCLE('',#2447,21.);
#910=CIRCLE('',#2448,18.);
#911=CIRCLE('',#2449,21.);
#912=CIRCLE('',#2450,22.5);
#913=CIRCLE('',#2451,21.);
#914=CIRCLE('',#2452,18.);
#915=CIRCLE('',#2453,21.);
#916=CIRCLE('',#2454,22.5);
#917=CIRCLE('',#2455,21.);
#918=CIRCLE('',#2456,18.);
#919=CIRCLE('',#2457,21.);
#920=CIRCLE('',#2458,22.5);
#921=CIRCLE('',#2459,21.);
#922=CIRCLE('',#2460,18.);
#923=CIRCLE('',#2461,21.);
#924=CIRCLE('',#2462,22.5);
#925=CIRCLE('',#2463,21.);
#926=CIRCLE('',#2464,18.);
#927=CIRCLE('',#2465,21.);
#928=CIRCLE('',#2466,22.5);
#929=CIRCLE('',#2467,21.);
#930=CIRCLE('',#2468,1.95);
#931=CIRCLE('',#2469,1.95);
#932=CIRCLE('',#2470,14.97);
#933=CIRCLE('',#2471,1.95);
#934=CIRCLE('',#2473,1.45);
#935=CIRCLE('',#2475,1.45);
#936=CIRCLE('',#2476,1.45);
#937=CIRCLE('',#2478,1.45);
#938=CIRCLE('',#2480,1.45);
#939=CIRCLE('',#2481,1.45);
#940=CIRCLE('',#2483,1.45);
#941=CIRCLE('',#2485,1.45);
#942=CIRCLE('',#2486,1.45);
#943=CIRCLE('',#2488,1.45);
#944=VERTEX_POINT('',#3313);
#945=VERTEX_POINT('',#3315);
#946=VERTEX_POINT('',#3317);
#947=VERTEX_POINT('',#3321);
#948=VERTEX_POINT('',#3322);
#949=VERTEX_POINT('',#3324);
#950=VERTEX_POINT('',#3326);
#951=VERTEX_POINT('',#3328);
#952=VERTEX_POINT('',#3330);
#953=VERTEX_POINT('',#3332);
#954=VERTEX_POINT('',#3334);
#955=VERTEX_POINT('',#3336);
#956=VERTEX_POINT('',#3338);
#957=VERTEX_POINT('',#3340);
#958=VERTEX_POINT('',#3342);
#959=VERTEX_POINT('',#3344);
#960=VERTEX_POINT('',#3346);
#961=VERTEX_POINT('',#3348);
#962=VERTEX_POINT('',#3350);
#963=VERTEX_POINT('',#3352);
#964=VERTEX_POINT('',#3354);
#965=VERTEX_POINT('',#3356);
#966=VERTEX_POINT('',#3358);
#967=VERTEX_POINT('',#3360);
#968=VERTEX_POINT('',#3362);
#969=VERTEX_POINT('',#3364);
#970=VERTEX_POINT('',#3366);
#971=VERTEX_POINT('',#3368);
#972=VERTEX_POINT('',#3370);
#973=VERTEX_POINT('',#3372);
#974=VERTEX_POINT('',#3374);
#975=VERTEX_POINT('',#3376);
#976=VERTEX_POINT('',#3378);
#977=VERTEX_POINT('',#3380);
#978=VERTEX_POINT('',#3382);
#979=VERTEX_POINT('',#3384);
#980=VERTEX_POINT('',#3386);
#981=VERTEX_POINT('',#3388);
#982=VERTEX_POINT('',#3390);
#983=VERTEX_POINT('',#3392);
#984=VERTEX_POINT('',#3394);
#985=VERTEX_POINT('',#3396);
#986=VERTEX_POINT('',#3398);
#987=VERTEX_POINT('',#3400);
#988=VERTEX_POINT('',#3402);
#989=VERTEX_POINT('',#3404);
#990=VERTEX_POINT('',#3406);
#991=VERTEX_POINT('',#3408);
#992=VERTEX_POINT('',#3410);
#993=VERTEX_POINT('',#3412);
#994=VERTEX_POINT('',#3414);
#995=VERTEX_POINT('',#3416);
#996=VERTEX_POINT('',#3418);
#997=VERTEX_POINT('',#3420);
#998=VERTEX_POINT('',#3422);
#999=VERTEX_POINT('',#3424);
#1000=VERTEX_POINT('',#3426);
#1001=VERTEX_POINT('',#3428);
#1002=VERTEX_POINT('',#3430);
#1003=VERTEX_POINT('',#3432);
#1004=VERTEX_POINT('',#3434);
#1005=VERTEX_POINT('',#3436);
#1006=VERTEX_POINT('',#3438);
#1007=VERTEX_POINT('',#3440);
#1008=VERTEX_POINT('',#3442);
#1009=VERTEX_POINT('',#3444);
#1010=VERTEX_POINT('',#3446);
#1011=VERTEX_POINT('',#3448);
#1012=VERTEX_POINT('',#3450);
#1013=VERTEX_POINT('',#3452);
#1014=VERTEX_POINT('',#3454);
#1015=VERTEX_POINT('',#3456);
#1016=VERTEX_POINT('',#3458);
#1017=VERTEX_POINT('',#3460);
#1018=VERTEX_POINT('',#3462);
#1019=VERTEX_POINT('',#3464);
#1020=VERTEX_POINT('',#3466);
#1021=VERTEX_POINT('',#3468);
#1022=VERTEX_POINT('',#3470);
#1023=VERTEX_POINT('',#3472);
#1024=VERTEX_POINT('',#3474);
#1025=VERTEX_POINT('',#3476);
#1026=VERTEX_POINT('',#3478);
#1027=VERTEX_POINT('',#3480);
#1028=VERTEX_POINT('',#3482);
#1029=VERTEX_POINT('',#3484);
#1030=VERTEX_POINT('',#3486);
#1031=VERTEX_POINT('',#3488);
#1032=VERTEX_POINT('',#3490);
#1033=VERTEX_POINT('',#3492);
#1034=VERTEX_POINT('',#3494);
#1035=VERTEX_POINT('',#3496);
#1036=VERTEX_POINT('',#3498);
#1037=VERTEX_POINT('',#3500);
#1038=VERTEX_POINT('',#3502);
#1039=VERTEX_POINT('',#3504);
#1040=VERTEX_POINT('',#3506);
#1041=VERTEX_POINT('',#3508);
#1042=VERTEX_POINT('',#3510);
#1043=VERTEX_POINT('',#3513);
#1044=VERTEX_POINT('',#3515);
#1045=VERTEX_POINT('',#3517);
#1046=VERTEX_POINT('',#3519);
#1047=VERTEX_POINT('',#3522);
#1048=VERTEX_POINT('',#3526);
#1049=VERTEX_POINT('',#3528);
#1050=VERTEX_POINT('',#3532);
#1051=VERTEX_POINT('',#3536);
#1052=VERTEX_POINT('',#3538);
#1053=VERTEX_POINT('',#3542);
#1054=VERTEX_POINT('',#3546);
#1055=VERTEX_POINT('',#3548);
#1056=VERTEX_POINT('',#3552);
#1057=VERTEX_POINT('',#3556);
#1058=VERTEX_POINT('',#3558);
#1059=VERTEX_POINT('',#3560);
#1060=VERTEX_POINT('',#3564);
#1061=VERTEX_POINT('',#3565);
#1062=VERTEX_POINT('',#3567);
#1063=VERTEX_POINT('',#3569);
#1064=VERTEX_POINT('',#3571);
#1065=VERTEX_POINT('',#3573);
#1066=VERTEX_POINT('',#3575);
#1067=VERTEX_POINT('',#3577);
#1068=VERTEX_POINT('',#3579);
#1069=VERTEX_POINT('',#3581);
#1070=VERTEX_POINT('',#3583);
#1071=VERTEX_POINT('',#3585);
#1072=VERTEX_POINT('',#3587);
#1073=VERTEX_POINT('',#3589);
#1074=VERTEX_POINT('',#3591);
#1075=VERTEX_POINT('',#3593);
#1076=VERTEX_POINT('',#3595);
#1077=VERTEX_POINT('',#3597);
#1078=VERTEX_POINT('',#3599);
#1079=VERTEX_POINT('',#3601);
#1080=VERTEX_POINT('',#3603);
#1081=VERTEX_POINT('',#3605);
#1082=VERTEX_POINT('',#3607);
#1083=VERTEX_POINT('',#3609);
#1084=VERTEX_POINT('',#3611);
#1085=VERTEX_POINT('',#3613);
#1086=VERTEX_POINT('',#3615);
#1087=VERTEX_POINT('',#3617);
#1088=VERTEX_POINT('',#3619);
#1089=VERTEX_POINT('',#3621);
#1090=VERTEX_POINT('',#3623);
#1091=VERTEX_POINT('',#3625);
#1092=VERTEX_POINT('',#3627);
#1093=VERTEX_POINT('',#3629);
#1094=VERTEX_POINT('',#3631);
#1095=VERTEX_POINT('',#3633);
#1096=VERTEX_POINT('',#3635);
#1097=VERTEX_POINT('',#3637);
#1098=VERTEX_POINT('',#3639);
#1099=VERTEX_POINT('',#3641);
#1100=VERTEX_POINT('',#3643);
#1101=VERTEX_POINT('',#3645);
#1102=VERTEX_POINT('',#3647);
#1103=VERTEX_POINT('',#3649);
#1104=VERTEX_POINT('',#3651);
#1105=VERTEX_POINT('',#3653);
#1106=VERTEX_POINT('',#3655);
#1107=VERTEX_POINT('',#3657);
#1108=VERTEX_POINT('',#3659);
#1109=VERTEX_POINT('',#3661);
#1110=VERTEX_POINT('',#3663);
#1111=VERTEX_POINT('',#3665);
#1112=VERTEX_POINT('',#3667);
#1113=VERTEX_POINT('',#3669);
#1114=VERTEX_POINT('',#3671);
#1115=VERTEX_POINT('',#3673);
#1116=VERTEX_POINT('',#3675);
#1117=VERTEX_POINT('',#3677);
#1118=VERTEX_POINT('',#3679);
#1119=VERTEX_POINT('',#3681);
#1120=VERTEX_POINT('',#3683);
#1121=VERTEX_POINT('',#3685);
#1122=VERTEX_POINT('',#3687);
#1123=VERTEX_POINT('',#3689);
#1124=VERTEX_POINT('',#3691);
#1125=VERTEX_POINT('',#3693);
#1126=VERTEX_POINT('',#3695);
#1127=VERTEX_POINT('',#3697);
#1128=VERTEX_POINT('',#3699);
#1129=VERTEX_POINT('',#3701);
#1130=VERTEX_POINT('',#3703);
#1131=VERTEX_POINT('',#3705);
#1132=VERTEX_POINT('',#3707);
#1133=VERTEX_POINT('',#3709);
#1134=VERTEX_POINT('',#3711);
#1135=VERTEX_POINT('',#3713);
#1136=VERTEX_POINT('',#3715);
#1137=VERTEX_POINT('',#3717);
#1138=VERTEX_POINT('',#3719);
#1139=VERTEX_POINT('',#3721);
#1140=VERTEX_POINT('',#3723);
#1141=VERTEX_POINT('',#3725);
#1142=VERTEX_POINT('',#3727);
#1143=VERTEX_POINT('',#3729);
#1144=VERTEX_POINT('',#3731);
#1145=VERTEX_POINT('',#3733);
#1146=VERTEX_POINT('',#3735);
#1147=VERTEX_POINT('',#3737);
#1148=VERTEX_POINT('',#3739);
#1149=VERTEX_POINT('',#3741);
#1150=VERTEX_POINT('',#3743);
#1151=VERTEX_POINT('',#3745);
#1152=VERTEX_POINT('',#3747);
#1153=VERTEX_POINT('',#3749);
#1154=VERTEX_POINT('',#3751);
#1155=VERTEX_POINT('',#3753);
#1156=VERTEX_POINT('',#3756);
#1157=VERTEX_POINT('',#3758);
#1158=VERTEX_POINT('',#3760);
#1159=VERTEX_POINT('',#3762);
#1160=VERTEX_POINT('',#3765);
#1161=VERTEX_POINT('',#3769);
#1162=VERTEX_POINT('',#3771);
#1163=VERTEX_POINT('',#3775);
#1164=VERTEX_POINT('',#3779);
#1165=VERTEX_POINT('',#3781);
#1166=VERTEX_POINT('',#3785);
#1167=VERTEX_POINT('',#3789);
#1168=VERTEX_POINT('',#3791);
#1169=VERTEX_POINT('',#3795);
#1170=EDGE_CURVE('',#944,#944,#814,.T.);
#1171=EDGE_CURVE('',#944,#945,#396,.T.);
#1172=EDGE_CURVE('',#945,#946,#815,.T.);
#1173=EDGE_CURVE('',#946,#945,#816,.T.);
#1174=EDGE_CURVE('',#947,#948,#397,.T.);
#1175=EDGE_CURVE('',#949,#947,#817,.T.);
#1176=EDGE_CURVE('',#950,#949,#398,.T.);
#1177=EDGE_CURVE('',#950,#951,#818,.T.);
#1178=EDGE_CURVE('',#951,#952,#399,.T.);
#1179=EDGE_CURVE('',#952,#953,#819,.T.);
#1180=EDGE_CURVE('',#953,#954,#400,.T.);
#1181=EDGE_CURVE('',#954,#955,#820,.T.);
#1182=EDGE_CURVE('',#956,#955,#401,.T.);
#1183=EDGE_CURVE('',#957,#956,#821,.T.);
#1184=EDGE_CURVE('',#958,#957,#402,.T.);
#1185=EDGE_CURVE('',#958,#959,#822,.T.);
#1186=EDGE_CURVE('',#959,#960,#403,.T.);
#1187=EDGE_CURVE('',#960,#961,#823,.T.);
#1188=EDGE_CURVE('',#961,#962,#404,.T.);
#1189=EDGE_CURVE('',#962,#963,#824,.T.);
#1190=EDGE_CURVE('',#964,#963,#405,.T.);
#1191=EDGE_CURVE('',#965,#964,#825,.T.);
#1192=EDGE_CURVE('',#966,#965,#406,.T.);
#1193=EDGE_CURVE('',#966,#967,#826,.T.);
#1194=EDGE_CURVE('',#967,#968,#407,.T.);
#1195=EDGE_CURVE('',#968,#969,#827,.T.);
#1196=EDGE_CURVE('',#969,#970,#408,.T.);
#1197=EDGE_CURVE('',#970,#971,#828,.T.);
#1198=EDGE_CURVE('',#972,#971,#409,.T.);
#1199=EDGE_CURVE('',#973,#972,#829,.T.);
#1200=EDGE_CURVE('',#974,#973,#410,.T.);
#1201=EDGE_CURVE('',#974,#975,#830,.T.);
#1202=EDGE_CURVE('',#975,#976,#411,.T.);
#1203=EDGE_CURVE('',#976,#977,#831,.T.);
#1204=EDGE_CURVE('',#977,#978,#412,.T.);
#1205=EDGE_CURVE('',#978,#979,#832,.T.);
#1206=EDGE_CURVE('',#980,#979,#413,.T.);
#1207=EDGE_CURVE('',#981,#980,#833,.T.);
#1208=EDGE_CURVE('',#982,#981,#414,.T.);
#1209=EDGE_CURVE('',#982,#983,#834,.T.);
#1210=EDGE_CURVE('',#983,#984,#415,.T.);
#1211=EDGE_CURVE('',#984,#985,#835,.T.);
#1212=EDGE_CURVE('',#985,#986,#416,.T.);
#1213=EDGE_CURVE('',#986,#987,#836,.T.);
#1214=EDGE_CURVE('',#988,#987,#417,.T.);
#1215=EDGE_CURVE('',#989,#988,#837,.T.);
#1216=EDGE_CURVE('',#990,#989,#418,.T.);
#1217=EDGE_CURVE('',#990,#991,#838,.T.);
#1218=EDGE_CURVE('',#991,#992,#419,.T.);
#1219=EDGE_CURVE('',#992,#993,#839,.T.);
#1220=EDGE_CURVE('',#993,#994,#420,.T.);
#1221=EDGE_CURVE('',#994,#995,#840,.T.);
#1222=EDGE_CURVE('',#996,#995,#421,.T.);
#1223=EDGE_CURVE('',#997,#996,#841,.T.);
#1224=EDGE_CURVE('',#998,#997,#422,.T.);
#1225=EDGE_CURVE('',#998,#999,#842,.T.);
#1226=EDGE_CURVE('',#999,#1000,#423,.T.);
#1227=EDGE_CURVE('',#1000,#1001,#843,.T.);
#1228=EDGE_CURVE('',#1001,#1002,#424,.T.);
#1229=EDGE_CURVE('',#1002,#1003,#844,.T.);
#1230=EDGE_CURVE('',#1004,#1003,#425,.T.);
#1231=EDGE_CURVE('',#1005,#1004,#845,.T.);
#1232=EDGE_CURVE('',#1006,#1005,#426,.T.);
#1233=EDGE_CURVE('',#1006,#1007,#846,.T.);
#1234=EDGE_CURVE('',#1007,#1008,#427,.T.);
#1235=EDGE_CURVE('',#1008,#1009,#847,.T.);
#1236=EDGE_CURVE('',#1009,#1010,#428,.T.);
#1237=EDGE_CURVE('',#1010,#1011,#848,.T.);
#1238=EDGE_CURVE('',#1012,#1011,#429,.T.);
#1239=EDGE_CURVE('',#1013,#1012,#849,.T.);
#1240=EDGE_CURVE('',#1014,#1013,#430,.T.);
#1241=EDGE_CURVE('',#1014,#1015,#850,.T.);
#1242=EDGE_CURVE('',#1015,#1016,#431,.T.);
#1243=EDGE_CURVE('',#1016,#1017,#851,.T.);
#1244=EDGE_CURVE('',#1017,#1018,#432,.T.);
#1245=EDGE_CURVE('',#1018,#1019,#852,.T.);
#1246=EDGE_CURVE('',#1020,#1019,#433,.T.);
#1247=EDGE_CURVE('',#1021,#1020,#853,.T.);
#1248=EDGE_CURVE('',#1022,#1021,#434,.T.);
#1249=EDGE_CURVE('',#1022,#1023,#854,.T.);
#1250=EDGE_CURVE('',#1023,#1024,#435,.T.);
#1251=EDGE_CURVE('',#1024,#1025,#855,.T.);
#1252=EDGE_CURVE('',#1025,#1026,#436,.T.);
#1253=EDGE_CURVE('',#1026,#1027,#856,.T.);
#1254=EDGE_CURVE('',#1028,#1027,#437,.T.);
#1255=EDGE_CURVE('',#1029,#1028,#857,.T.);
#1256=EDGE_CURVE('',#1030,#1029,#438,.T.);
#1257=EDGE_CURVE('',#1030,#1031,#858,.T.);
#1258=EDGE_CURVE('',#1031,#1032,#439,.T.);
#1259=EDGE_CURVE('',#1032,#1033,#859,.T.);
#1260=EDGE_CURVE('',#1033,#1034,#440,.T.);
#1261=EDGE_CURVE('',#1034,#1035,#860,.T.);
#1262=EDGE_CURVE('',#1036,#1035,#441,.T.);
#1263=EDGE_CURVE('',#1037,#1036,#861,.T.);
#1264=EDGE_CURVE('',#1038,#1037,#442,.T.);
#1265=EDGE_CURVE('',#1038,#1039,#862,.T.);
#1266=EDGE_CURVE('',#1039,#1040,#443,.T.);
#1267=EDGE_CURVE('',#1040,#1041,#863,.T.);
#1268=EDGE_CURVE('',#1041,#1042,#444,.T.);
#1269=EDGE_CURVE('',#1042,#948,#864,.T.);
#1270=EDGE_CURVE('',#1043,#1043,#865,.T.);
#1271=EDGE_CURVE('',#1044,#1044,#866,.T.);
#1272=EDGE_CURVE('',#1045,#1045,#867,.T.);
#1273=EDGE_CURVE('',#1046,#1046,#868,.T.);
#1274=EDGE_CURVE('',#946,#1047,#445,.T.);
#1275=EDGE_CURVE('',#1047,#1047,#869,.T.);
#1276=EDGE_CURVE('',#1043,#1048,#446,.T.);
#1277=EDGE_CURVE('',#1048,#1049,#870,.T.);
#1278=EDGE_CURVE('',#1049,#1048,#871,.T.);
#1279=EDGE_CURVE('',#1049,#1050,#447,.T.);
#1280=EDGE_CURVE('',#1050,#1050,#872,.T.);
#1281=EDGE_CURVE('',#1046,#1051,#448,.T.);
#1282=EDGE_CURVE('',#1051,#1052,#873,.T.);
#1283=EDGE_CURVE('',#1052,#1051,#874,.T.);
#1284=EDGE_CURVE('',#1052,#1053,#449,.T.);
#1285=EDGE_CURVE('',#1053,#1053,#875,.T.);
#1286=EDGE_CURVE('',#1044,#1054,#450,.T.);
#1287=EDGE_CURVE('',#1054,#1055,#876,.T.);
#1288=EDGE_CURVE('',#1055,#1054,#877,.T.);
#1289=EDGE_CURVE('',#1055,#1056,#451,.T.);
#1290=EDGE_CURVE('',#1056,#1056,#878,.T.);
#1291=EDGE_CURVE('',#1057,#1057,#879,.T.);
#1292=EDGE_CURVE('',#1057,#1058,#452,.T.);
#1293=EDGE_CURVE('',#1058,#1059,#880,.T.);
#1294=EDGE_CURVE('',#1059,#1058,#881,.T.);
#1295=EDGE_CURVE('',#1060,#1061,#453,.T.);
#1296=EDGE_CURVE('',#1061,#1062,#882,.T.);
#1297=EDGE_CURVE('',#1062,#1063,#454,.T.);
#1298=EDGE_CURVE('',#1063,#1064,#883,.T.);
#1299=EDGE_CURVE('',#1064,#1065,#455,.T.);
#1300=EDGE_CURVE('',#1065,#1066,#884,.T.);
#1301=EDGE_CURVE('',#1066,#1067,#456,.T.);
#1302=EDGE_CURVE('',#1067,#1068,#885,.T.);
#1303=EDGE_CURVE('',#1068,#1069,#457,.T.);
#1304=EDGE_CURVE('',#1069,#1070,#886,.T.);
#1305=EDGE_CURVE('',#1070,#1071,#458,.T.);
#1306=EDGE_CURVE('',#1071,#1072,#887,.T.);
#1307=EDGE_CURVE('',#1072,#1073,#459,.T.);
#1308=EDGE_CURVE('',#1073,#1074,#888,.T.);
#1309=EDGE_CURVE('',#1074,#1075,#460,.T.);
#1310=EDGE_CURVE('',#1075,#1076,#889,.T.);
#1311=EDGE_CURVE('',#1076,#1077,#461,.T.);
#1312=EDGE_CURVE('',#1077,#1078,#890,.T.);
#1313=EDGE_CURVE('',#1078,#1079,#462,.T.);
#1314=EDGE_CURVE('',#1079,#1080,#891,.T.);
#1315=EDGE_CURVE('',#1080,#1081,#463,.T.);
#1316=EDGE_CURVE('',#1081,#1082,#892,.T.);
#1317=EDGE_CURVE('',#1082,#1083,#464,.T.);
#1318=EDGE_CURVE('',#1083,#1084,#893,.T.);
#1319=EDGE_CURVE('',#1084,#1085,#465,.T.);
#1320=EDGE_CURVE('',#1085,#1086,#894,.T.);
#1321=EDGE_CURVE('',#1086,#1087,#466,.T.);
#1322=EDGE_CURVE('',#1087,#1088,#895,.T.);
#1323=EDGE_CURVE('',#1088,#1089,#467,.T.);
#1324=EDGE_CURVE('',#1089,#1090,#896,.T.);
#1325=EDGE_CURVE('',#1090,#1091,#468,.T.);
#1326=EDGE_CURVE('',#1091,#1092,#897,.T.);
#1327=EDGE_CURVE('',#1092,#1093,#469,.T.);
#1328=EDGE_CURVE('',#1093,#1094,#898,.T.);
#1329=EDGE_CURVE('',#1094,#1095,#470,.T.);
#1330=EDGE_CURVE('',#1095,#1096,#899,.T.);
#1331=EDGE_CURVE('',#1096,#1097,#471,.T.);
#1332=EDGE_CURVE('',#1097,#1098,#900,.T.);
#1333=EDGE_CURVE('',#1098,#1099,#472,.T.);
#1334=EDGE_CURVE('',#1099,#1100,#901,.T.);
#1335=EDGE_CURVE('',#1100,#1101,#473,.T.);
#1336=EDGE_CURVE('',#1101,#1102,#902,.T.);
#1337=EDGE_CURVE('',#1102,#1103,#474,.T.);
#1338=EDGE_CURVE('',#1103,#1104,#903,.T.);
#1339=EDGE_CURVE('',#1104,#1105,#475,.T.);
#1340=EDGE_CURVE('',#1105,#1106,#904,.T.);
#1341=EDGE_CURVE('',#1106,#1107,#476,.T.);
#1342=EDGE_CURVE('',#1107,#1108,#905,.T.);
#1343=EDGE_CURVE('',#1108,#1109,#477,.T.);
#1344=EDGE_CURVE('',#1109,#1110,#906,.T.);
#1345=EDGE_CURVE('',#1110,#1111,#478,.T.);
#1346=EDGE_CURVE('',#1111,#1112,#907,.T.);
#1347=EDGE_CURVE('',#1112,#1113,#479,.T.);
#1348=EDGE_CURVE('',#1113,#1114,#908,.T.);
#1349=EDGE_CURVE('',#1114,#1115,#480,.T.);
#1350=EDGE_CURVE('',#1115,#1116,#909,.T.);
#1351=EDGE_CURVE('',#1116,#1117,#481,.T.);
#1352=EDGE_CURVE('',#1117,#1118,#910,.T.);
#1353=EDGE_CURVE('',#1118,#1119,#482,.T.);
#1354=EDGE_CURVE('',#1119,#1120,#911,.T.);
#1355=EDGE_CURVE('',#1120,#1121,#483,.T.);
#1356=EDGE_CURVE('',#1121,#1122,#912,.T.);
#1357=EDGE_CURVE('',#1122,#1123,#484,.T.);
#1358=EDGE_CURVE('',#1123,#1124,#913,.T.);
#1359=EDGE_CURVE('',#1124,#1125,#485,.T.);
#1360=EDGE_CURVE('',#1125,#1126,#914,.T.);
#1361=EDGE_CURVE('',#1126,#1127,#486,.T.);
#1362=EDGE_CURVE('',#1127,#1128,#915,.T.);
#1363=EDGE_CURVE('',#1128,#1129,#487,.T.);
#1364=EDGE_CURVE('',#1129,#1130,#916,.T.);
#1365=EDGE_CURVE('',#1130,#1131,#488,.T.);
#1366=EDGE_CURVE('',#1131,#1132,#917,.T.);
#1367=EDGE_CURVE('',#1132,#1133,#489,.T.);
#1368=EDGE_CURVE('',#1133,#1134,#918,.T.);
#1369=EDGE_CURVE('',#1134,#1135,#490,.T.);
#1370=EDGE_CURVE('',#1135,#1136,#919,.T.);
#1371=EDGE_CURVE('',#1136,#1137,#491,.T.);
#1372=EDGE_CURVE('',#1137,#1138,#920,.T.);
#1373=EDGE_CURVE('',#1138,#1139,#492,.T.);
#1374=EDGE_CURVE('',#1139,#1140,#921,.T.);
#1375=EDGE_CURVE('',#1140,#1141,#493,.T.);
#1376=EDGE_CURVE('',#1141,#1142,#922,.T.);
#1377=EDGE_CURVE('',#1142,#1143,#494,.T.);
#1378=EDGE_CURVE('',#1143,#1144,#923,.T.);
#1379=EDGE_CURVE('',#1144,#1145,#495,.T.);
#1380=EDGE_CURVE('',#1145,#1146,#924,.T.);
#1381=EDGE_CURVE('',#1146,#1147,#496,.T.);
#1382=EDGE_CURVE('',#1147,#1148,#925,.T.);
#1383=EDGE_CURVE('',#1148,#1149,#497,.T.);
#1384=EDGE_CURVE('',#1149,#1150,#926,.T.);
#1385=EDGE_CURVE('',#1150,#1151,#498,.T.);
#1386=EDGE_CURVE('',#1151,#1152,#927,.T.);
#1387=EDGE_CURVE('',#1152,#1153,#499,.T.);
#1388=EDGE_CURVE('',#1153,#1154,#928,.T.);
#1389=EDGE_CURVE('',#1154,#1155,#500,.T.);
#1390=EDGE_CURVE('',#1155,#1060,#929,.T.);
#1391=EDGE_CURVE('',#1156,#1156,#930,.T.);
#1392=EDGE_CURVE('',#1157,#1157,#931,.T.);
#1393=EDGE_CURVE('',#1158,#1158,#932,.T.);
#1394=EDGE_CURVE('',#1159,#1159,#933,.T.);
#1395=EDGE_CURVE('',#1059,#1160,#501,.T.);
#1396=EDGE_CURVE('',#1160,#1160,#934,.T.);
#1397=EDGE_CURVE('',#1156,#1161,#502,.T.);
#1398=EDGE_CURVE('',#1161,#1162,#935,.T.);
#1399=EDGE_CURVE('',#1162,#1161,#936,.T.);
#1400=EDGE_CURVE('',#1162,#1163,#503,.T.);
#1401=EDGE_CURVE('',#1163,#1163,#937,.T.);
#1402=EDGE_CURVE('',#1159,#1164,#504,.T.);
#1403=EDGE_CURVE('',#1164,#1165,#938,.T.);
#1404=EDGE_CURVE('',#1165,#1164,#939,.T.);
#1405=EDGE_CURVE('',#1165,#1166,#505,.T.);
#1406=EDGE_CURVE('',#1166,#1166,#940,.T.);
#1407=EDGE_CURVE('',#1157,#1167,#506,.T.);
#1408=EDGE_CURVE('',#1167,#1168,#941,.T.);
#1409=EDGE_CURVE('',#1168,#1167,#942,.T.);
#1410=EDGE_CURVE('',#1168,#1169,#507,.T.);
#1411=EDGE_CURVE('',#1169,#1169,#943,.T.);
#1412=EDGE_CURVE('',#948,#1151,#508,.T.);
#1413=EDGE_CURVE('',#1152,#1042,#509,.T.);
#1414=EDGE_CURVE('',#1060,#1038,#510,.T.);
#1415=EDGE_CURVE('',#1155,#1039,#511,.T.);
#1416=EDGE_CURVE('',#1153,#1041,#512,.T.);
#1417=EDGE_CURVE('',#1154,#1040,#513,.T.);
#1418=EDGE_CURVE('',#1076,#1022,#514,.T.);
#1419=EDGE_CURVE('',#1075,#1023,#515,.T.);
#1420=EDGE_CURVE('',#1074,#1024,#516,.T.);
#1421=EDGE_CURVE('',#1073,#1025,#517,.T.);
#1422=EDGE_CURVE('',#1072,#1026,#518,.T.);
#1423=EDGE_CURVE('',#1027,#1071,#519,.T.);
#1424=EDGE_CURVE('',#963,#1135,#520,.T.);
#1425=EDGE_CURVE('',#1136,#962,#521,.T.);
#1426=EDGE_CURVE('',#1140,#958,#522,.T.);
#1427=EDGE_CURVE('',#1139,#959,#523,.T.);
#1428=EDGE_CURVE('',#1137,#961,#524,.T.);
#1429=EDGE_CURVE('',#1138,#960,#525,.T.);
#1430=EDGE_CURVE('',#1108,#990,#526,.T.);
#1431=EDGE_CURVE('',#1107,#991,#527,.T.);
#1432=EDGE_CURVE('',#1106,#992,#528,.T.);
#1433=EDGE_CURVE('',#1105,#993,#529,.T.);
#1434=EDGE_CURVE('',#1104,#994,#530,.T.);
#1435=EDGE_CURVE('',#995,#1103,#531,.T.);
#1436=EDGE_CURVE('',#1011,#1087,#532,.T.);
#1437=EDGE_CURVE('',#1088,#1010,#533,.T.);
#1438=EDGE_CURVE('',#1091,#1007,#534,.T.);
#1439=EDGE_CURVE('',#1090,#1008,#535,.T.);
#1440=EDGE_CURVE('',#1092,#1006,#536,.T.);
#1441=EDGE_CURVE('',#1089,#1009,#537,.T.);
#1442=EDGE_CURVE('',#1116,#982,#538,.T.);
#1443=EDGE_CURVE('',#1115,#983,#539,.T.);
#1444=EDGE_CURVE('',#1114,#984,#540,.T.);
#1445=EDGE_CURVE('',#1113,#985,#541,.T.);
#1446=EDGE_CURVE('',#1112,#986,#542,.T.);
#1447=EDGE_CURVE('',#987,#1111,#543,.T.);
#1448=EDGE_CURVE('',#955,#1143,#544,.T.);
#1449=EDGE_CURVE('',#1144,#954,#545,.T.);
#1450=EDGE_CURVE('',#1148,#950,#546,.T.);
#1451=EDGE_CURVE('',#1147,#951,#547,.T.);
#1452=EDGE_CURVE('',#1145,#953,#548,.T.);
#1453=EDGE_CURVE('',#1146,#952,#549,.T.);
#1454=EDGE_CURVE('',#1068,#1030,#550,.T.);
#1455=EDGE_CURVE('',#1067,#1031,#551,.T.);
#1456=EDGE_CURVE('',#1066,#1032,#552,.T.);
#1457=EDGE_CURVE('',#1065,#1033,#553,.T.);
#1458=EDGE_CURVE('',#1064,#1034,#554,.T.);
#1459=EDGE_CURVE('',#1035,#1063,#555,.T.);
#1460=EDGE_CURVE('',#971,#1127,#556,.T.);
#1461=EDGE_CURVE('',#1128,#970,#557,.T.);
#1462=EDGE_CURVE('',#1132,#966,#558,.T.);
#1463=EDGE_CURVE('',#1131,#967,#559,.T.);
#1464=EDGE_CURVE('',#1129,#969,#560,.T.);
#1465=EDGE_CURVE('',#1130,#968,#561,.T.);
#1466=EDGE_CURVE('',#1100,#998,#562,.T.);
#1467=EDGE_CURVE('',#1099,#999,#563,.T.);
#1468=EDGE_CURVE('',#1098,#1000,#564,.T.);
#1469=EDGE_CURVE('',#1097,#1001,#565,.T.);
#1470=EDGE_CURVE('',#1096,#1002,#566,.T.);
#1471=EDGE_CURVE('',#1003,#1095,#567,.T.);
#1472=EDGE_CURVE('',#1019,#1079,#568,.T.);
#1473=EDGE_CURVE('',#1080,#1018,#569,.T.);
#1474=EDGE_CURVE('',#1083,#1015,#570,.T.);
#1475=EDGE_CURVE('',#1082,#1016,#571,.T.);
#1476=EDGE_CURVE('',#1084,#1014,#572,.T.);
#1477=EDGE_CURVE('',#1081,#1017,#573,.T.);
#1478=EDGE_CURVE('',#1124,#974,#574,.T.);
#1479=EDGE_CURVE('',#1123,#975,#575,.T.);
#1480=EDGE_CURVE('',#1122,#976,#576,.T.);
#1481=EDGE_CURVE('',#1121,#977,#577,.T.);
#1482=EDGE_CURVE('',#1120,#978,#578,.T.);
#1483=EDGE_CURVE('',#979,#1119,#579,.T.);
#1484=EDGE_CURVE('',#1037,#1061,#580,.T.);
#1485=EDGE_CURVE('',#947,#1150,#581,.T.);
#1486=EDGE_CURVE('',#1028,#1070,#582,.T.);
#1487=EDGE_CURVE('',#957,#1141,#583,.T.);
#1488=EDGE_CURVE('',#964,#1134,#584,.T.);
#1489=EDGE_CURVE('',#996,#1102,#585,.T.);
#1490=EDGE_CURVE('',#1005,#1093,#586,.T.);
#1491=EDGE_CURVE('',#988,#1110,#587,.T.);
#1492=EDGE_CURVE('',#949,#1149,#588,.T.);
#1493=EDGE_CURVE('',#956,#1142,#589,.T.);
#1494=EDGE_CURVE('',#1036,#1062,#590,.T.);
#1495=EDGE_CURVE('',#965,#1133,#591,.T.);
#1496=EDGE_CURVE('',#972,#1126,#592,.T.);
#1497=EDGE_CURVE('',#1004,#1094,#593,.T.);
#1498=EDGE_CURVE('',#1013,#1085,#594,.T.);
#1499=EDGE_CURVE('',#980,#1118,#595,.T.);
#1500=EDGE_CURVE('',#1158,#1045,#596,.T.);
#1501=EDGE_CURVE('',#973,#1125,#597,.T.);
#1502=EDGE_CURVE('',#981,#1117,#598,.T.);
#1503=EDGE_CURVE('',#989,#1109,#599,.T.);
#1504=EDGE_CURVE('',#997,#1101,#600,.T.);
#1505=EDGE_CURVE('',#1012,#1086,#601,.T.);
#1506=EDGE_CURVE('',#1020,#1078,#602,.T.);
#1507=EDGE_CURVE('',#1021,#1077,#603,.T.);
#1508=EDGE_CURVE('',#1029,#1069,#604,.T.);
#1509=ORIENTED_EDGE('',*,*,#1170,.T.);
#1510=ORIENTED_EDGE('',*,*,#1171,.T.);
#1511=ORIENTED_EDGE('',*,*,#1172,.T.);
#1512=ORIENTED_EDGE('',*,*,#1173,.T.);
#1513=ORIENTED_EDGE('',*,*,#1171,.F.);
#1514=ORIENTED_EDGE('',*,*,#1174,.F.);
#1515=ORIENTED_EDGE('',*,*,#1175,.F.);
#1516=ORIENTED_EDGE('',*,*,#1176,.F.);
#1517=ORIENTED_EDGE('',*,*,#1177,.T.);
#1518=ORIENTED_EDGE('',*,*,#1178,.T.);
#1519=ORIENTED_EDGE('',*,*,#1179,.T.);
#1520=ORIENTED_EDGE('',*,*,#1180,.T.);
#1521=ORIENTED_EDGE('',*,*,#1181,.T.);
#1522=ORIENTED_EDGE('',*,*,#1182,.F.);
#1523=ORIENTED_EDGE('',*,*,#1183,.F.);
#1524=ORIENTED_EDGE('',*,*,#1184,.F.);
#1525=ORIENTED_EDGE('',*,*,#1185,.T.);
#1526=ORIENTED_EDGE('',*,*,#1186,.T.);
#1527=ORIENTED_EDGE('',*,*,#1187,.T.);
#1528=ORIENTED_EDGE('',*,*,#1188,.T.);
#1529=ORIENTED_EDGE('',*,*,#1189,.T.);
#1530=ORIENTED_EDGE('',*,*,#1190,.F.);
#1531=ORIENTED_EDGE('',*,*,#1191,.F.);
#1532=ORIENTED_EDGE('',*,*,#1192,.F.);
#1533=ORIENTED_EDGE('',*,*,#1193,.T.);
#1534=ORIENTED_EDGE('',*,*,#1194,.T.);
#1535=ORIENTED_EDGE('',*,*,#1195,.T.);
#1536=ORIENTED_EDGE('',*,*,#1196,.T.);
#1537=ORIENTED_EDGE('',*,*,#1197,.T.);
#1538=ORIENTED_EDGE('',*,*,#1198,.F.);
#1539=ORIENTED_EDGE('',*,*,#1199,.F.);
#1540=ORIENTED_EDGE('',*,*,#1200,.F.);
#1541=ORIENTED_EDGE('',*,*,#1201,.T.);
#1542=ORIENTED_EDGE('',*,*,#1202,.T.);
#1543=ORIENTED_EDGE('',*,*,#1203,.T.);
#1544=ORIENTED_EDGE('',*,*,#1204,.T.);
#1545=ORIENTED_EDGE('',*,*,#1205,.T.);
#1546=ORIENTED_EDGE('',*,*,#1206,.F.);
#1547=ORIENTED_EDGE('',*,*,#1207,.F.);
#1548=ORIENTED_EDGE('',*,*,#1208,.F.);
#1549=ORIENTED_EDGE('',*,*,#1209,.T.);
#1550=ORIENTED_EDGE('',*,*,#1210,.T.);
#1551=ORIENTED_EDGE('',*,*,#1211,.T.);
#1552=ORIENTED_EDGE('',*,*,#1212,.T.);
#1553=ORIENTED_EDGE('',*,*,#1213,.T.);
#1554=ORIENTED_EDGE('',*,*,#1214,.F.);
#1555=ORIENTED_EDGE('',*,*,#1215,.F.);
#1556=ORIENTED_EDGE('',*,*,#1216,.F.);
#1557=ORIENTED_EDGE('',*,*,#1217,.T.);
#1558=ORIENTED_EDGE('',*,*,#1218,.T.);
#1559=ORIENTED_EDGE('',*,*,#1219,.T.);
#1560=ORIENTED_EDGE('',*,*,#1220,.T.);
#1561=ORIENTED_EDGE('',*,*,#1221,.T.);
#1562=ORIENTED_EDGE('',*,*,#1222,.F.);
#1563=ORIENTED_EDGE('',*,*,#1223,.F.);
#1564=ORIENTED_EDGE('',*,*,#1224,.F.);
#1565=ORIENTED_EDGE('',*,*,#1225,.T.);
#1566=ORIENTED_EDGE('',*,*,#1226,.T.);
#1567=ORIENTED_EDGE('',*,*,#1227,.T.);
#1568=ORIENTED_EDGE('',*,*,#1228,.T.);
#1569=ORIENTED_EDGE('',*,*,#1229,.T.);
#1570=ORIENTED_EDGE('',*,*,#1230,.F.);
#1571=ORIENTED_EDGE('',*,*,#1231,.F.);
#1572=ORIENTED_EDGE('',*,*,#1232,.F.);
#1573=ORIENTED_EDGE('',*,*,#1233,.T.);
#1574=ORIENTED_EDGE('',*,*,#1234,.T.);
#1575=ORIENTED_EDGE('',*,*,#1235,.T.);
#1576=ORIENTED_EDGE('',*,*,#1236,.T.);
#1577=ORIENTED_EDGE('',*,*,#1237,.T.);
#1578=ORIENTED_EDGE('',*,*,#1238,.F.);
#1579=ORIENTED_EDGE('',*,*,#1239,.F.);
#1580=ORIENTED_EDGE('',*,*,#1240,.F.);
#1581=ORIENTED_EDGE('',*,*,#1241,.T.);
#1582=ORIENTED_EDGE('',*,*,#1242,.T.);
#1583=ORIENTED_EDGE('',*,*,#1243,.T.);
#1584=ORIENTED_EDGE('',*,*,#1244,.T.);
#1585=ORIENTED_EDGE('',*,*,#1245,.T.);
#1586=ORIENTED_EDGE('',*,*,#1246,.F.);
#1587=ORIENTED_EDGE('',*,*,#1247,.F.);
#1588=ORIENTED_EDGE('',*,*,#1248,.F.);
#1589=ORIENTED_EDGE('',*,*,#1249,.T.);
#1590=ORIENTED_EDGE('',*,*,#1250,.T.);
#1591=ORIENTED_EDGE('',*,*,#1251,.T.);
#1592=ORIENTED_EDGE('',*,*,#1252,.T.);
#1593=ORIENTED_EDGE('',*,*,#1253,.T.);
#1594=ORIENTED_EDGE('',*,*,#1254,.F.);
#1595=ORIENTED_EDGE('',*,*,#1255,.F.);
#1596=ORIENTED_EDGE('',*,*,#1256,.F.);
#1597=ORIENTED_EDGE('',*,*,#1257,.T.);
#1598=ORIENTED_EDGE('',*,*,#1258,.T.);
#1599=ORIENTED_EDGE('',*,*,#1259,.T.);
#1600=ORIENTED_EDGE('',*,*,#1260,.T.);
#1601=ORIENTED_EDGE('',*,*,#1261,.T.);
#1602=ORIENTED_EDGE('',*,*,#1262,.F.);
#1603=ORIENTED_EDGE('',*,*,#1263,.F.);
#1604=ORIENTED_EDGE('',*,*,#1264,.F.);
#1605=ORIENTED_EDGE('',*,*,#1265,.T.);
#1606=ORIENTED_EDGE('',*,*,#1266,.T.);
#1607=ORIENTED_EDGE('',*,*,#1267,.T.);
#1608=ORIENTED_EDGE('',*,*,#1268,.T.);
#1609=ORIENTED_EDGE('',*,*,#1269,.T.);
#1610=ORIENTED_EDGE('',*,*,#1270,.F.);
#1611=ORIENTED_EDGE('',*,*,#1271,.F.);
#1612=ORIENTED_EDGE('',*,*,#1272,.F.);
#1613=ORIENTED_EDGE('',*,*,#1273,.F.);
#1614=ORIENTED_EDGE('',*,*,#1170,.F.);
#1615=ORIENTED_EDGE('',*,*,#1172,.F.);
#1616=ORIENTED_EDGE('',*,*,#1173,.F.);
#1617=ORIENTED_EDGE('',*,*,#1274,.T.);
#1618=ORIENTED_EDGE('',*,*,#1275,.T.);
#1619=ORIENTED_EDGE('',*,*,#1274,.F.);
#1620=ORIENTED_EDGE('',*,*,#1270,.T.);
#1621=ORIENTED_EDGE('',*,*,#1276,.T.);
#1622=ORIENTED_EDGE('',*,*,#1277,.T.);
#1623=ORIENTED_EDGE('',*,*,#1278,.T.);
#1624=ORIENTED_EDGE('',*,*,#1276,.F.);
#1625=ORIENTED_EDGE('',*,*,#1277,.F.);
#1626=ORIENTED_EDGE('',*,*,#1278,.F.);
#1627=ORIENTED_EDGE('',*,*,#1279,.T.);
#1628=ORIENTED_EDGE('',*,*,#1280,.T.);
#1629=ORIENTED_EDGE('',*,*,#1279,.F.);
#1630=ORIENTED_EDGE('',*,*,#1273,.T.);
#1631=ORIENTED_EDGE('',*,*,#1281,.T.);
#1632=ORIENTED_EDGE('',*,*,#1282,.T.);
#1633=ORIENTED_EDGE('',*,*,#1283,.T.);
#1634=ORIENTED_EDGE('',*,*,#1281,.F.);
#1635=ORIENTED_EDGE('',*,*,#1282,.F.);
#1636=ORIENTED_EDGE('',*,*,#1283,.F.);
#1637=ORIENTED_EDGE('',*,*,#1284,.T.);
#1638=ORIENTED_EDGE('',*,*,#1285,.T.);
#1639=ORIENTED_EDGE('',*,*,#1284,.F.);
#1640=ORIENTED_EDGE('',*,*,#1271,.T.);
#1641=ORIENTED_EDGE('',*,*,#1286,.T.);
#1642=ORIENTED_EDGE('',*,*,#1287,.T.);
#1643=ORIENTED_EDGE('',*,*,#1288,.T.);
#1644=ORIENTED_EDGE('',*,*,#1286,.F.);
#1645=ORIENTED_EDGE('',*,*,#1287,.F.);
#1646=ORIENTED_EDGE('',*,*,#1288,.F.);
#1647=ORIENTED_EDGE('',*,*,#1289,.T.);
#1648=ORIENTED_EDGE('',*,*,#1290,.T.);
#1649=ORIENTED_EDGE('',*,*,#1289,.F.);
#1650=ORIENTED_EDGE('',*,*,#1291,.T.);
#1651=ORIENTED_EDGE('',*,*,#1292,.T.);
#1652=ORIENTED_EDGE('',*,*,#1293,.T.);
#1653=ORIENTED_EDGE('',*,*,#1294,.T.);
#1654=ORIENTED_EDGE('',*,*,#1292,.F.);
#1655=ORIENTED_EDGE('',*,*,#1295,.T.);
#1656=ORIENTED_EDGE('',*,*,#1296,.T.);
#1657=ORIENTED_EDGE('',*,*,#1297,.T.);
#1658=ORIENTED_EDGE('',*,*,#1298,.T.);
#1659=ORIENTED_EDGE('',*,*,#1299,.T.);
#1660=ORIENTED_EDGE('',*,*,#1300,.T.);
#1661=ORIENTED_EDGE('',*,*,#1301,.T.);
#1662=ORIENTED_EDGE('',*,*,#1302,.T.);
#1663=ORIENTED_EDGE('',*,*,#1303,.T.);
#1664=ORIENTED_EDGE('',*,*,#1304,.T.);
#1665=ORIENTED_EDGE('',*,*,#1305,.T.);
#1666=ORIENTED_EDGE('',*,*,#1306,.T.);
#1667=ORIENTED_EDGE('',*,*,#1307,.T.);
#1668=ORIENTED_EDGE('',*,*,#1308,.T.);
#1669=ORIENTED_EDGE('',*,*,#1309,.T.);
#1670=ORIENTED_EDGE('',*,*,#1310,.T.);
#1671=ORIENTED_EDGE('',*,*,#1311,.T.);
#1672=ORIENTED_EDGE('',*,*,#1312,.T.);
#1673=ORIENTED_EDGE('',*,*,#1313,.T.);
#1674=ORIENTED_EDGE('',*,*,#1314,.T.);
#1675=ORIENTED_EDGE('',*,*,#1315,.T.);
#1676=ORIENTED_EDGE('',*,*,#1316,.T.);
#1677=ORIENTED_EDGE('',*,*,#1317,.T.);
#1678=ORIENTED_EDGE('',*,*,#1318,.T.);
#1679=ORIENTED_EDGE('',*,*,#1319,.T.);
#1680=ORIENTED_EDGE('',*,*,#1320,.T.);
#1681=ORIENTED_EDGE('',*,*,#1321,.T.);
#1682=ORIENTED_EDGE('',*,*,#1322,.T.);
#1683=ORIENTED_EDGE('',*,*,#1323,.T.);
#1684=ORIENTED_EDGE('',*,*,#1324,.T.);
#1685=ORIENTED_EDGE('',*,*,#1325,.T.);
#1686=ORIENTED_EDGE('',*,*,#1326,.T.);
#1687=ORIENTED_EDGE('',*,*,#1327,.T.);
#1688=ORIENTED_EDGE('',*,*,#1328,.T.);
#1689=ORIENTED_EDGE('',*,*,#1329,.T.);
#1690=ORIENTED_EDGE('',*,*,#1330,.T.);
#1691=ORIENTED_EDGE('',*,*,#1331,.T.);
#1692=ORIENTED_EDGE('',*,*,#1332,.T.);
#1693=ORIENTED_EDGE('',*,*,#1333,.T.);
#1694=ORIENTED_EDGE('',*,*,#1334,.T.);
#1695=ORIENTED_EDGE('',*,*,#1335,.T.);
#1696=ORIENTED_EDGE('',*,*,#1336,.T.);
#1697=ORIENTED_EDGE('',*,*,#1337,.T.);
#1698=ORIENTED_EDGE('',*,*,#1338,.T.);
#1699=ORIENTED_EDGE('',*,*,#1339,.T.);
#1700=ORIENTED_EDGE('',*,*,#1340,.T.);
#1701=ORIENTED_EDGE('',*,*,#1341,.T.);
#1702=ORIENTED_EDGE('',*,*,#1342,.T.);
#1703=ORIENTED_EDGE('',*,*,#1343,.T.);
#1704=ORIENTED_EDGE('',*,*,#1344,.T.);
#1705=ORIENTED_EDGE('',*,*,#1345,.T.);
#1706=ORIENTED_EDGE('',*,*,#1346,.T.);
#1707=ORIENTED_EDGE('',*,*,#1347,.T.);
#1708=ORIENTED_EDGE('',*,*,#1348,.T.);
#1709=ORIENTED_EDGE('',*,*,#1349,.T.);
#1710=ORIENTED_EDGE('',*,*,#1350,.T.);
#1711=ORIENTED_EDGE('',*,*,#1351,.T.);
#1712=ORIENTED_EDGE('',*,*,#1352,.T.);
#1713=ORIENTED_EDGE('',*,*,#1353,.T.);
#1714=ORIENTED_EDGE('',*,*,#1354,.T.);
#1715=ORIENTED_EDGE('',*,*,#1355,.T.);
#1716=ORIENTED_EDGE('',*,*,#1356,.T.);
#1717=ORIENTED_EDGE('',*,*,#1357,.T.);
#1718=ORIENTED_EDGE('',*,*,#1358,.T.);
#1719=ORIENTED_EDGE('',*,*,#1359,.T.);
#1720=ORIENTED_EDGE('',*,*,#1360,.T.);
#1721=ORIENTED_EDGE('',*,*,#1361,.T.);
#1722=ORIENTED_EDGE('',*,*,#1362,.T.);
#1723=ORIENTED_EDGE('',*,*,#1363,.T.);
#1724=ORIENTED_EDGE('',*,*,#1364,.T.);
#1725=ORIENTED_EDGE('',*,*,#1365,.T.);
#1726=ORIENTED_EDGE('',*,*,#1366,.T.);
#1727=ORIENTED_EDGE('',*,*,#1367,.T.);
#1728=ORIENTED_EDGE('',*,*,#1368,.T.);
#1729=ORIENTED_EDGE('',*,*,#1369,.T.);
#1730=ORIENTED_EDGE('',*,*,#1370,.T.);
#1731=ORIENTED_EDGE('',*,*,#1371,.T.);
#1732=ORIENTED_EDGE('',*,*,#1372,.T.);
#1733=ORIENTED_EDGE('',*,*,#1373,.T.);
#1734=ORIENTED_EDGE('',*,*,#1374,.T.);
#1735=ORIENTED_EDGE('',*,*,#1375,.T.);
#1736=ORIENTED_EDGE('',*,*,#1376,.T.);
#1737=ORIENTED_EDGE('',*,*,#1377,.T.);
#1738=ORIENTED_EDGE('',*,*,#1378,.T.);
#1739=ORIENTED_EDGE('',*,*,#1379,.T.);
#1740=ORIENTED_EDGE('',*,*,#1380,.T.);
#1741=ORIENTED_EDGE('',*,*,#1381,.T.);
#1742=ORIENTED_EDGE('',*,*,#1382,.T.);
#1743=ORIENTED_EDGE('',*,*,#1383,.T.);
#1744=ORIENTED_EDGE('',*,*,#1384,.T.);
#1745=ORIENTED_EDGE('',*,*,#1385,.T.);
#1746=ORIENTED_EDGE('',*,*,#1386,.T.);
#1747=ORIENTED_EDGE('',*,*,#1387,.T.);
#1748=ORIENTED_EDGE('',*,*,#1388,.T.);
#1749=ORIENTED_EDGE('',*,*,#1389,.T.);
#1750=ORIENTED_EDGE('',*,*,#1390,.T.);
#1751=ORIENTED_EDGE('',*,*,#1391,.F.);
#1752=ORIENTED_EDGE('',*,*,#1392,.F.);
#1753=ORIENTED_EDGE('',*,*,#1393,.T.);
#1754=ORIENTED_EDGE('',*,*,#1394,.F.);
#1755=ORIENTED_EDGE('',*,*,#1291,.F.);
#1756=ORIENTED_EDGE('',*,*,#1293,.F.);
#1757=ORIENTED_EDGE('',*,*,#1294,.F.);
#1758=ORIENTED_EDGE('',*,*,#1395,.T.);
#1759=ORIENTED_EDGE('',*,*,#1396,.F.);
#1760=ORIENTED_EDGE('',*,*,#1395,.F.);
#1761=ORIENTED_EDGE('',*,*,#1391,.T.);
#1762=ORIENTED_EDGE('',*,*,#1397,.T.);
#1763=ORIENTED_EDGE('',*,*,#1398,.T.);
#1764=ORIENTED_EDGE('',*,*,#1399,.T.);
#1765=ORIENTED_EDGE('',*,*,#1397,.F.);
#1766=ORIENTED_EDGE('',*,*,#1398,.F.);
#1767=ORIENTED_EDGE('',*,*,#1399,.F.);
#1768=ORIENTED_EDGE('',*,*,#1400,.T.);
#1769=ORIENTED_EDGE('',*,*,#1401,.F.);
#1770=ORIENTED_EDGE('',*,*,#1400,.F.);
#1771=ORIENTED_EDGE('',*,*,#1394,.T.);
#1772=ORIENTED_EDGE('',*,*,#1402,.T.);
#1773=ORIENTED_EDGE('',*,*,#1403,.T.);
#1774=ORIENTED_EDGE('',*,*,#1404,.T.);
#1775=ORIENTED_EDGE('',*,*,#1402,.F.);
#1776=ORIENTED_EDGE('',*,*,#1403,.F.);
#1777=ORIENTED_EDGE('',*,*,#1404,.F.);
#1778=ORIENTED_EDGE('',*,*,#1405,.T.);
#1779=ORIENTED_EDGE('',*,*,#1406,.F.);
#1780=ORIENTED_EDGE('',*,*,#1405,.F.);
#1781=ORIENTED_EDGE('',*,*,#1392,.T.);
#1782=ORIENTED_EDGE('',*,*,#1407,.T.);
#1783=ORIENTED_EDGE('',*,*,#1408,.T.);
#1784=ORIENTED_EDGE('',*,*,#1409,.T.);
#1785=ORIENTED_EDGE('',*,*,#1407,.F.);
#1786=ORIENTED_EDGE('',*,*,#1408,.F.);
#1787=ORIENTED_EDGE('',*,*,#1409,.F.);
#1788=ORIENTED_EDGE('',*,*,#1410,.T.);
#1789=ORIENTED_EDGE('',*,*,#1411,.F.);
#1790=ORIENTED_EDGE('',*,*,#1410,.F.);
#1791=ORIENTED_EDGE('',*,*,#1275,.F.);
#1792=ORIENTED_EDGE('',*,*,#1280,.F.);
#1793=ORIENTED_EDGE('',*,*,#1285,.F.);
#1794=ORIENTED_EDGE('',*,*,#1290,.F.);
#1795=ORIENTED_EDGE('',*,*,#1396,.T.);
#1796=ORIENTED_EDGE('',*,*,#1411,.T.);
#1797=ORIENTED_EDGE('',*,*,#1406,.T.);
#1798=ORIENTED_EDGE('',*,*,#1401,.T.);
#1799=ORIENTED_EDGE('',*,*,#1412,.F.);
#1800=ORIENTED_EDGE('',*,*,#1269,.F.);
#1801=ORIENTED_EDGE('',*,*,#1413,.F.);
#1802=ORIENTED_EDGE('',*,*,#1386,.F.);
#1803=ORIENTED_EDGE('',*,*,#1414,.F.);
#1804=ORIENTED_EDGE('',*,*,#1390,.F.);
#1805=ORIENTED_EDGE('',*,*,#1415,.T.);
#1806=ORIENTED_EDGE('',*,*,#1265,.F.);
#1807=ORIENTED_EDGE('',*,*,#1268,.F.);
#1808=ORIENTED_EDGE('',*,*,#1416,.F.);
#1809=ORIENTED_EDGE('',*,*,#1387,.F.);
#1810=ORIENTED_EDGE('',*,*,#1413,.T.);
#1811=ORIENTED_EDGE('',*,*,#1266,.F.);
#1812=ORIENTED_EDGE('',*,*,#1415,.F.);
#1813=ORIENTED_EDGE('',*,*,#1389,.F.);
#1814=ORIENTED_EDGE('',*,*,#1417,.T.);
#1815=ORIENTED_EDGE('',*,*,#1418,.F.);
#1816=ORIENTED_EDGE('',*,*,#1310,.F.);
#1817=ORIENTED_EDGE('',*,*,#1419,.T.);
#1818=ORIENTED_EDGE('',*,*,#1249,.F.);
#1819=ORIENTED_EDGE('',*,*,#1250,.F.);
#1820=ORIENTED_EDGE('',*,*,#1419,.F.);
#1821=ORIENTED_EDGE('',*,*,#1309,.F.);
#1822=ORIENTED_EDGE('',*,*,#1420,.T.);
#1823=ORIENTED_EDGE('',*,*,#1252,.F.);
#1824=ORIENTED_EDGE('',*,*,#1421,.F.);
#1825=ORIENTED_EDGE('',*,*,#1307,.F.);
#1826=ORIENTED_EDGE('',*,*,#1422,.T.);
#1827=ORIENTED_EDGE('',*,*,#1423,.F.);
#1828=ORIENTED_EDGE('',*,*,#1253,.F.);
#1829=ORIENTED_EDGE('',*,*,#1422,.F.);
#1830=ORIENTED_EDGE('',*,*,#1306,.F.);
#1831=ORIENTED_EDGE('',*,*,#1424,.F.);
#1832=ORIENTED_EDGE('',*,*,#1189,.F.);
#1833=ORIENTED_EDGE('',*,*,#1425,.F.);
#1834=ORIENTED_EDGE('',*,*,#1370,.F.);
#1835=ORIENTED_EDGE('',*,*,#1426,.F.);
#1836=ORIENTED_EDGE('',*,*,#1374,.F.);
#1837=ORIENTED_EDGE('',*,*,#1427,.T.);
#1838=ORIENTED_EDGE('',*,*,#1185,.F.);
#1839=ORIENTED_EDGE('',*,*,#1188,.F.);
#1840=ORIENTED_EDGE('',*,*,#1428,.F.);
#1841=ORIENTED_EDGE('',*,*,#1371,.F.);
#1842=ORIENTED_EDGE('',*,*,#1425,.T.);
#1843=ORIENTED_EDGE('',*,*,#1186,.F.);
#1844=ORIENTED_EDGE('',*,*,#1427,.F.);
#1845=ORIENTED_EDGE('',*,*,#1373,.F.);
#1846=ORIENTED_EDGE('',*,*,#1429,.T.);
#1847=ORIENTED_EDGE('',*,*,#1430,.F.);
#1848=ORIENTED_EDGE('',*,*,#1342,.F.);
#1849=ORIENTED_EDGE('',*,*,#1431,.T.);
#1850=ORIENTED_EDGE('',*,*,#1217,.F.);
#1851=ORIENTED_EDGE('',*,*,#1218,.F.);
#1852=ORIENTED_EDGE('',*,*,#1431,.F.);
#1853=ORIENTED_EDGE('',*,*,#1341,.F.);
#1854=ORIENTED_EDGE('',*,*,#1432,.T.);
#1855=ORIENTED_EDGE('',*,*,#1220,.F.);
#1856=ORIENTED_EDGE('',*,*,#1433,.F.);
#1857=ORIENTED_EDGE('',*,*,#1339,.F.);
#1858=ORIENTED_EDGE('',*,*,#1434,.T.);
#1859=ORIENTED_EDGE('',*,*,#1435,.F.);
#1860=ORIENTED_EDGE('',*,*,#1221,.F.);
#1861=ORIENTED_EDGE('',*,*,#1434,.F.);
#1862=ORIENTED_EDGE('',*,*,#1338,.F.);
#1863=ORIENTED_EDGE('',*,*,#1436,.F.);
#1864=ORIENTED_EDGE('',*,*,#1237,.F.);
#1865=ORIENTED_EDGE('',*,*,#1437,.F.);
#1866=ORIENTED_EDGE('',*,*,#1322,.F.);
#1867=ORIENTED_EDGE('',*,*,#1234,.F.);
#1868=ORIENTED_EDGE('',*,*,#1438,.F.);
#1869=ORIENTED_EDGE('',*,*,#1325,.F.);
#1870=ORIENTED_EDGE('',*,*,#1439,.T.);
#1871=ORIENTED_EDGE('',*,*,#1440,.F.);
#1872=ORIENTED_EDGE('',*,*,#1326,.F.);
#1873=ORIENTED_EDGE('',*,*,#1438,.T.);
#1874=ORIENTED_EDGE('',*,*,#1233,.F.);
#1875=ORIENTED_EDGE('',*,*,#1236,.F.);
#1876=ORIENTED_EDGE('',*,*,#1441,.F.);
#1877=ORIENTED_EDGE('',*,*,#1323,.F.);
#1878=ORIENTED_EDGE('',*,*,#1437,.T.);
#1879=ORIENTED_EDGE('',*,*,#1442,.F.);
#1880=ORIENTED_EDGE('',*,*,#1350,.F.);
#1881=ORIENTED_EDGE('',*,*,#1443,.T.);
#1882=ORIENTED_EDGE('',*,*,#1209,.F.);
#1883=ORIENTED_EDGE('',*,*,#1210,.F.);
#1884=ORIENTED_EDGE('',*,*,#1443,.F.);
#1885=ORIENTED_EDGE('',*,*,#1349,.F.);
#1886=ORIENTED_EDGE('',*,*,#1444,.T.);
#1887=ORIENTED_EDGE('',*,*,#1212,.F.);
#1888=ORIENTED_EDGE('',*,*,#1445,.F.);
#1889=ORIENTED_EDGE('',*,*,#1347,.F.);
#1890=ORIENTED_EDGE('',*,*,#1446,.T.);
#1891=ORIENTED_EDGE('',*,*,#1447,.F.);
#1892=ORIENTED_EDGE('',*,*,#1213,.F.);
#1893=ORIENTED_EDGE('',*,*,#1446,.F.);
#1894=ORIENTED_EDGE('',*,*,#1346,.F.);
#1895=ORIENTED_EDGE('',*,*,#1448,.F.);
#1896=ORIENTED_EDGE('',*,*,#1181,.F.);
#1897=ORIENTED_EDGE('',*,*,#1449,.F.);
#1898=ORIENTED_EDGE('',*,*,#1378,.F.);
#1899=ORIENTED_EDGE('',*,*,#1450,.F.);
#1900=ORIENTED_EDGE('',*,*,#1382,.F.);
#1901=ORIENTED_EDGE('',*,*,#1451,.T.);
#1902=ORIENTED_EDGE('',*,*,#1177,.F.);
#1903=ORIENTED_EDGE('',*,*,#1180,.F.);
#1904=ORIENTED_EDGE('',*,*,#1452,.F.);
#1905=ORIENTED_EDGE('',*,*,#1379,.F.);
#1906=ORIENTED_EDGE('',*,*,#1449,.T.);
#1907=ORIENTED_EDGE('',*,*,#1178,.F.);
#1908=ORIENTED_EDGE('',*,*,#1451,.F.);
#1909=ORIENTED_EDGE('',*,*,#1381,.F.);
#1910=ORIENTED_EDGE('',*,*,#1453,.T.);
#1911=ORIENTED_EDGE('',*,*,#1454,.F.);
#1912=ORIENTED_EDGE('',*,*,#1302,.F.);
#1913=ORIENTED_EDGE('',*,*,#1455,.T.);
#1914=ORIENTED_EDGE('',*,*,#1257,.F.);
#1915=ORIENTED_EDGE('',*,*,#1258,.F.);
#1916=ORIENTED_EDGE('',*,*,#1455,.F.);
#1917=ORIENTED_EDGE('',*,*,#1301,.F.);
#1918=ORIENTED_EDGE('',*,*,#1456,.T.);
#1919=ORIENTED_EDGE('',*,*,#1260,.F.);
#1920=ORIENTED_EDGE('',*,*,#1457,.F.);
#1921=ORIENTED_EDGE('',*,*,#1299,.F.);
#1922=ORIENTED_EDGE('',*,*,#1458,.T.);
#1923=ORIENTED_EDGE('',*,*,#1459,.F.);
#1924=ORIENTED_EDGE('',*,*,#1261,.F.);
#1925=ORIENTED_EDGE('',*,*,#1458,.F.);
#1926=ORIENTED_EDGE('',*,*,#1298,.F.);
#1927=ORIENTED_EDGE('',*,*,#1460,.F.);
#1928=ORIENTED_EDGE('',*,*,#1197,.F.);
#1929=ORIENTED_EDGE('',*,*,#1461,.F.);
#1930=ORIENTED_EDGE('',*,*,#1362,.F.);
#1931=ORIENTED_EDGE('',*,*,#1462,.F.);
#1932=ORIENTED_EDGE('',*,*,#1366,.F.);
#1933=ORIENTED_EDGE('',*,*,#1463,.T.);
#1934=ORIENTED_EDGE('',*,*,#1193,.F.);
#1935=ORIENTED_EDGE('',*,*,#1196,.F.);
#1936=ORIENTED_EDGE('',*,*,#1464,.F.);
#1937=ORIENTED_EDGE('',*,*,#1363,.F.);
#1938=ORIENTED_EDGE('',*,*,#1461,.T.);
#1939=ORIENTED_EDGE('',*,*,#1194,.F.);
#1940=ORIENTED_EDGE('',*,*,#1463,.F.);
#1941=ORIENTED_EDGE('',*,*,#1365,.F.);
#1942=ORIENTED_EDGE('',*,*,#1465,.T.);
#1943=ORIENTED_EDGE('',*,*,#1466,.F.);
#1944=ORIENTED_EDGE('',*,*,#1334,.F.);
#1945=ORIENTED_EDGE('',*,*,#1467,.T.);
#1946=ORIENTED_EDGE('',*,*,#1225,.F.);
#1947=ORIENTED_EDGE('',*,*,#1226,.F.);
#1948=ORIENTED_EDGE('',*,*,#1467,.F.);
#1949=ORIENTED_EDGE('',*,*,#1333,.F.);
#1950=ORIENTED_EDGE('',*,*,#1468,.T.);
#1951=ORIENTED_EDGE('',*,*,#1228,.F.);
#1952=ORIENTED_EDGE('',*,*,#1469,.F.);
#1953=ORIENTED_EDGE('',*,*,#1331,.F.);
#1954=ORIENTED_EDGE('',*,*,#1470,.T.);
#1955=ORIENTED_EDGE('',*,*,#1471,.F.);
#1956=ORIENTED_EDGE('',*,*,#1229,.F.);
#1957=ORIENTED_EDGE('',*,*,#1470,.F.);
#1958=ORIENTED_EDGE('',*,*,#1330,.F.);
#1959=ORIENTED_EDGE('',*,*,#1472,.F.);
#1960=ORIENTED_EDGE('',*,*,#1245,.F.);
#1961=ORIENTED_EDGE('',*,*,#1473,.F.);
#1962=ORIENTED_EDGE('',*,*,#1314,.F.);
#1963=ORIENTED_EDGE('',*,*,#1242,.F.);
#1964=ORIENTED_EDGE('',*,*,#1474,.F.);
#1965=ORIENTED_EDGE('',*,*,#1317,.F.);
#1966=ORIENTED_EDGE('',*,*,#1475,.T.);
#1967=ORIENTED_EDGE('',*,*,#1476,.F.);
#1968=ORIENTED_EDGE('',*,*,#1318,.F.);
#1969=ORIENTED_EDGE('',*,*,#1474,.T.);
#1970=ORIENTED_EDGE('',*,*,#1241,.F.);
#1971=ORIENTED_EDGE('',*,*,#1244,.F.);
#1972=ORIENTED_EDGE('',*,*,#1477,.F.);
#1973=ORIENTED_EDGE('',*,*,#1315,.F.);
#1974=ORIENTED_EDGE('',*,*,#1473,.T.);
#1975=ORIENTED_EDGE('',*,*,#1478,.F.);
#1976=ORIENTED_EDGE('',*,*,#1358,.F.);
#1977=ORIENTED_EDGE('',*,*,#1479,.T.);
#1978=ORIENTED_EDGE('',*,*,#1201,.F.);
#1979=ORIENTED_EDGE('',*,*,#1202,.F.);
#1980=ORIENTED_EDGE('',*,*,#1479,.F.);
#1981=ORIENTED_EDGE('',*,*,#1357,.F.);
#1982=ORIENTED_EDGE('',*,*,#1480,.T.);
#1983=ORIENTED_EDGE('',*,*,#1204,.F.);
#1984=ORIENTED_EDGE('',*,*,#1481,.F.);
#1985=ORIENTED_EDGE('',*,*,#1355,.F.);
#1986=ORIENTED_EDGE('',*,*,#1482,.T.);
#1987=ORIENTED_EDGE('',*,*,#1483,.F.);
#1988=ORIENTED_EDGE('',*,*,#1205,.F.);
#1989=ORIENTED_EDGE('',*,*,#1482,.F.);
#1990=ORIENTED_EDGE('',*,*,#1354,.F.);
#1991=ORIENTED_EDGE('',*,*,#1414,.T.);
#1992=ORIENTED_EDGE('',*,*,#1264,.T.);
#1993=ORIENTED_EDGE('',*,*,#1484,.T.);
#1994=ORIENTED_EDGE('',*,*,#1295,.F.);
#1995=ORIENTED_EDGE('',*,*,#1412,.T.);
#1996=ORIENTED_EDGE('',*,*,#1385,.F.);
#1997=ORIENTED_EDGE('',*,*,#1485,.F.);
#1998=ORIENTED_EDGE('',*,*,#1174,.T.);
#1999=ORIENTED_EDGE('',*,*,#1423,.T.);
#2000=ORIENTED_EDGE('',*,*,#1305,.F.);
#2001=ORIENTED_EDGE('',*,*,#1486,.F.);
#2002=ORIENTED_EDGE('',*,*,#1254,.T.);
#2003=ORIENTED_EDGE('',*,*,#1426,.T.);
#2004=ORIENTED_EDGE('',*,*,#1184,.T.);
#2005=ORIENTED_EDGE('',*,*,#1487,.T.);
#2006=ORIENTED_EDGE('',*,*,#1375,.F.);
#2007=ORIENTED_EDGE('',*,*,#1424,.T.);
#2008=ORIENTED_EDGE('',*,*,#1369,.F.);
#2009=ORIENTED_EDGE('',*,*,#1488,.F.);
#2010=ORIENTED_EDGE('',*,*,#1190,.T.);
#2011=ORIENTED_EDGE('',*,*,#1435,.T.);
#2012=ORIENTED_EDGE('',*,*,#1337,.F.);
#2013=ORIENTED_EDGE('',*,*,#1489,.F.);
#2014=ORIENTED_EDGE('',*,*,#1222,.T.);
#2015=ORIENTED_EDGE('',*,*,#1440,.T.);
#2016=ORIENTED_EDGE('',*,*,#1232,.T.);
#2017=ORIENTED_EDGE('',*,*,#1490,.T.);
#2018=ORIENTED_EDGE('',*,*,#1327,.F.);
#2019=ORIENTED_EDGE('',*,*,#1447,.T.);
#2020=ORIENTED_EDGE('',*,*,#1345,.F.);
#2021=ORIENTED_EDGE('',*,*,#1491,.F.);
#2022=ORIENTED_EDGE('',*,*,#1214,.T.);
#2023=ORIENTED_EDGE('',*,*,#1450,.T.);
#2024=ORIENTED_EDGE('',*,*,#1176,.T.);
#2025=ORIENTED_EDGE('',*,*,#1492,.T.);
#2026=ORIENTED_EDGE('',*,*,#1383,.F.);
#2027=ORIENTED_EDGE('',*,*,#1448,.T.);
#2028=ORIENTED_EDGE('',*,*,#1377,.F.);
#2029=ORIENTED_EDGE('',*,*,#1493,.F.);
#2030=ORIENTED_EDGE('',*,*,#1182,.T.);
#2031=ORIENTED_EDGE('',*,*,#1459,.T.);
#2032=ORIENTED_EDGE('',*,*,#1297,.F.);
#2033=ORIENTED_EDGE('',*,*,#1494,.F.);
#2034=ORIENTED_EDGE('',*,*,#1262,.T.);
#2035=ORIENTED_EDGE('',*,*,#1462,.T.);
#2036=ORIENTED_EDGE('',*,*,#1192,.T.);
#2037=ORIENTED_EDGE('',*,*,#1495,.T.);
#2038=ORIENTED_EDGE('',*,*,#1367,.F.);
#2039=ORIENTED_EDGE('',*,*,#1460,.T.);
#2040=ORIENTED_EDGE('',*,*,#1361,.F.);
#2041=ORIENTED_EDGE('',*,*,#1496,.F.);
#2042=ORIENTED_EDGE('',*,*,#1198,.T.);
#2043=ORIENTED_EDGE('',*,*,#1471,.T.);
#2044=ORIENTED_EDGE('',*,*,#1329,.F.);
#2045=ORIENTED_EDGE('',*,*,#1497,.F.);
#2046=ORIENTED_EDGE('',*,*,#1230,.T.);
#2047=ORIENTED_EDGE('',*,*,#1476,.T.);
#2048=ORIENTED_EDGE('',*,*,#1240,.T.);
#2049=ORIENTED_EDGE('',*,*,#1498,.T.);
#2050=ORIENTED_EDGE('',*,*,#1319,.F.);
#2051=ORIENTED_EDGE('',*,*,#1483,.T.);
#2052=ORIENTED_EDGE('',*,*,#1353,.F.);
#2053=ORIENTED_EDGE('',*,*,#1499,.F.);
#2054=ORIENTED_EDGE('',*,*,#1206,.T.);
#2055=ORIENTED_EDGE('',*,*,#1393,.F.);
#2056=ORIENTED_EDGE('',*,*,#1500,.T.);
#2057=ORIENTED_EDGE('',*,*,#1272,.T.);
#2058=ORIENTED_EDGE('',*,*,#1500,.F.);
#2059=ORIENTED_EDGE('',*,*,#1263,.T.);
#2060=ORIENTED_EDGE('',*,*,#1494,.T.);
#2061=ORIENTED_EDGE('',*,*,#1296,.F.);
#2062=ORIENTED_EDGE('',*,*,#1484,.F.);
#2063=ORIENTED_EDGE('',*,*,#1267,.F.);
#2064=ORIENTED_EDGE('',*,*,#1417,.F.);
#2065=ORIENTED_EDGE('',*,*,#1388,.F.);
#2066=ORIENTED_EDGE('',*,*,#1416,.T.);
#2067=ORIENTED_EDGE('',*,*,#1175,.T.);
#2068=ORIENTED_EDGE('',*,*,#1485,.T.);
#2069=ORIENTED_EDGE('',*,*,#1384,.F.);
#2070=ORIENTED_EDGE('',*,*,#1492,.F.);
#2071=ORIENTED_EDGE('',*,*,#1179,.F.);
#2072=ORIENTED_EDGE('',*,*,#1453,.F.);
#2073=ORIENTED_EDGE('',*,*,#1380,.F.);
#2074=ORIENTED_EDGE('',*,*,#1452,.T.);
#2075=ORIENTED_EDGE('',*,*,#1183,.T.);
#2076=ORIENTED_EDGE('',*,*,#1493,.T.);
#2077=ORIENTED_EDGE('',*,*,#1376,.F.);
#2078=ORIENTED_EDGE('',*,*,#1487,.F.);
#2079=ORIENTED_EDGE('',*,*,#1187,.F.);
#2080=ORIENTED_EDGE('',*,*,#1429,.F.);
#2081=ORIENTED_EDGE('',*,*,#1372,.F.);
#2082=ORIENTED_EDGE('',*,*,#1428,.T.);
#2083=ORIENTED_EDGE('',*,*,#1191,.T.);
#2084=ORIENTED_EDGE('',*,*,#1488,.T.);
#2085=ORIENTED_EDGE('',*,*,#1368,.F.);
#2086=ORIENTED_EDGE('',*,*,#1495,.F.);
#2087=ORIENTED_EDGE('',*,*,#1195,.F.);
#2088=ORIENTED_EDGE('',*,*,#1465,.F.);
#2089=ORIENTED_EDGE('',*,*,#1364,.F.);
#2090=ORIENTED_EDGE('',*,*,#1464,.T.);
#2091=ORIENTED_EDGE('',*,*,#1199,.T.);
#2092=ORIENTED_EDGE('',*,*,#1496,.T.);
#2093=ORIENTED_EDGE('',*,*,#1360,.F.);
#2094=ORIENTED_EDGE('',*,*,#1501,.F.);
#2095=ORIENTED_EDGE('',*,*,#1478,.T.);
#2096=ORIENTED_EDGE('',*,*,#1200,.T.);
#2097=ORIENTED_EDGE('',*,*,#1501,.T.);
#2098=ORIENTED_EDGE('',*,*,#1359,.F.);
#2099=ORIENTED_EDGE('',*,*,#1203,.F.);
#2100=ORIENTED_EDGE('',*,*,#1480,.F.);
#2101=ORIENTED_EDGE('',*,*,#1356,.F.);
#2102=ORIENTED_EDGE('',*,*,#1481,.T.);
#2103=ORIENTED_EDGE('',*,*,#1207,.T.);
#2104=ORIENTED_EDGE('',*,*,#1499,.T.);
#2105=ORIENTED_EDGE('',*,*,#1352,.F.);
#2106=ORIENTED_EDGE('',*,*,#1502,.F.);
#2107=ORIENTED_EDGE('',*,*,#1442,.T.);
#2108=ORIENTED_EDGE('',*,*,#1208,.T.);
#2109=ORIENTED_EDGE('',*,*,#1502,.T.);
#2110=ORIENTED_EDGE('',*,*,#1351,.F.);
#2111=ORIENTED_EDGE('',*,*,#1211,.F.);
#2112=ORIENTED_EDGE('',*,*,#1444,.F.);
#2113=ORIENTED_EDGE('',*,*,#1348,.F.);
#2114=ORIENTED_EDGE('',*,*,#1445,.T.);
#2115=ORIENTED_EDGE('',*,*,#1215,.T.);
#2116=ORIENTED_EDGE('',*,*,#1491,.T.);
#2117=ORIENTED_EDGE('',*,*,#1344,.F.);
#2118=ORIENTED_EDGE('',*,*,#1503,.F.);
#2119=ORIENTED_EDGE('',*,*,#1430,.T.);
#2120=ORIENTED_EDGE('',*,*,#1216,.T.);
#2121=ORIENTED_EDGE('',*,*,#1503,.T.);
#2122=ORIENTED_EDGE('',*,*,#1343,.F.);
#2123=ORIENTED_EDGE('',*,*,#1219,.F.);
#2124=ORIENTED_EDGE('',*,*,#1432,.F.);
#2125=ORIENTED_EDGE('',*,*,#1340,.F.);
#2126=ORIENTED_EDGE('',*,*,#1433,.T.);
#2127=ORIENTED_EDGE('',*,*,#1223,.T.);
#2128=ORIENTED_EDGE('',*,*,#1489,.T.);
#2129=ORIENTED_EDGE('',*,*,#1336,.F.);
#2130=ORIENTED_EDGE('',*,*,#1504,.F.);
#2131=ORIENTED_EDGE('',*,*,#1466,.T.);
#2132=ORIENTED_EDGE('',*,*,#1224,.T.);
#2133=ORIENTED_EDGE('',*,*,#1504,.T.);
#2134=ORIENTED_EDGE('',*,*,#1335,.F.);
#2135=ORIENTED_EDGE('',*,*,#1227,.F.);
#2136=ORIENTED_EDGE('',*,*,#1468,.F.);
#2137=ORIENTED_EDGE('',*,*,#1332,.F.);
#2138=ORIENTED_EDGE('',*,*,#1469,.T.);
#2139=ORIENTED_EDGE('',*,*,#1231,.T.);
#2140=ORIENTED_EDGE('',*,*,#1497,.T.);
#2141=ORIENTED_EDGE('',*,*,#1328,.F.);
#2142=ORIENTED_EDGE('',*,*,#1490,.F.);
#2143=ORIENTED_EDGE('',*,*,#1235,.F.);
#2144=ORIENTED_EDGE('',*,*,#1439,.F.);
#2145=ORIENTED_EDGE('',*,*,#1324,.F.);
#2146=ORIENTED_EDGE('',*,*,#1441,.T.);
#2147=ORIENTED_EDGE('',*,*,#1436,.T.);
#2148=ORIENTED_EDGE('',*,*,#1321,.F.);
#2149=ORIENTED_EDGE('',*,*,#1505,.F.);
#2150=ORIENTED_EDGE('',*,*,#1238,.T.);
#2151=ORIENTED_EDGE('',*,*,#1239,.T.);
#2152=ORIENTED_EDGE('',*,*,#1505,.T.);
#2153=ORIENTED_EDGE('',*,*,#1320,.F.);
#2154=ORIENTED_EDGE('',*,*,#1498,.F.);
#2155=ORIENTED_EDGE('',*,*,#1243,.F.);
#2156=ORIENTED_EDGE('',*,*,#1475,.F.);
#2157=ORIENTED_EDGE('',*,*,#1316,.F.);
#2158=ORIENTED_EDGE('',*,*,#1477,.T.);
#2159=ORIENTED_EDGE('',*,*,#1472,.T.);
#2160=ORIENTED_EDGE('',*,*,#1313,.F.);
#2161=ORIENTED_EDGE('',*,*,#1506,.F.);
#2162=ORIENTED_EDGE('',*,*,#1246,.T.);
#2163=ORIENTED_EDGE('',*,*,#1247,.T.);
#2164=ORIENTED_EDGE('',*,*,#1506,.T.);
#2165=ORIENTED_EDGE('',*,*,#1312,.F.);
#2166=ORIENTED_EDGE('',*,*,#1507,.F.);
#2167=ORIENTED_EDGE('',*,*,#1418,.T.);
#2168=ORIENTED_EDGE('',*,*,#1248,.T.);
#2169=ORIENTED_EDGE('',*,*,#1507,.T.);
#2170=ORIENTED_EDGE('',*,*,#1311,.F.);
#2171=ORIENTED_EDGE('',*,*,#1251,.F.);
#2172=ORIENTED_EDGE('',*,*,#1420,.F.);
#2173=ORIENTED_EDGE('',*,*,#1308,.F.);
#2174=ORIENTED_EDGE('',*,*,#1421,.T.);
#2175=ORIENTED_EDGE('',*,*,#1255,.T.);
#2176=ORIENTED_EDGE('',*,*,#1486,.T.);
#2177=ORIENTED_EDGE('',*,*,#1304,.F.);
#2178=ORIENTED_EDGE('',*,*,#1508,.F.);
#2179=ORIENTED_EDGE('',*,*,#1454,.T.);
#2180=ORIENTED_EDGE('',*,*,#1256,.T.);
#2181=ORIENTED_EDGE('',*,*,#1508,.T.);
#2182=ORIENTED_EDGE('',*,*,#1303,.F.);
#2183=ORIENTED_EDGE('',*,*,#1259,.F.);
#2184=ORIENTED_EDGE('',*,*,#1456,.F.);
#2185=ORIENTED_EDGE('',*,*,#1300,.F.);
#2186=ORIENTED_EDGE('',*,*,#1457,.T.);
#2187=CONICAL_SURFACE('',#2341,1.7,0.785398163397449);
#2188=CONICAL_SURFACE('',#2400,1.7,0.785398163397448);
#2189=CONICAL_SURFACE('',#2405,1.7,0.785398163397449);
#2190=CONICAL_SURFACE('',#2410,1.7,0.785398163397449);
#2191=CONICAL_SURFACE('',#2415,1.7,0.785398163397451);
#2192=CONICAL_SURFACE('',#2474,1.7,0.785398163397451);
#2193=CONICAL_SURFACE('',#2479,1.7,0.785398163397451);
#2194=CONICAL_SURFACE('',#2484,1.7,0.78539816339745);
#2195=ADVANCED_FACE('',(#140),#2187,.F.);
#2196=ADVANCED_FACE('',(#141,#72,#73,#74,#75,#76),#82,.F.);
#2197=ADVANCED_FACE('',(#142),#15,.F.);
#2198=ADVANCED_FACE('',(#143),#2188,.F.);
#2199=ADVANCED_FACE('',(#144),#16,.F.);
#2200=ADVANCED_FACE('',(#145),#2189,.F.);
#2201=ADVANCED_FACE('',(#146),#17,.F.);
#2202=ADVANCED_FACE('',(#147),#2190,.F.);
#2203=ADVANCED_FACE('',(#148),#18,.F.);
#2204=ADVANCED_FACE('',(#149),#2191,.F.);
#2205=ADVANCED_FACE('',(#150,#77,#78,#79,#80,#81),#83,.T.);
#2206=ADVANCED_FACE('',(#151),#19,.F.);
#2207=ADVANCED_FACE('',(#152),#2192,.F.);
#2208=ADVANCED_FACE('',(#153),#20,.F.);
#2209=ADVANCED_FACE('',(#154),#2193,.F.);
#2210=ADVANCED_FACE('',(#155),#21,.F.);
#2211=ADVANCED_FACE('',(#156),#2194,.F.);
#2212=ADVANCED_FACE('',(#157),#22,.F.);
#2213=ADVANCED_FACE('',(#158),#84,.F.);
#2214=ADVANCED_FACE('',(#159),#85,.F.);
#2215=ADVANCED_FACE('',(#160),#86,.F.);
#2216=ADVANCED_FACE('',(#161),#87,.F.);
#2217=ADVANCED_FACE('',(#162),#88,.T.);
#2218=ADVANCED_FACE('',(#163),#89,.T.);
#2219=ADVANCED_FACE('',(#164),#90,.T.);
#2220=ADVANCED_FACE('',(#165),#91,.T.);
#2221=ADVANCED_FACE('',(#166),#23,.F.);
#2222=ADVANCED_FACE('',(#167),#24,.F.);
#2223=ADVANCED_FACE('',(#168),#92,.T.);
#2224=ADVANCED_FACE('',(#169),#93,.T.);
#2225=ADVANCED_FACE('',(#170),#25,.F.);
#2226=ADVANCED_FACE('',(#171),#94,.T.);
#2227=ADVANCED_FACE('',(#172),#95,.T.);
#2228=ADVANCED_FACE('',(#173),#26,.F.);
#2229=ADVANCED_FACE('',(#174),#27,.F.);
#2230=ADVANCED_FACE('',(#175),#28,.F.);
#2231=ADVANCED_FACE('',(#176),#96,.T.);
#2232=ADVANCED_FACE('',(#177),#97,.T.);
#2233=ADVANCED_FACE('',(#178),#29,.F.);
#2234=ADVANCED_FACE('',(#179),#98,.T.);
#2235=ADVANCED_FACE('',(#180),#99,.T.);
#2236=ADVANCED_FACE('',(#181),#30,.F.);
#2237=ADVANCED_FACE('',(#182),#31,.F.);
#2238=ADVANCED_FACE('',(#183),#100,.T.);
#2239=ADVANCED_FACE('',(#184),#32,.F.);
#2240=ADVANCED_FACE('',(#185),#101,.T.);
#2241=ADVANCED_FACE('',(#186),#33,.F.);
#2242=ADVANCED_FACE('',(#187),#102,.T.);
#2243=ADVANCED_FACE('',(#188),#103,.T.);
#2244=ADVANCED_FACE('',(#189),#34,.F.);
#2245=ADVANCED_FACE('',(#190),#35,.F.);
#2246=ADVANCED_FACE('',(#191),#36,.F.);
#2247=ADVANCED_FACE('',(#192),#104,.T.);
#2248=ADVANCED_FACE('',(#193),#105,.T.);
#2249=ADVANCED_FACE('',(#194),#37,.F.);
#2250=ADVANCED_FACE('',(#195),#106,.T.);
#2251=ADVANCED_FACE('',(#196),#107,.T.);
#2252=ADVANCED_FACE('',(#197),#38,.F.);
#2253=ADVANCED_FACE('',(#198),#39,.F.);
#2254=ADVANCED_FACE('',(#199),#40,.F.);
#2255=ADVANCED_FACE('',(#200),#108,.T.);
#2256=ADVANCED_FACE('',(#201),#109,.T.);
#2257=ADVANCED_FACE('',(#202),#41,.F.);
#2258=ADVANCED_FACE('',(#203),#110,.T.);
#2259=ADVANCED_FACE('',(#204),#111,.T.);
#2260=ADVANCED_FACE('',(#205),#42,.F.);
#2261=ADVANCED_FACE('',(#206),#43,.F.);
#2262=ADVANCED_FACE('',(#207),#112,.T.);
#2263=ADVANCED_FACE('',(#208),#44,.F.);
#2264=ADVANCED_FACE('',(#209),#113,.T.);
#2265=ADVANCED_FACE('',(#210),#45,.F.);
#2266=ADVANCED_FACE('',(#211),#114,.T.);
#2267=ADVANCED_FACE('',(#212),#115,.T.);
#2268=ADVANCED_FACE('',(#213),#46,.F.);
#2269=ADVANCED_FACE('',(#214),#116,.T.);
#2270=ADVANCED_FACE('',(#215),#117,.T.);
#2271=ADVANCED_FACE('',(#216),#118,.T.);
#2272=ADVANCED_FACE('',(#217),#119,.T.);
#2273=ADVANCED_FACE('',(#218),#120,.T.);
#2274=ADVANCED_FACE('',(#219),#121,.T.);
#2275=ADVANCED_FACE('',(#220),#122,.T.);
#2276=ADVANCED_FACE('',(#221),#123,.T.);
#2277=ADVANCED_FACE('',(#222),#124,.T.);
#2278=ADVANCED_FACE('',(#223),#125,.T.);
#2279=ADVANCED_FACE('',(#224),#126,.T.);
#2280=ADVANCED_FACE('',(#225),#127,.T.);
#2281=ADVANCED_FACE('',(#226),#128,.T.);
#2282=ADVANCED_FACE('',(#227),#129,.T.);
#2283=ADVANCED_FACE('',(#228),#130,.T.);
#2284=ADVANCED_FACE('',(#229),#131,.T.);
#2285=ADVANCED_FACE('',(#230),#47,.F.);
#2286=ADVANCED_FACE('',(#231),#48,.T.);
#2287=ADVANCED_FACE('',(#232),#49,.T.);
#2288=ADVANCED_FACE('',(#233),#50,.T.);
#2289=ADVANCED_FACE('',(#234),#51,.T.);
#2290=ADVANCED_FACE('',(#235),#52,.T.);
#2291=ADVANCED_FACE('',(#236),#53,.T.);
#2292=ADVANCED_FACE('',(#237),#54,.T.);
#2293=ADVANCED_FACE('',(#238),#55,.T.);
#2294=ADVANCED_FACE('',(#239),#56,.T.);
#2295=ADVANCED_FACE('',(#240),#132,.T.);
#2296=ADVANCED_FACE('',(#241),#57,.T.);
#2297=ADVANCED_FACE('',(#242),#58,.T.);
#2298=ADVANCED_FACE('',(#243),#133,.T.);
#2299=ADVANCED_FACE('',(#244),#59,.T.);
#2300=ADVANCED_FACE('',(#245),#60,.T.);
#2301=ADVANCED_FACE('',(#246),#134,.T.);
#2302=ADVANCED_FACE('',(#247),#61,.T.);
#2303=ADVANCED_FACE('',(#248),#62,.T.);
#2304=ADVANCED_FACE('',(#249),#135,.T.);
#2305=ADVANCED_FACE('',(#250),#63,.T.);
#2306=ADVANCED_FACE('',(#251),#64,.T.);
#2307=ADVANCED_FACE('',(#252),#65,.T.);
#2308=ADVANCED_FACE('',(#253),#136,.T.);
#2309=ADVANCED_FACE('',(#254),#66,.T.);
#2310=ADVANCED_FACE('',(#255),#67,.T.);
#2311=ADVANCED_FACE('',(#256),#137,.T.);
#2312=ADVANCED_FACE('',(#257),#68,.T.);
#2313=ADVANCED_FACE('',(#258),#138,.T.);
#2314=ADVANCED_FACE('',(#259),#69,.T.);
#2315=ADVANCED_FACE('',(#260),#70,.T.);
#2316=ADVANCED_FACE('',(#261),#139,.T.);
#2317=ADVANCED_FACE('',(#262),#71,.T.);
#2318=CLOSED_SHELL('',(#2195,#2196,#2197,#2198,#2199,#2200,#2201,#2202,
#2203,#2204,#2205,#2206,#2207,#2208,#2209,#2210,#2211,#2212,#2213,#2214,
#2215,#2216,#2217,#2218,#2219,#2220,#2221,#2222,#2223,#2224,#2225,#2226,
#2227,#2228,#2229,#2230,#2231,#2232,#2233,#2234,#2235,#2236,#2237,#2238,
#2239,#2240,#2241,#2242,#2243,#2244,#2245,#2246,#2247,#2248,#2249,#2250,
#2251,#2252,#2253,#2254,#2255,#2256,#2257,#2258,#2259,#2260,#2261,#2262,
#2263,#2264,#2265,#2266,#2267,#2268,#2269,#2270,#2271,#2272,#2273,#2274,
#2275,#2276,#2277,#2278,#2279,#2280,#2281,#2282,#2283,#2284,#2285,#2286,
#2287,#2288,#2289,#2290,#2291,#2292,#2293,#2294,#2295,#2296,#2297,#2298,
#2299,#2300,#2301,#2302,#2303,#2304,#2305,#2306,#2307,#2308,#2309,#2310,
#2311,#2312,#2313,#2314,#2315,#2316,#2317));
#2319=DERIVED_UNIT_ELEMENT(#2322,1.);
#2320=DERIVED_UNIT_ELEMENT(#4005,-3.);
#2321=DIMENSIONAL_EXPONENTS(0.,1.,0.,0.,0.,0.,0.);
#2322=(
CONVERSION_BASED_UNIT('gram',#2324)
MASS_UNIT()
NAMED_UNIT(#2321)
);
#2323=(
MASS_UNIT()
NAMED_UNIT(*)
SI_UNIT(.KILO.,.GRAM.)
);
#2324=MASS_MEASURE_WITH_UNIT(MASS_MEASURE(0.001),#2323);
#2325=DERIVED_UNIT((#2319,#2320));
#2326=MEASURE_REPRESENTATION_ITEM('density measure',
POSITIVE_RATIO_MEASURE(1.),#2325);
#2327=PROPERTY_DEFINITION_REPRESENTATION(#2332,#2329);
#2328=PROPERTY_DEFINITION_REPRESENTATION(#2333,#2330);
#2329=REPRESENTATION('material name',(#2331),#4002);
#2330=REPRESENTATION('density',(#2326),#4002);
#2331=DESCRIPTIVE_REPRESENTATION_ITEM('Og\X\F3lny','Og\X\F3lny');
#2332=PROPERTY_DEFINITION('material property','material name',#4012);
#2333=PROPERTY_DEFINITION('material property','density of part',#4012);
#2334=DATE_TIME_ROLE('creation_date');
#2335=APPLIED_DATE_AND_TIME_ASSIGNMENT(#2336,#2334,(#4012));
#2336=DATE_AND_TIME(#2337,#2338);
#2337=CALENDAR_DATE(2026,3,8);
#2338=LOCAL_TIME(0,0,0.,#2339);
#2339=COORDINATED_UNIVERSAL_TIME_OFFSET(0,0,.BEHIND.);
#2340=AXIS2_PLACEMENT_3D('',#3311,#2594,#2595);
#2341=AXIS2_PLACEMENT_3D('',#3312,#2596,#2597);
#2342=AXIS2_PLACEMENT_3D('',#3314,#2598,#2599);
#2343=AXIS2_PLACEMENT_3D('',#3318,#2601,#2602);
#2344=AXIS2_PLACEMENT_3D('',#3319,#2603,#2604);
#2345=AXIS2_PLACEMENT_3D('',#3320,#2605,#2606);
#2346=AXIS2_PLACEMENT_3D('',#3325,#2608,#2609);
#2347=AXIS2_PLACEMENT_3D('',#3329,#2611,#2612);
#2348=AXIS2_PLACEMENT_3D('',#3333,#2614,#2615);
#2349=AXIS2_PLACEMENT_3D('',#3337,#2617,#2618);
#2350=AXIS2_PLACEMENT_3D('',#3341,#2620,#2621);
#2351=AXIS2_PLACEMENT_3D('',#3345,#2623,#2624);
#2352=AXIS2_PLACEMENT_3D('',#3349,#2626,#2627);
#2353=AXIS2_PLACEMENT_3D('',#3353,#2629,#2630);
#2354=AXIS2_PLACEMENT_3D('',#3357,#2632,#2633);
#2355=AXIS2_PLACEMENT_3D('',#3361,#2635,#2636);
#2356=AXIS2_PLACEMENT_3D('',#3365,#2638,#2639);
#2357=AXIS2_PLACEMENT_3D('',#3369,#2641,#2642);
#2358=AXIS2_PLACEMENT_3D('',#3373,#2644,#2645);
#2359=AXIS2_PLACEMENT_3D('',#3377,#2647,#2648);
#2360=AXIS2_PLACEMENT_3D('',#3381,#2650,#2651);
#2361=AXIS2_PLACEMENT_3D('',#3385,#2653,#2654);
#2362=AXIS2_PLACEMENT_3D('',#3389,#2656,#2657);
#2363=AXIS2_PLACEMENT_3D('',#3393,#2659,#2660);
#2364=AXIS2_PLACEMENT_3D('',#3397,#2662,#2663);
#2365=AXIS2_PLACEMENT_3D('',#3401,#2665,#2666);
#2366=AXIS2_PLACEMENT_3D('',#3405,#2668,#2669);
#2367=AXIS2_PLACEMENT_3D('',#3409,#2671,#2672);
#2368=AXIS2_PLACEMENT_3D('',#3413,#2674,#2675);
#2369=AXIS2_PLACEMENT_3D('',#3417,#2677,#2678);
#2370=AXIS2_PLACEMENT_3D('',#3421,#2680,#2681);
#2371=AXIS2_PLACEMENT_3D('',#3425,#2683,#2684);
#2372=AXIS2_PLACEMENT_3D('',#3429,#2686,#2687);
#2373=AXIS2_PLACEMENT_3D('',#3433,#2689,#2690);
#2374=AXIS2_PLACEMENT_3D('',#3437,#2692,#2693);
#2375=AXIS2_PLACEMENT_3D('',#3441,#2695,#2696);
#2376=AXIS2_PLACEMENT_3D('',#3445,#2698,#2699);
#2377=AXIS2_PLACEMENT_3D('',#3449,#2701,#2702);
#2378=AXIS2_PLACEMENT_3D('',#3453,#2704,#2705);
#2379=AXIS2_PLACEMENT_3D('',#3457,#2707,#2708);
#2380=AXIS2_PLACEMENT_3D('',#3461,#2710,#2711);
#2381=AXIS2_PLACEMENT_3D('',#3465,#2713,#2714);
#2382=AXIS2_PLACEMENT_3D('',#3469,#2716,#2717);
#2383=AXIS2_PLACEMENT_3D('',#3473,#2719,#2720);
#2384=AXIS2_PLACEMENT_3D('',#3477,#2722,#2723);
#2385=AXIS2_PLACEMENT_3D('',#3481,#2725,#2726);
#2386=AXIS2_PLACEMENT_3D('',#3485,#2728,#2729);
#2387=AXIS2_PLACEMENT_3D('',#3489,#2731,#2732);
#2388=AXIS2_PLACEMENT_3D('',#3493,#2734,#2735);
#2389=AXIS2_PLACEMENT_3D('',#3497,#2737,#2738);
#2390=AXIS2_PLACEMENT_3D('',#3501,#2740,#2741);
#2391=AXIS2_PLACEMENT_3D('',#3505,#2743,#2744);
#2392=AXIS2_PLACEMENT_3D('',#3509,#2746,#2747);
#2393=AXIS2_PLACEMENT_3D('',#3512,#2749,#2750);
#2394=AXIS2_PLACEMENT_3D('',#3514,#2751,#2752);
#2395=AXIS2_PLACEMENT_3D('',#3516,#2753,#2754);
#2396=AXIS2_PLACEMENT_3D('',#3518,#2755,#2756);
#2397=AXIS2_PLACEMENT_3D('',#3520,#2757,#2758);
#2398=AXIS2_PLACEMENT_3D('',#3521,#2759,#2760);
#2399=AXIS2_PLACEMENT_3D('',#3524,#2762,#2763);
#2400=AXIS2_PLACEMENT_3D('',#3525,#2764,#2765);
#2401=AXIS2_PLACEMENT_3D('',#3529,#2767,#2768);
#2402=AXIS2_PLACEMENT_3D('',#3530,#2769,#2770);
#2403=AXIS2_PLACEMENT_3D('',#3531,#2771,#2772);
#2404=AXIS2_PLACEMENT_3D('',#3534,#2774,#2775);
#2405=AXIS2_PLACEMENT_3D('',#3535,#2776,#2777);
#2406=AXIS2_PLACEMENT_3D('',#3539,#2779,#2780);
#2407=AXIS2_PLACEMENT_3D('',#3540,#2781,#2782);
#2408=AXIS2_PLACEMENT_3D('',#3541,#2783,#2784);
#2409=AXIS2_PLACEMENT_3D('',#3544,#2786,#2787);
#2410=AXIS2_PLACEMENT_3D('',#3545,#2788,#2789);
#2411=AXIS2_PLACEMENT_3D('',#3549,#2791,#2792);
#2412=AXIS2_PLACEMENT_3D('',#3550,#2793,#2794);
#2413=AXIS2_PLACEMENT_3D('',#3551,#2795,#2796);
#2414=AXIS2_PLACEMENT_3D('',#3554,#2798,#2799);
#2415=AXIS2_PLACEMENT_3D('',#3555,#2800,#2801);
#2416=AXIS2_PLACEMENT_3D('',#3557,#2802,#2803);
#2417=AXIS2_PLACEMENT_3D('',#3561,#2805,#2806);
#2418=AXIS2_PLACEMENT_3D('',#3562,#2807,#2808);
#2419=AXIS2_PLACEMENT_3D('',#3563,#2809,#2810);
#2420=AXIS2_PLACEMENT_3D('',#3568,#2812,#2813);
#2421=AXIS2_PLACEMENT_3D('',#3572,#2815,#2816);
#2422=AXIS2_PLACEMENT_3D('',#3576,#2818,#2819);
#2423=AXIS2_PLACEMENT_3D('',#3580,#2821,#2822);
#2424=AXIS2_PLACEMENT_3D('',#3584,#2824,#2825);
#2425=AXIS2_PLACEMENT_3D('',#3588,#2827,#2828);
#2426=AXIS2_PLACEMENT_3D('',#3592,#2830,#2831);
#2427=AXIS2_PLACEMENT_3D('',#3596,#2833,#2834);
#2428=AXIS2_PLACEMENT_3D('',#3600,#2836,#2837);
#2429=AXIS2_PLACEMENT_3D('',#3604,#2839,#2840);
#2430=AXIS2_PLACEMENT_3D('',#3608,#2842,#2843);
#2431=AXIS2_PLACEMENT_3D('',#3612,#2845,#2846);
#2432=AXIS2_PLACEMENT_3D('',#3616,#2848,#2849);
#2433=AXIS2_PLACEMENT_3D('',#3620,#2851,#2852);
#2434=AXIS2_PLACEMENT_3D('',#3624,#2854,#2855);
#2435=AXIS2_PLACEMENT_3D('',#3628,#2857,#2858);
#2436=AXIS2_PLACEMENT_3D('',#3632,#2860,#2861);
#2437=AXIS2_PLACEMENT_3D('',#3636,#2863,#2864);
#2438=AXIS2_PLACEMENT_3D('',#3640,#2866,#2867);
#2439=AXIS2_PLACEMENT_3D('',#3644,#2869,#2870);
#2440=AXIS2_PLACEMENT_3D('',#3648,#2872,#2873);
#2441=AXIS2_PLACEMENT_3D('',#3652,#2875,#2876);
#2442=AXIS2_PLACEMENT_3D('',#3656,#2878,#2879);
#2443=AXIS2_PLACEMENT_3D('',#3660,#2881,#2882);
#2444=AXIS2_PLACEMENT_3D('',#3664,#2884,#2885);
#2445=AXIS2_PLACEMENT_3D('',#3668,#2887,#2888);
#2446=AXIS2_PLACEMENT_3D('',#3672,#2890,#2891);
#2447=AXIS2_PLACEMENT_3D('',#3676,#2893,#2894);
#2448=AXIS2_PLACEMENT_3D('',#3680,#2896,#2897);
#2449=AXIS2_PLACEMENT_3D('',#3684,#2899,#2900);
#2450=AXIS2_PLACEMENT_3D('',#3688,#2902,#2903);
#2451=AXIS2_PLACEMENT_3D('',#3692,#2905,#2906);
#2452=AXIS2_PLACEMENT_3D('',#3696,#2908,#2909);
#2453=AXIS2_PLACEMENT_3D('',#3700,#2911,#2912);
#2454=AXIS2_PLACEMENT_3D('',#3704,#2914,#2915);
#2455=AXIS2_PLACEMENT_3D('',#3708,#2917,#2918);
#2456=AXIS2_PLACEMENT_3D('',#3712,#2920,#2921);
#2457=AXIS2_PLACEMENT_3D('',#3716,#2923,#2924);
#2458=AXIS2_PLACEMENT_3D('',#3720,#2926,#2927);
#2459=AXIS2_PLACEMENT_3D('',#3724,#2929,#2930);
#2460=AXIS2_PLACEMENT_3D('',#3728,#2932,#2933);
#2461=AXIS2_PLACEMENT_3D('',#3732,#2935,#2936);
#2462=AXIS2_PLACEMENT_3D('',#3736,#2938,#2939);
#2463=AXIS2_PLACEMENT_3D('',#3740,#2941,#2942);
#2464=AXIS2_PLACEMENT_3D('',#3744,#2944,#2945);
#2465=AXIS2_PLACEMENT_3D('',#3748,#2947,#2948);
#2466=AXIS2_PLACEMENT_3D('',#3752,#2950,#2951);
#2467=AXIS2_PLACEMENT_3D('',#3755,#2953,#2954);
#2468=AXIS2_PLACEMENT_3D('',#3757,#2955,#2956);
#2469=AXIS2_PLACEMENT_3D('',#3759,#2957,#2958);
#2470=AXIS2_PLACEMENT_3D('',#3761,#2959,#2960);
#2471=AXIS2_PLACEMENT_3D('',#3763,#2961,#2962);
#2472=AXIS2_PLACEMENT_3D('',#3764,#2963,#2964);
#2473=AXIS2_PLACEMENT_3D('',#3767,#2966,#2967);
#2474=AXIS2_PLACEMENT_3D('',#3768,#2968,#2969);
#2475=AXIS2_PLACEMENT_3D('',#3772,#2971,#2972);
#2476=AXIS2_PLACEMENT_3D('',#3773,#2973,#2974);
#2477=AXIS2_PLACEMENT_3D('',#3774,#2975,#2976);
#2478=AXIS2_PLACEMENT_3D('',#3777,#2978,#2979);
#2479=AXIS2_PLACEMENT_3D('',#3778,#2980,#2981);
#2480=AXIS2_PLACEMENT_3D('',#3782,#2983,#2984);
#2481=AXIS2_PLACEMENT_3D('',#3783,#2985,#2986);
#2482=AXIS2_PLACEMENT_3D('',#3784,#2987,#2988);
#2483=AXIS2_PLACEMENT_3D('',#3787,#2990,#2991);
#2484=AXIS2_PLACEMENT_3D('',#3788,#2992,#2993);
#2485=AXIS2_PLACEMENT_3D('',#3792,#2995,#2996);
#2486=AXIS2_PLACEMENT_3D('',#3793,#2997,#2998);
#2487=AXIS2_PLACEMENT_3D('',#3794,#2999,#3000);
#2488=AXIS2_PLACEMENT_3D('',#3797,#3002,#3003);
#2489=AXIS2_PLACEMENT_3D('',#3798,#3004,#3005);
#2490=AXIS2_PLACEMENT_3D('',#3799,#3006,#3007);
#2491=AXIS2_PLACEMENT_3D('',#3800,#3008,#3009);
#2492=AXIS2_PLACEMENT_3D('',#3801,#3010,#3011);
#2493=AXIS2_PLACEMENT_3D('',#3802,#3012,#3013);
#2494=AXIS2_PLACEMENT_3D('',#3803,#3014,#3015);
#2495=AXIS2_PLACEMENT_3D('',#3804,#3016,#3017);
#2496=AXIS2_PLACEMENT_3D('',#3805,#3018,#3019);
#2497=AXIS2_PLACEMENT_3D('',#3806,#3020,#3021);
#2498=AXIS2_PLACEMENT_3D('',#3809,#3024,#3025);
#2499=AXIS2_PLACEMENT_3D('',#3812,#3028,#3029);
#2500=AXIS2_PLACEMENT_3D('',#3814,#3031,#3032);
#2501=AXIS2_PLACEMENT_3D('',#3816,#3034,#3035);
#2502=AXIS2_PLACEMENT_3D('',#3819,#3038,#3039);
#2503=AXIS2_PLACEMENT_3D('',#3821,#3041,#3042);
#2504=AXIS2_PLACEMENT_3D('',#3824,#3045,#3046);
#2505=AXIS2_PLACEMENT_3D('',#3826,#3048,#3049);
#2506=AXIS2_PLACEMENT_3D('',#3829,#3052,#3053);
#2507=AXIS2_PLACEMENT_3D('',#3832,#3056,#3057);
#2508=AXIS2_PLACEMENT_3D('',#3834,#3059,#3060);
#2509=AXIS2_PLACEMENT_3D('',#3836,#3062,#3063);
#2510=AXIS2_PLACEMENT_3D('',#3839,#3066,#3067);
#2511=AXIS2_PLACEMENT_3D('',#3841,#3069,#3070);
#2512=AXIS2_PLACEMENT_3D('',#3844,#3073,#3074);
#2513=AXIS2_PLACEMENT_3D('',#3846,#3076,#3077);
#2514=AXIS2_PLACEMENT_3D('',#3849,#3080,#3081);
#2515=AXIS2_PLACEMENT_3D('',#3852,#3084,#3085);
#2516=AXIS2_PLACEMENT_3D('',#3854,#3087,#3088);
#2517=AXIS2_PLACEMENT_3D('',#3856,#3090,#3091);
#2518=AXIS2_PLACEMENT_3D('',#3859,#3094,#3095);
#2519=AXIS2_PLACEMENT_3D('',#3861,#3097,#3098);
#2520=AXIS2_PLACEMENT_3D('',#3864,#3101,#3102);
#2521=AXIS2_PLACEMENT_3D('',#3866,#3104,#3105);
#2522=AXIS2_PLACEMENT_3D('',#3869,#3108,#3109);
#2523=AXIS2_PLACEMENT_3D('',#3872,#3112,#3113);
#2524=AXIS2_PLACEMENT_3D('',#3874,#3115,#3116);
#2525=AXIS2_PLACEMENT_3D('',#3876,#3118,#3119);
#2526=AXIS2_PLACEMENT_3D('',#3879,#3122,#3123);
#2527=AXIS2_PLACEMENT_3D('',#3881,#3125,#3126);
#2528=AXIS2_PLACEMENT_3D('',#3884,#3129,#3130);
#2529=AXIS2_PLACEMENT_3D('',#3886,#3132,#3133);
#2530=AXIS2_PLACEMENT_3D('',#3889,#3136,#3137);
#2531=AXIS2_PLACEMENT_3D('',#3892,#3140,#3141);
#2532=AXIS2_PLACEMENT_3D('',#3894,#3143,#3144);
#2533=AXIS2_PLACEMENT_3D('',#3896,#3146,#3147);
#2534=AXIS2_PLACEMENT_3D('',#3899,#3150,#3151);
#2535=AXIS2_PLACEMENT_3D('',#3901,#3153,#3154);
#2536=AXIS2_PLACEMENT_3D('',#3904,#3157,#3158);
#2537=AXIS2_PLACEMENT_3D('',#3906,#3160,#3161);
#2538=AXIS2_PLACEMENT_3D('',#3909,#3164,#3165);
#2539=AXIS2_PLACEMENT_3D('',#3912,#3168,#3169);
#2540=AXIS2_PLACEMENT_3D('',#3914,#3171,#3172);
#2541=AXIS2_PLACEMENT_3D('',#3916,#3174,#3175);
#2542=AXIS2_PLACEMENT_3D('',#3919,#3178,#3179);
#2543=AXIS2_PLACEMENT_3D('',#3921,#3181,#3182);
#2544=AXIS2_PLACEMENT_3D('',#3924,#3185,#3186);
#2545=AXIS2_PLACEMENT_3D('',#3926,#3188,#3189);
#2546=AXIS2_PLACEMENT_3D('',#3928,#3191,#3192);
#2547=AXIS2_PLACEMENT_3D('',#3930,#3194,#3195);
#2548=AXIS2_PLACEMENT_3D('',#3932,#3197,#3198);
#2549=AXIS2_PLACEMENT_3D('',#3934,#3200,#3201);
#2550=AXIS2_PLACEMENT_3D('',#3936,#3203,#3204);
#2551=AXIS2_PLACEMENT_3D('',#3938,#3206,#3207);
#2552=AXIS2_PLACEMENT_3D('',#3940,#3209,#3210);
#2553=AXIS2_PLACEMENT_3D('',#3942,#3212,#3213);
#2554=AXIS2_PLACEMENT_3D('',#3944,#3215,#3216);
#2555=AXIS2_PLACEMENT_3D('',#3946,#3218,#3219);
#2556=AXIS2_PLACEMENT_3D('',#3948,#3221,#3222);
#2557=AXIS2_PLACEMENT_3D('',#3950,#3224,#3225);
#2558=AXIS2_PLACEMENT_3D('',#3952,#3227,#3228);
#2559=AXIS2_PLACEMENT_3D('',#3954,#3230,#3231);
#2560=AXIS2_PLACEMENT_3D('',#3956,#3233,#3234);
#2561=AXIS2_PLACEMENT_3D('',#3958,#3236,#3237);
#2562=AXIS2_PLACEMENT_3D('',#3960,#3239,#3240);
#2563=AXIS2_PLACEMENT_3D('',#3961,#3241,#3242);
#2564=AXIS2_PLACEMENT_3D('',#3962,#3243,#3244);
#2565=AXIS2_PLACEMENT_3D('',#3963,#3245,#3246);
#2566=AXIS2_PLACEMENT_3D('',#3964,#3247,#3248);
#2567=AXIS2_PLACEMENT_3D('',#3965,#3249,#3250);
#2568=AXIS2_PLACEMENT_3D('',#3966,#3251,#3252);
#2569=AXIS2_PLACEMENT_3D('',#3967,#3253,#3254);
#2570=AXIS2_PLACEMENT_3D('',#3968,#3255,#3256);
#2571=AXIS2_PLACEMENT_3D('',#3970,#3258,#3259);
#2572=AXIS2_PLACEMENT_3D('',#3971,#3260,#3261);
#2573=AXIS2_PLACEMENT_3D('',#3972,#3262,#3263);
#2574=AXIS2_PLACEMENT_3D('',#3974,#3265,#3266);
#2575=AXIS2_PLACEMENT_3D('',#3975,#3267,#3268);
#2576=AXIS2_PLACEMENT_3D('',#3976,#3269,#3270);
#2577=AXIS2_PLACEMENT_3D('',#3978,#3272,#3273);
#2578=AXIS2_PLACEMENT_3D('',#3979,#3274,#3275);
#2579=AXIS2_PLACEMENT_3D('',#3980,#3276,#3277);
#2580=AXIS2_PLACEMENT_3D('',#3982,#3279,#3280);
#2581=AXIS2_PLACEMENT_3D('',#3983,#3281,#3282);
#2582=AXIS2_PLACEMENT_3D('',#3984,#3283,#3284);
#2583=AXIS2_PLACEMENT_3D('',#3985,#3285,#3286);
#2584=AXIS2_PLACEMENT_3D('',#3986,#3287,#3288);
#2585=AXIS2_PLACEMENT_3D('',#3988,#3290,#3291);
#2586=AXIS2_PLACEMENT_3D('',#3989,#3292,#3293);
#2587=AXIS2_PLACEMENT_3D('',#3990,#3294,#3295);
#2588=AXIS2_PLACEMENT_3D('',#3992,#3297,#3298);
#2589=AXIS2_PLACEMENT_3D('',#3994,#3300,#3301);
#2590=AXIS2_PLACEMENT_3D('',#3995,#3302,#3303);
#2591=AXIS2_PLACEMENT_3D('',#3996,#3304,#3305);
#2592=AXIS2_PLACEMENT_3D('',#3998,#3307,#3308);
#2593=AXIS2_PLACEMENT_3D('',#3999,#3309,#3310);
#2594=DIRECTION('axis',(0.,0.,1.));
#2595=DIRECTION('refdir',(1.,0.,0.));
#2596=DIRECTION('center_axis',(0.,-1.,0.));
#2597=DIRECTION('ref_axis',(-1.,0.,0.));
#2598=DIRECTION('center_axis',(0.,-1.,0.));
#2599=DIRECTION('ref_axis',(-1.,0.,0.));
#2600=DIRECTION('',(-0.707106781186548,0.707106781186547,-8.65956056235494E-17));
#2601=DIRECTION('center_axis',(0.,1.,0.));
#2602=DIRECTION('ref_axis',(-1.,0.,0.));
#2603=DIRECTION('center_axis',(0.,1.,0.));
#2604=DIRECTION('ref_axis',(-1.,0.,0.));
#2605=DIRECTION('center_axis',(0.,1.,0.));
#2606=DIRECTION('ref_axis',(0.,0.,1.));
#2607=DIRECTION('',(0.069339668630912,0.,0.997593108614006));
#2608=DIRECTION('center_axis',(0.,1.,0.));
#2609=DIRECTION('ref_axis',(-1.,0.,0.));
#2610=DIRECTION('',(0.898610809015473,0.,-0.43874663978264));
#2611=DIRECTION('center_axis',(0.,1.,0.));
#2612=DIRECTION('ref_axis',(-1.,0.,0.));
#2613=DIRECTION('',(-0.898610809015473,0.,0.438746639782639));
#2614=DIRECTION('center_axis',(0.,-1.,0.));
#2615=DIRECTION('ref_axis',(1.,0.,0.));
#2616=DIRECTION('',(0.438746639782637,0.,-0.898610809015474));
#2617=DIRECTION('center_axis',(0.,1.,0.));
#2618=DIRECTION('ref_axis',(-1.,0.,0.));
#2619=DIRECTION('',(-0.438746639782638,0.,0.898610809015474));
#2620=DIRECTION('center_axis',(0.,1.,0.));
#2621=DIRECTION('ref_axis',(-1.,0.,0.));
#2622=DIRECTION('',(0.997593108614006,0.,0.0693396686309102));
#2623=DIRECTION('center_axis',(0.,1.,0.));
#2624=DIRECTION('ref_axis',(-1.,0.,0.));
#2625=DIRECTION('',(-0.997593108614006,0.,-0.0693396686309104));
#2626=DIRECTION('center_axis',(0.,-1.,0.));
#2627=DIRECTION('ref_axis',(1.,0.,0.));
#2628=DIRECTION('',(0.829271140384562,0.,-0.558846468831367));
#2629=DIRECTION('center_axis',(0.,1.,0.));
#2630=DIRECTION('ref_axis',(-1.,0.,0.));
#2631=DIRECTION('',(-0.829271140384562,0.,0.558846468831366));
#2632=DIRECTION('center_axis',(0.,1.,0.));
#2633=DIRECTION('ref_axis',(-1.,0.,0.));
#2634=DIRECTION('',(0.829271140384562,0.,0.558846468831368));
#2635=DIRECTION('center_axis',(0.,1.,0.));
#2636=DIRECTION('ref_axis',(-1.,0.,0.));
#2637=DIRECTION('',(-0.829271140384563,0.,-0.558846468831365));
#2638=DIRECTION('center_axis',(0.,-1.,0.));
#2639=DIRECTION('ref_axis',(1.,0.,0.));
#2640=DIRECTION('',(0.997593108614006,0.,-0.0693396686309114));
#2641=DIRECTION('center_axis',(0.,1.,0.));
#2642=DIRECTION('ref_axis',(-1.,0.,0.));
#2643=DIRECTION('',(-0.997593108614006,0.,0.0693396686309106));
#2644=DIRECTION('center_axis',(0.,1.,0.));
#2645=DIRECTION('ref_axis',(-1.,0.,0.));
#2646=DIRECTION('',(0.438746639782638,0.,0.898610809015474));
#2647=DIRECTION('center_axis',(0.,1.,0.));
#2648=DIRECTION('ref_axis',(-1.,0.,0.));
#2649=DIRECTION('',(-0.438746639782641,0.,-0.898610809015472));
#2650=DIRECTION('center_axis',(0.,-1.,0.));
#2651=DIRECTION('ref_axis',(1.,0.,0.));
#2652=DIRECTION('',(0.898610809015474,0.,0.438746639782637));
#2653=DIRECTION('center_axis',(0.,1.,0.));
#2654=DIRECTION('ref_axis',(-1.,0.,0.));
#2655=DIRECTION('',(-0.898610809015473,0.,-0.438746639782639));
#2656=DIRECTION('center_axis',(0.,1.,0.));
#2657=DIRECTION('ref_axis',(-1.,0.,0.));
#2658=DIRECTION('',(-0.0693396686309116,0.,0.997593108614006));
#2659=DIRECTION('center_axis',(0.,1.,0.));
#2660=DIRECTION('ref_axis',(-1.,0.,0.));
#2661=DIRECTION('',(0.0693396686309098,0.,-0.997593108614006));
#2662=DIRECTION('center_axis',(0.,-1.,0.));
#2663=DIRECTION('ref_axis',(1.,0.,0.));
#2664=DIRECTION('',(0.558846468831369,0.,0.829271140384561));
#2665=DIRECTION('center_axis',(0.,1.,0.));
#2666=DIRECTION('ref_axis',(-1.,0.,0.));
#2667=DIRECTION('',(-0.558846468831367,0.,-0.829271140384562));
#2668=DIRECTION('center_axis',(0.,1.,0.));
#2669=DIRECTION('ref_axis',(-1.,0.,0.));
#2670=DIRECTION('',(-0.558846468831367,0.,0.829271140384562));
#2671=DIRECTION('center_axis',(0.,1.,0.));
#2672=DIRECTION('ref_axis',(-1.,0.,0.));
#2673=DIRECTION('',(0.558846468831366,0.,-0.829271140384563));
#2674=DIRECTION('center_axis',(0.,-1.,0.));
#2675=DIRECTION('ref_axis',(1.,0.,0.));
#2676=DIRECTION('',(0.0693396686309128,0.,0.997593108614006));
#2677=DIRECTION('center_axis',(0.,1.,0.));
#2678=DIRECTION('ref_axis',(-1.,0.,0.));
#2679=DIRECTION('',(-0.0693396686309111,0.,-0.997593108614006));
#2680=DIRECTION('center_axis',(0.,1.,0.));
#2681=DIRECTION('ref_axis',(-1.,0.,0.));
#2682=DIRECTION('',(-0.898610809015473,0.,0.438746639782639));
#2683=DIRECTION('center_axis',(0.,1.,0.));
#2684=DIRECTION('ref_axis',(-1.,0.,0.));
#2685=DIRECTION('',(0.898610809015473,0.,-0.438746639782639));
#2686=DIRECTION('center_axis',(0.,-1.,0.));
#2687=DIRECTION('ref_axis',(1.,0.,0.));
#2688=DIRECTION('',(-0.438746639782638,0.,0.898610809015474));
#2689=DIRECTION('center_axis',(0.,1.,0.));
#2690=DIRECTION('ref_axis',(-1.,0.,0.));
#2691=DIRECTION('',(0.438746639782639,0.,-0.898610809015473));
#2692=DIRECTION('center_axis',(0.,1.,0.));
#2693=DIRECTION('ref_axis',(-1.,0.,0.));
#2694=DIRECTION('',(-0.997593108614006,0.,-0.0693396686309112));
#2695=DIRECTION('center_axis',(0.,1.,0.));
#2696=DIRECTION('ref_axis',(-1.,0.,0.));
#2697=DIRECTION('',(0.997593108614006,0.,0.0693396686309132));
#2698=DIRECTION('center_axis',(0.,-1.,0.));
#2699=DIRECTION('ref_axis',(1.,0.,0.));
#2700=DIRECTION('',(-0.829271140384562,0.,0.558846468831367));
#2701=DIRECTION('center_axis',(0.,1.,0.));
#2702=DIRECTION('ref_axis',(-1.,0.,0.));
#2703=DIRECTION('',(0.829271140384562,0.,-0.558846468831368));
#2704=DIRECTION('center_axis',(0.,1.,0.));
#2705=DIRECTION('ref_axis',(-1.,0.,0.));
#2706=DIRECTION('',(-0.829271140384562,0.,-0.558846468831368));
#2707=DIRECTION('center_axis',(0.,1.,0.));
#2708=DIRECTION('ref_axis',(-1.,0.,0.));
#2709=DIRECTION('',(0.829271140384561,0.,0.558846468831368));
#2710=DIRECTION('center_axis',(0.,-1.,0.));
#2711=DIRECTION('ref_axis',(1.,0.,0.));
#2712=DIRECTION('',(-0.997593108614006,0.,0.0693396686309126));
#2713=DIRECTION('center_axis',(0.,1.,0.));
#2714=DIRECTION('ref_axis',(-1.,0.,0.));
#2715=DIRECTION('',(0.997593108614006,0.,-0.0693396686309111));
#2716=DIRECTION('center_axis',(0.,1.,0.));
#2717=DIRECTION('ref_axis',(-1.,0.,0.));
#2718=DIRECTION('',(-0.438746639782639,0.,-0.898610809015473));
#2719=DIRECTION('center_axis',(0.,1.,0.));
#2720=DIRECTION('ref_axis',(-1.,0.,0.));
#2721=DIRECTION('',(0.438746639782637,0.,0.898610809015474));
#2722=DIRECTION('center_axis',(0.,-1.,0.));
#2723=DIRECTION('ref_axis',(1.,0.,0.));
#2724=DIRECTION('',(-0.898610809015474,0.,-0.438746639782637));
#2725=DIRECTION('center_axis',(0.,1.,0.));
#2726=DIRECTION('ref_axis',(-1.,0.,0.));
#2727=DIRECTION('',(0.898610809015473,0.,0.438746639782639));
#2728=DIRECTION('center_axis',(0.,1.,0.));
#2729=DIRECTION('ref_axis',(-1.,0.,0.));
#2730=DIRECTION('',(0.0693396686309106,0.,-0.997593108614006));
#2731=DIRECTION('center_axis',(0.,1.,0.));
#2732=DIRECTION('ref_axis',(-1.,0.,0.));
#2733=DIRECTION('',(-0.0693396686309124,0.,0.997593108614006));
#2734=DIRECTION('center_axis',(0.,-1.,0.));
#2735=DIRECTION('ref_axis',(1.,0.,0.));
#2736=DIRECTION('',(-0.558846468831369,0.,-0.829271140384561));
#2737=DIRECTION('center_axis',(0.,1.,0.));
#2738=DIRECTION('ref_axis',(-1.,0.,0.));
#2739=DIRECTION('',(0.558846468831367,0.,0.829271140384562));
#2740=DIRECTION('center_axis',(0.,1.,0.));
#2741=DIRECTION('ref_axis',(-1.,0.,0.));
#2742=DIRECTION('',(0.558846468831366,0.,-0.829271140384562));
#2743=DIRECTION('center_axis',(0.,1.,0.));
#2744=DIRECTION('ref_axis',(-1.,0.,0.));
#2745=DIRECTION('',(-0.558846468831367,0.,0.829271140384562));
#2746=DIRECTION('center_axis',(0.,-1.,0.));
#2747=DIRECTION('ref_axis',(1.,0.,0.));
#2748=DIRECTION('',(-0.069339668630914,0.,-0.997593108614006));
#2749=DIRECTION('center_axis',(0.,1.,0.));
#2750=DIRECTION('ref_axis',(-1.,0.,0.));
#2751=DIRECTION('center_axis',(0.,-1.,0.));
#2752=DIRECTION('ref_axis',(-1.,0.,0.));
#2753=DIRECTION('center_axis',(0.,-1.,0.));
#2754=DIRECTION('ref_axis',(-1.,0.,0.));
#2755=DIRECTION('center_axis',(0.,-1.,0.));
#2756=DIRECTION('ref_axis',(1.,0.,0.));
#2757=DIRECTION('center_axis',(0.,-1.,0.));
#2758=DIRECTION('ref_axis',(-1.,0.,0.));
#2759=DIRECTION('center_axis',(0.,1.,0.));
#2760=DIRECTION('ref_axis',(1.,0.,0.));
#2761=DIRECTION('',(0.,1.,0.));
#2762=DIRECTION('center_axis',(0.,1.,0.));
#2763=DIRECTION('ref_axis',(1.,0.,0.));
#2764=DIRECTION('center_axis',(0.,-1.,0.));
#2765=DIRECTION('ref_axis',(-1.,0.,0.));
#2766=DIRECTION('',(-0.707106781186548,0.707106781186548,-8.65956056235493E-17));
#2767=DIRECTION('center_axis',(0.,1.,0.));
#2768=DIRECTION('ref_axis',(-1.,0.,0.));
#2769=DIRECTION('center_axis',(0.,1.,0.));
#2770=DIRECTION('ref_axis',(-1.,0.,0.));
#2771=DIRECTION('center_axis',(0.,1.,0.));
#2772=DIRECTION('ref_axis',(1.,0.,0.));
#2773=DIRECTION('',(0.,1.,0.));
#2774=DIRECTION('center_axis',(0.,1.,0.));
#2775=DIRECTION('ref_axis',(1.,0.,0.));
#2776=DIRECTION('center_axis',(0.,-1.,0.));
#2777=DIRECTION('ref_axis',(-1.,0.,0.));
#2778=DIRECTION('',(-0.707106781186548,0.707106781186547,-8.65956056235494E-17));
#2779=DIRECTION('center_axis',(0.,1.,0.));
#2780=DIRECTION('ref_axis',(-1.,0.,0.));
#2781=DIRECTION('center_axis',(0.,1.,0.));
#2782=DIRECTION('ref_axis',(-1.,0.,0.));
#2783=DIRECTION('center_axis',(0.,1.,0.));
#2784=DIRECTION('ref_axis',(1.,0.,0.));
#2785=DIRECTION('',(0.,1.,0.));
#2786=DIRECTION('center_axis',(0.,1.,0.));
#2787=DIRECTION('ref_axis',(1.,0.,0.));
#2788=DIRECTION('center_axis',(0.,-1.,0.));
#2789=DIRECTION('ref_axis',(-1.,0.,0.));
#2790=DIRECTION('',(-0.707106781186548,0.707106781186547,-8.65956056235494E-17));
#2791=DIRECTION('center_axis',(0.,1.,0.));
#2792=DIRECTION('ref_axis',(-1.,0.,0.));
#2793=DIRECTION('center_axis',(0.,1.,0.));
#2794=DIRECTION('ref_axis',(-1.,0.,0.));
#2795=DIRECTION('center_axis',(0.,1.,0.));
#2796=DIRECTION('ref_axis',(1.,0.,0.));
#2797=DIRECTION('',(0.,1.,0.));
#2798=DIRECTION('center_axis',(0.,1.,0.));
#2799=DIRECTION('ref_axis',(1.,0.,0.));
#2800=DIRECTION('center_axis',(0.,1.,0.));
#2801=DIRECTION('ref_axis',(-1.,0.,0.));
#2802=DIRECTION('center_axis',(0.,1.,0.));
#2803=DIRECTION('ref_axis',(-1.,0.,0.));
#2804=DIRECTION('',(-0.707106781186549,-0.707106781186546,8.65956056235495E-17));
#2805=DIRECTION('center_axis',(0.,-1.,0.));
#2806=DIRECTION('ref_axis',(-1.,0.,0.));
#2807=DIRECTION('center_axis',(0.,-1.,0.));
#2808=DIRECTION('ref_axis',(-1.,0.,0.));
#2809=DIRECTION('center_axis',(0.,1.,0.));
#2810=DIRECTION('ref_axis',(0.,0.,1.));
#2811=DIRECTION('',(0.558846468831366,0.,-0.829271140384562));
#2812=DIRECTION('center_axis',(0.,1.,0.));
#2813=DIRECTION('ref_axis',(-1.,0.,0.));
#2814=DIRECTION('',(0.558846468831367,0.,0.829271140384562));
#2815=DIRECTION('center_axis',(0.,-1.,0.));
#2816=DIRECTION('ref_axis',(-1.,0.,0.));
#2817=DIRECTION('',(0.558846468831369,0.,0.829271140384561));
#2818=DIRECTION('center_axis',(0.,1.,0.));
#2819=DIRECTION('ref_axis',(1.,0.,0.));
#2820=DIRECTION('',(0.0693396686309124,0.,-0.997593108614006));
#2821=DIRECTION('center_axis',(0.,-1.,0.));
#2822=DIRECTION('ref_axis',(-1.,0.,0.));
#2823=DIRECTION('',(0.0693396686309106,0.,-0.997593108614006));
#2824=DIRECTION('center_axis',(0.,1.,0.));
#2825=DIRECTION('ref_axis',(-1.,0.,0.));
#2826=DIRECTION('',(0.898610809015473,0.,0.438746639782639));
#2827=DIRECTION('center_axis',(0.,-1.,0.));
#2828=DIRECTION('ref_axis',(-1.,0.,0.));
#2829=DIRECTION('',(0.898610809015474,0.,0.438746639782637));
#2830=DIRECTION('center_axis',(0.,1.,0.));
#2831=DIRECTION('ref_axis',(1.,0.,0.));
#2832=DIRECTION('',(-0.438746639782637,0.,-0.898610809015474));
#2833=DIRECTION('center_axis',(0.,-1.,0.));
#2834=DIRECTION('ref_axis',(-1.,0.,0.));
#2835=DIRECTION('',(-0.438746639782639,0.,-0.898610809015473));
#2836=DIRECTION('center_axis',(0.,1.,0.));
#2837=DIRECTION('ref_axis',(-1.,0.,0.));
#2838=DIRECTION('',(0.997593108614006,0.,-0.0693396686309111));
#2839=DIRECTION('center_axis',(0.,-1.,0.));
#2840=DIRECTION('ref_axis',(-1.,0.,0.));
#2841=DIRECTION('',(0.997593108614006,0.,-0.0693396686309126));
#2842=DIRECTION('center_axis',(0.,1.,0.));
#2843=DIRECTION('ref_axis',(1.,0.,0.));
#2844=DIRECTION('',(-0.829271140384561,0.,-0.558846468831368));
#2845=DIRECTION('center_axis',(0.,-1.,0.));
#2846=DIRECTION('ref_axis',(-1.,0.,0.));
#2847=DIRECTION('',(-0.829271140384562,0.,-0.558846468831368));
#2848=DIRECTION('center_axis',(0.,1.,0.));
#2849=DIRECTION('ref_axis',(-1.,0.,0.));
#2850=DIRECTION('',(0.829271140384562,0.,-0.558846468831368));
#2851=DIRECTION('center_axis',(0.,-1.,0.));
#2852=DIRECTION('ref_axis',(-1.,0.,0.));
#2853=DIRECTION('',(0.829271140384562,0.,-0.558846468831367));
#2854=DIRECTION('center_axis',(0.,1.,0.));
#2855=DIRECTION('ref_axis',(1.,0.,0.));
#2856=DIRECTION('',(-0.997593108614006,0.,-0.0693396686309132));
#2857=DIRECTION('center_axis',(0.,-1.,0.));
#2858=DIRECTION('ref_axis',(-1.,0.,0.));
#2859=DIRECTION('',(-0.997593108614006,0.,-0.0693396686309112));
#2860=DIRECTION('center_axis',(0.,1.,0.));
#2861=DIRECTION('ref_axis',(-1.,0.,0.));
#2862=DIRECTION('',(0.438746639782639,0.,-0.898610809015473));
#2863=DIRECTION('center_axis',(0.,-1.,0.));
#2864=DIRECTION('ref_axis',(-1.,0.,0.));
#2865=DIRECTION('',(0.438746639782638,0.,-0.898610809015474));
#2866=DIRECTION('center_axis',(0.,1.,0.));
#2867=DIRECTION('ref_axis',(1.,0.,0.));
#2868=DIRECTION('',(-0.898610809015473,0.,0.438746639782639));
#2869=DIRECTION('center_axis',(0.,-1.,0.));
#2870=DIRECTION('ref_axis',(-1.,0.,0.));
#2871=DIRECTION('',(-0.898610809015473,0.,0.438746639782639));
#2872=DIRECTION('center_axis',(0.,1.,0.));
#2873=DIRECTION('ref_axis',(-1.,0.,0.));
#2874=DIRECTION('',(-0.0693396686309111,0.,-0.997593108614006));
#2875=DIRECTION('center_axis',(0.,-1.,0.));
#2876=DIRECTION('ref_axis',(-1.,0.,0.));
#2877=DIRECTION('',(-0.0693396686309128,0.,-0.997593108614006));
#2878=DIRECTION('center_axis',(0.,1.,0.));
#2879=DIRECTION('ref_axis',(1.,0.,0.));
#2880=DIRECTION('',(-0.558846468831366,0.,0.829271140384563));
#2881=DIRECTION('center_axis',(0.,-1.,0.));
#2882=DIRECTION('ref_axis',(-1.,0.,0.));
#2883=DIRECTION('',(-0.558846468831367,0.,0.829271140384562));
#2884=DIRECTION('center_axis',(0.,1.,0.));
#2885=DIRECTION('ref_axis',(-1.,0.,0.));
#2886=DIRECTION('',(-0.558846468831367,0.,-0.829271140384562));
#2887=DIRECTION('center_axis',(0.,-1.,0.));
#2888=DIRECTION('ref_axis',(-1.,0.,0.));
#2889=DIRECTION('',(-0.558846468831369,0.,-0.829271140384561));
#2890=DIRECTION('center_axis',(0.,1.,0.));
#2891=DIRECTION('ref_axis',(1.,0.,0.));
#2892=DIRECTION('',(-0.0693396686309098,0.,0.997593108614006));
#2893=DIRECTION('center_axis',(0.,-1.,0.));
#2894=DIRECTION('ref_axis',(-1.,0.,0.));
#2895=DIRECTION('',(-0.0693396686309116,0.,0.997593108614006));
#2896=DIRECTION('center_axis',(0.,1.,0.));
#2897=DIRECTION('ref_axis',(-1.,0.,0.));
#2898=DIRECTION('',(-0.898610809015473,0.,-0.438746639782639));
#2899=DIRECTION('center_axis',(0.,-1.,0.));
#2900=DIRECTION('ref_axis',(-1.,0.,0.));
#2901=DIRECTION('',(-0.898610809015474,0.,-0.438746639782637));
#2902=DIRECTION('center_axis',(0.,1.,0.));
#2903=DIRECTION('ref_axis',(1.,0.,0.));
#2904=DIRECTION('',(0.438746639782641,0.,0.898610809015472));
#2905=DIRECTION('center_axis',(0.,-1.,0.));
#2906=DIRECTION('ref_axis',(-1.,0.,0.));
#2907=DIRECTION('',(0.438746639782638,0.,0.898610809015474));
#2908=DIRECTION('center_axis',(0.,1.,0.));
#2909=DIRECTION('ref_axis',(-1.,0.,0.));
#2910=DIRECTION('',(-0.997593108614006,0.,0.0693396686309106));
#2911=DIRECTION('center_axis',(0.,-1.,0.));
#2912=DIRECTION('ref_axis',(-1.,0.,0.));
#2913=DIRECTION('',(-0.997593108614006,0.,0.0693396686309114));
#2914=DIRECTION('center_axis',(0.,1.,0.));
#2915=DIRECTION('ref_axis',(1.,0.,0.));
#2916=DIRECTION('',(0.829271140384563,0.,0.558846468831365));
#2917=DIRECTION('center_axis',(0.,-1.,0.));
#2918=DIRECTION('ref_axis',(-1.,0.,0.));
#2919=DIRECTION('',(0.829271140384562,0.,0.558846468831368));
#2920=DIRECTION('center_axis',(0.,1.,0.));
#2921=DIRECTION('ref_axis',(-1.,0.,0.));
#2922=DIRECTION('',(-0.829271140384562,0.,0.558846468831366));
#2923=DIRECTION('center_axis',(0.,-1.,0.));
#2924=DIRECTION('ref_axis',(-1.,0.,0.));
#2925=DIRECTION('',(-0.829271140384562,0.,0.558846468831367));
#2926=DIRECTION('center_axis',(0.,1.,0.));
#2927=DIRECTION('ref_axis',(1.,0.,0.));
#2928=DIRECTION('',(0.997593108614006,0.,0.0693396686309104));
#2929=DIRECTION('center_axis',(0.,-1.,0.));
#2930=DIRECTION('ref_axis',(-1.,0.,0.));
#2931=DIRECTION('',(0.997593108614006,0.,0.0693396686309102));
#2932=DIRECTION('center_axis',(0.,1.,0.));
#2933=DIRECTION('ref_axis',(-1.,0.,0.));
#2934=DIRECTION('',(-0.438746639782638,0.,0.898610809015474));
#2935=DIRECTION('center_axis',(0.,-1.,0.));
#2936=DIRECTION('ref_axis',(-1.,0.,0.));
#2937=DIRECTION('',(-0.438746639782637,0.,0.898610809015474));
#2938=DIRECTION('center_axis',(0.,1.,0.));
#2939=DIRECTION('ref_axis',(1.,0.,0.));
#2940=DIRECTION('',(0.898610809015473,0.,-0.438746639782639));
#2941=DIRECTION('center_axis',(0.,-1.,0.));
#2942=DIRECTION('ref_axis',(-1.,0.,0.));
#2943=DIRECTION('',(0.898610809015473,0.,-0.43874663978264));
#2944=DIRECTION('center_axis',(0.,1.,0.));
#2945=DIRECTION('ref_axis',(-1.,0.,0.));
#2946=DIRECTION('',(0.069339668630912,0.,0.997593108614006));
#2947=DIRECTION('center_axis',(0.,-1.,0.));
#2948=DIRECTION('ref_axis',(-1.,0.,0.));
#2949=DIRECTION('',(0.069339668630914,0.,0.997593108614006));
#2950=DIRECTION('center_axis',(0.,1.,0.));
#2951=DIRECTION('ref_axis',(1.,0.,0.));
#2952=DIRECTION('',(0.558846468831367,0.,-0.829271140384562));
#2953=DIRECTION('center_axis',(0.,-1.,0.));
#2954=DIRECTION('ref_axis',(-1.,0.,0.));
#2955=DIRECTION('center_axis',(0.,1.,0.));
#2956=DIRECTION('ref_axis',(-1.,0.,0.));
#2957=DIRECTION('center_axis',(0.,1.,0.));
#2958=DIRECTION('ref_axis',(-1.,0.,0.));
#2959=DIRECTION('center_axis',(0.,-1.,0.));
#2960=DIRECTION('ref_axis',(1.,0.,0.));
#2961=DIRECTION('center_axis',(0.,1.,0.));
#2962=DIRECTION('ref_axis',(-1.,0.,0.));
#2963=DIRECTION('center_axis',(0.,1.,0.));
#2964=DIRECTION('ref_axis',(1.,0.,0.));
#2965=DIRECTION('',(0.,-1.,0.));
#2966=DIRECTION('center_axis',(0.,1.,0.));
#2967=DIRECTION('ref_axis',(1.,0.,0.));
#2968=DIRECTION('center_axis',(0.,1.,0.));
#2969=DIRECTION('ref_axis',(-1.,0.,0.));
#2970=DIRECTION('',(-0.707106781186549,-0.707106781186546,8.65956056235495E-17));
#2971=DIRECTION('center_axis',(0.,-1.,0.));
#2972=DIRECTION('ref_axis',(-1.,0.,0.));
#2973=DIRECTION('center_axis',(0.,-1.,0.));
#2974=DIRECTION('ref_axis',(-1.,0.,0.));
#2975=DIRECTION('center_axis',(0.,1.,0.));
#2976=DIRECTION('ref_axis',(1.,0.,0.));
#2977=DIRECTION('',(0.,-1.,0.));
#2978=DIRECTION('center_axis',(0.,1.,0.));
#2979=DIRECTION('ref_axis',(1.,0.,0.));
#2980=DIRECTION('center_axis',(0.,1.,0.));
#2981=DIRECTION('ref_axis',(-1.,0.,0.));
#2982=DIRECTION('',(-0.707106781186549,-0.707106781186546,8.65956056235495E-17));
#2983=DIRECTION('center_axis',(0.,-1.,0.));
#2984=DIRECTION('ref_axis',(-1.,0.,0.));
#2985=DIRECTION('center_axis',(0.,-1.,0.));
#2986=DIRECTION('ref_axis',(-1.,0.,0.));
#2987=DIRECTION('center_axis',(0.,1.,0.));
#2988=DIRECTION('ref_axis',(1.,0.,0.));
#2989=DIRECTION('',(0.,-1.,0.));
#2990=DIRECTION('center_axis',(0.,1.,0.));
#2991=DIRECTION('ref_axis',(1.,0.,0.));
#2992=DIRECTION('center_axis',(0.,1.,0.));
#2993=DIRECTION('ref_axis',(-1.,0.,0.));
#2994=DIRECTION('',(-0.707106781186549,-0.707106781186546,8.65956056235495E-17));
#2995=DIRECTION('center_axis',(0.,-1.,0.));
#2996=DIRECTION('ref_axis',(-1.,0.,0.));
#2997=DIRECTION('center_axis',(0.,-1.,0.));
#2998=DIRECTION('ref_axis',(-1.,0.,0.));
#2999=DIRECTION('center_axis',(0.,1.,0.));
#3000=DIRECTION('ref_axis',(1.,0.,0.));
#3001=DIRECTION('',(0.,-1.,0.));
#3002=DIRECTION('center_axis',(0.,1.,0.));
#3003=DIRECTION('ref_axis',(1.,0.,0.));
#3004=DIRECTION('center_axis',(0.,1.,0.));
#3005=DIRECTION('ref_axis',(1.,0.,0.));
#3006=DIRECTION('center_axis',(0.,1.,0.));
#3007=DIRECTION('ref_axis',(1.,0.,0.));
#3008=DIRECTION('center_axis',(0.,1.,0.));
#3009=DIRECTION('ref_axis',(1.,0.,0.));
#3010=DIRECTION('center_axis',(0.,1.,0.));
#3011=DIRECTION('ref_axis',(1.,0.,0.));
#3012=DIRECTION('center_axis',(0.,1.,0.));
#3013=DIRECTION('ref_axis',(1.,0.,0.));
#3014=DIRECTION('center_axis',(0.,1.,0.));
#3015=DIRECTION('ref_axis',(1.,0.,0.));
#3016=DIRECTION('center_axis',(0.,1.,0.));
#3017=DIRECTION('ref_axis',(1.,0.,0.));
#3018=DIRECTION('center_axis',(0.,1.,0.));
#3019=DIRECTION('ref_axis',(1.,0.,0.));
#3020=DIRECTION('center_axis',(0.,-1.,0.));
#3021=DIRECTION('ref_axis',(-1.,0.,0.));
#3022=DIRECTION('',(0.,1.,0.));
#3023=DIRECTION('',(0.,-1.,0.));
#3024=DIRECTION('center_axis',(0.,-1.,0.));
#3025=DIRECTION('ref_axis',(-1.,0.,0.));
#3026=DIRECTION('',(0.,-1.,0.));
#3027=DIRECTION('',(0.,-1.,0.));
#3028=DIRECTION('center_axis',(-0.997593108614006,0.,0.069339668630914));
#3029=DIRECTION('ref_axis',(-0.069339668630914,0.,-0.997593108614006));
#3030=DIRECTION('',(0.,-1.,0.));
#3031=DIRECTION('center_axis',(0.829271140384562,0.,0.558846468831367));
#3032=DIRECTION('ref_axis',(-0.558846468831367,0.,0.829271140384562));
#3033=DIRECTION('',(0.,-1.,0.));
#3034=DIRECTION('center_axis',(0.,-1.,0.));
#3035=DIRECTION('ref_axis',(-1.,0.,0.));
#3036=DIRECTION('',(0.,-1.,0.));
#3037=DIRECTION('',(0.,-1.,0.));
#3038=DIRECTION('center_axis',(0.898610809015474,0.,-0.438746639782637));
#3039=DIRECTION('ref_axis',(0.438746639782637,0.,0.898610809015474));
#3040=DIRECTION('',(0.,-1.,0.));
#3041=DIRECTION('center_axis',(-0.438746639782637,0.,0.898610809015474));
#3042=DIRECTION('ref_axis',(-0.898610809015474,0.,-0.438746639782637));
#3043=DIRECTION('',(0.,-1.,0.));
#3044=DIRECTION('',(0.,-1.,0.));
#3045=DIRECTION('center_axis',(0.,-1.,0.));
#3046=DIRECTION('ref_axis',(-1.,0.,0.));
#3047=DIRECTION('',(0.,1.,0.));
#3048=DIRECTION('center_axis',(0.,-1.,0.));
#3049=DIRECTION('ref_axis',(-1.,0.,0.));
#3050=DIRECTION('',(0.,1.,0.));
#3051=DIRECTION('',(0.,-1.,0.));
#3052=DIRECTION('center_axis',(0.,-1.,0.));
#3053=DIRECTION('ref_axis',(-1.,0.,0.));
#3054=DIRECTION('',(0.,-1.,0.));
#3055=DIRECTION('',(0.,-1.,0.));
#3056=DIRECTION('center_axis',(-0.558846468831367,0.,-0.829271140384562));
#3057=DIRECTION('ref_axis',(0.829271140384562,0.,-0.558846468831367));
#3058=DIRECTION('',(0.,-1.,0.));
#3059=DIRECTION('center_axis',(-0.0693396686309104,0.,0.997593108614006));
#3060=DIRECTION('ref_axis',(-0.997593108614006,0.,-0.0693396686309104));
#3061=DIRECTION('',(0.,-1.,0.));
#3062=DIRECTION('center_axis',(0.,-1.,0.));
#3063=DIRECTION('ref_axis',(-1.,0.,0.));
#3064=DIRECTION('',(0.,-1.,0.));
#3065=DIRECTION('',(0.,-1.,0.));
#3066=DIRECTION('center_axis',(-0.829271140384563,0.,-0.558846468831366));
#3067=DIRECTION('ref_axis',(0.558846468831366,0.,-0.829271140384563));
#3068=DIRECTION('',(0.,-1.,0.));
#3069=DIRECTION('center_axis',(0.997593108614006,0.,-0.0693396686309128));
#3070=DIRECTION('ref_axis',(0.0693396686309128,0.,0.997593108614006));
#3071=DIRECTION('',(0.,-1.,0.));
#3072=DIRECTION('',(0.,-1.,0.));
#3073=DIRECTION('center_axis',(0.,-1.,0.));
#3074=DIRECTION('ref_axis',(-1.,0.,0.));
#3075=DIRECTION('',(0.,1.,0.));
#3076=DIRECTION('center_axis',(0.,-1.,0.));
#3077=DIRECTION('ref_axis',(-1.,0.,0.));
#3078=DIRECTION('',(0.,1.,0.));
#3079=DIRECTION('',(0.,-1.,0.));
#3080=DIRECTION('center_axis',(0.0693396686309132,0.,-0.997593108614006));
#3081=DIRECTION('ref_axis',(0.997593108614006,0.,0.0693396686309132));
#3082=DIRECTION('',(0.,-1.,0.));
#3083=DIRECTION('',(0.,-1.,0.));
#3084=DIRECTION('center_axis',(0.,-1.,0.));
#3085=DIRECTION('ref_axis',(-1.,0.,0.));
#3086=DIRECTION('',(0.,-1.,0.));
#3087=DIRECTION('center_axis',(0.558846468831367,0.,0.829271140384562));
#3088=DIRECTION('ref_axis',(-0.829271140384562,0.,0.558846468831367));
#3089=DIRECTION('',(0.,-1.,0.));
#3090=DIRECTION('center_axis',(0.,-1.,0.));
#3091=DIRECTION('ref_axis',(-1.,0.,0.));
#3092=DIRECTION('',(0.,-1.,0.));
#3093=DIRECTION('',(0.,-1.,0.));
#3094=DIRECTION('center_axis',(-0.997593108614006,0.,-0.0693396686309098));
#3095=DIRECTION('ref_axis',(0.0693396686309098,0.,-0.997593108614006));
#3096=DIRECTION('',(0.,-1.,0.));
#3097=DIRECTION('center_axis',(0.829271140384561,0.,-0.558846468831369));
#3098=DIRECTION('ref_axis',(0.558846468831369,0.,0.829271140384561));
#3099=DIRECTION('',(0.,-1.,0.));
#3100=DIRECTION('',(0.,-1.,0.));
#3101=DIRECTION('center_axis',(0.,-1.,0.));
#3102=DIRECTION('ref_axis',(-1.,0.,0.));
#3103=DIRECTION('',(0.,1.,0.));
#3104=DIRECTION('center_axis',(0.,-1.,0.));
#3105=DIRECTION('ref_axis',(-1.,0.,0.));
#3106=DIRECTION('',(0.,1.,0.));
#3107=DIRECTION('',(0.,-1.,0.));
#3108=DIRECTION('center_axis',(0.,-1.,0.));
#3109=DIRECTION('ref_axis',(-1.,0.,0.));
#3110=DIRECTION('',(0.,-1.,0.));
#3111=DIRECTION('',(0.,-1.,0.));
#3112=DIRECTION('center_axis',(-0.898610809015474,0.,-0.438746639782637));
#3113=DIRECTION('ref_axis',(0.438746639782637,0.,-0.898610809015474));
#3114=DIRECTION('',(0.,-1.,0.));
#3115=DIRECTION('center_axis',(0.438746639782639,0.,0.898610809015473));
#3116=DIRECTION('ref_axis',(-0.898610809015473,0.,0.438746639782639));
#3117=DIRECTION('',(0.,-1.,0.));
#3118=DIRECTION('center_axis',(0.,-1.,0.));
#3119=DIRECTION('ref_axis',(-1.,0.,0.));
#3120=DIRECTION('',(0.,-1.,0.));
#3121=DIRECTION('',(0.,-1.,0.));
#3122=DIRECTION('center_axis',(0.997593108614006,0.,0.0693396686309124));
#3123=DIRECTION('ref_axis',(-0.0693396686309124,0.,0.997593108614006));
#3124=DIRECTION('',(0.,-1.,0.));
#3125=DIRECTION('center_axis',(-0.829271140384561,0.,0.558846468831369));
#3126=DIRECTION('ref_axis',(-0.558846468831369,0.,-0.829271140384561));
#3127=DIRECTION('',(0.,-1.,0.));
#3128=DIRECTION('',(0.,-1.,0.));
#3129=DIRECTION('center_axis',(0.,-1.,0.));
#3130=DIRECTION('ref_axis',(-1.,0.,0.));
#3131=DIRECTION('',(0.,1.,0.));
#3132=DIRECTION('center_axis',(0.,-1.,0.));
#3133=DIRECTION('ref_axis',(-1.,0.,0.));
#3134=DIRECTION('',(0.,1.,0.));
#3135=DIRECTION('',(0.,-1.,0.));
#3136=DIRECTION('center_axis',(0.,-1.,0.));
#3137=DIRECTION('ref_axis',(-1.,0.,0.));
#3138=DIRECTION('',(0.,-1.,0.));
#3139=DIRECTION('',(0.,-1.,0.));
#3140=DIRECTION('center_axis',(-0.0693396686309114,0.,-0.997593108614006));
#3141=DIRECTION('ref_axis',(0.997593108614006,0.,-0.0693396686309114));
#3142=DIRECTION('',(0.,-1.,0.));
#3143=DIRECTION('center_axis',(-0.558846468831365,0.,0.829271140384563));
#3144=DIRECTION('ref_axis',(-0.829271140384563,0.,-0.558846468831365));
#3145=DIRECTION('',(0.,-1.,0.));
#3146=DIRECTION('center_axis',(0.,-1.,0.));
#3147=DIRECTION('ref_axis',(-1.,0.,0.));
#3148=DIRECTION('',(0.,-1.,0.));
#3149=DIRECTION('',(0.,-1.,0.));
#3150=DIRECTION('center_axis',(-0.438746639782639,0.,-0.898610809015473));
#3151=DIRECTION('ref_axis',(0.898610809015473,0.,-0.438746639782639));
#3152=DIRECTION('',(0.,-1.,0.));
#3153=DIRECTION('center_axis',(0.898610809015474,0.,0.438746639782638));
#3154=DIRECTION('ref_axis',(-0.438746639782638,0.,0.898610809015474));
#3155=DIRECTION('',(0.,-1.,0.));
#3156=DIRECTION('',(0.,-1.,0.));
#3157=DIRECTION('center_axis',(0.,-1.,0.));
#3158=DIRECTION('ref_axis',(-1.,0.,0.));
#3159=DIRECTION('',(0.,1.,0.));
#3160=DIRECTION('center_axis',(0.,-1.,0.));
#3161=DIRECTION('ref_axis',(-1.,0.,0.));
#3162=DIRECTION('',(0.,1.,0.));
#3163=DIRECTION('',(0.,-1.,0.));
#3164=DIRECTION('center_axis',(0.558846468831368,0.,-0.829271140384561));
#3165=DIRECTION('ref_axis',(0.829271140384561,0.,0.558846468831368));
#3166=DIRECTION('',(0.,-1.,0.));
#3167=DIRECTION('',(0.,-1.,0.));
#3168=DIRECTION('center_axis',(0.,-1.,0.));
#3169=DIRECTION('ref_axis',(-1.,0.,0.));
#3170=DIRECTION('',(0.,-1.,0.));
#3171=DIRECTION('center_axis',(0.0693396686309126,0.,0.997593108614006));
#3172=DIRECTION('ref_axis',(-0.997593108614006,0.,0.0693396686309126));
#3173=DIRECTION('',(0.,-1.,0.));
#3174=DIRECTION('center_axis',(0.,-1.,0.));
#3175=DIRECTION('ref_axis',(-1.,0.,0.));
#3176=DIRECTION('',(0.,-1.,0.));
#3177=DIRECTION('',(0.,-1.,0.));
#3178=DIRECTION('center_axis',(-0.898610809015472,0.,0.438746639782641));
#3179=DIRECTION('ref_axis',(-0.438746639782641,0.,-0.898610809015472));
#3180=DIRECTION('',(0.,-1.,0.));
#3181=DIRECTION('center_axis',(0.438746639782637,0.,-0.898610809015474));
#3182=DIRECTION('ref_axis',(0.898610809015474,0.,0.438746639782637));
#3183=DIRECTION('',(0.,-1.,0.));
#3184=DIRECTION('',(0.,-1.,0.));
#3185=DIRECTION('center_axis',(0.,-1.,0.));
#3186=DIRECTION('ref_axis',(-1.,0.,0.));
#3187=DIRECTION('',(0.,1.,0.));
#3188=DIRECTION('center_axis',(0.829271140384563,0.,0.558846468831366));
#3189=DIRECTION('ref_axis',(0.558846468831366,0.,-0.829271140384562));
#3190=DIRECTION('',(0.,1.,0.));
#3191=DIRECTION('center_axis',(-0.997593108614006,0.,0.069339668630912));
#3192=DIRECTION('ref_axis',(0.069339668630912,0.,0.997593108614006));
#3193=DIRECTION('',(0.,1.,0.));
#3194=DIRECTION('center_axis',(-0.438746639782639,0.,0.898610809015473));
#3195=DIRECTION('ref_axis',(0.898610809015473,0.,0.438746639782639));
#3196=DIRECTION('',(0.,1.,0.));
#3197=DIRECTION('center_axis',(-0.0693396686309102,0.,0.997593108614006));
#3198=DIRECTION('ref_axis',(0.997593108614006,0.,0.0693396686309102));
#3199=DIRECTION('',(0.,1.,0.));
#3200=DIRECTION('center_axis',(-0.558846468831366,0.,-0.829271140384563));
#3201=DIRECTION('ref_axis',(-0.829271140384562,0.,0.558846468831366));
#3202=DIRECTION('',(0.,1.,0.));
#3203=DIRECTION('center_axis',(0.997593108614006,0.,-0.0693396686309111));
#3204=DIRECTION('ref_axis',(-0.0693396686309111,0.,-0.997593108614006));
#3205=DIRECTION('',(0.,1.,0.));
#3206=DIRECTION('center_axis',(0.0693396686309112,0.,-0.997593108614006));
#3207=DIRECTION('ref_axis',(-0.997593108614006,0.,-0.0693396686309112));
#3208=DIRECTION('',(0.,1.,0.));
#3209=DIRECTION('center_axis',(0.829271140384562,0.,-0.558846468831367));
#3210=DIRECTION('ref_axis',(-0.558846468831367,0.,-0.829271140384562));
#3211=DIRECTION('',(0.,1.,0.));
#3212=DIRECTION('center_axis',(0.43874663978264,0.,0.898610809015473));
#3213=DIRECTION('ref_axis',(0.898610809015473,0.,-0.43874663978264));
#3214=DIRECTION('',(0.,1.,0.));
#3215=DIRECTION('center_axis',(-0.898610809015474,0.,-0.438746639782638));
#3216=DIRECTION('ref_axis',(-0.438746639782638,0.,0.898610809015474));
#3217=DIRECTION('',(0.,1.,0.));
#3218=DIRECTION('center_axis',(-0.829271140384562,0.,0.558846468831367));
#3219=DIRECTION('ref_axis',(0.558846468831367,0.,0.829271140384562));
#3220=DIRECTION('',(0.,1.,0.));
#3221=DIRECTION('center_axis',(-0.558846468831368,0.,0.829271140384562));
#3222=DIRECTION('ref_axis',(0.829271140384562,0.,0.558846468831368));
#3223=DIRECTION('',(0.,1.,0.));
#3224=DIRECTION('center_axis',(-0.0693396686309106,0.,-0.997593108614006));
#3225=DIRECTION('ref_axis',(-0.997593108614006,0.,0.0693396686309106));
#3226=DIRECTION('',(0.,1.,0.));
#3227=DIRECTION('center_axis',(0.898610809015473,0.,0.438746639782639));
#3228=DIRECTION('ref_axis',(0.438746639782639,0.,-0.898610809015473));
#3229=DIRECTION('',(0.,1.,0.));
#3230=DIRECTION('center_axis',(0.558846468831368,0.,-0.829271140384562));
#3231=DIRECTION('ref_axis',(-0.829271140384562,0.,-0.558846468831368));
#3232=DIRECTION('',(0.,1.,0.));
#3233=DIRECTION('center_axis',(0.438746639782639,0.,-0.898610809015473));
#3234=DIRECTION('ref_axis',(-0.898610809015473,0.,-0.438746639782639));
#3235=DIRECTION('',(0.,1.,0.));
#3236=DIRECTION('center_axis',(0.,1.,0.));
#3237=DIRECTION('ref_axis',(1.,0.,0.));
#3238=DIRECTION('',(0.,-1.,0.));
#3239=DIRECTION('center_axis',(0.,1.,0.));
#3240=DIRECTION('ref_axis',(-1.,0.,0.));
#3241=DIRECTION('center_axis',(0.,1.,0.));
#3242=DIRECTION('ref_axis',(-1.,0.,0.));
#3243=DIRECTION('center_axis',(0.,1.,0.));
#3244=DIRECTION('ref_axis',(-1.,0.,0.));
#3245=DIRECTION('center_axis',(0.,1.,0.));
#3246=DIRECTION('ref_axis',(-1.,0.,0.));
#3247=DIRECTION('center_axis',(0.,1.,0.));
#3248=DIRECTION('ref_axis',(-1.,0.,0.));
#3249=DIRECTION('center_axis',(0.,1.,0.));
#3250=DIRECTION('ref_axis',(-1.,0.,0.));
#3251=DIRECTION('center_axis',(0.,1.,0.));
#3252=DIRECTION('ref_axis',(-1.,0.,0.));
#3253=DIRECTION('center_axis',(0.,1.,0.));
#3254=DIRECTION('ref_axis',(-1.,0.,0.));
#3255=DIRECTION('center_axis',(0.,1.,0.));
#3256=DIRECTION('ref_axis',(-1.,0.,0.));
#3257=DIRECTION('',(0.,1.,0.));
#3258=DIRECTION('center_axis',(-0.898610809015474,0.,0.438746639782638));
#3259=DIRECTION('ref_axis',(0.438746639782638,0.,0.898610809015474));
#3260=DIRECTION('center_axis',(0.,1.,0.));
#3261=DIRECTION('ref_axis',(-1.,0.,0.));
#3262=DIRECTION('center_axis',(0.,1.,0.));
#3263=DIRECTION('ref_axis',(-1.,0.,0.));
#3264=DIRECTION('',(0.,1.,0.));
#3265=DIRECTION('center_axis',(-0.997593108614006,0.,-0.0693396686309116));
#3266=DIRECTION('ref_axis',(-0.0693396686309116,0.,0.997593108614006));
#3267=DIRECTION('center_axis',(0.,1.,0.));
#3268=DIRECTION('ref_axis',(-1.,0.,0.));
#3269=DIRECTION('center_axis',(0.,1.,0.));
#3270=DIRECTION('ref_axis',(-1.,0.,0.));
#3271=DIRECTION('',(0.,1.,0.));
#3272=DIRECTION('center_axis',(-0.829271140384562,0.,-0.558846468831367));
#3273=DIRECTION('ref_axis',(-0.558846468831367,0.,0.829271140384562));
#3274=DIRECTION('center_axis',(0.,1.,0.));
#3275=DIRECTION('ref_axis',(-1.,0.,0.));
#3276=DIRECTION('center_axis',(0.,1.,0.));
#3277=DIRECTION('ref_axis',(-1.,0.,0.));
#3278=DIRECTION('',(0.,1.,0.));
#3279=DIRECTION('center_axis',(-0.438746639782639,0.,-0.898610809015473));
#3280=DIRECTION('ref_axis',(-0.898610809015473,0.,0.438746639782639));
#3281=DIRECTION('center_axis',(0.,1.,0.));
#3282=DIRECTION('ref_axis',(-1.,0.,0.));
#3283=DIRECTION('center_axis',(0.,1.,0.));
#3284=DIRECTION('ref_axis',(-1.,0.,0.));
#3285=DIRECTION('center_axis',(0.,1.,0.));
#3286=DIRECTION('ref_axis',(-1.,0.,0.));
#3287=DIRECTION('center_axis',(0.558846468831368,0.,0.829271140384562));
#3288=DIRECTION('ref_axis',(0.829271140384562,0.,-0.558846468831368));
#3289=DIRECTION('',(0.,1.,0.));
#3290=DIRECTION('center_axis',(0.,1.,0.));
#3291=DIRECTION('ref_axis',(1.,0.,1.22464679914735E-16));
#3292=DIRECTION('center_axis',(0.,1.,0.));
#3293=DIRECTION('ref_axis',(-1.,0.,0.));
#3294=DIRECTION('center_axis',(0.0693396686309111,0.,0.997593108614006));
#3295=DIRECTION('ref_axis',(0.997593108614006,0.,-0.0693396686309111));
#3296=DIRECTION('',(0.,1.,0.));
#3297=DIRECTION('center_axis',(0.,1.,0.));
#3298=DIRECTION('ref_axis',(-1.,0.,0.));
#3299=DIRECTION('',(0.,1.,0.));
#3300=DIRECTION('center_axis',(0.898610809015473,0.,-0.438746639782639));
#3301=DIRECTION('ref_axis',(-0.438746639782639,0.,-0.898610809015473));
#3302=DIRECTION('center_axis',(0.,1.,0.));
#3303=DIRECTION('ref_axis',(-1.,0.,0.));
#3304=DIRECTION('center_axis',(0.,1.,0.));
#3305=DIRECTION('ref_axis',(-1.,0.,0.));
#3306=DIRECTION('',(0.,1.,0.));
#3307=DIRECTION('center_axis',(0.997593108614006,0.,0.0693396686309106));
#3308=DIRECTION('ref_axis',(0.0693396686309106,0.,-0.997593108614006));
#3309=DIRECTION('center_axis',(0.,1.,0.));
#3310=DIRECTION('ref_axis',(-1.,0.,0.));
#3311=CARTESIAN_POINT('',(0.,0.,0.));
#3312=CARTESIAN_POINT('Origin',(-17.8696277863478,0.25,-4.78815233439663));
#3313=CARTESIAN_POINT('',(-15.9196277863478,0.,-4.78815233439663));
#3314=CARTESIAN_POINT('Origin',(-17.8696277863478,0.,-4.78815233439663));
#3315=CARTESIAN_POINT('',(-16.4196277863478,0.5,-4.78815233439663));
#3316=CARTESIAN_POINT('',(-16.1696277863478,0.25,-4.78815233439663));
#3317=CARTESIAN_POINT('',(-19.3196277863478,0.499999999999999,-4.78815233439663));
#3318=CARTESIAN_POINT('Origin',(-17.8696277863478,0.5,-4.78815233439663));
#3319=CARTESIAN_POINT('Origin',(-17.8696277863478,0.5,-4.78815233439663));
#3320=CARTESIAN_POINT('Origin',(0.,0.,0.));
#3321=CARTESIAN_POINT('',(-8.41741415649193,0.,15.9105983205563));
#3322=CARTESIAN_POINT('',(-8.17892172172473,0.,19.341800316152));
#3323=CARTESIAN_POINT('',(-8.41741415649193,0.,15.9105983205563));
#3324=CARTESIAN_POINT('',(-9.57027525676582,0.,15.2449936539749));
#3325=CARTESIAN_POINT('Origin',(0.,0.,0.));
#3326=CARTESIAN_POINT('',(-12.6610295678512,0.,16.754054144654));
#3327=CARTESIAN_POINT('',(-14.1597087986213,0.,17.4857841327818));
#3328=CARTESIAN_POINT('',(-11.9750176551538,0.,17.2510565519551));
#3329=CARTESIAN_POINT('Origin',(0.,0.,0.));
#3330=CARTESIAN_POINT('',(-13.5035295187659,0.,17.9973523201558));
#3331=CARTESIAN_POINT('',(-3.73937386932616,2.22044604925031E-15,13.2300042774588));
#3332=CARTESIAN_POINT('',(-17.9973523201558,0.,13.5035295187659));
#3333=CARTESIAN_POINT('Origin',(0.,0.,0.));
#3334=CARTESIAN_POINT('',(-17.2510565519551,0.,11.9750176551539));
#3335=CARTESIAN_POINT('',(-13.6031521615591,0.,4.50362980113218));
#3336=CARTESIAN_POINT('',(-16.754054144654,0.,12.6610295678512));
#3337=CARTESIAN_POINT('Origin',(0.,0.,0.));
#3338=CARTESIAN_POINT('',(-15.2449936539749,0.,9.57027525676583));
#3339=CARTESIAN_POINT('',(-15.2449936539749,0.,9.57027525676583));
#3340=CARTESIAN_POINT('',(-15.9105983205563,0.,8.41741415649194));
#3341=CARTESIAN_POINT('Origin',(0.,0.,0.));
#3342=CARTESIAN_POINT('',(-19.341800316152,0.,8.17892172172475));
#3343=CARTESIAN_POINT('',(-21.005559596187,0.,8.06327886476926));
#3344=CARTESIAN_POINT('',(-18.9961977761079,0.,8.9523443885382));
#3345=CARTESIAN_POINT('Origin',(0.,0.,0.));
#3346=CARTESIAN_POINT('',(-20.6930757640822,0.,8.83439955073084));
#3347=CARTESIAN_POINT('',(-9.85339490381355,2.22044604925031E-15,9.58783286179301));
#3348=CARTESIAN_POINT('',(-22.3379290694967,0.,2.6957234439264));
#3349=CARTESIAN_POINT('Origin',(0.,0.,0.));
#3350=CARTESIAN_POINT('',(-20.927362043692,0.,1.74514122415285));
#3351=CARTESIAN_POINT('',(-14.0324902440215,2.22044604925031E-15,-2.90131826375843));
#3352=CARTESIAN_POINT('',(-20.8399512895759,0.,2.58774617149803));
#3353=CARTESIAN_POINT('Origin',(0.,0.,0.));
#3354=CARTESIAN_POINT('',(-17.9876894132578,0.,0.665604666581368));
#3355=CARTESIAN_POINT('',(-17.9876894132578,0.,0.665604666581368));
#3356=CARTESIAN_POINT('',(-17.9876894132578,0.,-0.665604666581389));
#3357=CARTESIAN_POINT('Origin',(0.,0.,0.));
#3358=CARTESIAN_POINT('',(-20.8399512895759,0.,-2.58774617149805));
#3359=CARTESIAN_POINT('',(-22.2229876633906,0.,-3.51977546340522));
#3360=CARTESIAN_POINT('',(-20.927362043692,0.,-1.74514122415283));
#3361=CARTESIAN_POINT('Origin',(0.,0.,0.));
#3362=CARTESIAN_POINT('',(-22.3379290694967,0.,-2.69572344392637));
#3363=CARTESIAN_POINT('',(-13.3272067311191,2.22044604925031E-15,3.37660937364522));
#3364=CARTESIAN_POINT('',(-20.6930757640822,0.,-8.8343995507308));
#3365=CARTESIAN_POINT('Origin',(0.,0.,0.));
#3366=CARTESIAN_POINT('',(-18.996197776108,0.,-8.95234438853817));
#3367=CARTESIAN_POINT('',(-10.7018338978007,0.,-9.5288604428893));
#3368=CARTESIAN_POINT('',(-19.341800316152,0.,-8.17892172172475));
#3369=CARTESIAN_POINT('Origin',(0.,0.,0.));
#3370=CARTESIAN_POINT('',(-15.9105983205563,0.,-8.41741415649194));
#3371=CARTESIAN_POINT('',(-15.9105983205563,0.,-8.41741415649194));
#3372=CARTESIAN_POINT('',(-15.2449936539749,0.,-9.57027525676583));
#3373=CARTESIAN_POINT('Origin',(0.,0.,0.));
#3374=CARTESIAN_POINT('',(-16.754054144654,0.,-12.6610295678512));
#3375=CARTESIAN_POINT('',(-17.4857841327818,0.,-14.1597087986214));
#3376=CARTESIAN_POINT('',(-17.2510565519551,0.,-11.9750176551538));
#3377=CARTESIAN_POINT('Origin',(0.,0.,0.));
#3378=CARTESIAN_POINT('',(-17.9973523201558,0.,-13.5035295187659));
#3379=CARTESIAN_POINT('',(-13.2300042774588,0.,-3.73937386932616));
#3380=CARTESIAN_POINT('',(-13.5035295187659,0.,-17.9973523201558));
#3381=CARTESIAN_POINT('Origin',(0.,0.,0.));
#3382=CARTESIAN_POINT('',(-11.9750176551539,0.,-17.2510565519551));
#3383=CARTESIAN_POINT('',(-4.50362980113219,-4.44089209850063E-15,-13.6031521615591));
#3384=CARTESIAN_POINT('',(-12.6610295678512,0.,-16.754054144654));
#3385=CARTESIAN_POINT('Origin',(0.,0.,0.));
#3386=CARTESIAN_POINT('',(-9.57027525676582,0.,-15.2449936539749));
#3387=CARTESIAN_POINT('',(-9.57027525676582,0.,-15.2449936539749));
#3388=CARTESIAN_POINT('',(-8.41741415649193,0.,-15.9105983205563));
#3389=CARTESIAN_POINT('Origin',(0.,0.,0.));
#3390=CARTESIAN_POINT('',(-8.17892172172473,0.,-19.341800316152));
#3391=CARTESIAN_POINT('',(-8.06327886476924,0.,-21.005559596187));
#3392=CARTESIAN_POINT('',(-8.9523443885382,0.,-18.9961977761079));
#3393=CARTESIAN_POINT('Origin',(0.,0.,0.));
#3394=CARTESIAN_POINT('',(-8.83439955073084,0.,-20.6930757640822));
#3395=CARTESIAN_POINT('',(-9.58783286179301,-2.22044604925031E-15,-9.85339490381355));
#3396=CARTESIAN_POINT('',(-2.69572344392641,0.,-22.3379290694967));
#3397=CARTESIAN_POINT('Origin',(0.,0.,0.));
#3398=CARTESIAN_POINT('',(-1.74514122415286,0.,-20.927362043692));
#3399=CARTESIAN_POINT('',(2.90131826375843,2.22044604925031E-15,-14.0324902440215));
#3400=CARTESIAN_POINT('',(-2.58774617149803,0.,-20.8399512895759));
#3401=CARTESIAN_POINT('Origin',(0.,0.,0.));
#3402=CARTESIAN_POINT('',(-0.66560466658137,0.,-17.9876894132578));
#3403=CARTESIAN_POINT('',(-0.665604666581372,0.,-17.9876894132578));
#3404=CARTESIAN_POINT('',(0.665604666581383,0.,-17.9876894132578));
#3405=CARTESIAN_POINT('Origin',(0.,0.,0.));
#3406=CARTESIAN_POINT('',(2.58774617149805,0.,-20.8399512895759));
#3407=CARTESIAN_POINT('',(3.51977546340521,0.,-22.2229876633906));
#3408=CARTESIAN_POINT('',(1.74514122415282,0.,-20.927362043692));
#3409=CARTESIAN_POINT('Origin',(0.,0.,0.));
#3410=CARTESIAN_POINT('',(2.69572344392636,0.,-22.3379290694967));
#3411=CARTESIAN_POINT('',(-3.37660937364523,0.,-13.3272067311192));
#3412=CARTESIAN_POINT('',(8.8343995507308,0.,-20.6930757640822));
#3413=CARTESIAN_POINT('Origin',(0.,0.,0.));
#3414=CARTESIAN_POINT('',(8.95234438853817,0.,-18.996197776108));
#3415=CARTESIAN_POINT('',(9.52886044288931,2.22044604925031E-15,-10.7018338978007));
#3416=CARTESIAN_POINT('',(8.17892172172474,0.,-19.341800316152));
#3417=CARTESIAN_POINT('Origin',(0.,0.,0.));
#3418=CARTESIAN_POINT('',(8.41741415649194,0.,-15.9105983205563));
#3419=CARTESIAN_POINT('',(8.41741415649194,0.,-15.9105983205563));
#3420=CARTESIAN_POINT('',(9.57027525676583,0.,-15.2449936539749));
#3421=CARTESIAN_POINT('Origin',(0.,0.,0.));
#3422=CARTESIAN_POINT('',(12.6610295678512,0.,-16.754054144654));
#3423=CARTESIAN_POINT('',(14.1597087986214,0.,-17.4857841327818));
#3424=CARTESIAN_POINT('',(11.9750176551538,0.,-17.2510565519551));
#3425=CARTESIAN_POINT('Origin',(0.,0.,0.));
#3426=CARTESIAN_POINT('',(13.5035295187658,0.,-17.9973523201559));
#3427=CARTESIAN_POINT('',(3.73937386932615,-2.22044604925031E-15,-13.2300042774588));
#3428=CARTESIAN_POINT('',(17.9973523201558,0.,-13.5035295187659));
#3429=CARTESIAN_POINT('Origin',(0.,0.,0.));
#3430=CARTESIAN_POINT('',(17.2510565519551,0.,-11.9750176551539));
#3431=CARTESIAN_POINT('',(13.6031521615591,0.,-4.50362980113219));
#3432=CARTESIAN_POINT('',(16.754054144654,0.,-12.6610295678512));
#3433=CARTESIAN_POINT('Origin',(0.,0.,0.));
#3434=CARTESIAN_POINT('',(15.2449936539749,0.,-9.57027525676582));
#3435=CARTESIAN_POINT('',(15.2449936539749,0.,-9.57027525676582));
#3436=CARTESIAN_POINT('',(15.9105983205563,0.,-8.41741415649193));
#3437=CARTESIAN_POINT('Origin',(0.,0.,0.));
#3438=CARTESIAN_POINT('',(19.341800316152,0.,-8.17892172172474));
#3439=CARTESIAN_POINT('',(21.005559596187,0.,-8.06327886476925));
#3440=CARTESIAN_POINT('',(18.996197776108,0.,-8.95234438853819));
#3441=CARTESIAN_POINT('Origin',(0.,0.,0.));
#3442=CARTESIAN_POINT('',(20.6930757640822,0.,-8.83439955073083));
#3443=CARTESIAN_POINT('',(9.85339490381357,4.44089209850063E-15,-9.58783286179302));
#3444=CARTESIAN_POINT('',(22.3379290694967,0.,-2.69572344392639));
#3445=CARTESIAN_POINT('Origin',(0.,0.,0.));
#3446=CARTESIAN_POINT('',(20.927362043692,0.,-1.74514122415284));
#3447=CARTESIAN_POINT('',(14.0324902440215,0.,2.90131826375844));
#3448=CARTESIAN_POINT('',(20.8399512895759,0.,-2.58774617149804));
#3449=CARTESIAN_POINT('Origin',(0.,0.,0.));
#3450=CARTESIAN_POINT('',(17.9876894132578,0.,-0.665604666581377));
#3451=CARTESIAN_POINT('',(17.,0.,0.));
#3452=CARTESIAN_POINT('',(17.9876894132578,0.,0.665604666581377));
#3453=CARTESIAN_POINT('Origin',(0.,0.,0.));
#3454=CARTESIAN_POINT('',(20.8399512895759,0.,2.58774617149804));
#3455=CARTESIAN_POINT('',(22.2229876633906,0.,3.5197754634052));
#3456=CARTESIAN_POINT('',(20.927362043692,0.,1.74514122415284));
#3457=CARTESIAN_POINT('Origin',(0.,0.,0.));
#3458=CARTESIAN_POINT('',(22.3379290694967,0.,2.69572344392639));
#3459=CARTESIAN_POINT('',(13.3272067311192,2.22044604925031E-15,-3.37660937364522));
#3460=CARTESIAN_POINT('',(20.6930757640822,0.,8.83439955073082));
#3461=CARTESIAN_POINT('Origin',(0.,0.,0.));
#3462=CARTESIAN_POINT('',(18.996197776108,0.,8.95234438853818));
#3463=CARTESIAN_POINT('',(10.7018338978007,2.22044604925031E-15,9.52886044288933));
#3464=CARTESIAN_POINT('',(19.341800316152,0.,8.17892172172474));
#3465=CARTESIAN_POINT('Origin',(0.,0.,0.));
#3466=CARTESIAN_POINT('',(15.9105983205563,0.,8.41741415649193));
#3467=CARTESIAN_POINT('',(15.9105983205563,0.,8.41741415649193));
#3468=CARTESIAN_POINT('',(15.2449936539749,0.,9.57027525676582));
#3469=CARTESIAN_POINT('Origin',(0.,0.,0.));
#3470=CARTESIAN_POINT('',(16.754054144654,0.,12.6610295678512));
#3471=CARTESIAN_POINT('',(17.4857841327818,0.,14.1597087986213));
#3472=CARTESIAN_POINT('',(17.2510565519551,0.,11.9750176551538));
#3473=CARTESIAN_POINT('Origin',(0.,0.,0.));
#3474=CARTESIAN_POINT('',(17.9973523201558,0.,13.5035295187659));
#3475=CARTESIAN_POINT('',(13.2300042774588,4.44089209850063E-15,3.73937386932616));
#3476=CARTESIAN_POINT('',(13.5035295187659,0.,17.9973523201558));
#3477=CARTESIAN_POINT('Origin',(0.,0.,0.));
#3478=CARTESIAN_POINT('',(11.9750176551539,0.,17.2510565519551));
#3479=CARTESIAN_POINT('',(4.50362980113218,0.,13.6031521615592));
#3480=CARTESIAN_POINT('',(12.6610295678512,0.,16.754054144654));
#3481=CARTESIAN_POINT('Origin',(0.,0.,0.));
#3482=CARTESIAN_POINT('',(9.57027525676583,0.,15.2449936539749));
#3483=CARTESIAN_POINT('',(9.57027525676582,0.,15.2449936539749));
#3484=CARTESIAN_POINT('',(8.41741415649194,0.,15.9105983205563));
#3485=CARTESIAN_POINT('Origin',(0.,0.,0.));
#3486=CARTESIAN_POINT('',(8.17892172172474,0.,19.341800316152));
#3487=CARTESIAN_POINT('',(8.06327886476926,0.,21.005559596187));
#3488=CARTESIAN_POINT('',(8.9523443885382,0.,18.996197776108));
#3489=CARTESIAN_POINT('Origin',(0.,0.,0.));
#3490=CARTESIAN_POINT('',(8.83439955073083,0.,20.6930757640822));
#3491=CARTESIAN_POINT('',(9.58783286179302,2.22044604925031E-15,9.85339490381356));
#3492=CARTESIAN_POINT('',(2.69572344392639,0.,22.3379290694967));
#3493=CARTESIAN_POINT('Origin',(0.,0.,0.));
#3494=CARTESIAN_POINT('',(1.74514122415285,0.,20.927362043692));
#3495=CARTESIAN_POINT('',(-2.90131826375845,0.,14.0324902440215));
#3496=CARTESIAN_POINT('',(2.58774617149804,0.,20.8399512895759));
#3497=CARTESIAN_POINT('Origin',(0.,0.,0.));
#3498=CARTESIAN_POINT('',(0.665604666581383,0.,17.9876894132578));
#3499=CARTESIAN_POINT('',(0.66560466658138,0.,17.9876894132578));
#3500=CARTESIAN_POINT('',(-0.665604666581368,0.,17.9876894132578));
#3501=CARTESIAN_POINT('Origin',(0.,0.,0.));
#3502=CARTESIAN_POINT('',(-2.58774617149803,0.,20.8399512895759));
#3503=CARTESIAN_POINT('',(-3.51977546340519,0.,22.2229876633906));
#3504=CARTESIAN_POINT('',(-1.74514122415283,0.,20.927362043692));
#3505=CARTESIAN_POINT('Origin',(0.,0.,0.));
#3506=CARTESIAN_POINT('',(-2.69572344392638,0.,22.3379290694967));
#3507=CARTESIAN_POINT('',(3.37660937364522,0.,13.3272067311192));
#3508=CARTESIAN_POINT('',(-8.83439955073081,0.,20.6930757640822));
#3509=CARTESIAN_POINT('Origin',(0.,0.,0.));
#3510=CARTESIAN_POINT('',(-8.95234438853818,0.,18.996197776108));
#3511=CARTESIAN_POINT('',(-9.52886044288933,0.,10.7018338978007));
#3512=CARTESIAN_POINT('Origin',(0.,0.,0.));
#3513=CARTESIAN_POINT('',(6.73815233439663,0.,-17.8696277863478));
#3514=CARTESIAN_POINT('Origin',(4.78815233439663,0.,-17.8696277863478));
#3515=CARTESIAN_POINT('',(-2.83815233439663,0.,17.8696277863478));
#3516=CARTESIAN_POINT('Origin',(-4.78815233439663,0.,17.8696277863478));
#3517=CARTESIAN_POINT('',(-14.97,0.,1.83329625832359E-15));
#3518=CARTESIAN_POINT('Origin',(0.,0.,0.));
#3519=CARTESIAN_POINT('',(19.8196277863478,0.,4.78815233439664));
#3520=CARTESIAN_POINT('Origin',(17.8696277863478,0.,4.78815233439664));
#3521=CARTESIAN_POINT('Origin',(-17.8696277863478,3.5,-4.78815233439663));
#3522=CARTESIAN_POINT('',(-19.3196277863478,7.,-4.78815233439663));
#3523=CARTESIAN_POINT('',(-19.3196277863478,3.5,-4.78815233439663));
#3524=CARTESIAN_POINT('Origin',(-17.8696277863478,7.,-4.78815233439663));
#3525=CARTESIAN_POINT('Origin',(4.78815233439663,0.25,-17.8696277863478));
#3526=CARTESIAN_POINT('',(6.23815233439663,0.5,-17.8696277863478));
#3527=CARTESIAN_POINT('',(6.48815233439663,0.25,-17.8696277863478));
#3528=CARTESIAN_POINT('',(3.33815233439663,0.499999999999999,-17.8696277863478));
#3529=CARTESIAN_POINT('Origin',(4.78815233439663,0.5,-17.8696277863478));
#3530=CARTESIAN_POINT('Origin',(4.78815233439663,0.5,-17.8696277863478));
#3531=CARTESIAN_POINT('Origin',(4.78815233439663,3.5,-17.8696277863478));
#3532=CARTESIAN_POINT('',(3.33815233439663,7.,-17.8696277863478));
#3533=CARTESIAN_POINT('',(3.33815233439663,3.5,-17.8696277863478));
#3534=CARTESIAN_POINT('Origin',(4.78815233439663,7.,-17.8696277863478));
#3535=CARTESIAN_POINT('Origin',(17.8696277863478,0.25,4.78815233439664));
#3536=CARTESIAN_POINT('',(19.3196277863478,0.5,4.78815233439664));
#3537=CARTESIAN_POINT('',(19.5696277863478,0.25,4.78815233439664));
#3538=CARTESIAN_POINT('',(16.4196277863478,0.499999999999999,4.78815233439664));
#3539=CARTESIAN_POINT('Origin',(17.8696277863478,0.5,4.78815233439664));
#3540=CARTESIAN_POINT('Origin',(17.8696277863478,0.5,4.78815233439664));
#3541=CARTESIAN_POINT('Origin',(17.8696277863478,3.5,4.78815233439664));
#3542=CARTESIAN_POINT('',(16.4196277863478,7.,4.78815233439664));
#3543=CARTESIAN_POINT('',(16.4196277863478,3.5,4.78815233439664));
#3544=CARTESIAN_POINT('Origin',(17.8696277863478,7.,4.78815233439664));
#3545=CARTESIAN_POINT('Origin',(-4.78815233439663,0.25,17.8696277863478));
#3546=CARTESIAN_POINT('',(-3.33815233439663,0.5,17.8696277863478));
#3547=CARTESIAN_POINT('',(-3.08815233439663,0.25,17.8696277863478));
#3548=CARTESIAN_POINT('',(-6.23815233439663,0.499999999999999,17.8696277863478));
#3549=CARTESIAN_POINT('Origin',(-4.78815233439663,0.5,17.8696277863478));
#3550=CARTESIAN_POINT('Origin',(-4.78815233439663,0.5,17.8696277863478));
#3551=CARTESIAN_POINT('Origin',(-4.78815233439663,3.5,17.8696277863478));
#3552=CARTESIAN_POINT('',(-6.23815233439663,7.,17.8696277863478));
#3553=CARTESIAN_POINT('',(-6.23815233439663,3.5,17.8696277863478));
#3554=CARTESIAN_POINT('Origin',(-4.78815233439663,7.,17.8696277863478));
#3555=CARTESIAN_POINT('Origin',(-17.8696277863478,31.75,-4.78815233439663));
#3556=CARTESIAN_POINT('',(-15.9196277863478,32.,-4.78815233439663));
#3557=CARTESIAN_POINT('Origin',(-17.8696277863478,32.,-4.78815233439663));
#3558=CARTESIAN_POINT('',(-16.4196277863478,31.5,-4.78815233439663));
#3559=CARTESIAN_POINT('',(-16.1696277863478,31.75,-4.78815233439663));
#3560=CARTESIAN_POINT('',(-19.3196277863478,31.5,-4.78815233439663));
#3561=CARTESIAN_POINT('Origin',(-17.8696277863478,31.5,-4.78815233439663));
#3562=CARTESIAN_POINT('Origin',(-17.8696277863478,31.5,-4.78815233439663));
#3563=CARTESIAN_POINT('Origin',(0.,32.,0.));
#3564=CARTESIAN_POINT('',(-2.58774617149803,32.,20.8399512895759));
#3565=CARTESIAN_POINT('',(-0.665604666581368,32.,17.9876894132578));
#3566=CARTESIAN_POINT('',(-3.51977546340519,32.,22.2229876633906));
#3567=CARTESIAN_POINT('',(0.665604666581383,32.,17.9876894132578));
#3568=CARTESIAN_POINT('Origin',(0.,32.,0.));
#3569=CARTESIAN_POINT('',(2.58774617149804,32.,20.8399512895759));
#3570=CARTESIAN_POINT('',(0.66560466658138,32.,17.9876894132578));
#3571=CARTESIAN_POINT('',(1.74514122415285,32.,20.927362043692));
#3572=CARTESIAN_POINT('Origin',(0.,32.,0.));
#3573=CARTESIAN_POINT('',(2.69572344392639,32.,22.3379290694967));
#3574=CARTESIAN_POINT('',(1.74514122415285,32.,20.927362043692));
#3575=CARTESIAN_POINT('',(8.83439955073083,32.,20.6930757640822));
#3576=CARTESIAN_POINT('Origin',(0.,32.,0.));
#3577=CARTESIAN_POINT('',(8.9523443885382,32.,18.996197776108));
#3578=CARTESIAN_POINT('',(8.83439955073083,32.,20.6930757640822));
#3579=CARTESIAN_POINT('',(8.17892172172474,32.,19.341800316152));
#3580=CARTESIAN_POINT('Origin',(0.,32.,0.));
#3581=CARTESIAN_POINT('',(8.41741415649194,32.,15.9105983205563));
#3582=CARTESIAN_POINT('',(8.06327886476926,32.,21.005559596187));
#3583=CARTESIAN_POINT('',(9.57027525676583,32.,15.2449936539749));
#3584=CARTESIAN_POINT('Origin',(0.,32.,0.));
#3585=CARTESIAN_POINT('',(12.6610295678512,32.,16.754054144654));
#3586=CARTESIAN_POINT('',(9.57027525676582,32.,15.2449936539749));
#3587=CARTESIAN_POINT('',(11.9750176551539,32.,17.2510565519551));
#3588=CARTESIAN_POINT('Origin',(0.,32.,0.));
#3589=CARTESIAN_POINT('',(13.5035295187659,32.,17.9973523201558));
#3590=CARTESIAN_POINT('',(11.9750176551539,32.,17.2510565519551));
#3591=CARTESIAN_POINT('',(17.9973523201558,32.,13.5035295187659));
#3592=CARTESIAN_POINT('Origin',(0.,32.,0.));
#3593=CARTESIAN_POINT('',(17.2510565519551,32.,11.9750176551538));
#3594=CARTESIAN_POINT('',(17.9973523201558,32.,13.5035295187659));
#3595=CARTESIAN_POINT('',(16.754054144654,32.,12.6610295678512));
#3596=CARTESIAN_POINT('Origin',(0.,32.,0.));
#3597=CARTESIAN_POINT('',(15.2449936539749,32.,9.57027525676582));
#3598=CARTESIAN_POINT('',(17.4857841327818,32.,14.1597087986213));
#3599=CARTESIAN_POINT('',(15.9105983205563,32.,8.41741415649193));
#3600=CARTESIAN_POINT('Origin',(0.,32.,0.));
#3601=CARTESIAN_POINT('',(19.341800316152,32.,8.17892172172474));
#3602=CARTESIAN_POINT('',(15.9105983205563,32.,8.41741415649193));
#3603=CARTESIAN_POINT('',(18.996197776108,32.,8.95234438853818));
#3604=CARTESIAN_POINT('Origin',(0.,32.,0.));
#3605=CARTESIAN_POINT('',(20.6930757640822,32.,8.83439955073082));
#3606=CARTESIAN_POINT('',(18.996197776108,32.,8.95234438853818));
#3607=CARTESIAN_POINT('',(22.3379290694967,32.,2.69572344392639));
#3608=CARTESIAN_POINT('Origin',(0.,32.,0.));
#3609=CARTESIAN_POINT('',(20.927362043692,32.,1.74514122415284));
#3610=CARTESIAN_POINT('',(22.3379290694967,32.,2.69572344392639));
#3611=CARTESIAN_POINT('',(20.8399512895759,32.,2.58774617149804));
#3612=CARTESIAN_POINT('Origin',(0.,32.,0.));
#3613=CARTESIAN_POINT('',(17.9876894132578,32.,0.665604666581376));
#3614=CARTESIAN_POINT('',(22.2229876633906,32.,3.5197754634052));
#3615=CARTESIAN_POINT('',(17.9876894132578,32.,-0.665604666581376));
#3616=CARTESIAN_POINT('Origin',(0.,32.,0.));
#3617=CARTESIAN_POINT('',(20.8399512895759,32.,-2.58774617149804));
#3618=CARTESIAN_POINT('',(17.,32.,0.));
#3619=CARTESIAN_POINT('',(20.927362043692,32.,-1.74514122415284));
#3620=CARTESIAN_POINT('Origin',(0.,32.,0.));
#3621=CARTESIAN_POINT('',(22.3379290694967,32.,-2.69572344392639));
#3622=CARTESIAN_POINT('',(20.927362043692,32.,-1.74514122415284));
#3623=CARTESIAN_POINT('',(20.6930757640822,32.,-8.83439955073083));
#3624=CARTESIAN_POINT('Origin',(0.,32.,0.));
#3625=CARTESIAN_POINT('',(18.996197776108,32.,-8.95234438853819));
#3626=CARTESIAN_POINT('',(20.6930757640822,32.,-8.83439955073082));
#3627=CARTESIAN_POINT('',(19.341800316152,32.,-8.17892172172474));
#3628=CARTESIAN_POINT('Origin',(0.,32.,0.));
#3629=CARTESIAN_POINT('',(15.9105983205563,32.,-8.41741415649193));
#3630=CARTESIAN_POINT('',(21.005559596187,32.,-8.06327886476925));
#3631=CARTESIAN_POINT('',(15.2449936539749,32.,-9.57027525676582));
#3632=CARTESIAN_POINT('Origin',(0.,32.,0.));
#3633=CARTESIAN_POINT('',(16.754054144654,32.,-12.6610295678512));
#3634=CARTESIAN_POINT('',(15.2449936539749,32.,-9.57027525676582));
#3635=CARTESIAN_POINT('',(17.2510565519551,32.,-11.9750176551539));
#3636=CARTESIAN_POINT('Origin',(0.,32.,0.));
#3637=CARTESIAN_POINT('',(17.9973523201558,32.,-13.5035295187659));
#3638=CARTESIAN_POINT('',(17.2510565519551,32.,-11.9750176551539));
#3639=CARTESIAN_POINT('',(13.5035295187658,32.,-17.9973523201559));
#3640=CARTESIAN_POINT('Origin',(0.,32.,0.));
#3641=CARTESIAN_POINT('',(11.9750176551538,32.,-17.2510565519551));
#3642=CARTESIAN_POINT('',(13.5035295187659,32.,-17.9973523201559));
#3643=CARTESIAN_POINT('',(12.6610295678512,32.,-16.754054144654));
#3644=CARTESIAN_POINT('Origin',(0.,32.,0.));
#3645=CARTESIAN_POINT('',(9.57027525676583,32.,-15.2449936539749));
#3646=CARTESIAN_POINT('',(14.1597087986214,32.,-17.4857841327818));
#3647=CARTESIAN_POINT('',(8.41741415649194,32.,-15.9105983205563));
#3648=CARTESIAN_POINT('Origin',(0.,32.,0.));
#3649=CARTESIAN_POINT('',(8.17892172172474,32.,-19.341800316152));
#3650=CARTESIAN_POINT('',(8.41741415649194,32.,-15.9105983205563));
#3651=CARTESIAN_POINT('',(8.95234438853817,32.,-18.996197776108));
#3652=CARTESIAN_POINT('Origin',(0.,32.,0.));
#3653=CARTESIAN_POINT('',(8.8343995507308,32.,-20.6930757640822));
#3654=CARTESIAN_POINT('',(8.95234438853817,32.,-18.996197776108));
#3655=CARTESIAN_POINT('',(2.69572344392636,32.,-22.3379290694967));
#3656=CARTESIAN_POINT('Origin',(0.,32.,0.));
#3657=CARTESIAN_POINT('',(1.74514122415282,32.,-20.927362043692));
#3658=CARTESIAN_POINT('',(2.69572344392637,32.,-22.3379290694967));
#3659=CARTESIAN_POINT('',(2.58774617149805,32.,-20.8399512895759));
#3660=CARTESIAN_POINT('Origin',(0.,32.,0.));
#3661=CARTESIAN_POINT('',(0.665604666581383,32.,-17.9876894132578));
#3662=CARTESIAN_POINT('',(3.51977546340521,32.,-22.2229876633906));
#3663=CARTESIAN_POINT('',(-0.66560466658137,32.,-17.9876894132578));
#3664=CARTESIAN_POINT('Origin',(0.,32.,0.));
#3665=CARTESIAN_POINT('',(-2.58774617149803,32.,-20.8399512895759));
#3666=CARTESIAN_POINT('',(-0.665604666581372,32.,-17.9876894132578));
#3667=CARTESIAN_POINT('',(-1.74514122415286,32.,-20.927362043692));
#3668=CARTESIAN_POINT('Origin',(0.,32.,0.));
#3669=CARTESIAN_POINT('',(-2.69572344392641,32.,-22.3379290694967));
#3670=CARTESIAN_POINT('',(-1.74514122415286,32.,-20.927362043692));
#3671=CARTESIAN_POINT('',(-8.83439955073084,32.,-20.6930757640822));
#3672=CARTESIAN_POINT('Origin',(0.,32.,0.));
#3673=CARTESIAN_POINT('',(-8.9523443885382,32.,-18.9961977761079));
#3674=CARTESIAN_POINT('',(-8.83439955073084,32.,-20.6930757640822));
#3675=CARTESIAN_POINT('',(-8.17892172172473,32.,-19.341800316152));
#3676=CARTESIAN_POINT('Origin',(0.,32.,0.));
#3677=CARTESIAN_POINT('',(-8.41741415649193,32.,-15.9105983205563));
#3678=CARTESIAN_POINT('',(-8.06327886476924,32.,-21.005559596187));
#3679=CARTESIAN_POINT('',(-9.57027525676582,32.,-15.2449936539749));
#3680=CARTESIAN_POINT('Origin',(0.,32.,0.));
#3681=CARTESIAN_POINT('',(-12.6610295678512,32.,-16.754054144654));
#3682=CARTESIAN_POINT('',(-9.57027525676582,32.,-15.2449936539749));
#3683=CARTESIAN_POINT('',(-11.9750176551539,32.,-17.2510565519551));
#3684=CARTESIAN_POINT('Origin',(0.,32.,0.));
#3685=CARTESIAN_POINT('',(-13.5035295187659,32.,-17.9973523201558));
#3686=CARTESIAN_POINT('',(-11.9750176551539,32.,-17.2510565519551));
#3687=CARTESIAN_POINT('',(-17.9973523201558,32.,-13.5035295187659));
#3688=CARTESIAN_POINT('Origin',(0.,32.,0.));
#3689=CARTESIAN_POINT('',(-17.2510565519551,32.,-11.9750176551538));
#3690=CARTESIAN_POINT('',(-17.9973523201559,32.,-13.5035295187659));
#3691=CARTESIAN_POINT('',(-16.754054144654,32.,-12.6610295678512));
#3692=CARTESIAN_POINT('Origin',(0.,32.,0.));
#3693=CARTESIAN_POINT('',(-15.2449936539749,32.,-9.57027525676583));
#3694=CARTESIAN_POINT('',(-17.4857841327818,32.,-14.1597087986214));
#3695=CARTESIAN_POINT('',(-15.9105983205563,32.,-8.41741415649194));
#3696=CARTESIAN_POINT('Origin',(0.,32.,0.));
#3697=CARTESIAN_POINT('',(-19.341800316152,32.,-8.17892172172475));
#3698=CARTESIAN_POINT('',(-15.9105983205563,32.,-8.41741415649194));
#3699=CARTESIAN_POINT('',(-18.996197776108,32.,-8.95234438853817));
#3700=CARTESIAN_POINT('Origin',(0.,32.,0.));
#3701=CARTESIAN_POINT('',(-20.6930757640822,32.,-8.8343995507308));
#3702=CARTESIAN_POINT('',(-18.996197776108,32.,-8.95234438853817));
#3703=CARTESIAN_POINT('',(-22.3379290694967,32.,-2.69572344392637));
#3704=CARTESIAN_POINT('Origin',(0.,32.,0.));
#3705=CARTESIAN_POINT('',(-20.927362043692,32.,-1.74514122415283));
#3706=CARTESIAN_POINT('',(-22.3379290694967,32.,-2.69572344392638));
#3707=CARTESIAN_POINT('',(-20.8399512895759,32.,-2.58774617149805));
#3708=CARTESIAN_POINT('Origin',(0.,32.,0.));
#3709=CARTESIAN_POINT('',(-17.9876894132578,32.,-0.66560466658139));
#3710=CARTESIAN_POINT('',(-22.2229876633906,32.,-3.51977546340522));
#3711=CARTESIAN_POINT('',(-17.9876894132578,32.,0.665604666581368));
#3712=CARTESIAN_POINT('Origin',(0.,32.,0.));
#3713=CARTESIAN_POINT('',(-20.8399512895759,32.,2.58774617149803));
#3714=CARTESIAN_POINT('',(-17.9876894132578,32.,0.665604666581368));
#3715=CARTESIAN_POINT('',(-20.927362043692,32.,1.74514122415285));
#3716=CARTESIAN_POINT('Origin',(0.,32.,0.));
#3717=CARTESIAN_POINT('',(-22.3379290694967,32.,2.6957234439264));
#3718=CARTESIAN_POINT('',(-20.927362043692,32.,1.74514122415285));
#3719=CARTESIAN_POINT('',(-20.6930757640822,32.,8.83439955073084));
#3720=CARTESIAN_POINT('Origin',(0.,32.,0.));
#3721=CARTESIAN_POINT('',(-18.9961977761079,32.,8.9523443885382));
#3722=CARTESIAN_POINT('',(-20.6930757640822,32.,8.83439955073084));
#3723=CARTESIAN_POINT('',(-19.341800316152,32.,8.17892172172475));
#3724=CARTESIAN_POINT('Origin',(0.,32.,0.));
#3725=CARTESIAN_POINT('',(-15.9105983205563,32.,8.41741415649194));
#3726=CARTESIAN_POINT('',(-21.005559596187,32.,8.06327886476926));
#3727=CARTESIAN_POINT('',(-15.2449936539749,32.,9.57027525676583));
#3728=CARTESIAN_POINT('Origin',(0.,32.,0.));
#3729=CARTESIAN_POINT('',(-16.754054144654,32.,12.6610295678512));
#3730=CARTESIAN_POINT('',(-15.2449936539749,32.,9.57027525676583));
#3731=CARTESIAN_POINT('',(-17.2510565519551,32.,11.9750176551539));
#3732=CARTESIAN_POINT('Origin',(0.,32.,0.));
#3733=CARTESIAN_POINT('',(-17.9973523201558,32.,13.5035295187659));
#3734=CARTESIAN_POINT('',(-17.2510565519551,32.,11.9750176551539));
#3735=CARTESIAN_POINT('',(-13.5035295187659,32.,17.9973523201558));
#3736=CARTESIAN_POINT('Origin',(0.,32.,0.));
#3737=CARTESIAN_POINT('',(-11.9750176551538,32.,17.2510565519551));
#3738=CARTESIAN_POINT('',(-13.5035295187659,32.,17.9973523201559));
#3739=CARTESIAN_POINT('',(-12.6610295678512,32.,16.754054144654));
#3740=CARTESIAN_POINT('Origin',(0.,32.,0.));
#3741=CARTESIAN_POINT('',(-9.57027525676582,32.,15.2449936539749));
#3742=CARTESIAN_POINT('',(-14.1597087986213,32.,17.4857841327818));
#3743=CARTESIAN_POINT('',(-8.41741415649193,32.,15.9105983205563));
#3744=CARTESIAN_POINT('Origin',(0.,32.,0.));
#3745=CARTESIAN_POINT('',(-8.17892172172473,32.,19.341800316152));
#3746=CARTESIAN_POINT('',(-8.41741415649193,32.,15.9105983205563));
#3747=CARTESIAN_POINT('',(-8.95234438853818,32.,18.996197776108));
#3748=CARTESIAN_POINT('Origin',(0.,32.,0.));
#3749=CARTESIAN_POINT('',(-8.83439955073081,32.,20.6930757640822));
#3750=CARTESIAN_POINT('',(-8.95234438853818,32.,18.996197776108));
#3751=CARTESIAN_POINT('',(-2.69572344392638,32.,22.3379290694967));
#3752=CARTESIAN_POINT('Origin',(0.,32.,0.));
#3753=CARTESIAN_POINT('',(-1.74514122415283,32.,20.927362043692));
#3754=CARTESIAN_POINT('',(-2.69572344392639,32.,22.3379290694967));
#3755=CARTESIAN_POINT('Origin',(0.,32.,0.));
#3756=CARTESIAN_POINT('',(-2.83815233439663,32.,17.8696277863478));
#3757=CARTESIAN_POINT('Origin',(-4.78815233439663,32.,17.8696277863478));
#3758=CARTESIAN_POINT('',(6.73815233439663,32.,-17.8696277863478));
#3759=CARTESIAN_POINT('Origin',(4.78815233439663,32.,-17.8696277863478));
#3760=CARTESIAN_POINT('',(-14.97,32.,2.22044604925031E-15));
#3761=CARTESIAN_POINT('Origin',(0.,32.,0.));
#3762=CARTESIAN_POINT('',(19.8196277863478,32.,4.78815233439664));
#3763=CARTESIAN_POINT('Origin',(17.8696277863478,32.,4.78815233439664));
#3764=CARTESIAN_POINT('Origin',(-17.8696277863478,28.5,-4.78815233439663));
#3765=CARTESIAN_POINT('',(-19.3196277863478,25.,-4.78815233439663));
#3766=CARTESIAN_POINT('',(-19.3196277863478,28.5,-4.78815233439663));
#3767=CARTESIAN_POINT('Origin',(-17.8696277863478,25.,-4.78815233439663));
#3768=CARTESIAN_POINT('Origin',(-4.78815233439663,31.75,17.8696277863478));
#3769=CARTESIAN_POINT('',(-3.33815233439663,31.5,17.8696277863478));
#3770=CARTESIAN_POINT('',(-3.08815233439663,31.75,17.8696277863478));
#3771=CARTESIAN_POINT('',(-6.23815233439663,31.5,17.8696277863478));
#3772=CARTESIAN_POINT('Origin',(-4.78815233439663,31.5,17.8696277863478));
#3773=CARTESIAN_POINT('Origin',(-4.78815233439663,31.5,17.8696277863478));
#3774=CARTESIAN_POINT('Origin',(-4.78815233439663,28.5,17.8696277863478));
#3775=CARTESIAN_POINT('',(-6.23815233439663,25.,17.8696277863478));
#3776=CARTESIAN_POINT('',(-6.23815233439663,28.5,17.8696277863478));
#3777=CARTESIAN_POINT('Origin',(-4.78815233439663,25.,17.8696277863478));
#3778=CARTESIAN_POINT('Origin',(17.8696277863478,31.75,4.78815233439664));
#3779=CARTESIAN_POINT('',(19.3196277863478,31.5,4.78815233439664));
#3780=CARTESIAN_POINT('',(19.5696277863478,31.75,4.78815233439664));
#3781=CARTESIAN_POINT('',(16.4196277863478,31.5,4.78815233439664));
#3782=CARTESIAN_POINT('Origin',(17.8696277863478,31.5,4.78815233439664));
#3783=CARTESIAN_POINT('Origin',(17.8696277863478,31.5,4.78815233439664));
#3784=CARTESIAN_POINT('Origin',(17.8696277863478,28.5,4.78815233439664));
#3785=CARTESIAN_POINT('',(16.4196277863478,25.,4.78815233439664));
#3786=CARTESIAN_POINT('',(16.4196277863478,28.5,4.78815233439664));
#3787=CARTESIAN_POINT('Origin',(17.8696277863478,25.,4.78815233439664));
#3788=CARTESIAN_POINT('Origin',(4.78815233439663,31.75,-17.8696277863478));
#3789=CARTESIAN_POINT('',(6.23815233439663,31.5,-17.8696277863478));
#3790=CARTESIAN_POINT('',(6.48815233439663,31.75,-17.8696277863478));
#3791=CARTESIAN_POINT('',(3.33815233439663,31.5,-17.8696277863478));
#3792=CARTESIAN_POINT('Origin',(4.78815233439663,31.5,-17.8696277863478));
#3793=CARTESIAN_POINT('Origin',(4.78815233439663,31.5,-17.8696277863478));
#3794=CARTESIAN_POINT('Origin',(4.78815233439663,28.5,-17.8696277863478));
#3795=CARTESIAN_POINT('',(3.33815233439663,25.,-17.8696277863478));
#3796=CARTESIAN_POINT('',(3.33815233439663,28.5,-17.8696277863478));
#3797=CARTESIAN_POINT('Origin',(4.78815233439663,25.,-17.8696277863478));
#3798=CARTESIAN_POINT('Origin',(-17.8696277863478,7.,-4.78815233439663));
#3799=CARTESIAN_POINT('Origin',(4.78815233439663,7.,-17.8696277863478));
#3800=CARTESIAN_POINT('Origin',(17.8696277863478,7.,4.78815233439664));
#3801=CARTESIAN_POINT('Origin',(-4.78815233439663,7.,17.8696277863478));
#3802=CARTESIAN_POINT('Origin',(-17.8696277863478,25.,-4.78815233439663));
#3803=CARTESIAN_POINT('Origin',(4.78815233439663,25.,-17.8696277863478));
#3804=CARTESIAN_POINT('Origin',(17.8696277863478,25.,4.78815233439664));
#3805=CARTESIAN_POINT('Origin',(-4.78815233439663,25.,17.8696277863478));
#3806=CARTESIAN_POINT('Origin',(0.,32.,0.));
#3807=CARTESIAN_POINT('',(-8.17892172172473,32.,19.341800316152));
#3808=CARTESIAN_POINT('',(-8.95234438853818,32.,18.996197776108));
#3809=CARTESIAN_POINT('Origin',(0.,32.,0.));
#3810=CARTESIAN_POINT('',(-2.58774617149803,32.,20.8399512895759));
#3811=CARTESIAN_POINT('',(-1.74514122415283,32.,20.927362043692));
#3812=CARTESIAN_POINT('Origin',(-8.83439955073081,32.,20.6930757640822));
#3813=CARTESIAN_POINT('',(-8.83439955073081,32.,20.6930757640822));
#3814=CARTESIAN_POINT('Origin',(-1.74514122415283,32.,20.927362043692));
#3815=CARTESIAN_POINT('',(-2.69572344392638,32.,22.3379290694967));
#3816=CARTESIAN_POINT('Origin',(0.,32.,0.));
#3817=CARTESIAN_POINT('',(16.754054144654,32.,12.6610295678512));
#3818=CARTESIAN_POINT('',(17.2510565519551,32.,11.9750176551538));
#3819=CARTESIAN_POINT('Origin',(17.2510565519551,32.,11.9750176551538));
#3820=CARTESIAN_POINT('',(17.9973523201558,32.,13.5035295187659));
#3821=CARTESIAN_POINT('Origin',(13.5035295187659,32.,17.9973523201558));
#3822=CARTESIAN_POINT('',(13.5035295187659,32.,17.9973523201558));
#3823=CARTESIAN_POINT('',(11.9750176551539,32.,17.2510565519551));
#3824=CARTESIAN_POINT('Origin',(0.,32.,0.));
#3825=CARTESIAN_POINT('',(12.6610295678512,32.,16.754054144654));
#3826=CARTESIAN_POINT('Origin',(0.,32.,0.));
#3827=CARTESIAN_POINT('',(-20.8399512895759,32.,2.58774617149803));
#3828=CARTESIAN_POINT('',(-20.927362043692,32.,1.74514122415285));
#3829=CARTESIAN_POINT('Origin',(0.,32.,0.));
#3830=CARTESIAN_POINT('',(-19.341800316152,32.,8.17892172172475));
#3831=CARTESIAN_POINT('',(-18.9961977761079,32.,8.9523443885382));
#3832=CARTESIAN_POINT('Origin',(-22.3379290694967,32.,2.6957234439264));
#3833=CARTESIAN_POINT('',(-22.3379290694967,32.,2.6957234439264));
#3834=CARTESIAN_POINT('Origin',(-18.9961977761079,32.,8.9523443885382));
#3835=CARTESIAN_POINT('',(-20.6930757640822,32.,8.83439955073084));
#3836=CARTESIAN_POINT('Origin',(0.,32.,0.));
#3837=CARTESIAN_POINT('',(2.58774617149805,32.,-20.8399512895759));
#3838=CARTESIAN_POINT('',(1.74514122415282,32.,-20.927362043692));
#3839=CARTESIAN_POINT('Origin',(1.74514122415282,32.,-20.927362043692));
#3840=CARTESIAN_POINT('',(2.69572344392636,32.,-22.3379290694967));
#3841=CARTESIAN_POINT('Origin',(8.8343995507308,32.,-20.6930757640822));
#3842=CARTESIAN_POINT('',(8.8343995507308,32.,-20.6930757640822));
#3843=CARTESIAN_POINT('',(8.95234438853817,32.,-18.996197776108));
#3844=CARTESIAN_POINT('Origin',(0.,32.,0.));
#3845=CARTESIAN_POINT('',(8.17892172172474,32.,-19.341800316152));
#3846=CARTESIAN_POINT('Origin',(0.,32.,0.));
#3847=CARTESIAN_POINT('',(20.8399512895759,32.,-2.58774617149804));
#3848=CARTESIAN_POINT('',(20.927362043692,32.,-1.74514122415284));
#3849=CARTESIAN_POINT('Origin',(18.996197776108,32.,-8.95234438853819));
#3850=CARTESIAN_POINT('',(18.996197776108,32.,-8.95234438853819));
#3851=CARTESIAN_POINT('',(20.6930757640822,32.,-8.83439955073083));
#3852=CARTESIAN_POINT('Origin',(0.,32.,0.));
#3853=CARTESIAN_POINT('',(19.341800316152,32.,-8.17892172172474));
#3854=CARTESIAN_POINT('Origin',(22.3379290694967,32.,-2.69572344392639));
#3855=CARTESIAN_POINT('',(22.3379290694967,32.,-2.69572344392639));
#3856=CARTESIAN_POINT('Origin',(0.,32.,0.));
#3857=CARTESIAN_POINT('',(-8.17892172172473,32.,-19.341800316152));
#3858=CARTESIAN_POINT('',(-8.9523443885382,32.,-18.9961977761079));
#3859=CARTESIAN_POINT('Origin',(-8.95234438853821,32.,-18.9961977761079));
#3860=CARTESIAN_POINT('',(-8.83439955073084,32.,-20.6930757640822));
#3861=CARTESIAN_POINT('Origin',(-2.69572344392641,32.,-22.3379290694967));
#3862=CARTESIAN_POINT('',(-2.69572344392641,32.,-22.3379290694967));
#3863=CARTESIAN_POINT('',(-1.74514122415286,32.,-20.927362043692));
#3864=CARTESIAN_POINT('Origin',(0.,32.,0.));
#3865=CARTESIAN_POINT('',(-2.58774617149803,32.,-20.8399512895759));
#3866=CARTESIAN_POINT('Origin',(0.,32.,0.));
#3867=CARTESIAN_POINT('',(-16.754054144654,32.,12.6610295678512));
#3868=CARTESIAN_POINT('',(-17.2510565519551,32.,11.9750176551539));
#3869=CARTESIAN_POINT('Origin',(0.,32.,0.));
#3870=CARTESIAN_POINT('',(-12.6610295678512,32.,16.754054144654));
#3871=CARTESIAN_POINT('',(-11.9750176551538,32.,17.2510565519551));
#3872=CARTESIAN_POINT('Origin',(-17.9973523201558,32.,13.5035295187659));
#3873=CARTESIAN_POINT('',(-17.9973523201558,32.,13.5035295187659));
#3874=CARTESIAN_POINT('Origin',(-11.9750176551538,32.,17.2510565519551));
#3875=CARTESIAN_POINT('',(-13.5035295187659,32.,17.9973523201558));
#3876=CARTESIAN_POINT('Origin',(0.,32.,0.));
#3877=CARTESIAN_POINT('',(8.17892172172474,32.,19.341800316152));
#3878=CARTESIAN_POINT('',(8.9523443885382,32.,18.996197776108));
#3879=CARTESIAN_POINT('Origin',(8.9523443885382,32.,18.996197776108));
#3880=CARTESIAN_POINT('',(8.83439955073083,32.,20.6930757640822));
#3881=CARTESIAN_POINT('Origin',(2.6957234439264,32.,22.3379290694967));
#3882=CARTESIAN_POINT('',(2.69572344392639,32.,22.3379290694967));
#3883=CARTESIAN_POINT('',(1.74514122415285,32.,20.927362043692));
#3884=CARTESIAN_POINT('Origin',(0.,32.,0.));
#3885=CARTESIAN_POINT('',(2.58774617149804,32.,20.8399512895759));
#3886=CARTESIAN_POINT('Origin',(0.,32.,0.));
#3887=CARTESIAN_POINT('',(-19.341800316152,32.,-8.17892172172475));
#3888=CARTESIAN_POINT('',(-18.996197776108,32.,-8.95234438853817));
#3889=CARTESIAN_POINT('Origin',(0.,32.,0.));
#3890=CARTESIAN_POINT('',(-20.8399512895759,32.,-2.58774617149805));
#3891=CARTESIAN_POINT('',(-20.927362043692,32.,-1.74514122415283));
#3892=CARTESIAN_POINT('Origin',(-20.6930757640822,32.,-8.83439955073081));
#3893=CARTESIAN_POINT('',(-20.6930757640822,32.,-8.8343995507308));
#3894=CARTESIAN_POINT('Origin',(-20.927362043692,32.,-1.74514122415283));
#3895=CARTESIAN_POINT('',(-22.3379290694967,32.,-2.69572344392637));
#3896=CARTESIAN_POINT('Origin',(0.,32.,0.));
#3897=CARTESIAN_POINT('',(12.6610295678512,32.,-16.754054144654));
#3898=CARTESIAN_POINT('',(11.9750176551538,32.,-17.2510565519551));
#3899=CARTESIAN_POINT('Origin',(11.9750176551538,32.,-17.2510565519551));
#3900=CARTESIAN_POINT('',(13.5035295187658,32.,-17.9973523201559));
#3901=CARTESIAN_POINT('Origin',(17.9973523201558,32.,-13.5035295187659));
#3902=CARTESIAN_POINT('',(17.9973523201558,32.,-13.5035295187659));
#3903=CARTESIAN_POINT('',(17.2510565519551,32.,-11.9750176551539));
#3904=CARTESIAN_POINT('Origin',(0.,32.,0.));
#3905=CARTESIAN_POINT('',(16.754054144654,32.,-12.6610295678512));
#3906=CARTESIAN_POINT('Origin',(0.,32.,0.));
#3907=CARTESIAN_POINT('',(19.341800316152,32.,8.17892172172474));
#3908=CARTESIAN_POINT('',(18.996197776108,32.,8.95234438853818));
#3909=CARTESIAN_POINT('Origin',(20.927362043692,32.,1.74514122415284));
#3910=CARTESIAN_POINT('',(20.927362043692,32.,1.74514122415284));
#3911=CARTESIAN_POINT('',(22.3379290694967,32.,2.69572344392639));
#3912=CARTESIAN_POINT('Origin',(0.,32.,0.));
#3913=CARTESIAN_POINT('',(20.8399512895759,32.,2.58774617149804));
#3914=CARTESIAN_POINT('Origin',(20.6930757640822,32.,8.83439955073082));
#3915=CARTESIAN_POINT('',(20.6930757640822,32.,8.83439955073082));
#3916=CARTESIAN_POINT('Origin',(0.,32.,0.));
#3917=CARTESIAN_POINT('',(-16.754054144654,32.,-12.6610295678512));
#3918=CARTESIAN_POINT('',(-17.2510565519551,32.,-11.9750176551538));
#3919=CARTESIAN_POINT('Origin',(-17.2510565519551,32.,-11.9750176551538));
#3920=CARTESIAN_POINT('',(-17.9973523201558,32.,-13.5035295187659));
#3921=CARTESIAN_POINT('Origin',(-13.5035295187659,32.,-17.9973523201558));
#3922=CARTESIAN_POINT('',(-13.5035295187659,32.,-17.9973523201558));
#3923=CARTESIAN_POINT('',(-11.9750176551539,32.,-17.2510565519551));
#3924=CARTESIAN_POINT('Origin',(0.,32.,0.));
#3925=CARTESIAN_POINT('',(-12.6610295678512,32.,-16.754054144654));
#3926=CARTESIAN_POINT('Origin',(-3.51977546340519,0.,22.2229876633906));
#3927=CARTESIAN_POINT('',(-0.665604666581368,0.,17.9876894132578));
#3928=CARTESIAN_POINT('Origin',(-8.41741415649193,0.,15.9105983205563));
#3929=CARTESIAN_POINT('',(-8.41741415649193,0.,15.9105983205563));
#3930=CARTESIAN_POINT('Origin',(9.57027525676583,0.,15.2449936539749));
#3931=CARTESIAN_POINT('',(9.57027525676583,0.,15.2449936539749));
#3932=CARTESIAN_POINT('Origin',(-21.005559596187,0.,8.06327886476926));
#3933=CARTESIAN_POINT('',(-15.9105983205563,0.,8.41741415649194));
#3934=CARTESIAN_POINT('Origin',(-17.9876894132578,0.,0.665604666581366));
#3935=CARTESIAN_POINT('',(-17.9876894132578,0.,0.665604666581368));
#3936=CARTESIAN_POINT('Origin',(8.41741415649194,0.,-15.9105983205563));
#3937=CARTESIAN_POINT('',(8.41741415649194,0.,-15.9105983205563));
#3938=CARTESIAN_POINT('Origin',(21.005559596187,0.,-8.06327886476925));
#3939=CARTESIAN_POINT('',(15.9105983205563,0.,-8.41741415649193));
#3940=CARTESIAN_POINT('Origin',(-0.665604666581371,0.,-17.9876894132578));
#3941=CARTESIAN_POINT('',(-0.66560466658137,0.,-17.9876894132578));
#3942=CARTESIAN_POINT('Origin',(-14.1597087986213,0.,17.4857841327818));
#3943=CARTESIAN_POINT('',(-9.57027525676582,0.,15.2449936539749));
#3944=CARTESIAN_POINT('Origin',(-15.2449936539749,0.,9.57027525676583));
#3945=CARTESIAN_POINT('',(-15.2449936539749,0.,9.57027525676583));
#3946=CARTESIAN_POINT('Origin',(0.665604666581383,0.,17.9876894132578));
#3947=CARTESIAN_POINT('',(0.665604666581383,0.,17.9876894132578));
#3948=CARTESIAN_POINT('Origin',(-22.2229876633906,0.,-3.51977546340522));
#3949=CARTESIAN_POINT('',(-17.9876894132578,0.,-0.665604666581389));
#3950=CARTESIAN_POINT('Origin',(-15.9105983205563,0.,-8.41741415649194));
#3951=CARTESIAN_POINT('',(-15.9105983205563,0.,-8.41741415649194));
#3952=CARTESIAN_POINT('Origin',(15.2449936539749,0.,-9.57027525676582));
#3953=CARTESIAN_POINT('',(15.2449936539749,0.,-9.57027525676582));
#3954=CARTESIAN_POINT('Origin',(22.2229876633906,0.,3.5197754634052));
#3955=CARTESIAN_POINT('',(17.9876894132578,0.,0.665604666581377));
#3956=CARTESIAN_POINT('Origin',(-9.57027525676582,0.,-15.2449936539749));
#3957=CARTESIAN_POINT('',(-9.57027525676582,0.,-15.2449936539749));
#3958=CARTESIAN_POINT('Origin',(0.,0.,0.));
#3959=CARTESIAN_POINT('',(-14.97,0.,1.83329625832359E-15));
#3960=CARTESIAN_POINT('Origin',(0.,0.,0.));
#3961=CARTESIAN_POINT('Origin',(0.,0.,0.));
#3962=CARTESIAN_POINT('Origin',(0.,0.,0.));
#3963=CARTESIAN_POINT('Origin',(0.,0.,0.));
#3964=CARTESIAN_POINT('Origin',(0.,0.,0.));
#3965=CARTESIAN_POINT('Origin',(0.,0.,0.));
#3966=CARTESIAN_POINT('Origin',(0.,0.,0.));
#3967=CARTESIAN_POINT('Origin',(0.,0.,0.));
#3968=CARTESIAN_POINT('Origin',(0.,0.,0.));
#3969=CARTESIAN_POINT('',(-15.2449936539749,0.,-9.57027525676583));
#3970=CARTESIAN_POINT('Origin',(-17.4857841327818,0.,-14.1597087986214));
#3971=CARTESIAN_POINT('Origin',(0.,0.,0.));
#3972=CARTESIAN_POINT('Origin',(0.,0.,0.));
#3973=CARTESIAN_POINT('',(-8.41741415649193,0.,-15.9105983205563));
#3974=CARTESIAN_POINT('Origin',(-8.06327886476924,0.,-21.005559596187));
#3975=CARTESIAN_POINT('Origin',(0.,0.,0.));
#3976=CARTESIAN_POINT('Origin',(0.,0.,0.));
#3977=CARTESIAN_POINT('',(0.665604666581383,0.,-17.9876894132578));
#3978=CARTESIAN_POINT('Origin',(3.51977546340521,0.,-22.2229876633906));
#3979=CARTESIAN_POINT('Origin',(0.,0.,0.));
#3980=CARTESIAN_POINT('Origin',(0.,0.,0.));
#3981=CARTESIAN_POINT('',(9.57027525676583,0.,-15.2449936539749));
#3982=CARTESIAN_POINT('Origin',(14.1597087986213,0.,-17.4857841327818));
#3983=CARTESIAN_POINT('Origin',(0.,0.,0.));
#3984=CARTESIAN_POINT('Origin',(0.,0.,0.));
#3985=CARTESIAN_POINT('Origin',(0.,0.,0.));
#3986=CARTESIAN_POINT('Origin',(17.9876894132578,0.,-0.665604666581373));
#3987=CARTESIAN_POINT('',(17.9876894132578,0.,-0.665604666581377));
#3988=CARTESIAN_POINT('Origin',(0.,0.,0.));
#3989=CARTESIAN_POINT('Origin',(0.,0.,0.));
#3990=CARTESIAN_POINT('Origin',(15.9105983205563,0.,8.41741415649193));
#3991=CARTESIAN_POINT('',(15.9105983205563,0.,8.41741415649193));
#3992=CARTESIAN_POINT('Origin',(0.,0.,0.));
#3993=CARTESIAN_POINT('',(15.2449936539749,0.,9.57027525676582));
#3994=CARTESIAN_POINT('Origin',(17.4857841327818,0.,14.1597087986213));
#3995=CARTESIAN_POINT('Origin',(0.,0.,0.));
#3996=CARTESIAN_POINT('Origin',(0.,0.,0.));
#3997=CARTESIAN_POINT('',(8.41741415649194,0.,15.9105983205563));
#3998=CARTESIAN_POINT('Origin',(8.06327886476926,0.,21.005559596187));
#3999=CARTESIAN_POINT('Origin',(0.,0.,0.));
#4000=UNCERTAINTY_MEASURE_WITH_UNIT(LENGTH_MEASURE(0.01),#4004,
'DISTANCE_ACCURACY_VALUE',
'Maximum model space distance between geometric entities at asserted c
onnectivities');
#4001=UNCERTAINTY_MEASURE_WITH_UNIT(LENGTH_MEASURE(0.01),#4004,
'DISTANCE_ACCURACY_VALUE',
'Maximum model space distance between geometric entities at asserted c
onnectivities');
#4002=(
GEOMETRIC_REPRESENTATION_CONTEXT(3)
GLOBAL_UNCERTAINTY_ASSIGNED_CONTEXT((#4000))
GLOBAL_UNIT_ASSIGNED_CONTEXT((#4004,#4006,#4007))
REPRESENTATION_CONTEXT('','3D')
);
#4003=(
GEOMETRIC_REPRESENTATION_CONTEXT(3)
GLOBAL_UNCERTAINTY_ASSIGNED_CONTEXT((#4001))
GLOBAL_UNIT_ASSIGNED_CONTEXT((#4004,#4006,#4007))
REPRESENTATION_CONTEXT('','3D')
);
#4004=(
LENGTH_UNIT()
NAMED_UNIT(*)
SI_UNIT(.MILLI.,.METRE.)
);
#4005=(
LENGTH_UNIT()
NAMED_UNIT(*)
SI_UNIT(.CENTI.,.METRE.)
);
#4006=(
NAMED_UNIT(*)
PLANE_ANGLE_UNIT()
SI_UNIT($,.RADIAN.)
);
#4007=(
NAMED_UNIT(*)
SI_UNIT($,.STERADIAN.)
SOLID_ANGLE_UNIT()
);
#4008=SHAPE_DEFINITION_REPRESENTATION(#4009,#4010);
#4009=PRODUCT_DEFINITION_SHAPE('',$,#4012);
#4010=SHAPE_REPRESENTATION('',(#2340),#4002);
#4011=PRODUCT_DEFINITION_CONTEXT('part definition',#4016,'design');
#4012=PRODUCT_DEFINITION('rotor_plastic','rotor_plastic',#4013,#4011);
#4013=PRODUCT_DEFINITION_FORMATION('',$,#4018);
#4014=PRODUCT_RELATED_PRODUCT_CATEGORY('rotor_plastic','rotor_plastic',
(#4018));
#4015=APPLICATION_PROTOCOL_DEFINITION('international standard',
'automotive_design',2009,#4016);
#4016=APPLICATION_CONTEXT(
'Core Data for Automotive Mechanical Design Process');
#4017=PRODUCT_CONTEXT('part definition',#4016,'mechanical');
#4018=PRODUCT('rotor_plastic','rotor_plastic',$,(#4017));
#4019=PRESENTATION_STYLE_ASSIGNMENT((#4020));
#4020=SURFACE_STYLE_USAGE(.BOTH.,#4023);
#4021=SURFACE_STYLE_RENDERING_WITH_PROPERTIES($,#4027,(#4022));
#4022=SURFACE_STYLE_TRANSPARENT(0.);
#4023=SURFACE_SIDE_STYLE('',(#4024,#4021));
#4024=SURFACE_STYLE_FILL_AREA(#4025);
#4025=FILL_AREA_STYLE('',(#4026));
#4026=FILL_AREA_STYLE_COLOUR('',#4027);
#4027=COLOUR_RGB('',0.0196078431372549,0.0196078431372549,0.0196078431372549);
ENDSEC;
END-ISO-10303-21;
