ISO-10303-21;
HEADER;
/* Generated by software containing ST-Developer
 * from STEP Tools, Inc. (www.steptools.com) 
 */

FILE_DESCRIPTION(
/* description */ (''),
/* implementation_level */ '2;1');

FILE_NAME(
/* name */ 'shaft_lock_2.stp',
/* time_stamp */ '2026-08-21T06:46:20+02:00',
/* author */ ('zzapa'),
/* organization */ (''),
/* preprocessor_version */ 'ST-DEVELOPER v20',
/* originating_system */ 'Autodesk Inventor 2025',
/* authorisation */ '');

FILE_SCHEMA (('AUTOMOTIVE_DESIGN { 1 0 10303 214 3 1 1 }'));
ENDSEC;

DATA;
#10=MECHANICAL_DESIGN_GEOMETRIC_PRESENTATION_REPRESENTATION('',(#13),#4938);
#11=SHAPE_REPRESENTATION_RELATIONSHIP('SRR','None',#4945,#12);
#12=ADVANCED_BREP_SHAPE_REPRESENTATION('',(#14),#4937);
#13=STYLED_ITEM('',(#4954),#14);
#14=MANIFOLD_SOLID_BREP('Bry\X2\0142\X0\a1',#2375);
#15=CONICAL_SURFACE('',#2599,1.7,0.785398163397449);
#16=CONICAL_SURFACE('',#2603,1.7,0.785398163397449);
#17=CONICAL_SURFACE('',#2607,1.7,0.785398163397449);
#18=CONICAL_SURFACE('',#2611,1.7,0.785398163397449);
#19=ELLIPSE('',#2511,0.611382578196533,0.5);
#20=ELLIPSE('',#2517,0.611382578196533,0.5);
#21=ELLIPSE('',#2520,0.611382578196533,0.5);
#22=ELLIPSE('',#2531,0.611382578196533,0.5);
#23=ELLIPSE('',#2534,0.611382578196533,0.5);
#24=ELLIPSE('',#2542,0.611382578196533,0.5);
#25=ELLIPSE('',#2550,0.611382578196533,0.5);
#26=ELLIPSE('',#2561,0.611382578196533,0.5);
#27=ELLIPSE('',#2566,2.82842712474619,2.);
#28=ELLIPSE('',#2576,2.82842712474619,2.);
#29=ELLIPSE('',#2585,2.82842712474619,2.);
#30=ELLIPSE('',#2597,2.82842712474619,2.);
#31=FACE_BOUND('',#246,.T.);
#32=FACE_BOUND('',#247,.T.);
#33=FACE_BOUND('',#248,.T.);
#34=FACE_BOUND('',#249,.T.);
#35=FACE_BOUND('',#250,.T.);
#36=FACE_BOUND('',#325,.T.);
#37=FACE_BOUND('',#330,.T.);
#38=FACE_BOUND('',#335,.T.);
#39=FACE_BOUND('',#338,.T.);
#40=FACE_BOUND('',#366,.T.);
#41=FACE_BOUND('',#369,.T.);
#42=FACE_BOUND('',#372,.T.);
#43=FACE_BOUND('',#375,.T.);
#44=FACE_BOUND('',#378,.T.);
#45=FACE_BOUND('',#379,.T.);
#46=FACE_BOUND('',#380,.T.);
#47=FACE_BOUND('',#381,.T.);
#48=TOROIDAL_SURFACE('',#2409,20.,2.);
#49=TOROIDAL_SURFACE('',#2461,20.,2.);
#50=TOROIDAL_SURFACE('',#2480,20.,2.);
#51=TOROIDAL_SURFACE('',#2499,20.,2.);
#52=TOROIDAL_SURFACE('',#2524,16.,2.);
#53=TOROIDAL_SURFACE('',#2538,16.,2.);
#54=TOROIDAL_SURFACE('',#2546,16.,2.);
#55=TOROIDAL_SURFACE('',#2554,16.,2.);
#56=TOROIDAL_SURFACE('',#2621,16.,2.);
#57=TOROIDAL_SURFACE('',#2624,16.,2.);
#58=TOROIDAL_SURFACE('',#2627,16.,2.);
#59=TOROIDAL_SURFACE('',#2630,16.,2.);
#60=PLANE('',#2403);
#61=PLANE('',#2413);
#62=PLANE('',#2449);
#63=PLANE('',#2454);
#64=PLANE('',#2468);
#65=PLANE('',#2473);
#66=PLANE('',#2487);
#67=PLANE('',#2492);
#68=PLANE('',#2506);
#69=PLANE('',#2512);
#70=PLANE('',#2518);
#71=PLANE('',#2532);
#72=PLANE('',#2562);
#73=PLANE('',#2570);
#74=PLANE('',#2573);
#75=PLANE('',#2580);
#76=PLANE('',#2582);
#77=PLANE('',#2589);
#78=PLANE('',#2592);
#79=PLANE('',#2594);
#80=PLANE('',#2615);
#81=PLANE('',#2617);
#82=PLANE('',#2618);
#83=PLANE('',#2619);
#84=PLANE('',#2620);
#85=PLANE('',#2639);
#86=PLANE('',#2642);
#87=PLANE('',#2645);
#88=PLANE('',#2648);
#89=PLANE('',#2652);
#90=PLANE('',#2653);
#91=PLANE('',#2654);
#92=PLANE('',#2655);
#93=B_SPLINE_SURFACE_WITH_KNOTS('',3,3,((#3338,#3339,#3340,#3341,#3342,
#3343),(#3344,#3345,#3346,#3347,#3348,#3349),(#3350,#3351,#3352,#3353,#3354,
#3355),(#3356,#3357,#3358,#3359,#3360,#3361),(#3362,#3363,#3364,#3365,#3366,
#3367)),.UNSPECIFIED.,.F.,.F.,.F.,(4,1,4),(4,1,1,4),(0.,0.5,1.),(2.77131797630951E-16,
0.104633276849738,0.174388794749563,0.244144312649387),.UNSPECIFIED.);
#94=B_SPLINE_SURFACE_WITH_KNOTS('',3,3,((#3548,#3549,#3550,#3551,#3552),
(#3553,#3554,#3555,#3556,#3557),(#3558,#3559,#3560,#3561,#3562),(#3563,
#3564,#3565,#3566,#3567),(#3568,#3569,#3570,#3571,#3572)),.UNSPECIFIED.,
 .F.,.F.,.F.,(4,1,4),(4,1,4),(0.,0.5,1.),(0.,0.104633385113712,0.244144565265328),
 .UNSPECIFIED.);
#95=B_SPLINE_SURFACE_WITH_KNOTS('',3,3,((#3622,#3623,#3624,#3625,#3626,
#3627),(#3628,#3629,#3630,#3631,#3632,#3633),(#3634,#3635,#3636,#3637,#3638,
#3639),(#3640,#3641,#3642,#3643,#3644,#3645),(#3646,#3647,#3648,#3649,#3650,
#3651)),.UNSPECIFIED.,.F.,.F.,.F.,(4,1,4),(4,1,1,4),(0.,0.5,1.),(4.43166168212938E-16,
0.104633276849738,0.174388794749562,0.244144312649387),.UNSPECIFIED.);
#96=B_SPLINE_SURFACE_WITH_KNOTS('',3,3,((#3722,#3723,#3724,#3725,#3726),
(#3727,#3728,#3729,#3730,#3731),(#3732,#3733,#3734,#3735,#3736),(#3737,
#3738,#3739,#3740,#3741),(#3742,#3743,#3744,#3745,#3746)),.UNSPECIFIED.,
 .F.,.F.,.F.,(4,1,4),(4,1,4),(0.,0.5,1.),(7.42253001529894E-17,0.104633385113712,
0.244144565265328),.UNSPECIFIED.);
#97=B_SPLINE_SURFACE_WITH_KNOTS('',3,3,((#3784,#3785,#3786,#3787,#3788,
#3789),(#3790,#3791,#3792,#3793,#3794,#3795),(#3796,#3797,#3798,#3799,#3800,
#3801),(#3802,#3803,#3804,#3805,#3806,#3807),(#3808,#3809,#3810,#3811,#3812,
#3813)),.UNSPECIFIED.,.F.,.F.,.F.,(4,1,4),(4,1,1,4),(0.,0.5,1.),(0.,0.104633385113712,
0.174388975189519,0.244144565265327),.UNSPECIFIED.);
#98=B_SPLINE_SURFACE_WITH_KNOTS('',3,3,((#3896,#3897,#3898,#3899,#3900),
(#3901,#3902,#3903,#3904,#3905),(#3906,#3907,#3908,#3909,#3910),(#3911,
#3912,#3913,#3914,#3915),(#3916,#3917,#3918,#3919,#3920)),.UNSPECIFIED.,
 .F.,.F.,.F.,(4,1,4),(4,1,4),(0.,0.5,1.),(5.36986072348154E-17,0.104633385113712,
0.244144565265328),.UNSPECIFIED.);
#99=B_SPLINE_SURFACE_WITH_KNOTS('',3,3,((#3958,#3959,#3960,#3961,#3962,
#3963),(#3964,#3965,#3966,#3967,#3968,#3969),(#3970,#3971,#3972,#3973,#3974,
#3975),(#3976,#3977,#3978,#3979,#3980,#3981),(#3982,#3983,#3984,#3985,#3986,
#3987)),.UNSPECIFIED.,.F.,.F.,.F.,(4,1,4),(4,1,1,4),(0.,0.5,1.),(0.,0.104633385113712,
0.17438897518952,0.244144565265328),.UNSPECIFIED.);
#100=B_SPLINE_SURFACE_WITH_KNOTS('',3,3,((#4071,#4072,#4073,#4074,#4075,
#4076),(#4077,#4078,#4079,#4080,#4081,#4082),(#4083,#4084,#4085,#4086,#4087,
#4088),(#4089,#4090,#4091,#4092,#4093,#4094),(#4095,#4096,#4097,#4098,#4099,
#4100)),.UNSPECIFIED.,.F.,.F.,.F.,(4,1,4),(4,1,1,4),(0.,0.5,1.),(2.16313578944942E-17,
0.0697555900758079,0.139511180151616,0.244144565265328),.UNSPECIFIED.);
#101=B_SPLINE_SURFACE_WITH_KNOTS('',3,3,((#4139,#4140,#4141,#4142,#4143),
(#4144,#4145,#4146,#4147,#4148),(#4149,#4150,#4151,#4152,#4153),(#4154,
#4155,#4156,#4157,#4158),(#4159,#4160,#4161,#4162,#4163)),.UNSPECIFIED.,
 .F.,.F.,.F.,(4,1,4),(4,1,4),(0.,0.5,1.),(2.93757978211182E-17,0.10124113265444,
0.236229309527026),.UNSPECIFIED.);
#102=B_SPLINE_SURFACE_WITH_KNOTS('',3,3,((#4188,#4189,#4190,#4191,#4192),
(#4193,#4194,#4195,#4196,#4197),(#4198,#4199,#4200,#4201,#4202),(#4203,
#4204,#4205,#4206,#4207),(#4208,#4209,#4210,#4211,#4212)),.UNSPECIFIED.,
 .F.,.F.,.F.,(4,1,4),(4,1,4),(0.,0.5,1.),(0.,0.101241132654439,0.236229309527025),
 .UNSPECIFIED.);
#103=B_SPLINE_SURFACE_WITH_KNOTS('',3,3,((#4237,#4238,#4239,#4240,#4241),
(#4242,#4243,#4244,#4245,#4246),(#4247,#4248,#4249,#4250,#4251),(#4252,
#4253,#4254,#4255,#4256),(#4257,#4258,#4259,#4260,#4261)),.UNSPECIFIED.,
 .F.,.F.,.F.,(4,1,4),(4,1,4),(0.,0.5,1.),(0.,0.101239789319103,0.236226175077906),
 .UNSPECIFIED.);
#104=B_SPLINE_SURFACE_WITH_KNOTS('',3,3,((#4297,#4298,#4299,#4300,#4301),
(#4302,#4303,#4304,#4305,#4306),(#4307,#4308,#4309,#4310,#4311),(#4312,
#4313,#4314,#4315,#4316),(#4317,#4318,#4319,#4320,#4321)),.UNSPECIFIED.,
 .F.,.F.,.F.,(4,1,4),(4,1,4),(0.,0.5,1.),(5.15379280530838E-17,0.10124113265444,
0.236229309527026),.UNSPECIFIED.);
#105=B_SPLINE_SURFACE_WITH_KNOTS('',3,3,((#4346,#4347,#4348,#4349,#4350),
(#4351,#4352,#4353,#4354,#4355),(#4356,#4357,#4358,#4359,#4360),(#4361,
#4362,#4363,#4364,#4365),(#4366,#4367,#4368,#4369,#4370)),.UNSPECIFIED.,
 .F.,.F.,.F.,(4,1,4),(4,1,4),(0.,0.5,1.),(0.,0.101239789319103,0.236226175077906),
 .UNSPECIFIED.);
#106=B_SPLINE_SURFACE_WITH_KNOTS('',3,3,((#4406,#4407,#4408,#4409,#4410),
(#4411,#4412,#4413,#4414,#4415),(#4416,#4417,#4418,#4419,#4420),(#4421,
#4422,#4423,#4424,#4425),(#4426,#4427,#4428,#4429,#4430)),.UNSPECIFIED.,
 .F.,.F.,.F.,(4,1,4),(4,1,4),(0.,0.5,1.),(2.09935777539164E-17,0.101239789319103,
0.236226175077906),.UNSPECIFIED.);
#107=B_SPLINE_SURFACE_WITH_KNOTS('',3,3,((#4466,#4467,#4468,#4469,#4470),
(#4471,#4472,#4473,#4474,#4475),(#4476,#4477,#4478,#4479,#4480),(#4481,
#4482,#4483,#4484,#4485),(#4486,#4487,#4488,#4489,#4490)),.UNSPECIFIED.,
 .F.,.F.,.F.,(4,1,4),(4,1,4),(0.,0.5,1.),(4.28661353459645E-16,0.101239789319103,
0.236226175077906),.UNSPECIFIED.);
#108=B_SPLINE_SURFACE_WITH_KNOTS('',3,3,((#4526,#4527,#4528,#4529,#4530),
(#4531,#4532,#4533,#4534,#4535),(#4536,#4537,#4538,#4539,#4540),(#4541,
#4542,#4543,#4544,#4545),(#4546,#4547,#4548,#4549,#4550)),.UNSPECIFIED.,
 .F.,.F.,.F.,(4,1,4),(4,1,4),(0.,0.5,1.),(4.89656735701244E-17,0.10124113265444,
0.236229309527026),.UNSPECIFIED.);
#109=FACE_OUTER_BOUND('',#239,.T.);
#110=FACE_OUTER_BOUND('',#240,.T.);
#111=FACE_OUTER_BOUND('',#241,.T.);
#112=FACE_OUTER_BOUND('',#242,.T.);
#113=FACE_OUTER_BOUND('',#243,.T.);
#114=FACE_OUTER_BOUND('',#244,.T.);
#115=FACE_OUTER_BOUND('',#245,.T.);
#116=FACE_OUTER_BOUND('',#251,.T.);
#117=FACE_OUTER_BOUND('',#252,.T.);
#118=FACE_OUTER_BOUND('',#253,.T.);
#119=FACE_OUTER_BOUND('',#254,.T.);
#120=FACE_OUTER_BOUND('',#255,.T.);
#121=FACE_OUTER_BOUND('',#256,.T.);
#122=FACE_OUTER_BOUND('',#257,.T.);
#123=FACE_OUTER_BOUND('',#258,.T.);
#124=FACE_OUTER_BOUND('',#259,.T.);
#125=FACE_OUTER_BOUND('',#260,.T.);
#126=FACE_OUTER_BOUND('',#261,.T.);
#127=FACE_OUTER_BOUND('',#262,.T.);
#128=FACE_OUTER_BOUND('',#263,.T.);
#129=FACE_OUTER_BOUND('',#264,.T.);
#130=FACE_OUTER_BOUND('',#265,.T.);
#131=FACE_OUTER_BOUND('',#266,.T.);
#132=FACE_OUTER_BOUND('',#267,.T.);
#133=FACE_OUTER_BOUND('',#268,.T.);
#134=FACE_OUTER_BOUND('',#269,.T.);
#135=FACE_OUTER_BOUND('',#270,.T.);
#136=FACE_OUTER_BOUND('',#271,.T.);
#137=FACE_OUTER_BOUND('',#272,.T.);
#138=FACE_OUTER_BOUND('',#273,.T.);
#139=FACE_OUTER_BOUND('',#274,.T.);
#140=FACE_OUTER_BOUND('',#275,.T.);
#141=FACE_OUTER_BOUND('',#276,.T.);
#142=FACE_OUTER_BOUND('',#277,.T.);
#143=FACE_OUTER_BOUND('',#278,.T.);
#144=FACE_OUTER_BOUND('',#279,.T.);
#145=FACE_OUTER_BOUND('',#280,.T.);
#146=FACE_OUTER_BOUND('',#281,.T.);
#147=FACE_OUTER_BOUND('',#282,.T.);
#148=FACE_OUTER_BOUND('',#283,.T.);
#149=FACE_OUTER_BOUND('',#284,.T.);
#150=FACE_OUTER_BOUND('',#285,.T.);
#151=FACE_OUTER_BOUND('',#286,.T.);
#152=FACE_OUTER_BOUND('',#287,.T.);
#153=FACE_OUTER_BOUND('',#288,.T.);
#154=FACE_OUTER_BOUND('',#289,.T.);
#155=FACE_OUTER_BOUND('',#290,.T.);
#156=FACE_OUTER_BOUND('',#291,.T.);
#157=FACE_OUTER_BOUND('',#292,.T.);
#158=FACE_OUTER_BOUND('',#293,.T.);
#159=FACE_OUTER_BOUND('',#294,.T.);
#160=FACE_OUTER_BOUND('',#295,.T.);
#161=FACE_OUTER_BOUND('',#296,.T.);
#162=FACE_OUTER_BOUND('',#297,.T.);
#163=FACE_OUTER_BOUND('',#298,.T.);
#164=FACE_OUTER_BOUND('',#299,.T.);
#165=FACE_OUTER_BOUND('',#300,.T.);
#166=FACE_OUTER_BOUND('',#301,.T.);
#167=FACE_OUTER_BOUND('',#302,.T.);
#168=FACE_OUTER_BOUND('',#303,.T.);
#169=FACE_OUTER_BOUND('',#304,.T.);
#170=FACE_OUTER_BOUND('',#305,.T.);
#171=FACE_OUTER_BOUND('',#306,.T.);
#172=FACE_OUTER_BOUND('',#307,.T.);
#173=FACE_OUTER_BOUND('',#308,.T.);
#174=FACE_OUTER_BOUND('',#309,.T.);
#175=FACE_OUTER_BOUND('',#310,.T.);
#176=FACE_OUTER_BOUND('',#311,.T.);
#177=FACE_OUTER_BOUND('',#312,.T.);
#178=FACE_OUTER_BOUND('',#313,.T.);
#179=FACE_OUTER_BOUND('',#314,.T.);
#180=FACE_OUTER_BOUND('',#315,.T.);
#181=FACE_OUTER_BOUND('',#316,.T.);
#182=FACE_OUTER_BOUND('',#317,.T.);
#183=FACE_OUTER_BOUND('',#318,.T.);
#184=FACE_OUTER_BOUND('',#319,.T.);
#185=FACE_OUTER_BOUND('',#320,.T.);
#186=FACE_OUTER_BOUND('',#321,.T.);
#187=FACE_OUTER_BOUND('',#322,.T.);
#188=FACE_OUTER_BOUND('',#323,.T.);
#189=FACE_OUTER_BOUND('',#324,.T.);
#190=FACE_OUTER_BOUND('',#326,.T.);
#191=FACE_OUTER_BOUND('',#327,.T.);
#192=FACE_OUTER_BOUND('',#328,.T.);
#193=FACE_OUTER_BOUND('',#329,.T.);
#194=FACE_OUTER_BOUND('',#331,.T.);
#195=FACE_OUTER_BOUND('',#332,.T.);
#196=FACE_OUTER_BOUND('',#333,.T.);
#197=FACE_OUTER_BOUND('',#334,.T.);
#198=FACE_OUTER_BOUND('',#336,.T.);
#199=FACE_OUTER_BOUND('',#337,.T.);
#200=FACE_OUTER_BOUND('',#339,.T.);
#201=FACE_OUTER_BOUND('',#340,.T.);
#202=FACE_OUTER_BOUND('',#341,.T.);
#203=FACE_OUTER_BOUND('',#342,.T.);
#204=FACE_OUTER_BOUND('',#343,.T.);
#205=FACE_OUTER_BOUND('',#344,.T.);
#206=FACE_OUTER_BOUND('',#345,.T.);
#207=FACE_OUTER_BOUND('',#346,.T.);
#208=FACE_OUTER_BOUND('',#347,.T.);
#209=FACE_OUTER_BOUND('',#348,.T.);
#210=FACE_OUTER_BOUND('',#349,.T.);
#211=FACE_OUTER_BOUND('',#350,.T.);
#212=FACE_OUTER_BOUND('',#351,.T.);
#213=FACE_OUTER_BOUND('',#352,.T.);
#214=FACE_OUTER_BOUND('',#353,.T.);
#215=FACE_OUTER_BOUND('',#354,.T.);
#216=FACE_OUTER_BOUND('',#355,.T.);
#217=FACE_OUTER_BOUND('',#356,.T.);
#218=FACE_OUTER_BOUND('',#357,.T.);
#219=FACE_OUTER_BOUND('',#358,.T.);
#220=FACE_OUTER_BOUND('',#359,.T.);
#221=FACE_OUTER_BOUND('',#360,.T.);
#222=FACE_OUTER_BOUND('',#361,.T.);
#223=FACE_OUTER_BOUND('',#362,.T.);
#224=FACE_OUTER_BOUND('',#363,.T.);
#225=FACE_OUTER_BOUND('',#364,.T.);
#226=FACE_OUTER_BOUND('',#365,.T.);
#227=FACE_OUTER_BOUND('',#367,.T.);
#228=FACE_OUTER_BOUND('',#368,.T.);
#229=FACE_OUTER_BOUND('',#370,.T.);
#230=FACE_OUTER_BOUND('',#371,.T.);
#231=FACE_OUTER_BOUND('',#373,.T.);
#232=FACE_OUTER_BOUND('',#374,.T.);
#233=FACE_OUTER_BOUND('',#376,.T.);
#234=FACE_OUTER_BOUND('',#377,.T.);
#235=FACE_OUTER_BOUND('',#382,.T.);
#236=FACE_OUTER_BOUND('',#383,.T.);
#237=FACE_OUTER_BOUND('',#384,.T.);
#238=FACE_OUTER_BOUND('',#385,.T.);
#239=EDGE_LOOP('',(#1464,#1465,#1466,#1467));
#240=EDGE_LOOP('',(#1468,#1469,#1470,#1471));
#241=EDGE_LOOP('',(#1472,#1473,#1474,#1475));
#242=EDGE_LOOP('',(#1476,#1477,#1478,#1479,#1480,#1481,#1482,#1483,#1484,
#1485,#1486,#1487,#1488));
#243=EDGE_LOOP('',(#1489,#1490,#1491,#1492,#1493,#1494,#1495));
#244=EDGE_LOOP('',(#1496,#1497,#1498,#1499));
#245=EDGE_LOOP('',(#1500,#1501,#1502,#1503,#1504,#1505,#1506,#1507,#1508,
#1509,#1510,#1511,#1512,#1513,#1514,#1515,#1516,#1517,#1518,#1519,#1520,
#1521,#1522,#1523,#1524,#1525,#1526,#1527,#1528,#1529,#1530,#1531,#1532,
#1533,#1534,#1535,#1536,#1537,#1538,#1539,#1540,#1541,#1542,#1543,#1544,
#1545,#1546,#1547));
#246=EDGE_LOOP('',(#1548));
#247=EDGE_LOOP('',(#1549));
#248=EDGE_LOOP('',(#1550));
#249=EDGE_LOOP('',(#1551));
#250=EDGE_LOOP('',(#1552));
#251=EDGE_LOOP('',(#1553,#1554,#1555,#1556));
#252=EDGE_LOOP('',(#1557,#1558,#1559,#1560));
#253=EDGE_LOOP('',(#1561,#1562,#1563,#1564));
#254=EDGE_LOOP('',(#1565,#1566,#1567,#1568,#1569,#1570));
#255=EDGE_LOOP('',(#1571,#1572,#1573,#1574));
#256=EDGE_LOOP('',(#1575,#1576,#1577,#1578));
#257=EDGE_LOOP('',(#1579,#1580,#1581,#1582));
#258=EDGE_LOOP('',(#1583,#1584,#1585,#1586,#1587,#1588,#1589,#1590,#1591,
#1592,#1593,#1594,#1595,#1596));
#259=EDGE_LOOP('',(#1597,#1598,#1599,#1600,#1601,#1602));
#260=EDGE_LOOP('',(#1603,#1604,#1605,#1606));
#261=EDGE_LOOP('',(#1607,#1608,#1609,#1610));
#262=EDGE_LOOP('',(#1611,#1612,#1613,#1614));
#263=EDGE_LOOP('',(#1615,#1616,#1617,#1618));
#264=EDGE_LOOP('',(#1619,#1620,#1621,#1622,#1623,#1624));
#265=EDGE_LOOP('',(#1625,#1626,#1627,#1628));
#266=EDGE_LOOP('',(#1629,#1630,#1631,#1632));
#267=EDGE_LOOP('',(#1633,#1634,#1635,#1636));
#268=EDGE_LOOP('',(#1637,#1638,#1639,#1640,#1641,#1642,#1643,#1644,#1645,
#1646,#1647,#1648,#1649,#1650));
#269=EDGE_LOOP('',(#1651,#1652,#1653,#1654,#1655,#1656));
#270=EDGE_LOOP('',(#1657,#1658,#1659,#1660));
#271=EDGE_LOOP('',(#1661,#1662,#1663,#1664));
#272=EDGE_LOOP('',(#1665,#1666,#1667,#1668));
#273=EDGE_LOOP('',(#1669,#1670,#1671,#1672));
#274=EDGE_LOOP('',(#1673,#1674,#1675,#1676,#1677,#1678));
#275=EDGE_LOOP('',(#1679,#1680,#1681,#1682));
#276=EDGE_LOOP('',(#1683,#1684,#1685,#1686));
#277=EDGE_LOOP('',(#1687,#1688,#1689,#1690));
#278=EDGE_LOOP('',(#1691,#1692,#1693,#1694,#1695,#1696,#1697,#1698,#1699,
#1700,#1701,#1702,#1703,#1704));
#279=EDGE_LOOP('',(#1705,#1706,#1707,#1708,#1709,#1710));
#280=EDGE_LOOP('',(#1711,#1712,#1713,#1714));
#281=EDGE_LOOP('',(#1715,#1716,#1717,#1718));
#282=EDGE_LOOP('',(#1719,#1720,#1721,#1722));
#283=EDGE_LOOP('',(#1723,#1724,#1725,#1726));
#284=EDGE_LOOP('',(#1727,#1728,#1729,#1730,#1731,#1732));
#285=EDGE_LOOP('',(#1733,#1734,#1735,#1736));
#286=EDGE_LOOP('',(#1737,#1738,#1739,#1740));
#287=EDGE_LOOP('',(#1741,#1742,#1743,#1744));
#288=EDGE_LOOP('',(#1745,#1746,#1747,#1748,#1749));
#289=EDGE_LOOP('',(#1750,#1751,#1752,#1753));
#290=EDGE_LOOP('',(#1754,#1755,#1756,#1757));
#291=EDGE_LOOP('',(#1758,#1759,#1760,#1761));
#292=EDGE_LOOP('',(#1762,#1763,#1764,#1765,#1766));
#293=EDGE_LOOP('',(#1767,#1768,#1769,#1770));
#294=EDGE_LOOP('',(#1771,#1772,#1773,#1774));
#295=EDGE_LOOP('',(#1775,#1776,#1777,#1778));
#296=EDGE_LOOP('',(#1779,#1780,#1781,#1782,#1783));
#297=EDGE_LOOP('',(#1784,#1785,#1786,#1787));
#298=EDGE_LOOP('',(#1788,#1789,#1790,#1791));
#299=EDGE_LOOP('',(#1792,#1793,#1794,#1795));
#300=EDGE_LOOP('',(#1796,#1797,#1798,#1799));
#301=EDGE_LOOP('',(#1800,#1801,#1802,#1803,#1804));
#302=EDGE_LOOP('',(#1805,#1806,#1807,#1808));
#303=EDGE_LOOP('',(#1809,#1810,#1811,#1812));
#304=EDGE_LOOP('',(#1813,#1814,#1815,#1816));
#305=EDGE_LOOP('',(#1817,#1818,#1819,#1820,#1821));
#306=EDGE_LOOP('',(#1822,#1823,#1824,#1825));
#307=EDGE_LOOP('',(#1826,#1827,#1828,#1829));
#308=EDGE_LOOP('',(#1830,#1831,#1832,#1833));
#309=EDGE_LOOP('',(#1834,#1835,#1836,#1837));
#310=EDGE_LOOP('',(#1838,#1839,#1840,#1841,#1842));
#311=EDGE_LOOP('',(#1843,#1844,#1845,#1846));
#312=EDGE_LOOP('',(#1847,#1848,#1849,#1850));
#313=EDGE_LOOP('',(#1851,#1852,#1853,#1854));
#314=EDGE_LOOP('',(#1855,#1856,#1857,#1858));
#315=EDGE_LOOP('',(#1859,#1860,#1861,#1862,#1863));
#316=EDGE_LOOP('',(#1864,#1865,#1866,#1867));
#317=EDGE_LOOP('',(#1868,#1869,#1870,#1871));
#318=EDGE_LOOP('',(#1872,#1873,#1874,#1875));
#319=EDGE_LOOP('',(#1876,#1877,#1878,#1879));
#320=EDGE_LOOP('',(#1880,#1881,#1882,#1883,#1884));
#321=EDGE_LOOP('',(#1885,#1886,#1887,#1888));
#322=EDGE_LOOP('',(#1889,#1890,#1891,#1892,#1893));
#323=EDGE_LOOP('',(#1894,#1895,#1896,#1897,#1898));
#324=EDGE_LOOP('',(#1899,#1900,#1901,#1902,#1903,#1904,#1905,#1906,#1907,
#1908));
#325=EDGE_LOOP('',(#1909));
#326=EDGE_LOOP('',(#1910,#1911,#1912,#1913));
#327=EDGE_LOOP('',(#1914,#1915,#1916,#1917,#1918));
#328=EDGE_LOOP('',(#1919,#1920,#1921,#1922,#1923));
#329=EDGE_LOOP('',(#1924,#1925,#1926,#1927,#1928,#1929,#1930,#1931,#1932,
#1933));
#330=EDGE_LOOP('',(#1934));
#331=EDGE_LOOP('',(#1935,#1936,#1937,#1938));
#332=EDGE_LOOP('',(#1939,#1940,#1941,#1942,#1943));
#333=EDGE_LOOP('',(#1944,#1945,#1946,#1947,#1948));
#334=EDGE_LOOP('',(#1949,#1950,#1951,#1952,#1953,#1954,#1955,#1956,#1957,
#1958));
#335=EDGE_LOOP('',(#1959));
#336=EDGE_LOOP('',(#1960,#1961,#1962,#1963));
#337=EDGE_LOOP('',(#1964,#1965,#1966,#1967,#1968,#1969,#1970,#1971,#1972,
#1973));
#338=EDGE_LOOP('',(#1974));
#339=EDGE_LOOP('',(#1975,#1976,#1977,#1978,#1979));
#340=EDGE_LOOP('',(#1980,#1981,#1982,#1983,#1984));
#341=EDGE_LOOP('',(#1985,#1986,#1987,#1988,#1989));
#342=EDGE_LOOP('',(#1990,#1991,#1992,#1993,#1994,#1995));
#343=EDGE_LOOP('',(#1996,#1997,#1998,#1999,#2000));
#344=EDGE_LOOP('',(#2001,#2002,#2003,#2004,#2005,#2006));
#345=EDGE_LOOP('',(#2007,#2008,#2009,#2010,#2011));
#346=EDGE_LOOP('',(#2012,#2013,#2014,#2015,#2016,#2017));
#347=EDGE_LOOP('',(#2018,#2019,#2020,#2021,#2022));
#348=EDGE_LOOP('',(#2023,#2024,#2025,#2026,#2027,#2028));
#349=EDGE_LOOP('',(#2029,#2030,#2031,#2032));
#350=EDGE_LOOP('',(#2033,#2034,#2035,#2036,#2037));
#351=EDGE_LOOP('',(#2038,#2039,#2040,#2041,#2042));
#352=EDGE_LOOP('',(#2043,#2044,#2045,#2046,#2047));
#353=EDGE_LOOP('',(#2048,#2049,#2050,#2051,#2052));
#354=EDGE_LOOP('',(#2053,#2054,#2055,#2056,#2057));
#355=EDGE_LOOP('',(#2058,#2059,#2060,#2061));
#356=EDGE_LOOP('',(#2062,#2063,#2064,#2065,#2066));
#357=EDGE_LOOP('',(#2067,#2068,#2069,#2070));
#358=EDGE_LOOP('',(#2071,#2072,#2073,#2074,#2075));
#359=EDGE_LOOP('',(#2076,#2077,#2078,#2079));
#360=EDGE_LOOP('',(#2080,#2081,#2082,#2083,#2084));
#361=EDGE_LOOP('',(#2085,#2086,#2087,#2088,#2089,#2090));
#362=EDGE_LOOP('',(#2091,#2092,#2093,#2094,#2095,#2096));
#363=EDGE_LOOP('',(#2097,#2098,#2099,#2100,#2101,#2102));
#364=EDGE_LOOP('',(#2103,#2104,#2105,#2106,#2107,#2108));
#365=EDGE_LOOP('',(#2109));
#366=EDGE_LOOP('',(#2110));
#367=EDGE_LOOP('',(#2111,#2112,#2113,#2114));
#368=EDGE_LOOP('',(#2115));
#369=EDGE_LOOP('',(#2116));
#370=EDGE_LOOP('',(#2117,#2118,#2119,#2120));
#371=EDGE_LOOP('',(#2121));
#372=EDGE_LOOP('',(#2122));
#373=EDGE_LOOP('',(#2123,#2124,#2125,#2126));
#374=EDGE_LOOP('',(#2127));
#375=EDGE_LOOP('',(#2128));
#376=EDGE_LOOP('',(#2129,#2130,#2131,#2132));
#377=EDGE_LOOP('',(#2133,#2134,#2135,#2136,#2137,#2138,#2139,#2140,#2141,
#2142,#2143,#2144,#2145,#2146,#2147));
#378=EDGE_LOOP('',(#2148,#2149));
#379=EDGE_LOOP('',(#2150,#2151));
#380=EDGE_LOOP('',(#2152,#2153));
#381=EDGE_LOOP('',(#2154,#2155));
#382=EDGE_LOOP('',(#2156,#2157,#2158,#2159,#2160,#2161));
#383=EDGE_LOOP('',(#2162,#2163,#2164,#2165,#2166,#2167));
#384=EDGE_LOOP('',(#2168,#2169,#2170,#2171,#2172,#2173));
#385=EDGE_LOOP('',(#2174,#2175,#2176,#2177,#2178,#2179));
#386=B_SPLINE_CURVE_WITH_KNOTS('',3,(#3327,#3328,#3329,#3330,#3331,#3332,
#3333,#3334,#3335,#3336),.UNSPECIFIED.,.F.,.F.,(4,2,2,2,4),(-0.149121538509861,
-0.0955637357271074,-0.0477030041766943,0.,0.000729330735099984),
 .UNSPECIFIED.);
#387=B_SPLINE_CURVE_WITH_KNOTS('',3,(#3371,#3372,#3373,#3374,#3375,#3376),
 .UNSPECIFIED.,.F.,.F.,(4,1,1,4),(-0.244144312649387,-0.174388794749563,
-0.104633276849738,-2.77131797630951E-16),.UNSPECIFIED.);
#388=B_SPLINE_CURVE_WITH_KNOTS('',3,(#3377,#3378,#3379,#3380,#3381,#3382),
 .UNSPECIFIED.,.F.,.F.,(4,1,1,4),(2.77131797630951E-16,0.104633276849738,
0.174388794749563,0.244144312649387),.UNSPECIFIED.);
#389=B_SPLINE_CURVE_WITH_KNOTS('',3,(#3416,#3417,#3418,#3419,#3420),
 .UNSPECIFIED.,.F.,.F.,(4,1,4),(-0.244144565265328,-0.104633385113712,0.),
 .UNSPECIFIED.);
#390=B_SPLINE_CURVE_WITH_KNOTS('',3,(#3422,#3423,#3424,#3425,#3426,#3427,
#3428,#3429),.UNSPECIFIED.,.F.,.F.,(4,2,2,4),(0.29650690018164,0.370520722058607,
0.461767696613872,0.501418574876108),.UNSPECIFIED.);
#391=B_SPLINE_CURVE_WITH_KNOTS('',3,(#3430,#3431,#3432,#3433,#3434,#3435,
#3436,#3437),.UNSPECIFIED.,.F.,.F.,(4,2,2,4),(0.501418574876108,0.545479876545868,
0.630673224719395,0.705649580054179),.UNSPECIFIED.);
#392=B_SPLINE_CURVE_WITH_KNOTS('',3,(#3575,#3576,#3577,#3578,#3579),
 .UNSPECIFIED.,.F.,.F.,(4,1,4),(0.,0.104633385113712,0.244144565265328),
 .UNSPECIFIED.);
#393=B_SPLINE_CURVE_WITH_KNOTS('',3,(#3582,#3583,#3584,#3585,#3586,#3587,
#3588,#3589,#3590,#3591),.UNSPECIFIED.,.F.,.F.,(4,2,2,2,4),(-0.133237683245503,
-0.132589209613324,-0.0901747892473897,-0.0476201279207856,0.),
 .UNSPECIFIED.);
#394=B_SPLINE_CURVE_WITH_KNOTS('',3,(#3596,#3597,#3598,#3599,#3600,#3601,
#3602,#3603),.UNSPECIFIED.,.F.,.F.,(4,2,2,4),(0.,0.0712861534613817,0.146666600361316,
0.164568804685911),.UNSPECIFIED.);
#395=B_SPLINE_CURVE_WITH_KNOTS('',3,(#3611,#3612,#3613,#3614,#3615,#3616,
#3617,#3618,#3619,#3620),.UNSPECIFIED.,.F.,.F.,(4,2,2,2,4),(-0.149121538509441,
-0.0955637357271015,-0.0477030041766924,0.,0.000729330735100181),
 .UNSPECIFIED.);
#396=B_SPLINE_CURVE_WITH_KNOTS('',3,(#3655,#3656,#3657,#3658,#3659,#3660),
 .UNSPECIFIED.,.F.,.F.,(4,1,1,4),(-0.244144312649387,-0.174388794749562,
-0.104633276849738,-4.43166168212938E-16),.UNSPECIFIED.);
#397=B_SPLINE_CURVE_WITH_KNOTS('',3,(#3661,#3662,#3663,#3664,#3665,#3666),
 .UNSPECIFIED.,.F.,.F.,(4,1,1,4),(4.43166168212938E-16,0.104633276849738,
0.174388794749562,0.244144312649387),.UNSPECIFIED.);
#398=B_SPLINE_CURVE_WITH_KNOTS('',3,(#3699,#3700,#3701,#3702,#3703),
 .UNSPECIFIED.,.F.,.F.,(4,1,4),(-0.244144565265328,-0.104633385113712,-7.42253001529894E-17),
 .UNSPECIFIED.);
#399=B_SPLINE_CURVE_WITH_KNOTS('',3,(#3704,#3705,#3706,#3707,#3708,#3709,
#3710,#3711,#3712,#3713,#3714,#3715),.UNSPECIFIED.,.F.,.F.,(4,2,2,2,2,4),
(0.296506900181643,0.370520722058616,0.461767696613823,0.545479876545712,
0.630673224719116,0.705649580053772),.UNSPECIFIED.);
#400=B_SPLINE_CURVE_WITH_KNOTS('',3,(#3749,#3750,#3751,#3752,#3753),
 .UNSPECIFIED.,.F.,.F.,(4,1,4),(7.42253001529894E-17,0.104633385113712,
0.244144565265328),.UNSPECIFIED.);
#401=B_SPLINE_CURVE_WITH_KNOTS('',3,(#3756,#3757,#3758,#3759,#3760,#3761,
#3762,#3763,#3764,#3765),.UNSPECIFIED.,.F.,.F.,(4,2,2,2,4),(-0.13323768324584,
-0.132589209613662,-0.0901747892476414,-0.0476201279208751,0.),
 .UNSPECIFIED.);
#402=B_SPLINE_CURVE_WITH_KNOTS('',3,(#3770,#3771,#3772,#3773,#3774,#3775,
#3776,#3777),.UNSPECIFIED.,.F.,.F.,(4,2,2,4),(0.,0.0712861534613818,0.146666600361316,
0.164568804685911),.UNSPECIFIED.);
#403=B_SPLINE_CURVE_WITH_KNOTS('',3,(#3815,#3816,#3817,#3818,#3819,#3820),
 .UNSPECIFIED.,.F.,.F.,(4,1,1,4),(-0.244144565265327,-0.174388975189519,
-0.104633385113712,0.),.UNSPECIFIED.);
#404=B_SPLINE_CURVE_WITH_KNOTS('',3,(#3823,#3824,#3825,#3826,#3827,#3828),
 .UNSPECIFIED.,.F.,.F.,(4,1,1,4),(0.,0.104633385113712,0.174388975189519,
0.244144565265327),.UNSPECIFIED.);
#405=B_SPLINE_CURVE_WITH_KNOTS('',3,(#3832,#3833,#3834,#3835,#3836,#3837,
#3838,#3839,#3840,#3841),.UNSPECIFIED.,.F.,.F.,(4,2,2,2,4),(-0.149121538509776,
-0.095563735727113,-0.0477030041766575,0.,0.000729330735096588),
 .UNSPECIFIED.);
#406=B_SPLINE_CURVE_WITH_KNOTS('',3,(#3873,#3874,#3875,#3876,#3877),
 .UNSPECIFIED.,.F.,.F.,(4,1,4),(-0.244144565265328,-0.104633385113712,-5.36986072348154E-17),
 .UNSPECIFIED.);
#407=B_SPLINE_CURVE_WITH_KNOTS('',3,(#3878,#3879,#3880,#3881,#3882,#3883,
#3884,#3885,#3886,#3887,#3888,#3889),.UNSPECIFIED.,.F.,.F.,(4,2,2,2,2,4),
(0.296506900181712,0.370520722058698,0.461767696613942,0.545479876545881,
0.630673224719353,0.705649580054085),.UNSPECIFIED.);
#408=B_SPLINE_CURVE_WITH_KNOTS('',3,(#3923,#3924,#3925,#3926,#3927),
 .UNSPECIFIED.,.F.,.F.,(4,1,4),(5.36986072348154E-17,0.104633385113712,
0.244144565265328),.UNSPECIFIED.);
#409=B_SPLINE_CURVE_WITH_KNOTS('',3,(#3930,#3931,#3932,#3933,#3934,#3935,
#3936,#3937,#3938,#3939),.UNSPECIFIED.,.F.,.F.,(4,2,2,2,4),(-0.133237683246069,
-0.132589209613886,-0.0901747892477303,-0.0476201279209075,0.),
 .UNSPECIFIED.);
#410=B_SPLINE_CURVE_WITH_KNOTS('',3,(#3944,#3945,#3946,#3947,#3948,#3949,
#3950,#3951),.UNSPECIFIED.,.F.,.F.,(4,2,2,4),(0.,0.0712861534613816,0.146666600361316,
0.164568804685911),.UNSPECIFIED.);
#411=B_SPLINE_CURVE_WITH_KNOTS('',3,(#3989,#3990,#3991,#3992,#3993,#3994),
 .UNSPECIFIED.,.F.,.F.,(4,1,1,4),(-0.244144565265328,-0.17438897518952,
-0.104633385113712,0.),.UNSPECIFIED.);
#412=B_SPLINE_CURVE_WITH_KNOTS('',3,(#3997,#3998,#3999,#4000,#4001,#4002),
 .UNSPECIFIED.,.F.,.F.,(4,1,1,4),(0.,0.104633385113712,0.17438897518952,
0.244144565265328),.UNSPECIFIED.);
#413=B_SPLINE_CURVE_WITH_KNOTS('',3,(#4006,#4007,#4008,#4009,#4010,#4011,
#4012,#4013,#4014,#4015),.UNSPECIFIED.,.F.,.F.,(4,2,2,2,4),(-0.149121538509833,
-0.0955637357270548,-0.0477030041766255,0.,0.000729330735095633),
 .UNSPECIFIED.);
#414=B_SPLINE_CURVE_WITH_KNOTS('',3,(#4047,#4048,#4049,#4050,#4051,#4052),
 .UNSPECIFIED.,.F.,.F.,(4,1,1,4),(-0.244144565265328,-0.139511180151616,
-0.0697555900758079,-2.16313578944942E-17),.UNSPECIFIED.);
#415=B_SPLINE_CURVE_WITH_KNOTS('',3,(#4053,#4054,#4055,#4056,#4057,#4058,
#4059,#4060,#4061,#4062,#4063,#4064),.UNSPECIFIED.,.F.,.F.,(4,2,2,2,2,4),
(0.296506900181497,0.370520722058426,0.461767696613579,0.545479876545427,
0.630673224718769,0.705649580053341),.UNSPECIFIED.);
#416=B_SPLINE_CURVE_WITH_KNOTS('',3,(#4103,#4104,#4105,#4106,#4107,#4108),
 .UNSPECIFIED.,.F.,.F.,(4,1,1,4),(2.16313578944942E-17,0.0697555900758079,
0.139511180151616,0.244144565265328),.UNSPECIFIED.);
#417=B_SPLINE_CURVE_WITH_KNOTS('',3,(#4111,#4112,#4113,#4114,#4115,#4116,
#4117,#4118,#4119,#4120),.UNSPECIFIED.,.F.,.F.,(4,2,2,2,4),(-0.13323768324443,
-0.132589209612261,-0.0901747892467897,-0.0476201279205698,0.),
 .UNSPECIFIED.);
#418=B_SPLINE_CURVE_WITH_KNOTS('',3,(#4125,#4126,#4127,#4128,#4129,#4130,
#4131,#4132),.UNSPECIFIED.,.F.,.F.,(4,2,2,4),(0.,0.0712861534613816,0.146666600361316,
0.164568804685911),.UNSPECIFIED.);
#419=B_SPLINE_CURVE_WITH_KNOTS('',3,(#4166,#4167,#4168,#4169,#4170),
 .UNSPECIFIED.,.F.,.F.,(4,1,4),(-0.236229309527026,-0.10124113265444,-2.93757978211182E-17),
 .UNSPECIFIED.);
#420=B_SPLINE_CURVE_WITH_KNOTS('',3,(#4171,#4172,#4173,#4174,#4175),
 .UNSPECIFIED.,.F.,.F.,(4,1,4),(2.93757978211182E-17,0.10124113265444,0.236229309527026),
 .UNSPECIFIED.);
#421=B_SPLINE_CURVE_WITH_KNOTS('',3,(#4215,#4216,#4217,#4218,#4219),
 .UNSPECIFIED.,.F.,.F.,(4,1,4),(-0.236229309527025,-0.101241132654439,0.),
 .UNSPECIFIED.);
#422=B_SPLINE_CURVE_WITH_KNOTS('',3,(#4220,#4221,#4222,#4223,#4224),
 .UNSPECIFIED.,.F.,.F.,(4,1,4),(0.,0.101241132654439,0.236229309527025),
 .UNSPECIFIED.);
#423=B_SPLINE_CURVE_WITH_KNOTS('',3,(#4265,#4266,#4267,#4268,#4269),
 .UNSPECIFIED.,.F.,.F.,(4,1,4),(-0.236226175077906,-0.101239789319103,0.),
 .UNSPECIFIED.);
#424=B_SPLINE_CURVE_WITH_KNOTS('',3,(#4270,#4271,#4272,#4273,#4274),
 .UNSPECIFIED.,.F.,.F.,(4,1,4),(0.,0.101239789319103,0.236226175077906),
 .UNSPECIFIED.);
#425=B_SPLINE_CURVE_WITH_KNOTS('',3,(#4281,#4282,#4283,#4284,#4285,#4286,
#4287,#4288),.UNSPECIFIED.,.F.,.F.,(4,2,2,4),(1.11320977010648,1.13111197443107,
1.20649242133101,1.27777857479239),.UNSPECIFIED.);
#426=B_SPLINE_CURVE_WITH_KNOTS('',3,(#4324,#4325,#4326,#4327,#4328),
 .UNSPECIFIED.,.F.,.F.,(4,1,4),(-0.236229309527026,-0.10124113265444,-5.15379280530838E-17),
 .UNSPECIFIED.);
#427=B_SPLINE_CURVE_WITH_KNOTS('',3,(#4329,#4330,#4331,#4332,#4333),
 .UNSPECIFIED.,.F.,.F.,(4,1,4),(5.15379280530838E-17,0.10124113265444,0.236229309527026),
 .UNSPECIFIED.);
#428=B_SPLINE_CURVE_WITH_KNOTS('',3,(#4374,#4375,#4376,#4377,#4378),
 .UNSPECIFIED.,.F.,.F.,(4,1,4),(-0.236226175077906,-0.101239789319103,0.),
 .UNSPECIFIED.);
#429=B_SPLINE_CURVE_WITH_KNOTS('',3,(#4379,#4380,#4381,#4382,#4383),
 .UNSPECIFIED.,.F.,.F.,(4,1,4),(0.,0.101239789319103,0.236226175077906),
 .UNSPECIFIED.);
#430=B_SPLINE_CURVE_WITH_KNOTS('',3,(#4390,#4391,#4392,#4393,#4394,#4395,
#4396,#4397),.UNSPECIFIED.,.F.,.F.,(4,2,2,4),(1.11320977010648,1.13111197443107,
1.20649242133101,1.27777857479239),.UNSPECIFIED.);
#431=B_SPLINE_CURVE_WITH_KNOTS('',3,(#4434,#4435,#4436,#4437,#4438),
 .UNSPECIFIED.,.F.,.F.,(4,1,4),(-0.236226175077906,-0.101239789319103,-2.09935777539164E-17),
 .UNSPECIFIED.);
#432=B_SPLINE_CURVE_WITH_KNOTS('',3,(#4439,#4440,#4441,#4442,#4443),
 .UNSPECIFIED.,.F.,.F.,(4,1,4),(2.09935777539164E-17,0.101239789319103,
0.236226175077906),.UNSPECIFIED.);
#433=B_SPLINE_CURVE_WITH_KNOTS('',3,(#4450,#4451,#4452,#4453,#4454,#4455,
#4456,#4457),.UNSPECIFIED.,.F.,.F.,(4,2,2,4),(1.11320977010648,1.13111197443107,
1.20649242133101,1.27777857479239),.UNSPECIFIED.);
#434=B_SPLINE_CURVE_WITH_KNOTS('',3,(#4494,#4495,#4496,#4497,#4498),
 .UNSPECIFIED.,.F.,.F.,(4,1,4),(-0.236226175077906,-0.101239789319103,-4.28661353459645E-16),
 .UNSPECIFIED.);
#435=B_SPLINE_CURVE_WITH_KNOTS('',3,(#4499,#4500,#4501,#4502,#4503),
 .UNSPECIFIED.,.F.,.F.,(4,1,4),(4.28661353459645E-16,0.101239789319103,
0.236226175077906),.UNSPECIFIED.);
#436=B_SPLINE_CURVE_WITH_KNOTS('',3,(#4510,#4511,#4512,#4513,#4514,#4515,
#4516,#4517),.UNSPECIFIED.,.F.,.F.,(4,2,2,4),(1.11320977010648,1.13111197443107,
1.20649242133101,1.27777857479239),.UNSPECIFIED.);
#437=B_SPLINE_CURVE_WITH_KNOTS('',3,(#4553,#4554,#4555,#4556,#4557),
 .UNSPECIFIED.,.F.,.F.,(4,1,4),(-0.236229309527026,-0.10124113265444,-4.89656735701244E-17),
 .UNSPECIFIED.);
#438=B_SPLINE_CURVE_WITH_KNOTS('',3,(#4558,#4559,#4560,#4561,#4562),
 .UNSPECIFIED.,.F.,.F.,(4,1,4),(4.89656735701244E-17,0.10124113265444,0.236229309527026),
 .UNSPECIFIED.);
#439=B_SPLINE_CURVE_WITH_KNOTS('',3,(#4574,#4575,#4576,#4577,#4578,#4579),
 .UNSPECIFIED.,.F.,.F.,(4,2,4),(0.308238760701711,0.41087908566254,0.436342297268158),
 .UNSPECIFIED.);
#440=B_SPLINE_CURVE_WITH_KNOTS('',3,(#4586,#4587,#4588,#4589,#4590,#4591),
 .UNSPECIFIED.,.F.,.F.,(4,2,4),(0.950346045988473,0.975809257594091,1.07844958255492),
 .UNSPECIFIED.);
#441=B_SPLINE_CURVE_WITH_KNOTS('',3,(#4609,#4610,#4611,#4612,#4613,#4614),
 .UNSPECIFIED.,.F.,.F.,(4,2,4),(0.30823876070171,0.410879085662539,0.436342297268158),
 .UNSPECIFIED.);
#442=B_SPLINE_CURVE_WITH_KNOTS('',3,(#4621,#4622,#4623,#4624,#4625,#4626),
 .UNSPECIFIED.,.F.,.F.,(4,2,4),(0.950346045988472,0.97580925759409,1.07844958255492),
 .UNSPECIFIED.);
#443=B_SPLINE_CURVE_WITH_KNOTS('',3,(#4640,#4641,#4642,#4643,#4644,#4645),
 .UNSPECIFIED.,.F.,.F.,(4,2,4),(0.30823876070171,0.410879085662539,0.436342297268158),
 .UNSPECIFIED.);
#444=B_SPLINE_CURVE_WITH_KNOTS('',3,(#4652,#4653,#4654,#4655,#4656,#4657),
 .UNSPECIFIED.,.F.,.F.,(4,2,4),(0.950346045988473,0.975809257594091,1.07844958255492),
 .UNSPECIFIED.);
#445=B_SPLINE_CURVE_WITH_KNOTS('',3,(#4677,#4678,#4679,#4680,#4681,#4682),
 .UNSPECIFIED.,.F.,.F.,(4,2,4),(0.30823876070171,0.402411233995367,0.435692630365923),
 .UNSPECIFIED.);
#446=B_SPLINE_CURVE_WITH_KNOTS('',3,(#4686,#4687,#4688,#4689,#4690,#4691),
 .UNSPECIFIED.,.F.,.F.,(4,2,4),(0.950346045988473,0.975809257594091,1.07844958255492),
 .UNSPECIFIED.);
#447=B_SPLINE_CURVE_WITH_KNOTS('',3,(#4703,#4704,#4705,#4706,#4707,#4708,
#4709,#4710,#4711,#4712,#4713,#4714,#4715,#4716,#4717,#4718,#4719,#4720),
 .UNSPECIFIED.,.F.,.F.,(4,2,2,2,2,2,2,2,4),(0.,0.0551709153701362,0.110341830740272,
0.1654780923909,0.220614354041527,0.275750615692155,0.330886877342782,0.386057792712919,
0.441228708083055),.UNSPECIFIED.);
#448=B_SPLINE_CURVE_WITH_KNOTS('',3,(#4721,#4722,#4723,#4724,#4725,#4726,
#4727,#4728,#4729,#4730,#4731,#4732,#4733,#4734,#4735,#4736,#4737,#4738),
 .UNSPECIFIED.,.F.,.F.,(4,2,2,2,2,2,2,2,4),(0.441228708083055,0.496399623453191,
0.551570538823327,0.606706800473955,0.661843062124582,0.71697932377521,
0.772115585425837,0.827286500795973,0.88245741616611),.UNSPECIFIED.);
#449=B_SPLINE_CURVE_WITH_KNOTS('',3,(#4749,#4750,#4751,#4752,#4753,#4754,
#4755,#4756,#4757,#4758,#4759,#4760,#4761,#4762,#4763,#4764,#4765,#4766),
 .UNSPECIFIED.,.F.,.F.,(4,2,2,2,2,2,2,2,4),(0.,0.0551709153701363,0.110341830740273,
0.1654780923909,0.220614354041527,0.275750615692155,0.330886877342783,0.386057792712919,
0.441228708083055),.UNSPECIFIED.);
#450=B_SPLINE_CURVE_WITH_KNOTS('',3,(#4767,#4768,#4769,#4770,#4771,#4772,
#4773,#4774,#4775,#4776,#4777,#4778,#4779,#4780,#4781,#4782,#4783,#4784),
 .UNSPECIFIED.,.F.,.F.,(4,2,2,2,2,2,2,2,4),(0.441228708083055,0.496399623453191,
0.551570538823327,0.606706800473955,0.661843062124582,0.71697932377521,
0.772115585425837,0.827286500795974,0.88245741616611),.UNSPECIFIED.);
#451=B_SPLINE_CURVE_WITH_KNOTS('',3,(#4795,#4796,#4797,#4798,#4799,#4800,
#4801,#4802,#4803,#4804,#4805,#4806,#4807,#4808,#4809,#4810,#4811,#4812),
 .UNSPECIFIED.,.F.,.F.,(4,2,2,2,2,2,2,2,4),(0.,0.0551709153701363,0.110341830740273,
0.1654780923909,0.220614354041527,0.275750615692155,0.330886877342782,0.386057792712919,
0.441228708083055),.UNSPECIFIED.);
#452=B_SPLINE_CURVE_WITH_KNOTS('',3,(#4813,#4814,#4815,#4816,#4817,#4818,
#4819,#4820,#4821,#4822,#4823,#4824,#4825,#4826,#4827,#4828,#4829,#4830),
 .UNSPECIFIED.,.F.,.F.,(4,2,2,2,2,2,2,2,4),(0.441228708083055,0.496399623453191,
0.551570538823327,0.606706800473955,0.661843062124582,0.71697932377521,
0.772115585425837,0.827286500795974,0.88245741616611),.UNSPECIFIED.);
#453=B_SPLINE_CURVE_WITH_KNOTS('',3,(#4841,#4842,#4843,#4844,#4845,#4846,
#4847,#4848,#4849,#4850,#4851,#4852,#4853,#4854,#4855,#4856,#4857,#4858),
 .UNSPECIFIED.,.F.,.F.,(4,2,2,2,2,2,2,2,4),(0.,0.0551709153701363,0.110341830740273,
0.1654780923909,0.220614354041527,0.275750615692155,0.330886877342783,0.386057792712919,
0.441228708083055),.UNSPECIFIED.);
#454=B_SPLINE_CURVE_WITH_KNOTS('',3,(#4859,#4860,#4861,#4862,#4863,#4864,
#4865,#4866,#4867,#4868,#4869,#4870,#4871,#4872,#4873,#4874,#4875,#4876),
 .UNSPECIFIED.,.F.,.F.,(4,2,2,2,2,2,2,2,4),(0.441228708083055,0.496399623453191,
0.551570538823327,0.606706800473955,0.661843062124582,0.71697932377521,
0.772115585425837,0.827286500795974,0.88245741616611),.UNSPECIFIED.);
#455=LINE('',#3325,#600);
#456=LINE('',#3337,#601);
#457=LINE('',#3387,#602);
#458=LINE('',#3388,#603);
#459=LINE('',#3399,#604);
#460=LINE('',#3403,#605);
#461=LINE('',#3405,#606);
#462=LINE('',#3407,#607);
#463=LINE('',#3409,#608);
#464=LINE('',#3411,#609);
#465=LINE('',#3412,#610);
#466=LINE('',#3441,#611);
#467=LINE('',#3444,#612);
#468=LINE('',#3450,#613);
#469=LINE('',#3452,#614);
#470=LINE('',#3454,#615);
#471=LINE('',#3460,#616);
#472=LINE('',#3468,#617);
#473=LINE('',#3474,#618);
#474=LINE('',#3476,#619);
#475=LINE('',#3478,#620);
#476=LINE('',#3484,#621);
#477=LINE('',#3492,#622);
#478=LINE('',#3498,#623);
#479=LINE('',#3500,#624);
#480=LINE('',#3502,#625);
#481=LINE('',#3508,#626);
#482=LINE('',#3516,#627);
#483=LINE('',#3522,#628);
#484=LINE('',#3524,#629);
#485=LINE('',#3526,#630);
#486=LINE('',#3532,#631);
#487=LINE('',#3546,#632);
#488=LINE('',#3592,#633);
#489=LINE('',#3595,#634);
#490=LINE('',#3609,#635);
#491=LINE('',#3621,#636);
#492=LINE('',#3668,#637);
#493=LINE('',#3669,#638);
#494=LINE('',#3682,#639);
#495=LINE('',#3686,#640);
#496=LINE('',#3688,#641);
#497=LINE('',#3690,#642);
#498=LINE('',#3692,#643);
#499=LINE('',#3694,#644);
#500=LINE('',#3695,#645);
#501=LINE('',#3717,#646);
#502=LINE('',#3720,#647);
#503=LINE('',#3766,#648);
#504=LINE('',#3769,#649);
#505=LINE('',#3780,#650);
#506=LINE('',#3783,#651);
#507=LINE('',#3842,#652);
#508=LINE('',#3843,#653);
#509=LINE('',#3856,#654);
#510=LINE('',#3860,#655);
#511=LINE('',#3862,#656);
#512=LINE('',#3864,#657);
#513=LINE('',#3866,#658);
#514=LINE('',#3868,#659);
#515=LINE('',#3869,#660);
#516=LINE('',#3891,#661);
#517=LINE('',#3894,#662);
#518=LINE('',#3940,#663);
#519=LINE('',#3943,#664);
#520=LINE('',#3954,#665);
#521=LINE('',#3957,#666);
#522=LINE('',#4016,#667);
#523=LINE('',#4017,#668);
#524=LINE('',#4030,#669);
#525=LINE('',#4034,#670);
#526=LINE('',#4036,#671);
#527=LINE('',#4038,#672);
#528=LINE('',#4040,#673);
#529=LINE('',#4042,#674);
#530=LINE('',#4043,#675);
#531=LINE('',#4066,#676);
#532=LINE('',#4069,#677);
#533=LINE('',#4121,#678);
#534=LINE('',#4124,#679);
#535=LINE('',#4135,#680);
#536=LINE('',#4138,#681);
#537=LINE('',#4179,#682);
#538=LINE('',#4181,#683);
#539=LINE('',#4184,#684);
#540=LINE('',#4187,#685);
#541=LINE('',#4228,#686);
#542=LINE('',#4230,#687);
#543=LINE('',#4235,#688);
#544=LINE('',#4276,#689);
#545=LINE('',#4277,#690);
#546=LINE('',#4290,#691);
#547=LINE('',#4293,#692);
#548=LINE('',#4296,#693);
#549=LINE('',#4337,#694);
#550=LINE('',#4339,#695);
#551=LINE('',#4344,#696);
#552=LINE('',#4385,#697);
#553=LINE('',#4386,#698);
#554=LINE('',#4399,#699);
#555=LINE('',#4404,#700);
#556=LINE('',#4445,#701);
#557=LINE('',#4446,#702);
#558=LINE('',#4459,#703);
#559=LINE('',#4464,#704);
#560=LINE('',#4505,#705);
#561=LINE('',#4506,#706);
#562=LINE('',#4519,#707);
#563=LINE('',#4522,#708);
#564=LINE('',#4525,#709);
#565=LINE('',#4566,#710);
#566=LINE('',#4568,#711);
#567=LINE('',#4583,#712);
#568=LINE('',#4593,#713);
#569=LINE('',#4597,#714);
#570=LINE('',#4599,#715);
#571=LINE('',#4605,#716);
#572=LINE('',#4618,#717);
#573=LINE('',#4628,#718);
#574=LINE('',#4631,#719);
#575=LINE('',#4632,#720);
#576=LINE('',#4649,#721);
#577=LINE('',#4659,#722);
#578=LINE('',#4662,#723);
#579=LINE('',#4665,#724);
#580=LINE('',#4669,#725);
#581=LINE('',#4672,#726);
#582=LINE('',#4692,#727);
#583=LINE('',#4695,#728);
#584=LINE('',#4701,#729);
#585=LINE('',#4741,#730);
#586=LINE('',#4747,#731);
#587=LINE('',#4787,#732);
#588=LINE('',#4793,#733);
#589=LINE('',#4833,#734);
#590=LINE('',#4839,#735);
#591=LINE('',#4895,#736);
#592=LINE('',#4899,#737);
#593=LINE('',#4903,#738);
#594=LINE('',#4907,#739);
#595=LINE('',#4913,#740);
#596=LINE('',#4918,#741);
#597=LINE('',#4923,#742);
#598=LINE('',#4928,#743);
#599=LINE('',#4930,#744);
#600=VECTOR('',#2662,10.);
#601=VECTOR('',#2663,10.);
#602=VECTOR('',#2670,10.);
#603=VECTOR('',#2671,10.);
#604=VECTOR('',#2682,10.);
#605=VECTOR('',#2685,10.);
#606=VECTOR('',#2686,10.);
#607=VECTOR('',#2687,10.);
#608=VECTOR('',#2688,10.);
#609=VECTOR('',#2689,10.);
#610=VECTOR('',#2690,10.);
#611=VECTOR('',#2699,10.);
#612=VECTOR('',#2702,10.);
#613=VECTOR('',#2707,10.);
#614=VECTOR('',#2708,10.);
#615=VECTOR('',#2709,10.);
#616=VECTOR('',#2714,10.);
#617=VECTOR('',#2721,10.);
#618=VECTOR('',#2726,10.);
#619=VECTOR('',#2727,10.);
#620=VECTOR('',#2728,10.);
#621=VECTOR('',#2733,10.);
#622=VECTOR('',#2740,10.);
#623=VECTOR('',#2745,10.);
#624=VECTOR('',#2746,10.);
#625=VECTOR('',#2747,10.);
#626=VECTOR('',#2752,10.);
#627=VECTOR('',#2759,10.);
#628=VECTOR('',#2764,10.);
#629=VECTOR('',#2765,10.);
#630=VECTOR('',#2766,10.);
#631=VECTOR('',#2771,10.);
#632=VECTOR('',#2786,10.);
#633=VECTOR('',#2793,10.);
#634=VECTOR('',#2796,10.);
#635=VECTOR('',#2801,10.);
#636=VECTOR('',#2802,10.);
#637=VECTOR('',#2807,10.);
#638=VECTOR('',#2808,10.);
#639=VECTOR('',#2821,10.);
#640=VECTOR('',#2824,10.);
#641=VECTOR('',#2825,10.);
#642=VECTOR('',#2826,10.);
#643=VECTOR('',#2827,10.);
#644=VECTOR('',#2828,10.);
#645=VECTOR('',#2829,10.);
#646=VECTOR('',#2836,10.);
#647=VECTOR('',#2839,10.);
#648=VECTOR('',#2846,10.);
#649=VECTOR('',#2849,10.);
#650=VECTOR('',#2852,10.);
#651=VECTOR('',#2855,10.);
#652=VECTOR('',#2860,10.);
#653=VECTOR('',#2861,10.);
#654=VECTOR('',#2874,10.);
#655=VECTOR('',#2877,10.);
#656=VECTOR('',#2878,10.);
#657=VECTOR('',#2879,10.);
#658=VECTOR('',#2880,10.);
#659=VECTOR('',#2881,10.);
#660=VECTOR('',#2882,10.);
#661=VECTOR('',#2889,10.);
#662=VECTOR('',#2892,10.);
#663=VECTOR('',#2899,10.);
#664=VECTOR('',#2902,10.);
#665=VECTOR('',#2905,10.);
#666=VECTOR('',#2908,10.);
#667=VECTOR('',#2913,10.);
#668=VECTOR('',#2914,10.);
#669=VECTOR('',#2927,10.);
#670=VECTOR('',#2930,10.);
#671=VECTOR('',#2931,10.);
#672=VECTOR('',#2932,10.);
#673=VECTOR('',#2933,10.);
#674=VECTOR('',#2934,10.);
#675=VECTOR('',#2935,10.);
#676=VECTOR('',#2942,10.);
#677=VECTOR('',#2945,10.);
#678=VECTOR('',#2952,10.);
#679=VECTOR('',#2955,10.);
#680=VECTOR('',#2958,10.);
#681=VECTOR('',#2961,10.);
#682=VECTOR('',#2968,10.);
#683=VECTOR('',#2971,10.);
#684=VECTOR('',#2974,10.);
#685=VECTOR('',#2977,10.);
#686=VECTOR('',#2984,10.);
#687=VECTOR('',#2987,10.);
#688=VECTOR('',#2992,10.);
#689=VECTOR('',#2999,10.);
#690=VECTOR('',#3000,10.);
#691=VECTOR('',#3007,10.);
#692=VECTOR('',#3010,10.);
#693=VECTOR('',#3013,10.);
#694=VECTOR('',#3020,10.);
#695=VECTOR('',#3023,10.);
#696=VECTOR('',#3028,10.);
#697=VECTOR('',#3035,10.);
#698=VECTOR('',#3036,10.);
#699=VECTOR('',#3043,10.);
#700=VECTOR('',#3048,10.);
#701=VECTOR('',#3055,10.);
#702=VECTOR('',#3056,10.);
#703=VECTOR('',#3063,10.);
#704=VECTOR('',#3068,10.);
#705=VECTOR('',#3075,10.);
#706=VECTOR('',#3076,10.);
#707=VECTOR('',#3083,10.);
#708=VECTOR('',#3086,10.);
#709=VECTOR('',#3089,10.);
#710=VECTOR('',#3096,10.);
#711=VECTOR('',#3099,10.);
#712=VECTOR('',#3110,10.);
#713=VECTOR('',#3113,10.);
#714=VECTOR('',#3118,10.);
#715=VECTOR('',#3121,10.);
#716=VECTOR('',#3128,10.);
#717=VECTOR('',#3135,10.);
#718=VECTOR('',#3138,10.);
#719=VECTOR('',#3143,10.);
#720=VECTOR('',#3144,10.);
#721=VECTOR('',#3157,10.);
#722=VECTOR('',#3160,10.);
#723=VECTOR('',#3165,10.);
#724=VECTOR('',#3168,10.);
#725=VECTOR('',#3173,10.);
#726=VECTOR('',#3178,10.);
#727=VECTOR('',#3187,10.);
#728=VECTOR('',#3190,1.7);
#729=VECTOR('',#3197,1.45);
#730=VECTOR('',#3200,1.7);
#731=VECTOR('',#3207,1.45);
#732=VECTOR('',#3210,1.7);
#733=VECTOR('',#3217,1.45);
#734=VECTOR('',#3220,1.7);
#735=VECTOR('',#3227,1.45);
#736=VECTOR('',#3262,2.25);
#737=VECTOR('',#3267,2.25);
#738=VECTOR('',#3272,2.25);
#739=VECTOR('',#3277,2.25);
#740=VECTOR('',#3286,1.3);
#741=VECTOR('',#3293,1.3);
#742=VECTOR('',#3300,1.3);
#743=VECTOR('',#3307,1.3);
#744=VECTOR('',#3310,4.05);
#745=CIRCLE('',#2399,0.5);
#746=CIRCLE('',#2400,0.499999999999999);
#747=CIRCLE('',#2402,0.5);
#748=CIRCLE('',#2404,16.);
#749=CIRCLE('',#2405,20.);
#750=CIRCLE('',#2406,2.25);
#751=CIRCLE('',#2407,20.);
#752=CIRCLE('',#2408,16.);
#753=CIRCLE('',#2410,22.);
#754=CIRCLE('',#2412,22.);
#755=CIRCLE('',#2414,18.);
#756=CIRCLE('',#2415,0.5);
#757=CIRCLE('',#2416,0.5);
#758=CIRCLE('',#2417,18.);
#759=CIRCLE('',#2418,0.5);
#760=CIRCLE('',#2419,22.);
#761=CIRCLE('',#2420,0.5);
#762=CIRCLE('',#2421,18.);
#763=CIRCLE('',#2422,0.5);
#764=CIRCLE('',#2423,0.5);
#765=CIRCLE('',#2424,18.);
#766=CIRCLE('',#2425,0.5);
#767=CIRCLE('',#2426,22.);
#768=CIRCLE('',#2427,0.5);
#769=CIRCLE('',#2428,18.);
#770=CIRCLE('',#2429,0.5);
#771=CIRCLE('',#2430,0.5);
#772=CIRCLE('',#2431,18.);
#773=CIRCLE('',#2432,0.5);
#774=CIRCLE('',#2433,22.);
#775=CIRCLE('',#2434,0.5);
#776=CIRCLE('',#2435,18.);
#777=CIRCLE('',#2436,0.5);
#778=CIRCLE('',#2437,0.5);
#779=CIRCLE('',#2438,18.);
#780=CIRCLE('',#2439,0.5);
#781=CIRCLE('',#2440,4.05);
#782=CIRCLE('',#2441,1.3);
#783=CIRCLE('',#2442,1.3);
#784=CIRCLE('',#2443,1.3);
#785=CIRCLE('',#2444,1.3);
#786=CIRCLE('',#2446,0.500000000000002);
#787=CIRCLE('',#2447,0.5);
#788=CIRCLE('',#2451,0.500000000000001);
#789=CIRCLE('',#2452,0.500000000000001);
#790=CIRCLE('',#2455,16.);
#791=CIRCLE('',#2456,20.);
#792=CIRCLE('',#2457,2.25);
#793=CIRCLE('',#2458,2.25);
#794=CIRCLE('',#2459,20.);
#795=CIRCLE('',#2460,16.);
#796=CIRCLE('',#2462,22.);
#797=CIRCLE('',#2465,0.500000000000001);
#798=CIRCLE('',#2466,0.5);
#799=CIRCLE('',#2470,0.499999999999996);
#800=CIRCLE('',#2471,0.499999999999999);
#801=CIRCLE('',#2474,16.);
#802=CIRCLE('',#2475,20.);
#803=CIRCLE('',#2476,2.25);
#804=CIRCLE('',#2477,2.25);
#805=CIRCLE('',#2478,20.);
#806=CIRCLE('',#2479,16.);
#807=CIRCLE('',#2481,22.);
#808=CIRCLE('',#2484,0.500000000000001);
#809=CIRCLE('',#2485,0.5);
#810=CIRCLE('',#2489,0.499999999999996);
#811=CIRCLE('',#2490,0.5);
#812=CIRCLE('',#2493,16.);
#813=CIRCLE('',#2494,20.);
#814=CIRCLE('',#2495,2.25);
#815=CIRCLE('',#2496,2.25);
#816=CIRCLE('',#2497,20.);
#817=CIRCLE('',#2498,16.);
#818=CIRCLE('',#2500,22.);
#819=CIRCLE('',#2503,0.500000000000001);
#820=CIRCLE('',#2504,0.499999999999999);
#821=CIRCLE('',#2508,0.5);
#822=CIRCLE('',#2509,0.5);
#823=CIRCLE('',#2514,0.499999999999999);
#824=CIRCLE('',#2515,0.5);
#825=CIRCLE('',#2521,0.500000000000001);
#826=CIRCLE('',#2522,0.499999999999999);
#827=CIRCLE('',#2525,18.);
#828=CIRCLE('',#2528,0.499999999999996);
#829=CIRCLE('',#2529,0.5);
#830=CIRCLE('',#2535,0.5);
#831=CIRCLE('',#2536,0.499999999999999);
#832=CIRCLE('',#2539,18.);
#833=CIRCLE('',#2543,0.500000000000001);
#834=CIRCLE('',#2544,0.5);
#835=CIRCLE('',#2547,18.);
#836=CIRCLE('',#2551,0.5);
#837=CIRCLE('',#2552,0.5);
#838=CIRCLE('',#2555,18.);
#839=CIRCLE('',#2558,0.5);
#840=CIRCLE('',#2559,0.5);
#841=CIRCLE('',#2564,18.);
#842=CIRCLE('',#2567,2.);
#843=CIRCLE('',#2569,2.);
#844=CIRCLE('',#2571,2.);
#845=CIRCLE('',#2572,1.95);
#846=CIRCLE('',#2574,4.05);
#847=CIRCLE('',#2577,2.);
#848=CIRCLE('',#2579,2.);
#849=CIRCLE('',#2581,1.95);
#850=CIRCLE('',#2583,4.05);
#851=CIRCLE('',#2586,2.);
#852=CIRCLE('',#2588,2.);
#853=CIRCLE('',#2590,2.);
#854=CIRCLE('',#2591,1.95);
#855=CIRCLE('',#2593,4.05);
#856=CIRCLE('',#2595,1.95);
#857=CIRCLE('',#2600,1.45);
#858=CIRCLE('',#2601,1.45);
#859=CIRCLE('',#2604,1.45);
#860=CIRCLE('',#2605,1.45);
#861=CIRCLE('',#2608,1.45);
#862=CIRCLE('',#2609,1.45);
#863=CIRCLE('',#2612,1.45);
#864=CIRCLE('',#2613,1.45);
#865=CIRCLE('',#2616,4.05);
#866=CIRCLE('',#2623,18.);
#867=CIRCLE('',#2626,18.);
#868=CIRCLE('',#2629,18.);
#869=CIRCLE('',#2632,2.25);
#870=CIRCLE('',#2634,2.25);
#871=CIRCLE('',#2636,2.25);
#872=CIRCLE('',#2638,2.25);
#873=CIRCLE('',#2640,1.3);
#874=CIRCLE('',#2643,1.3);
#875=CIRCLE('',#2646,1.3);
#876=CIRCLE('',#2649,1.3);
#877=VERTEX_POINT('',#3321);
#878=VERTEX_POINT('',#3322);
#879=VERTEX_POINT('',#3324);
#880=VERTEX_POINT('',#3326);
#881=VERTEX_POINT('',#3368);
#882=VERTEX_POINT('',#3369);
#883=VERTEX_POINT('',#3384);
#884=VERTEX_POINT('',#3385);
#885=VERTEX_POINT('',#3390);
#886=VERTEX_POINT('',#3392);
#887=VERTEX_POINT('',#3394);
#888=VERTEX_POINT('',#3396);
#889=VERTEX_POINT('',#3398);
#890=VERTEX_POINT('',#3400);
#891=VERTEX_POINT('',#3402);
#892=VERTEX_POINT('',#3404);
#893=VERTEX_POINT('',#3406);
#894=VERTEX_POINT('',#3408);
#895=VERTEX_POINT('',#3410);
#896=VERTEX_POINT('',#3414);
#897=VERTEX_POINT('',#3421);
#898=VERTEX_POINT('',#3439);
#899=VERTEX_POINT('',#3443);
#900=VERTEX_POINT('',#3445);
#901=VERTEX_POINT('',#3447);
#902=VERTEX_POINT('',#3449);
#903=VERTEX_POINT('',#3451);
#904=VERTEX_POINT('',#3453);
#905=VERTEX_POINT('',#3455);
#906=VERTEX_POINT('',#3457);
#907=VERTEX_POINT('',#3459);
#908=VERTEX_POINT('',#3461);
#909=VERTEX_POINT('',#3463);
#910=VERTEX_POINT('',#3465);
#911=VERTEX_POINT('',#3467);
#912=VERTEX_POINT('',#3469);
#913=VERTEX_POINT('',#3471);
#914=VERTEX_POINT('',#3473);
#915=VERTEX_POINT('',#3475);
#916=VERTEX_POINT('',#3477);
#917=VERTEX_POINT('',#3479);
#918=VERTEX_POINT('',#3481);
#919=VERTEX_POINT('',#3483);
#920=VERTEX_POINT('',#3485);
#921=VERTEX_POINT('',#3487);
#922=VERTEX_POINT('',#3489);
#923=VERTEX_POINT('',#3491);
#924=VERTEX_POINT('',#3493);
#925=VERTEX_POINT('',#3495);
#926=VERTEX_POINT('',#3497);
#927=VERTEX_POINT('',#3499);
#928=VERTEX_POINT('',#3501);
#929=VERTEX_POINT('',#3503);
#930=VERTEX_POINT('',#3505);
#931=VERTEX_POINT('',#3507);
#932=VERTEX_POINT('',#3509);
#933=VERTEX_POINT('',#3511);
#934=VERTEX_POINT('',#3513);
#935=VERTEX_POINT('',#3515);
#936=VERTEX_POINT('',#3517);
#937=VERTEX_POINT('',#3519);
#938=VERTEX_POINT('',#3521);
#939=VERTEX_POINT('',#3523);
#940=VERTEX_POINT('',#3525);
#941=VERTEX_POINT('',#3527);
#942=VERTEX_POINT('',#3529);
#943=VERTEX_POINT('',#3531);
#944=VERTEX_POINT('',#3534);
#945=VERTEX_POINT('',#3536);
#946=VERTEX_POINT('',#3538);
#947=VERTEX_POINT('',#3540);
#948=VERTEX_POINT('',#3542);
#949=VERTEX_POINT('',#3545);
#950=VERTEX_POINT('',#3573);
#951=VERTEX_POINT('',#3581);
#952=VERTEX_POINT('',#3594);
#953=VERTEX_POINT('',#3605);
#954=VERTEX_POINT('',#3606);
#955=VERTEX_POINT('',#3608);
#956=VERTEX_POINT('',#3610);
#957=VERTEX_POINT('',#3652);
#958=VERTEX_POINT('',#3653);
#959=VERTEX_POINT('',#3671);
#960=VERTEX_POINT('',#3673);
#961=VERTEX_POINT('',#3675);
#962=VERTEX_POINT('',#3677);
#963=VERTEX_POINT('',#3679);
#964=VERTEX_POINT('',#3681);
#965=VERTEX_POINT('',#3683);
#966=VERTEX_POINT('',#3685);
#967=VERTEX_POINT('',#3687);
#968=VERTEX_POINT('',#3689);
#969=VERTEX_POINT('',#3691);
#970=VERTEX_POINT('',#3693);
#971=VERTEX_POINT('',#3697);
#972=VERTEX_POINT('',#3719);
#973=VERTEX_POINT('',#3747);
#974=VERTEX_POINT('',#3755);
#975=VERTEX_POINT('',#3768);
#976=VERTEX_POINT('',#3779);
#977=VERTEX_POINT('',#3781);
#978=VERTEX_POINT('',#3814);
#979=VERTEX_POINT('',#3821);
#980=VERTEX_POINT('',#3830);
#981=VERTEX_POINT('',#3831);
#982=VERTEX_POINT('',#3845);
#983=VERTEX_POINT('',#3847);
#984=VERTEX_POINT('',#3849);
#985=VERTEX_POINT('',#3851);
#986=VERTEX_POINT('',#3853);
#987=VERTEX_POINT('',#3855);
#988=VERTEX_POINT('',#3857);
#989=VERTEX_POINT('',#3859);
#990=VERTEX_POINT('',#3861);
#991=VERTEX_POINT('',#3863);
#992=VERTEX_POINT('',#3865);
#993=VERTEX_POINT('',#3867);
#994=VERTEX_POINT('',#3871);
#995=VERTEX_POINT('',#3893);
#996=VERTEX_POINT('',#3921);
#997=VERTEX_POINT('',#3929);
#998=VERTEX_POINT('',#3942);
#999=VERTEX_POINT('',#3953);
#1000=VERTEX_POINT('',#3955);
#1001=VERTEX_POINT('',#3988);
#1002=VERTEX_POINT('',#3995);
#1003=VERTEX_POINT('',#4004);
#1004=VERTEX_POINT('',#4005);
#1005=VERTEX_POINT('',#4019);
#1006=VERTEX_POINT('',#4021);
#1007=VERTEX_POINT('',#4023);
#1008=VERTEX_POINT('',#4025);
#1009=VERTEX_POINT('',#4027);
#1010=VERTEX_POINT('',#4029);
#1011=VERTEX_POINT('',#4031);
#1012=VERTEX_POINT('',#4033);
#1013=VERTEX_POINT('',#4035);
#1014=VERTEX_POINT('',#4037);
#1015=VERTEX_POINT('',#4039);
#1016=VERTEX_POINT('',#4041);
#1017=VERTEX_POINT('',#4045);
#1018=VERTEX_POINT('',#4068);
#1019=VERTEX_POINT('',#4101);
#1020=VERTEX_POINT('',#4110);
#1021=VERTEX_POINT('',#4123);
#1022=VERTEX_POINT('',#4134);
#1023=VERTEX_POINT('',#4136);
#1024=VERTEX_POINT('',#4164);
#1025=VERTEX_POINT('',#4177);
#1026=VERTEX_POINT('',#4183);
#1027=VERTEX_POINT('',#4185);
#1028=VERTEX_POINT('',#4213);
#1029=VERTEX_POINT('',#4226);
#1030=VERTEX_POINT('',#4232);
#1031=VERTEX_POINT('',#4234);
#1032=VERTEX_POINT('',#4262);
#1033=VERTEX_POINT('',#4263);
#1034=VERTEX_POINT('',#4279);
#1035=VERTEX_POINT('',#4292);
#1036=VERTEX_POINT('',#4294);
#1037=VERTEX_POINT('',#4322);
#1038=VERTEX_POINT('',#4335);
#1039=VERTEX_POINT('',#4341);
#1040=VERTEX_POINT('',#4343);
#1041=VERTEX_POINT('',#4371);
#1042=VERTEX_POINT('',#4372);
#1043=VERTEX_POINT('',#4388);
#1044=VERTEX_POINT('',#4401);
#1045=VERTEX_POINT('',#4403);
#1046=VERTEX_POINT('',#4431);
#1047=VERTEX_POINT('',#4432);
#1048=VERTEX_POINT('',#4448);
#1049=VERTEX_POINT('',#4461);
#1050=VERTEX_POINT('',#4463);
#1051=VERTEX_POINT('',#4491);
#1052=VERTEX_POINT('',#4492);
#1053=VERTEX_POINT('',#4508);
#1054=VERTEX_POINT('',#4521);
#1055=VERTEX_POINT('',#4523);
#1056=VERTEX_POINT('',#4551);
#1057=VERTEX_POINT('',#4564);
#1058=VERTEX_POINT('',#4572);
#1059=VERTEX_POINT('',#4573);
#1060=VERTEX_POINT('',#4581);
#1061=VERTEX_POINT('',#4585);
#1062=VERTEX_POINT('',#4592);
#1063=VERTEX_POINT('',#4596);
#1064=VERTEX_POINT('',#4600);
#1065=VERTEX_POINT('',#4603);
#1066=VERTEX_POINT('',#4607);
#1067=VERTEX_POINT('',#4608);
#1068=VERTEX_POINT('',#4616);
#1069=VERTEX_POINT('',#4620);
#1070=VERTEX_POINT('',#4627);
#1071=VERTEX_POINT('',#4633);
#1072=VERTEX_POINT('',#4638);
#1073=VERTEX_POINT('',#4639);
#1074=VERTEX_POINT('',#4647);
#1075=VERTEX_POINT('',#4651);
#1076=VERTEX_POINT('',#4658);
#1077=VERTEX_POINT('',#4663);
#1078=VERTEX_POINT('',#4666);
#1079=VERTEX_POINT('',#4673);
#1080=VERTEX_POINT('',#4676);
#1081=VERTEX_POINT('',#4685);
#1082=VERTEX_POINT('',#4694);
#1083=VERTEX_POINT('',#4696);
#1084=VERTEX_POINT('',#4700);
#1085=VERTEX_POINT('',#4702);
#1086=VERTEX_POINT('',#4740);
#1087=VERTEX_POINT('',#4742);
#1088=VERTEX_POINT('',#4746);
#1089=VERTEX_POINT('',#4748);
#1090=VERTEX_POINT('',#4786);
#1091=VERTEX_POINT('',#4788);
#1092=VERTEX_POINT('',#4792);
#1093=VERTEX_POINT('',#4794);
#1094=VERTEX_POINT('',#4832);
#1095=VERTEX_POINT('',#4834);
#1096=VERTEX_POINT('',#4838);
#1097=VERTEX_POINT('',#4840);
#1098=VERTEX_POINT('',#4894);
#1099=VERTEX_POINT('',#4898);
#1100=VERTEX_POINT('',#4902);
#1101=VERTEX_POINT('',#4906);
#1102=VERTEX_POINT('',#4910);
#1103=VERTEX_POINT('',#4915);
#1104=VERTEX_POINT('',#4920);
#1105=VERTEX_POINT('',#4925);
#1106=EDGE_CURVE('',#877,#878,#745,.T.);
#1107=EDGE_CURVE('',#878,#879,#455,.T.);
#1108=EDGE_CURVE('',#879,#880,#386,.F.);
#1109=EDGE_CURVE('',#880,#877,#456,.T.);
#1110=EDGE_CURVE('',#881,#882,#746,.T.);
#1111=EDGE_CURVE('',#882,#878,#387,.T.);
#1112=EDGE_CURVE('',#877,#881,#388,.T.);
#1113=EDGE_CURVE('',#883,#884,#747,.T.);
#1114=EDGE_CURVE('',#884,#882,#457,.T.);
#1115=EDGE_CURVE('',#881,#883,#458,.T.);
#1116=EDGE_CURVE('',#879,#885,#748,.T.);
#1117=EDGE_CURVE('',#886,#878,#749,.T.);
#1118=EDGE_CURVE('',#886,#887,#750,.T.);
#1119=EDGE_CURVE('',#888,#887,#751,.T.);
#1120=EDGE_CURVE('',#889,#888,#459,.T.);
#1121=EDGE_CURVE('',#890,#889,#752,.T.);
#1122=EDGE_CURVE('',#891,#890,#460,.T.);
#1123=EDGE_CURVE('',#892,#891,#461,.T.);
#1124=EDGE_CURVE('',#892,#893,#462,.T.);
#1125=EDGE_CURVE('',#893,#894,#463,.T.);
#1126=EDGE_CURVE('',#895,#894,#464,.T.);
#1127=EDGE_CURVE('',#885,#895,#465,.T.);
#1128=EDGE_CURVE('',#882,#896,#753,.T.);
#1129=EDGE_CURVE('',#888,#896,#389,.T.);
#1130=EDGE_CURVE('',#887,#897,#390,.T.);
#1131=EDGE_CURVE('',#897,#886,#391,.T.);
#1132=EDGE_CURVE('',#884,#898,#754,.T.);
#1133=EDGE_CURVE('',#896,#898,#466,.T.);
#1134=EDGE_CURVE('',#899,#883,#467,.T.);
#1135=EDGE_CURVE('',#900,#899,#755,.T.);
#1136=EDGE_CURVE('',#901,#900,#756,.T.);
#1137=EDGE_CURVE('',#901,#902,#468,.T.);
#1138=EDGE_CURVE('',#902,#903,#469,.T.);
#1139=EDGE_CURVE('',#903,#904,#470,.T.);
#1140=EDGE_CURVE('',#905,#904,#757,.T.);
#1141=EDGE_CURVE('',#906,#905,#758,.T.);
#1142=EDGE_CURVE('',#907,#906,#471,.T.);
#1143=EDGE_CURVE('',#908,#907,#759,.T.);
#1144=EDGE_CURVE('',#909,#908,#760,.T.);
#1145=EDGE_CURVE('',#910,#909,#761,.T.);
#1146=EDGE_CURVE('',#911,#910,#472,.T.);
#1147=EDGE_CURVE('',#912,#911,#762,.T.);
#1148=EDGE_CURVE('',#913,#912,#763,.T.);
#1149=EDGE_CURVE('',#913,#914,#473,.T.);
#1150=EDGE_CURVE('',#914,#915,#474,.T.);
#1151=EDGE_CURVE('',#915,#916,#475,.T.);
#1152=EDGE_CURVE('',#917,#916,#764,.T.);
#1153=EDGE_CURVE('',#918,#917,#765,.T.);
#1154=EDGE_CURVE('',#919,#918,#476,.T.);
#1155=EDGE_CURVE('',#920,#919,#766,.T.);
#1156=EDGE_CURVE('',#921,#920,#767,.T.);
#1157=EDGE_CURVE('',#922,#921,#768,.T.);
#1158=EDGE_CURVE('',#923,#922,#477,.T.);
#1159=EDGE_CURVE('',#924,#923,#769,.T.);
#1160=EDGE_CURVE('',#925,#924,#770,.T.);
#1161=EDGE_CURVE('',#925,#926,#478,.T.);
#1162=EDGE_CURVE('',#926,#927,#479,.T.);
#1163=EDGE_CURVE('',#927,#928,#480,.T.);
#1164=EDGE_CURVE('',#929,#928,#771,.T.);
#1165=EDGE_CURVE('',#930,#929,#772,.T.);
#1166=EDGE_CURVE('',#931,#930,#481,.T.);
#1167=EDGE_CURVE('',#932,#931,#773,.T.);
#1168=EDGE_CURVE('',#933,#932,#774,.T.);
#1169=EDGE_CURVE('',#934,#933,#775,.T.);
#1170=EDGE_CURVE('',#935,#934,#482,.T.);
#1171=EDGE_CURVE('',#936,#935,#776,.T.);
#1172=EDGE_CURVE('',#937,#936,#777,.T.);
#1173=EDGE_CURVE('',#937,#938,#483,.T.);
#1174=EDGE_CURVE('',#938,#939,#484,.T.);
#1175=EDGE_CURVE('',#939,#940,#485,.T.);
#1176=EDGE_CURVE('',#941,#940,#778,.T.);
#1177=EDGE_CURVE('',#942,#941,#779,.T.);
#1178=EDGE_CURVE('',#943,#942,#486,.T.);
#1179=EDGE_CURVE('',#898,#943,#780,.T.);
#1180=EDGE_CURVE('',#944,#944,#781,.T.);
#1181=EDGE_CURVE('',#945,#945,#782,.T.);
#1182=EDGE_CURVE('',#946,#946,#783,.T.);
#1183=EDGE_CURVE('',#947,#947,#784,.T.);
#1184=EDGE_CURVE('',#948,#948,#785,.T.);
#1185=EDGE_CURVE('',#943,#949,#487,.T.);
#1186=EDGE_CURVE('',#949,#896,#786,.T.);
#1187=EDGE_CURVE('',#950,#888,#787,.T.);
#1188=EDGE_CURVE('',#949,#950,#392,.T.);
#1189=EDGE_CURVE('',#951,#889,#393,.F.);
#1190=EDGE_CURVE('',#950,#951,#488,.T.);
#1191=EDGE_CURVE('',#942,#952,#489,.T.);
#1192=EDGE_CURVE('',#951,#952,#394,.F.);
#1193=EDGE_CURVE('',#953,#954,#788,.T.);
#1194=EDGE_CURVE('',#954,#955,#490,.T.);
#1195=EDGE_CURVE('',#955,#956,#395,.F.);
#1196=EDGE_CURVE('',#956,#953,#491,.T.);
#1197=EDGE_CURVE('',#957,#958,#789,.T.);
#1198=EDGE_CURVE('',#958,#954,#396,.T.);
#1199=EDGE_CURVE('',#953,#957,#397,.T.);
#1200=EDGE_CURVE('',#933,#958,#492,.T.);
#1201=EDGE_CURVE('',#957,#934,#493,.T.);
#1202=EDGE_CURVE('',#955,#959,#790,.T.);
#1203=EDGE_CURVE('',#960,#954,#791,.T.);
#1204=EDGE_CURVE('',#960,#961,#792,.T.);
#1205=EDGE_CURVE('',#961,#962,#793,.T.);
#1206=EDGE_CURVE('',#963,#962,#794,.T.);
#1207=EDGE_CURVE('',#964,#963,#494,.T.);
#1208=EDGE_CURVE('',#965,#964,#795,.T.);
#1209=EDGE_CURVE('',#966,#965,#495,.T.);
#1210=EDGE_CURVE('',#967,#966,#496,.T.);
#1211=EDGE_CURVE('',#967,#968,#497,.T.);
#1212=EDGE_CURVE('',#968,#969,#498,.T.);
#1213=EDGE_CURVE('',#970,#969,#499,.T.);
#1214=EDGE_CURVE('',#959,#970,#500,.T.);
#1215=EDGE_CURVE('',#958,#971,#796,.T.);
#1216=EDGE_CURVE('',#963,#971,#398,.T.);
#1217=EDGE_CURVE('',#962,#960,#399,.T.);
#1218=EDGE_CURVE('',#971,#932,#501,.T.);
#1219=EDGE_CURVE('',#931,#972,#502,.T.);
#1220=EDGE_CURVE('',#972,#971,#797,.T.);
#1221=EDGE_CURVE('',#973,#963,#798,.T.);
#1222=EDGE_CURVE('',#972,#973,#400,.T.);
#1223=EDGE_CURVE('',#974,#964,#401,.F.);
#1224=EDGE_CURVE('',#973,#974,#503,.T.);
#1225=EDGE_CURVE('',#930,#975,#504,.T.);
#1226=EDGE_CURVE('',#974,#975,#402,.F.);
#1227=EDGE_CURVE('',#921,#976,#505,.T.);
#1228=EDGE_CURVE('',#976,#977,#799,.T.);
#1229=EDGE_CURVE('',#977,#922,#506,.T.);
#1230=EDGE_CURVE('',#976,#978,#403,.T.);
#1231=EDGE_CURVE('',#978,#979,#800,.T.);
#1232=EDGE_CURVE('',#979,#977,#404,.T.);
#1233=EDGE_CURVE('',#980,#981,#405,.F.);
#1234=EDGE_CURVE('',#981,#979,#507,.T.);
#1235=EDGE_CURVE('',#978,#980,#508,.T.);
#1236=EDGE_CURVE('',#980,#982,#801,.T.);
#1237=EDGE_CURVE('',#983,#978,#802,.T.);
#1238=EDGE_CURVE('',#983,#984,#803,.T.);
#1239=EDGE_CURVE('',#984,#985,#804,.T.);
#1240=EDGE_CURVE('',#986,#985,#805,.T.);
#1241=EDGE_CURVE('',#987,#986,#509,.T.);
#1242=EDGE_CURVE('',#988,#987,#806,.T.);
#1243=EDGE_CURVE('',#989,#988,#510,.T.);
#1244=EDGE_CURVE('',#990,#989,#511,.T.);
#1245=EDGE_CURVE('',#990,#991,#512,.T.);
#1246=EDGE_CURVE('',#991,#992,#513,.T.);
#1247=EDGE_CURVE('',#993,#992,#514,.T.);
#1248=EDGE_CURVE('',#982,#993,#515,.T.);
#1249=EDGE_CURVE('',#976,#994,#807,.T.);
#1250=EDGE_CURVE('',#986,#994,#406,.T.);
#1251=EDGE_CURVE('',#985,#983,#407,.T.);
#1252=EDGE_CURVE('',#994,#920,#516,.T.);
#1253=EDGE_CURVE('',#919,#995,#517,.T.);
#1254=EDGE_CURVE('',#995,#994,#808,.T.);
#1255=EDGE_CURVE('',#996,#986,#809,.T.);
#1256=EDGE_CURVE('',#995,#996,#408,.T.);
#1257=EDGE_CURVE('',#997,#987,#409,.F.);
#1258=EDGE_CURVE('',#996,#997,#518,.T.);
#1259=EDGE_CURVE('',#918,#998,#519,.T.);
#1260=EDGE_CURVE('',#997,#998,#410,.F.);
#1261=EDGE_CURVE('',#909,#999,#520,.T.);
#1262=EDGE_CURVE('',#999,#1000,#810,.T.);
#1263=EDGE_CURVE('',#1000,#910,#521,.T.);
#1264=EDGE_CURVE('',#999,#1001,#411,.T.);
#1265=EDGE_CURVE('',#1001,#1002,#811,.T.);
#1266=EDGE_CURVE('',#1002,#1000,#412,.T.);
#1267=EDGE_CURVE('',#1003,#1004,#413,.F.);
#1268=EDGE_CURVE('',#1004,#1002,#522,.T.);
#1269=EDGE_CURVE('',#1001,#1003,#523,.T.);
#1270=EDGE_CURVE('',#1003,#1005,#812,.T.);
#1271=EDGE_CURVE('',#1006,#1001,#813,.T.);
#1272=EDGE_CURVE('',#1006,#1007,#814,.T.);
#1273=EDGE_CURVE('',#1007,#1008,#815,.T.);
#1274=EDGE_CURVE('',#1009,#1008,#816,.T.);
#1275=EDGE_CURVE('',#1010,#1009,#524,.T.);
#1276=EDGE_CURVE('',#1011,#1010,#817,.T.);
#1277=EDGE_CURVE('',#1012,#1011,#525,.T.);
#1278=EDGE_CURVE('',#1013,#1012,#526,.T.);
#1279=EDGE_CURVE('',#1013,#1014,#527,.T.);
#1280=EDGE_CURVE('',#1014,#1015,#528,.T.);
#1281=EDGE_CURVE('',#1016,#1015,#529,.T.);
#1282=EDGE_CURVE('',#1005,#1016,#530,.T.);
#1283=EDGE_CURVE('',#999,#1017,#818,.T.);
#1284=EDGE_CURVE('',#1009,#1017,#414,.T.);
#1285=EDGE_CURVE('',#1008,#1006,#415,.T.);
#1286=EDGE_CURVE('',#1017,#908,#531,.T.);
#1287=EDGE_CURVE('',#907,#1018,#532,.T.);
#1288=EDGE_CURVE('',#1018,#1017,#819,.T.);
#1289=EDGE_CURVE('',#1019,#1009,#820,.T.);
#1290=EDGE_CURVE('',#1018,#1019,#416,.T.);
#1291=EDGE_CURVE('',#1020,#1010,#417,.F.);
#1292=EDGE_CURVE('',#1019,#1020,#533,.T.);
#1293=EDGE_CURVE('',#906,#1021,#534,.T.);
#1294=EDGE_CURVE('',#1020,#1021,#418,.F.);
#1295=EDGE_CURVE('',#904,#1022,#535,.T.);
#1296=EDGE_CURVE('',#1022,#1023,#821,.T.);
#1297=EDGE_CURVE('',#1023,#905,#536,.T.);
#1298=EDGE_CURVE('',#1024,#1011,#822,.T.);
#1299=EDGE_CURVE('',#1011,#1023,#419,.T.);
#1300=EDGE_CURVE('',#1022,#1024,#420,.T.);
#1301=EDGE_CURVE('',#1012,#1025,#19,.T.);
#1302=EDGE_CURVE('',#1024,#1025,#537,.T.);
#1303=EDGE_CURVE('',#1025,#903,#538,.T.);
#1304=EDGE_CURVE('',#940,#1026,#539,.T.);
#1305=EDGE_CURVE('',#1026,#1027,#823,.T.);
#1306=EDGE_CURVE('',#1027,#941,#540,.T.);
#1307=EDGE_CURVE('',#1028,#890,#824,.T.);
#1308=EDGE_CURVE('',#890,#1027,#421,.T.);
#1309=EDGE_CURVE('',#1026,#1028,#422,.T.);
#1310=EDGE_CURVE('',#891,#1029,#20,.T.);
#1311=EDGE_CURVE('',#1028,#1029,#541,.T.);
#1312=EDGE_CURVE('',#1029,#939,#542,.T.);
#1313=EDGE_CURVE('',#895,#1030,#21,.F.);
#1314=EDGE_CURVE('',#1030,#1031,#543,.T.);
#1315=EDGE_CURVE('',#1031,#885,#825,.T.);
#1316=EDGE_CURVE('',#1032,#1033,#826,.T.);
#1317=EDGE_CURVE('',#1033,#885,#423,.T.);
#1318=EDGE_CURVE('',#1031,#1032,#424,.T.);
#1319=EDGE_CURVE('',#900,#1033,#544,.T.);
#1320=EDGE_CURVE('',#1032,#901,#545,.T.);
#1321=EDGE_CURVE('',#1033,#1034,#827,.T.);
#1322=EDGE_CURVE('',#1034,#880,#425,.F.);
#1323=EDGE_CURVE('',#899,#1034,#546,.T.);
#1324=EDGE_CURVE('',#916,#1035,#547,.T.);
#1325=EDGE_CURVE('',#1035,#1036,#828,.T.);
#1326=EDGE_CURVE('',#1036,#917,#548,.T.);
#1327=EDGE_CURVE('',#1037,#988,#829,.T.);
#1328=EDGE_CURVE('',#988,#1036,#426,.T.);
#1329=EDGE_CURVE('',#1035,#1037,#427,.T.);
#1330=EDGE_CURVE('',#989,#1038,#22,.T.);
#1331=EDGE_CURVE('',#1037,#1038,#549,.T.);
#1332=EDGE_CURVE('',#1038,#915,#550,.T.);
#1333=EDGE_CURVE('',#1016,#1039,#23,.F.);
#1334=EDGE_CURVE('',#1039,#1040,#551,.T.);
#1335=EDGE_CURVE('',#1040,#1005,#830,.T.);
#1336=EDGE_CURVE('',#1041,#1042,#831,.T.);
#1337=EDGE_CURVE('',#1042,#1005,#428,.T.);
#1338=EDGE_CURVE('',#1040,#1041,#429,.T.);
#1339=EDGE_CURVE('',#912,#1042,#552,.T.);
#1340=EDGE_CURVE('',#1041,#913,#553,.T.);
#1341=EDGE_CURVE('',#1042,#1043,#832,.T.);
#1342=EDGE_CURVE('',#1043,#1004,#430,.F.);
#1343=EDGE_CURVE('',#911,#1043,#554,.T.);
#1344=EDGE_CURVE('',#993,#1044,#24,.F.);
#1345=EDGE_CURVE('',#1044,#1045,#555,.T.);
#1346=EDGE_CURVE('',#1045,#982,#833,.T.);
#1347=EDGE_CURVE('',#1046,#1047,#834,.T.);
#1348=EDGE_CURVE('',#1047,#982,#431,.T.);
#1349=EDGE_CURVE('',#1045,#1046,#432,.T.);
#1350=EDGE_CURVE('',#924,#1047,#556,.T.);
#1351=EDGE_CURVE('',#1046,#925,#557,.T.);
#1352=EDGE_CURVE('',#1047,#1048,#835,.T.);
#1353=EDGE_CURVE('',#1048,#981,#433,.F.);
#1354=EDGE_CURVE('',#923,#1048,#558,.T.);
#1355=EDGE_CURVE('',#970,#1049,#25,.F.);
#1356=EDGE_CURVE('',#1049,#1050,#559,.T.);
#1357=EDGE_CURVE('',#1050,#959,#836,.T.);
#1358=EDGE_CURVE('',#1051,#1052,#837,.T.);
#1359=EDGE_CURVE('',#1052,#959,#434,.T.);
#1360=EDGE_CURVE('',#1050,#1051,#435,.T.);
#1361=EDGE_CURVE('',#936,#1052,#560,.T.);
#1362=EDGE_CURVE('',#1051,#937,#561,.T.);
#1363=EDGE_CURVE('',#1052,#1053,#838,.T.);
#1364=EDGE_CURVE('',#1053,#956,#436,.F.);
#1365=EDGE_CURVE('',#935,#1053,#562,.T.);
#1366=EDGE_CURVE('',#928,#1054,#563,.T.);
#1367=EDGE_CURVE('',#1054,#1055,#839,.T.);
#1368=EDGE_CURVE('',#1055,#929,#564,.T.);
#1369=EDGE_CURVE('',#1056,#965,#840,.T.);
#1370=EDGE_CURVE('',#965,#1055,#437,.T.);
#1371=EDGE_CURVE('',#1054,#1056,#438,.T.);
#1372=EDGE_CURVE('',#966,#1057,#26,.T.);
#1373=EDGE_CURVE('',#1056,#1057,#565,.T.);
#1374=EDGE_CURVE('',#1057,#927,#566,.T.);
#1375=EDGE_CURVE('',#975,#1055,#841,.T.);
#1376=EDGE_CURVE('',#1058,#1059,#439,.T.);
#1377=EDGE_CURVE('',#1059,#968,#27,.T.);
#1378=EDGE_CURVE('',#967,#1060,#842,.T.);
#1379=EDGE_CURVE('',#1060,#1058,#567,.T.);
#1380=EDGE_CURVE('',#1059,#1061,#440,.T.);
#1381=EDGE_CURVE('',#1061,#1062,#568,.T.);
#1382=EDGE_CURVE('',#1062,#969,#843,.T.);
#1383=EDGE_CURVE('',#1063,#1062,#569,.T.);
#1384=EDGE_CURVE('',#892,#1063,#844,.T.);
#1385=EDGE_CURVE('',#1049,#938,#570,.T.);
#1386=EDGE_CURVE('',#1064,#1064,#845,.T.);
#1387=EDGE_CURVE('',#1061,#1065,#846,.T.);
#1388=EDGE_CURVE('',#1063,#1065,#571,.T.);
#1389=EDGE_CURVE('',#1066,#1067,#441,.T.);
#1390=EDGE_CURVE('',#1067,#991,#28,.T.);
#1391=EDGE_CURVE('',#990,#1068,#847,.T.);
#1392=EDGE_CURVE('',#1068,#1066,#572,.T.);
#1393=EDGE_CURVE('',#1067,#1069,#442,.T.);
#1394=EDGE_CURVE('',#1069,#1070,#573,.T.);
#1395=EDGE_CURVE('',#1070,#992,#848,.T.);
#1396=EDGE_CURVE('',#1044,#926,#574,.T.);
#1397=EDGE_CURVE('',#1060,#1070,#575,.T.);
#1398=EDGE_CURVE('',#1071,#1071,#849,.T.);
#1399=EDGE_CURVE('',#1069,#1058,#850,.T.);
#1400=EDGE_CURVE('',#1072,#1073,#443,.T.);
#1401=EDGE_CURVE('',#1073,#1014,#29,.T.);
#1402=EDGE_CURVE('',#1013,#1074,#851,.T.);
#1403=EDGE_CURVE('',#1074,#1072,#576,.T.);
#1404=EDGE_CURVE('',#1073,#1075,#444,.T.);
#1405=EDGE_CURVE('',#1075,#1076,#577,.T.);
#1406=EDGE_CURVE('',#1076,#1015,#852,.T.);
#1407=EDGE_CURVE('',#1030,#902,#578,.T.);
#1408=EDGE_CURVE('',#1077,#894,#853,.T.);
#1409=EDGE_CURVE('',#1074,#1077,#579,.T.);
#1410=EDGE_CURVE('',#1078,#1078,#854,.T.);
#1411=EDGE_CURVE('',#1068,#1076,#580,.T.);
#1412=EDGE_CURVE('',#1075,#1066,#855,.T.);
#1413=EDGE_CURVE('',#1039,#914,#581,.T.);
#1414=EDGE_CURVE('',#1079,#1079,#856,.T.);
#1415=EDGE_CURVE('',#1065,#1080,#445,.T.);
#1416=EDGE_CURVE('',#1080,#893,#30,.T.);
#1417=EDGE_CURVE('',#1080,#1081,#446,.T.);
#1418=EDGE_CURVE('',#1081,#1077,#582,.T.);
#1419=EDGE_CURVE('',#1079,#1082,#583,.T.);
#1420=EDGE_CURVE('',#1082,#1083,#857,.T.);
#1421=EDGE_CURVE('',#1083,#1082,#858,.T.);
#1422=EDGE_CURVE('',#1083,#1084,#584,.T.);
#1423=EDGE_CURVE('',#1085,#1084,#447,.T.);
#1424=EDGE_CURVE('',#1084,#1085,#448,.T.);
#1425=EDGE_CURVE('',#1071,#1086,#585,.T.);
#1426=EDGE_CURVE('',#1086,#1087,#859,.T.);
#1427=EDGE_CURVE('',#1087,#1086,#860,.T.);
#1428=EDGE_CURVE('',#1087,#1088,#586,.T.);
#1429=EDGE_CURVE('',#1089,#1088,#449,.T.);
#1430=EDGE_CURVE('',#1088,#1089,#450,.T.);
#1431=EDGE_CURVE('',#1064,#1090,#587,.T.);
#1432=EDGE_CURVE('',#1090,#1091,#861,.T.);
#1433=EDGE_CURVE('',#1091,#1090,#862,.T.);
#1434=EDGE_CURVE('',#1091,#1092,#588,.T.);
#1435=EDGE_CURVE('',#1093,#1092,#451,.T.);
#1436=EDGE_CURVE('',#1092,#1093,#452,.T.);
#1437=EDGE_CURVE('',#1078,#1094,#589,.T.);
#1438=EDGE_CURVE('',#1094,#1095,#863,.T.);
#1439=EDGE_CURVE('',#1095,#1094,#864,.T.);
#1440=EDGE_CURVE('',#1095,#1096,#590,.T.);
#1441=EDGE_CURVE('',#1097,#1096,#453,.T.);
#1442=EDGE_CURVE('',#1096,#1097,#454,.T.);
#1443=EDGE_CURVE('',#1081,#1072,#865,.T.);
#1444=EDGE_CURVE('',#998,#1036,#866,.T.);
#1445=EDGE_CURVE('',#952,#1027,#867,.T.);
#1446=EDGE_CURVE('',#1021,#1023,#868,.T.);
#1447=EDGE_CURVE('',#1007,#1098,#591,.T.);
#1448=EDGE_CURVE('',#1098,#1098,#869,.T.);
#1449=EDGE_CURVE('',#897,#1099,#592,.T.);
#1450=EDGE_CURVE('',#1099,#1099,#870,.T.);
#1451=EDGE_CURVE('',#961,#1100,#593,.T.);
#1452=EDGE_CURVE('',#1100,#1100,#871,.T.);
#1453=EDGE_CURVE('',#984,#1101,#594,.T.);
#1454=EDGE_CURVE('',#1101,#1101,#872,.T.);
#1455=EDGE_CURVE('',#1102,#1102,#873,.T.);
#1456=EDGE_CURVE('',#1102,#948,#595,.T.);
#1457=EDGE_CURVE('',#1103,#1103,#874,.T.);
#1458=EDGE_CURVE('',#1103,#947,#596,.T.);
#1459=EDGE_CURVE('',#1104,#1104,#875,.T.);
#1460=EDGE_CURVE('',#1104,#946,#597,.T.);
#1461=EDGE_CURVE('',#1105,#1105,#876,.T.);
#1462=EDGE_CURVE('',#1105,#945,#598,.T.);
#1463=EDGE_CURVE('',#1080,#944,#599,.T.);
#1464=ORIENTED_EDGE('',*,*,#1106,.T.);
#1465=ORIENTED_EDGE('',*,*,#1107,.T.);
#1466=ORIENTED_EDGE('',*,*,#1108,.T.);
#1467=ORIENTED_EDGE('',*,*,#1109,.T.);
#1468=ORIENTED_EDGE('',*,*,#1110,.T.);
#1469=ORIENTED_EDGE('',*,*,#1111,.T.);
#1470=ORIENTED_EDGE('',*,*,#1106,.F.);
#1471=ORIENTED_EDGE('',*,*,#1112,.T.);
#1472=ORIENTED_EDGE('',*,*,#1113,.T.);
#1473=ORIENTED_EDGE('',*,*,#1114,.T.);
#1474=ORIENTED_EDGE('',*,*,#1110,.F.);
#1475=ORIENTED_EDGE('',*,*,#1115,.T.);
#1476=ORIENTED_EDGE('',*,*,#1116,.F.);
#1477=ORIENTED_EDGE('',*,*,#1107,.F.);
#1478=ORIENTED_EDGE('',*,*,#1117,.F.);
#1479=ORIENTED_EDGE('',*,*,#1118,.T.);
#1480=ORIENTED_EDGE('',*,*,#1119,.F.);
#1481=ORIENTED_EDGE('',*,*,#1120,.F.);
#1482=ORIENTED_EDGE('',*,*,#1121,.F.);
#1483=ORIENTED_EDGE('',*,*,#1122,.F.);
#1484=ORIENTED_EDGE('',*,*,#1123,.F.);
#1485=ORIENTED_EDGE('',*,*,#1124,.T.);
#1486=ORIENTED_EDGE('',*,*,#1125,.T.);
#1487=ORIENTED_EDGE('',*,*,#1126,.F.);
#1488=ORIENTED_EDGE('',*,*,#1127,.F.);
#1489=ORIENTED_EDGE('',*,*,#1111,.F.);
#1490=ORIENTED_EDGE('',*,*,#1128,.T.);
#1491=ORIENTED_EDGE('',*,*,#1129,.F.);
#1492=ORIENTED_EDGE('',*,*,#1119,.T.);
#1493=ORIENTED_EDGE('',*,*,#1130,.T.);
#1494=ORIENTED_EDGE('',*,*,#1131,.T.);
#1495=ORIENTED_EDGE('',*,*,#1117,.T.);
#1496=ORIENTED_EDGE('',*,*,#1114,.F.);
#1497=ORIENTED_EDGE('',*,*,#1132,.T.);
#1498=ORIENTED_EDGE('',*,*,#1133,.F.);
#1499=ORIENTED_EDGE('',*,*,#1128,.F.);
#1500=ORIENTED_EDGE('',*,*,#1113,.F.);
#1501=ORIENTED_EDGE('',*,*,#1134,.F.);
#1502=ORIENTED_EDGE('',*,*,#1135,.F.);
#1503=ORIENTED_EDGE('',*,*,#1136,.F.);
#1504=ORIENTED_EDGE('',*,*,#1137,.T.);
#1505=ORIENTED_EDGE('',*,*,#1138,.T.);
#1506=ORIENTED_EDGE('',*,*,#1139,.T.);
#1507=ORIENTED_EDGE('',*,*,#1140,.F.);
#1508=ORIENTED_EDGE('',*,*,#1141,.F.);
#1509=ORIENTED_EDGE('',*,*,#1142,.F.);
#1510=ORIENTED_EDGE('',*,*,#1143,.F.);
#1511=ORIENTED_EDGE('',*,*,#1144,.F.);
#1512=ORIENTED_EDGE('',*,*,#1145,.F.);
#1513=ORIENTED_EDGE('',*,*,#1146,.F.);
#1514=ORIENTED_EDGE('',*,*,#1147,.F.);
#1515=ORIENTED_EDGE('',*,*,#1148,.F.);
#1516=ORIENTED_EDGE('',*,*,#1149,.T.);
#1517=ORIENTED_EDGE('',*,*,#1150,.T.);
#1518=ORIENTED_EDGE('',*,*,#1151,.T.);
#1519=ORIENTED_EDGE('',*,*,#1152,.F.);
#1520=ORIENTED_EDGE('',*,*,#1153,.F.);
#1521=ORIENTED_EDGE('',*,*,#1154,.F.);
#1522=ORIENTED_EDGE('',*,*,#1155,.F.);
#1523=ORIENTED_EDGE('',*,*,#1156,.F.);
#1524=ORIENTED_EDGE('',*,*,#1157,.F.);
#1525=ORIENTED_EDGE('',*,*,#1158,.F.);
#1526=ORIENTED_EDGE('',*,*,#1159,.F.);
#1527=ORIENTED_EDGE('',*,*,#1160,.F.);
#1528=ORIENTED_EDGE('',*,*,#1161,.T.);
#1529=ORIENTED_EDGE('',*,*,#1162,.T.);
#1530=ORIENTED_EDGE('',*,*,#1163,.T.);
#1531=ORIENTED_EDGE('',*,*,#1164,.F.);
#1532=ORIENTED_EDGE('',*,*,#1165,.F.);
#1533=ORIENTED_EDGE('',*,*,#1166,.F.);
#1534=ORIENTED_EDGE('',*,*,#1167,.F.);
#1535=ORIENTED_EDGE('',*,*,#1168,.F.);
#1536=ORIENTED_EDGE('',*,*,#1169,.F.);
#1537=ORIENTED_EDGE('',*,*,#1170,.F.);
#1538=ORIENTED_EDGE('',*,*,#1171,.F.);
#1539=ORIENTED_EDGE('',*,*,#1172,.F.);
#1540=ORIENTED_EDGE('',*,*,#1173,.T.);
#1541=ORIENTED_EDGE('',*,*,#1174,.T.);
#1542=ORIENTED_EDGE('',*,*,#1175,.T.);
#1543=ORIENTED_EDGE('',*,*,#1176,.F.);
#1544=ORIENTED_EDGE('',*,*,#1177,.F.);
#1545=ORIENTED_EDGE('',*,*,#1178,.F.);
#1546=ORIENTED_EDGE('',*,*,#1179,.F.);
#1547=ORIENTED_EDGE('',*,*,#1132,.F.);
#1548=ORIENTED_EDGE('',*,*,#1180,.F.);
#1549=ORIENTED_EDGE('',*,*,#1181,.T.);
#1550=ORIENTED_EDGE('',*,*,#1182,.T.);
#1551=ORIENTED_EDGE('',*,*,#1183,.T.);
#1552=ORIENTED_EDGE('',*,*,#1184,.T.);
#1553=ORIENTED_EDGE('',*,*,#1179,.T.);
#1554=ORIENTED_EDGE('',*,*,#1185,.T.);
#1555=ORIENTED_EDGE('',*,*,#1186,.T.);
#1556=ORIENTED_EDGE('',*,*,#1133,.T.);
#1557=ORIENTED_EDGE('',*,*,#1187,.T.);
#1558=ORIENTED_EDGE('',*,*,#1129,.T.);
#1559=ORIENTED_EDGE('',*,*,#1186,.F.);
#1560=ORIENTED_EDGE('',*,*,#1188,.T.);
#1561=ORIENTED_EDGE('',*,*,#1189,.T.);
#1562=ORIENTED_EDGE('',*,*,#1120,.T.);
#1563=ORIENTED_EDGE('',*,*,#1187,.F.);
#1564=ORIENTED_EDGE('',*,*,#1190,.T.);
#1565=ORIENTED_EDGE('',*,*,#1190,.F.);
#1566=ORIENTED_EDGE('',*,*,#1188,.F.);
#1567=ORIENTED_EDGE('',*,*,#1185,.F.);
#1568=ORIENTED_EDGE('',*,*,#1178,.T.);
#1569=ORIENTED_EDGE('',*,*,#1191,.T.);
#1570=ORIENTED_EDGE('',*,*,#1192,.F.);
#1571=ORIENTED_EDGE('',*,*,#1193,.T.);
#1572=ORIENTED_EDGE('',*,*,#1194,.T.);
#1573=ORIENTED_EDGE('',*,*,#1195,.T.);
#1574=ORIENTED_EDGE('',*,*,#1196,.T.);
#1575=ORIENTED_EDGE('',*,*,#1197,.T.);
#1576=ORIENTED_EDGE('',*,*,#1198,.T.);
#1577=ORIENTED_EDGE('',*,*,#1193,.F.);
#1578=ORIENTED_EDGE('',*,*,#1199,.T.);
#1579=ORIENTED_EDGE('',*,*,#1169,.T.);
#1580=ORIENTED_EDGE('',*,*,#1200,.T.);
#1581=ORIENTED_EDGE('',*,*,#1197,.F.);
#1582=ORIENTED_EDGE('',*,*,#1201,.T.);
#1583=ORIENTED_EDGE('',*,*,#1202,.F.);
#1584=ORIENTED_EDGE('',*,*,#1194,.F.);
#1585=ORIENTED_EDGE('',*,*,#1203,.F.);
#1586=ORIENTED_EDGE('',*,*,#1204,.T.);
#1587=ORIENTED_EDGE('',*,*,#1205,.T.);
#1588=ORIENTED_EDGE('',*,*,#1206,.F.);
#1589=ORIENTED_EDGE('',*,*,#1207,.F.);
#1590=ORIENTED_EDGE('',*,*,#1208,.F.);
#1591=ORIENTED_EDGE('',*,*,#1209,.F.);
#1592=ORIENTED_EDGE('',*,*,#1210,.F.);
#1593=ORIENTED_EDGE('',*,*,#1211,.T.);
#1594=ORIENTED_EDGE('',*,*,#1212,.T.);
#1595=ORIENTED_EDGE('',*,*,#1213,.F.);
#1596=ORIENTED_EDGE('',*,*,#1214,.F.);
#1597=ORIENTED_EDGE('',*,*,#1198,.F.);
#1598=ORIENTED_EDGE('',*,*,#1215,.T.);
#1599=ORIENTED_EDGE('',*,*,#1216,.F.);
#1600=ORIENTED_EDGE('',*,*,#1206,.T.);
#1601=ORIENTED_EDGE('',*,*,#1217,.T.);
#1602=ORIENTED_EDGE('',*,*,#1203,.T.);
#1603=ORIENTED_EDGE('',*,*,#1200,.F.);
#1604=ORIENTED_EDGE('',*,*,#1168,.T.);
#1605=ORIENTED_EDGE('',*,*,#1218,.F.);
#1606=ORIENTED_EDGE('',*,*,#1215,.F.);
#1607=ORIENTED_EDGE('',*,*,#1167,.T.);
#1608=ORIENTED_EDGE('',*,*,#1219,.T.);
#1609=ORIENTED_EDGE('',*,*,#1220,.T.);
#1610=ORIENTED_EDGE('',*,*,#1218,.T.);
#1611=ORIENTED_EDGE('',*,*,#1221,.T.);
#1612=ORIENTED_EDGE('',*,*,#1216,.T.);
#1613=ORIENTED_EDGE('',*,*,#1220,.F.);
#1614=ORIENTED_EDGE('',*,*,#1222,.T.);
#1615=ORIENTED_EDGE('',*,*,#1223,.T.);
#1616=ORIENTED_EDGE('',*,*,#1207,.T.);
#1617=ORIENTED_EDGE('',*,*,#1221,.F.);
#1618=ORIENTED_EDGE('',*,*,#1224,.T.);
#1619=ORIENTED_EDGE('',*,*,#1224,.F.);
#1620=ORIENTED_EDGE('',*,*,#1222,.F.);
#1621=ORIENTED_EDGE('',*,*,#1219,.F.);
#1622=ORIENTED_EDGE('',*,*,#1166,.T.);
#1623=ORIENTED_EDGE('',*,*,#1225,.T.);
#1624=ORIENTED_EDGE('',*,*,#1226,.F.);
#1625=ORIENTED_EDGE('',*,*,#1157,.T.);
#1626=ORIENTED_EDGE('',*,*,#1227,.T.);
#1627=ORIENTED_EDGE('',*,*,#1228,.T.);
#1628=ORIENTED_EDGE('',*,*,#1229,.T.);
#1629=ORIENTED_EDGE('',*,*,#1228,.F.);
#1630=ORIENTED_EDGE('',*,*,#1230,.T.);
#1631=ORIENTED_EDGE('',*,*,#1231,.T.);
#1632=ORIENTED_EDGE('',*,*,#1232,.T.);
#1633=ORIENTED_EDGE('',*,*,#1233,.T.);
#1634=ORIENTED_EDGE('',*,*,#1234,.T.);
#1635=ORIENTED_EDGE('',*,*,#1231,.F.);
#1636=ORIENTED_EDGE('',*,*,#1235,.T.);
#1637=ORIENTED_EDGE('',*,*,#1236,.F.);
#1638=ORIENTED_EDGE('',*,*,#1235,.F.);
#1639=ORIENTED_EDGE('',*,*,#1237,.F.);
#1640=ORIENTED_EDGE('',*,*,#1238,.T.);
#1641=ORIENTED_EDGE('',*,*,#1239,.T.);
#1642=ORIENTED_EDGE('',*,*,#1240,.F.);
#1643=ORIENTED_EDGE('',*,*,#1241,.F.);
#1644=ORIENTED_EDGE('',*,*,#1242,.F.);
#1645=ORIENTED_EDGE('',*,*,#1243,.F.);
#1646=ORIENTED_EDGE('',*,*,#1244,.F.);
#1647=ORIENTED_EDGE('',*,*,#1245,.T.);
#1648=ORIENTED_EDGE('',*,*,#1246,.T.);
#1649=ORIENTED_EDGE('',*,*,#1247,.F.);
#1650=ORIENTED_EDGE('',*,*,#1248,.F.);
#1651=ORIENTED_EDGE('',*,*,#1230,.F.);
#1652=ORIENTED_EDGE('',*,*,#1249,.T.);
#1653=ORIENTED_EDGE('',*,*,#1250,.F.);
#1654=ORIENTED_EDGE('',*,*,#1240,.T.);
#1655=ORIENTED_EDGE('',*,*,#1251,.T.);
#1656=ORIENTED_EDGE('',*,*,#1237,.T.);
#1657=ORIENTED_EDGE('',*,*,#1227,.F.);
#1658=ORIENTED_EDGE('',*,*,#1156,.T.);
#1659=ORIENTED_EDGE('',*,*,#1252,.F.);
#1660=ORIENTED_EDGE('',*,*,#1249,.F.);
#1661=ORIENTED_EDGE('',*,*,#1155,.T.);
#1662=ORIENTED_EDGE('',*,*,#1253,.T.);
#1663=ORIENTED_EDGE('',*,*,#1254,.T.);
#1664=ORIENTED_EDGE('',*,*,#1252,.T.);
#1665=ORIENTED_EDGE('',*,*,#1255,.T.);
#1666=ORIENTED_EDGE('',*,*,#1250,.T.);
#1667=ORIENTED_EDGE('',*,*,#1254,.F.);
#1668=ORIENTED_EDGE('',*,*,#1256,.T.);
#1669=ORIENTED_EDGE('',*,*,#1257,.T.);
#1670=ORIENTED_EDGE('',*,*,#1241,.T.);
#1671=ORIENTED_EDGE('',*,*,#1255,.F.);
#1672=ORIENTED_EDGE('',*,*,#1258,.T.);
#1673=ORIENTED_EDGE('',*,*,#1258,.F.);
#1674=ORIENTED_EDGE('',*,*,#1256,.F.);
#1675=ORIENTED_EDGE('',*,*,#1253,.F.);
#1676=ORIENTED_EDGE('',*,*,#1154,.T.);
#1677=ORIENTED_EDGE('',*,*,#1259,.T.);
#1678=ORIENTED_EDGE('',*,*,#1260,.F.);
#1679=ORIENTED_EDGE('',*,*,#1145,.T.);
#1680=ORIENTED_EDGE('',*,*,#1261,.T.);
#1681=ORIENTED_EDGE('',*,*,#1262,.T.);
#1682=ORIENTED_EDGE('',*,*,#1263,.T.);
#1683=ORIENTED_EDGE('',*,*,#1262,.F.);
#1684=ORIENTED_EDGE('',*,*,#1264,.T.);
#1685=ORIENTED_EDGE('',*,*,#1265,.T.);
#1686=ORIENTED_EDGE('',*,*,#1266,.T.);
#1687=ORIENTED_EDGE('',*,*,#1267,.T.);
#1688=ORIENTED_EDGE('',*,*,#1268,.T.);
#1689=ORIENTED_EDGE('',*,*,#1265,.F.);
#1690=ORIENTED_EDGE('',*,*,#1269,.T.);
#1691=ORIENTED_EDGE('',*,*,#1270,.F.);
#1692=ORIENTED_EDGE('',*,*,#1269,.F.);
#1693=ORIENTED_EDGE('',*,*,#1271,.F.);
#1694=ORIENTED_EDGE('',*,*,#1272,.T.);
#1695=ORIENTED_EDGE('',*,*,#1273,.T.);
#1696=ORIENTED_EDGE('',*,*,#1274,.F.);
#1697=ORIENTED_EDGE('',*,*,#1275,.F.);
#1698=ORIENTED_EDGE('',*,*,#1276,.F.);
#1699=ORIENTED_EDGE('',*,*,#1277,.F.);
#1700=ORIENTED_EDGE('',*,*,#1278,.F.);
#1701=ORIENTED_EDGE('',*,*,#1279,.T.);
#1702=ORIENTED_EDGE('',*,*,#1280,.T.);
#1703=ORIENTED_EDGE('',*,*,#1281,.F.);
#1704=ORIENTED_EDGE('',*,*,#1282,.F.);
#1705=ORIENTED_EDGE('',*,*,#1264,.F.);
#1706=ORIENTED_EDGE('',*,*,#1283,.T.);
#1707=ORIENTED_EDGE('',*,*,#1284,.F.);
#1708=ORIENTED_EDGE('',*,*,#1274,.T.);
#1709=ORIENTED_EDGE('',*,*,#1285,.T.);
#1710=ORIENTED_EDGE('',*,*,#1271,.T.);
#1711=ORIENTED_EDGE('',*,*,#1261,.F.);
#1712=ORIENTED_EDGE('',*,*,#1144,.T.);
#1713=ORIENTED_EDGE('',*,*,#1286,.F.);
#1714=ORIENTED_EDGE('',*,*,#1283,.F.);
#1715=ORIENTED_EDGE('',*,*,#1143,.T.);
#1716=ORIENTED_EDGE('',*,*,#1287,.T.);
#1717=ORIENTED_EDGE('',*,*,#1288,.T.);
#1718=ORIENTED_EDGE('',*,*,#1286,.T.);
#1719=ORIENTED_EDGE('',*,*,#1289,.T.);
#1720=ORIENTED_EDGE('',*,*,#1284,.T.);
#1721=ORIENTED_EDGE('',*,*,#1288,.F.);
#1722=ORIENTED_EDGE('',*,*,#1290,.T.);
#1723=ORIENTED_EDGE('',*,*,#1291,.T.);
#1724=ORIENTED_EDGE('',*,*,#1275,.T.);
#1725=ORIENTED_EDGE('',*,*,#1289,.F.);
#1726=ORIENTED_EDGE('',*,*,#1292,.T.);
#1727=ORIENTED_EDGE('',*,*,#1292,.F.);
#1728=ORIENTED_EDGE('',*,*,#1290,.F.);
#1729=ORIENTED_EDGE('',*,*,#1287,.F.);
#1730=ORIENTED_EDGE('',*,*,#1142,.T.);
#1731=ORIENTED_EDGE('',*,*,#1293,.T.);
#1732=ORIENTED_EDGE('',*,*,#1294,.F.);
#1733=ORIENTED_EDGE('',*,*,#1140,.T.);
#1734=ORIENTED_EDGE('',*,*,#1295,.T.);
#1735=ORIENTED_EDGE('',*,*,#1296,.T.);
#1736=ORIENTED_EDGE('',*,*,#1297,.T.);
#1737=ORIENTED_EDGE('',*,*,#1298,.T.);
#1738=ORIENTED_EDGE('',*,*,#1299,.T.);
#1739=ORIENTED_EDGE('',*,*,#1296,.F.);
#1740=ORIENTED_EDGE('',*,*,#1300,.T.);
#1741=ORIENTED_EDGE('',*,*,#1301,.F.);
#1742=ORIENTED_EDGE('',*,*,#1277,.T.);
#1743=ORIENTED_EDGE('',*,*,#1298,.F.);
#1744=ORIENTED_EDGE('',*,*,#1302,.T.);
#1745=ORIENTED_EDGE('',*,*,#1302,.F.);
#1746=ORIENTED_EDGE('',*,*,#1300,.F.);
#1747=ORIENTED_EDGE('',*,*,#1295,.F.);
#1748=ORIENTED_EDGE('',*,*,#1139,.F.);
#1749=ORIENTED_EDGE('',*,*,#1303,.F.);
#1750=ORIENTED_EDGE('',*,*,#1176,.T.);
#1751=ORIENTED_EDGE('',*,*,#1304,.T.);
#1752=ORIENTED_EDGE('',*,*,#1305,.T.);
#1753=ORIENTED_EDGE('',*,*,#1306,.T.);
#1754=ORIENTED_EDGE('',*,*,#1307,.T.);
#1755=ORIENTED_EDGE('',*,*,#1308,.T.);
#1756=ORIENTED_EDGE('',*,*,#1305,.F.);
#1757=ORIENTED_EDGE('',*,*,#1309,.T.);
#1758=ORIENTED_EDGE('',*,*,#1310,.F.);
#1759=ORIENTED_EDGE('',*,*,#1122,.T.);
#1760=ORIENTED_EDGE('',*,*,#1307,.F.);
#1761=ORIENTED_EDGE('',*,*,#1311,.T.);
#1762=ORIENTED_EDGE('',*,*,#1311,.F.);
#1763=ORIENTED_EDGE('',*,*,#1309,.F.);
#1764=ORIENTED_EDGE('',*,*,#1304,.F.);
#1765=ORIENTED_EDGE('',*,*,#1175,.F.);
#1766=ORIENTED_EDGE('',*,*,#1312,.F.);
#1767=ORIENTED_EDGE('',*,*,#1313,.T.);
#1768=ORIENTED_EDGE('',*,*,#1314,.T.);
#1769=ORIENTED_EDGE('',*,*,#1315,.T.);
#1770=ORIENTED_EDGE('',*,*,#1127,.T.);
#1771=ORIENTED_EDGE('',*,*,#1316,.T.);
#1772=ORIENTED_EDGE('',*,*,#1317,.T.);
#1773=ORIENTED_EDGE('',*,*,#1315,.F.);
#1774=ORIENTED_EDGE('',*,*,#1318,.T.);
#1775=ORIENTED_EDGE('',*,*,#1136,.T.);
#1776=ORIENTED_EDGE('',*,*,#1319,.T.);
#1777=ORIENTED_EDGE('',*,*,#1316,.F.);
#1778=ORIENTED_EDGE('',*,*,#1320,.T.);
#1779=ORIENTED_EDGE('',*,*,#1317,.F.);
#1780=ORIENTED_EDGE('',*,*,#1321,.T.);
#1781=ORIENTED_EDGE('',*,*,#1322,.T.);
#1782=ORIENTED_EDGE('',*,*,#1108,.F.);
#1783=ORIENTED_EDGE('',*,*,#1116,.T.);
#1784=ORIENTED_EDGE('',*,*,#1319,.F.);
#1785=ORIENTED_EDGE('',*,*,#1135,.T.);
#1786=ORIENTED_EDGE('',*,*,#1323,.T.);
#1787=ORIENTED_EDGE('',*,*,#1321,.F.);
#1788=ORIENTED_EDGE('',*,*,#1152,.T.);
#1789=ORIENTED_EDGE('',*,*,#1324,.T.);
#1790=ORIENTED_EDGE('',*,*,#1325,.T.);
#1791=ORIENTED_EDGE('',*,*,#1326,.T.);
#1792=ORIENTED_EDGE('',*,*,#1327,.T.);
#1793=ORIENTED_EDGE('',*,*,#1328,.T.);
#1794=ORIENTED_EDGE('',*,*,#1325,.F.);
#1795=ORIENTED_EDGE('',*,*,#1329,.T.);
#1796=ORIENTED_EDGE('',*,*,#1330,.F.);
#1797=ORIENTED_EDGE('',*,*,#1243,.T.);
#1798=ORIENTED_EDGE('',*,*,#1327,.F.);
#1799=ORIENTED_EDGE('',*,*,#1331,.T.);
#1800=ORIENTED_EDGE('',*,*,#1331,.F.);
#1801=ORIENTED_EDGE('',*,*,#1329,.F.);
#1802=ORIENTED_EDGE('',*,*,#1324,.F.);
#1803=ORIENTED_EDGE('',*,*,#1151,.F.);
#1804=ORIENTED_EDGE('',*,*,#1332,.F.);
#1805=ORIENTED_EDGE('',*,*,#1333,.T.);
#1806=ORIENTED_EDGE('',*,*,#1334,.T.);
#1807=ORIENTED_EDGE('',*,*,#1335,.T.);
#1808=ORIENTED_EDGE('',*,*,#1282,.T.);
#1809=ORIENTED_EDGE('',*,*,#1336,.T.);
#1810=ORIENTED_EDGE('',*,*,#1337,.T.);
#1811=ORIENTED_EDGE('',*,*,#1335,.F.);
#1812=ORIENTED_EDGE('',*,*,#1338,.T.);
#1813=ORIENTED_EDGE('',*,*,#1148,.T.);
#1814=ORIENTED_EDGE('',*,*,#1339,.T.);
#1815=ORIENTED_EDGE('',*,*,#1336,.F.);
#1816=ORIENTED_EDGE('',*,*,#1340,.T.);
#1817=ORIENTED_EDGE('',*,*,#1337,.F.);
#1818=ORIENTED_EDGE('',*,*,#1341,.T.);
#1819=ORIENTED_EDGE('',*,*,#1342,.T.);
#1820=ORIENTED_EDGE('',*,*,#1267,.F.);
#1821=ORIENTED_EDGE('',*,*,#1270,.T.);
#1822=ORIENTED_EDGE('',*,*,#1339,.F.);
#1823=ORIENTED_EDGE('',*,*,#1147,.T.);
#1824=ORIENTED_EDGE('',*,*,#1343,.T.);
#1825=ORIENTED_EDGE('',*,*,#1341,.F.);
#1826=ORIENTED_EDGE('',*,*,#1344,.T.);
#1827=ORIENTED_EDGE('',*,*,#1345,.T.);
#1828=ORIENTED_EDGE('',*,*,#1346,.T.);
#1829=ORIENTED_EDGE('',*,*,#1248,.T.);
#1830=ORIENTED_EDGE('',*,*,#1347,.T.);
#1831=ORIENTED_EDGE('',*,*,#1348,.T.);
#1832=ORIENTED_EDGE('',*,*,#1346,.F.);
#1833=ORIENTED_EDGE('',*,*,#1349,.T.);
#1834=ORIENTED_EDGE('',*,*,#1160,.T.);
#1835=ORIENTED_EDGE('',*,*,#1350,.T.);
#1836=ORIENTED_EDGE('',*,*,#1347,.F.);
#1837=ORIENTED_EDGE('',*,*,#1351,.T.);
#1838=ORIENTED_EDGE('',*,*,#1348,.F.);
#1839=ORIENTED_EDGE('',*,*,#1352,.T.);
#1840=ORIENTED_EDGE('',*,*,#1353,.T.);
#1841=ORIENTED_EDGE('',*,*,#1233,.F.);
#1842=ORIENTED_EDGE('',*,*,#1236,.T.);
#1843=ORIENTED_EDGE('',*,*,#1350,.F.);
#1844=ORIENTED_EDGE('',*,*,#1159,.T.);
#1845=ORIENTED_EDGE('',*,*,#1354,.T.);
#1846=ORIENTED_EDGE('',*,*,#1352,.F.);
#1847=ORIENTED_EDGE('',*,*,#1355,.T.);
#1848=ORIENTED_EDGE('',*,*,#1356,.T.);
#1849=ORIENTED_EDGE('',*,*,#1357,.T.);
#1850=ORIENTED_EDGE('',*,*,#1214,.T.);
#1851=ORIENTED_EDGE('',*,*,#1358,.T.);
#1852=ORIENTED_EDGE('',*,*,#1359,.T.);
#1853=ORIENTED_EDGE('',*,*,#1357,.F.);
#1854=ORIENTED_EDGE('',*,*,#1360,.T.);
#1855=ORIENTED_EDGE('',*,*,#1172,.T.);
#1856=ORIENTED_EDGE('',*,*,#1361,.T.);
#1857=ORIENTED_EDGE('',*,*,#1358,.F.);
#1858=ORIENTED_EDGE('',*,*,#1362,.T.);
#1859=ORIENTED_EDGE('',*,*,#1359,.F.);
#1860=ORIENTED_EDGE('',*,*,#1363,.T.);
#1861=ORIENTED_EDGE('',*,*,#1364,.T.);
#1862=ORIENTED_EDGE('',*,*,#1195,.F.);
#1863=ORIENTED_EDGE('',*,*,#1202,.T.);
#1864=ORIENTED_EDGE('',*,*,#1361,.F.);
#1865=ORIENTED_EDGE('',*,*,#1171,.T.);
#1866=ORIENTED_EDGE('',*,*,#1365,.T.);
#1867=ORIENTED_EDGE('',*,*,#1363,.F.);
#1868=ORIENTED_EDGE('',*,*,#1164,.T.);
#1869=ORIENTED_EDGE('',*,*,#1366,.T.);
#1870=ORIENTED_EDGE('',*,*,#1367,.T.);
#1871=ORIENTED_EDGE('',*,*,#1368,.T.);
#1872=ORIENTED_EDGE('',*,*,#1369,.T.);
#1873=ORIENTED_EDGE('',*,*,#1370,.T.);
#1874=ORIENTED_EDGE('',*,*,#1367,.F.);
#1875=ORIENTED_EDGE('',*,*,#1371,.T.);
#1876=ORIENTED_EDGE('',*,*,#1372,.F.);
#1877=ORIENTED_EDGE('',*,*,#1209,.T.);
#1878=ORIENTED_EDGE('',*,*,#1369,.F.);
#1879=ORIENTED_EDGE('',*,*,#1373,.T.);
#1880=ORIENTED_EDGE('',*,*,#1373,.F.);
#1881=ORIENTED_EDGE('',*,*,#1371,.F.);
#1882=ORIENTED_EDGE('',*,*,#1366,.F.);
#1883=ORIENTED_EDGE('',*,*,#1163,.F.);
#1884=ORIENTED_EDGE('',*,*,#1374,.F.);
#1885=ORIENTED_EDGE('',*,*,#1368,.F.);
#1886=ORIENTED_EDGE('',*,*,#1375,.F.);
#1887=ORIENTED_EDGE('',*,*,#1225,.F.);
#1888=ORIENTED_EDGE('',*,*,#1165,.T.);
#1889=ORIENTED_EDGE('',*,*,#1376,.T.);
#1890=ORIENTED_EDGE('',*,*,#1377,.T.);
#1891=ORIENTED_EDGE('',*,*,#1211,.F.);
#1892=ORIENTED_EDGE('',*,*,#1378,.T.);
#1893=ORIENTED_EDGE('',*,*,#1379,.T.);
#1894=ORIENTED_EDGE('',*,*,#1380,.T.);
#1895=ORIENTED_EDGE('',*,*,#1381,.T.);
#1896=ORIENTED_EDGE('',*,*,#1382,.T.);
#1897=ORIENTED_EDGE('',*,*,#1212,.F.);
#1898=ORIENTED_EDGE('',*,*,#1377,.F.);
#1899=ORIENTED_EDGE('',*,*,#1382,.F.);
#1900=ORIENTED_EDGE('',*,*,#1383,.F.);
#1901=ORIENTED_EDGE('',*,*,#1384,.F.);
#1902=ORIENTED_EDGE('',*,*,#1123,.T.);
#1903=ORIENTED_EDGE('',*,*,#1310,.T.);
#1904=ORIENTED_EDGE('',*,*,#1312,.T.);
#1905=ORIENTED_EDGE('',*,*,#1174,.F.);
#1906=ORIENTED_EDGE('',*,*,#1385,.F.);
#1907=ORIENTED_EDGE('',*,*,#1355,.F.);
#1908=ORIENTED_EDGE('',*,*,#1213,.T.);
#1909=ORIENTED_EDGE('',*,*,#1386,.F.);
#1910=ORIENTED_EDGE('',*,*,#1381,.F.);
#1911=ORIENTED_EDGE('',*,*,#1387,.T.);
#1912=ORIENTED_EDGE('',*,*,#1388,.F.);
#1913=ORIENTED_EDGE('',*,*,#1383,.T.);
#1914=ORIENTED_EDGE('',*,*,#1389,.T.);
#1915=ORIENTED_EDGE('',*,*,#1390,.T.);
#1916=ORIENTED_EDGE('',*,*,#1245,.F.);
#1917=ORIENTED_EDGE('',*,*,#1391,.T.);
#1918=ORIENTED_EDGE('',*,*,#1392,.T.);
#1919=ORIENTED_EDGE('',*,*,#1393,.T.);
#1920=ORIENTED_EDGE('',*,*,#1394,.T.);
#1921=ORIENTED_EDGE('',*,*,#1395,.T.);
#1922=ORIENTED_EDGE('',*,*,#1246,.F.);
#1923=ORIENTED_EDGE('',*,*,#1390,.F.);
#1924=ORIENTED_EDGE('',*,*,#1378,.F.);
#1925=ORIENTED_EDGE('',*,*,#1210,.T.);
#1926=ORIENTED_EDGE('',*,*,#1372,.T.);
#1927=ORIENTED_EDGE('',*,*,#1374,.T.);
#1928=ORIENTED_EDGE('',*,*,#1162,.F.);
#1929=ORIENTED_EDGE('',*,*,#1396,.F.);
#1930=ORIENTED_EDGE('',*,*,#1344,.F.);
#1931=ORIENTED_EDGE('',*,*,#1247,.T.);
#1932=ORIENTED_EDGE('',*,*,#1395,.F.);
#1933=ORIENTED_EDGE('',*,*,#1397,.F.);
#1934=ORIENTED_EDGE('',*,*,#1398,.F.);
#1935=ORIENTED_EDGE('',*,*,#1379,.F.);
#1936=ORIENTED_EDGE('',*,*,#1397,.T.);
#1937=ORIENTED_EDGE('',*,*,#1394,.F.);
#1938=ORIENTED_EDGE('',*,*,#1399,.T.);
#1939=ORIENTED_EDGE('',*,*,#1400,.T.);
#1940=ORIENTED_EDGE('',*,*,#1401,.T.);
#1941=ORIENTED_EDGE('',*,*,#1279,.F.);
#1942=ORIENTED_EDGE('',*,*,#1402,.T.);
#1943=ORIENTED_EDGE('',*,*,#1403,.T.);
#1944=ORIENTED_EDGE('',*,*,#1404,.T.);
#1945=ORIENTED_EDGE('',*,*,#1405,.T.);
#1946=ORIENTED_EDGE('',*,*,#1406,.T.);
#1947=ORIENTED_EDGE('',*,*,#1280,.F.);
#1948=ORIENTED_EDGE('',*,*,#1401,.F.);
#1949=ORIENTED_EDGE('',*,*,#1402,.F.);
#1950=ORIENTED_EDGE('',*,*,#1278,.T.);
#1951=ORIENTED_EDGE('',*,*,#1301,.T.);
#1952=ORIENTED_EDGE('',*,*,#1303,.T.);
#1953=ORIENTED_EDGE('',*,*,#1138,.F.);
#1954=ORIENTED_EDGE('',*,*,#1407,.F.);
#1955=ORIENTED_EDGE('',*,*,#1313,.F.);
#1956=ORIENTED_EDGE('',*,*,#1126,.T.);
#1957=ORIENTED_EDGE('',*,*,#1408,.F.);
#1958=ORIENTED_EDGE('',*,*,#1409,.F.);
#1959=ORIENTED_EDGE('',*,*,#1410,.F.);
#1960=ORIENTED_EDGE('',*,*,#1392,.F.);
#1961=ORIENTED_EDGE('',*,*,#1411,.T.);
#1962=ORIENTED_EDGE('',*,*,#1405,.F.);
#1963=ORIENTED_EDGE('',*,*,#1412,.T.);
#1964=ORIENTED_EDGE('',*,*,#1391,.F.);
#1965=ORIENTED_EDGE('',*,*,#1244,.T.);
#1966=ORIENTED_EDGE('',*,*,#1330,.T.);
#1967=ORIENTED_EDGE('',*,*,#1332,.T.);
#1968=ORIENTED_EDGE('',*,*,#1150,.F.);
#1969=ORIENTED_EDGE('',*,*,#1413,.F.);
#1970=ORIENTED_EDGE('',*,*,#1333,.F.);
#1971=ORIENTED_EDGE('',*,*,#1281,.T.);
#1972=ORIENTED_EDGE('',*,*,#1406,.F.);
#1973=ORIENTED_EDGE('',*,*,#1411,.F.);
#1974=ORIENTED_EDGE('',*,*,#1414,.F.);
#1975=ORIENTED_EDGE('',*,*,#1415,.T.);
#1976=ORIENTED_EDGE('',*,*,#1416,.T.);
#1977=ORIENTED_EDGE('',*,*,#1124,.F.);
#1978=ORIENTED_EDGE('',*,*,#1384,.T.);
#1979=ORIENTED_EDGE('',*,*,#1388,.T.);
#1980=ORIENTED_EDGE('',*,*,#1417,.T.);
#1981=ORIENTED_EDGE('',*,*,#1418,.T.);
#1982=ORIENTED_EDGE('',*,*,#1408,.T.);
#1983=ORIENTED_EDGE('',*,*,#1125,.F.);
#1984=ORIENTED_EDGE('',*,*,#1416,.F.);
#1985=ORIENTED_EDGE('',*,*,#1414,.T.);
#1986=ORIENTED_EDGE('',*,*,#1419,.T.);
#1987=ORIENTED_EDGE('',*,*,#1420,.T.);
#1988=ORIENTED_EDGE('',*,*,#1421,.T.);
#1989=ORIENTED_EDGE('',*,*,#1419,.F.);
#1990=ORIENTED_EDGE('',*,*,#1420,.F.);
#1991=ORIENTED_EDGE('',*,*,#1421,.F.);
#1992=ORIENTED_EDGE('',*,*,#1422,.T.);
#1993=ORIENTED_EDGE('',*,*,#1423,.F.);
#1994=ORIENTED_EDGE('',*,*,#1424,.F.);
#1995=ORIENTED_EDGE('',*,*,#1422,.F.);
#1996=ORIENTED_EDGE('',*,*,#1398,.T.);
#1997=ORIENTED_EDGE('',*,*,#1425,.T.);
#1998=ORIENTED_EDGE('',*,*,#1426,.T.);
#1999=ORIENTED_EDGE('',*,*,#1427,.T.);
#2000=ORIENTED_EDGE('',*,*,#1425,.F.);
#2001=ORIENTED_EDGE('',*,*,#1426,.F.);
#2002=ORIENTED_EDGE('',*,*,#1427,.F.);
#2003=ORIENTED_EDGE('',*,*,#1428,.T.);
#2004=ORIENTED_EDGE('',*,*,#1429,.F.);
#2005=ORIENTED_EDGE('',*,*,#1430,.F.);
#2006=ORIENTED_EDGE('',*,*,#1428,.F.);
#2007=ORIENTED_EDGE('',*,*,#1386,.T.);
#2008=ORIENTED_EDGE('',*,*,#1431,.T.);
#2009=ORIENTED_EDGE('',*,*,#1432,.T.);
#2010=ORIENTED_EDGE('',*,*,#1433,.T.);
#2011=ORIENTED_EDGE('',*,*,#1431,.F.);
#2012=ORIENTED_EDGE('',*,*,#1432,.F.);
#2013=ORIENTED_EDGE('',*,*,#1433,.F.);
#2014=ORIENTED_EDGE('',*,*,#1434,.T.);
#2015=ORIENTED_EDGE('',*,*,#1435,.F.);
#2016=ORIENTED_EDGE('',*,*,#1436,.F.);
#2017=ORIENTED_EDGE('',*,*,#1434,.F.);
#2018=ORIENTED_EDGE('',*,*,#1410,.T.);
#2019=ORIENTED_EDGE('',*,*,#1437,.T.);
#2020=ORIENTED_EDGE('',*,*,#1438,.T.);
#2021=ORIENTED_EDGE('',*,*,#1439,.T.);
#2022=ORIENTED_EDGE('',*,*,#1437,.F.);
#2023=ORIENTED_EDGE('',*,*,#1438,.F.);
#2024=ORIENTED_EDGE('',*,*,#1439,.F.);
#2025=ORIENTED_EDGE('',*,*,#1440,.T.);
#2026=ORIENTED_EDGE('',*,*,#1441,.F.);
#2027=ORIENTED_EDGE('',*,*,#1442,.F.);
#2028=ORIENTED_EDGE('',*,*,#1440,.F.);
#2029=ORIENTED_EDGE('',*,*,#1403,.F.);
#2030=ORIENTED_EDGE('',*,*,#1409,.T.);
#2031=ORIENTED_EDGE('',*,*,#1418,.F.);
#2032=ORIENTED_EDGE('',*,*,#1443,.T.);
#2033=ORIENTED_EDGE('',*,*,#1345,.F.);
#2034=ORIENTED_EDGE('',*,*,#1396,.T.);
#2035=ORIENTED_EDGE('',*,*,#1161,.F.);
#2036=ORIENTED_EDGE('',*,*,#1351,.F.);
#2037=ORIENTED_EDGE('',*,*,#1349,.F.);
#2038=ORIENTED_EDGE('',*,*,#1334,.F.);
#2039=ORIENTED_EDGE('',*,*,#1413,.T.);
#2040=ORIENTED_EDGE('',*,*,#1149,.F.);
#2041=ORIENTED_EDGE('',*,*,#1340,.F.);
#2042=ORIENTED_EDGE('',*,*,#1338,.F.);
#2043=ORIENTED_EDGE('',*,*,#1356,.F.);
#2044=ORIENTED_EDGE('',*,*,#1385,.T.);
#2045=ORIENTED_EDGE('',*,*,#1173,.F.);
#2046=ORIENTED_EDGE('',*,*,#1362,.F.);
#2047=ORIENTED_EDGE('',*,*,#1360,.F.);
#2048=ORIENTED_EDGE('',*,*,#1314,.F.);
#2049=ORIENTED_EDGE('',*,*,#1407,.T.);
#2050=ORIENTED_EDGE('',*,*,#1137,.F.);
#2051=ORIENTED_EDGE('',*,*,#1320,.F.);
#2052=ORIENTED_EDGE('',*,*,#1318,.F.);
#2053=ORIENTED_EDGE('',*,*,#1370,.F.);
#2054=ORIENTED_EDGE('',*,*,#1208,.T.);
#2055=ORIENTED_EDGE('',*,*,#1223,.F.);
#2056=ORIENTED_EDGE('',*,*,#1226,.T.);
#2057=ORIENTED_EDGE('',*,*,#1375,.T.);
#2058=ORIENTED_EDGE('',*,*,#1326,.F.);
#2059=ORIENTED_EDGE('',*,*,#1444,.F.);
#2060=ORIENTED_EDGE('',*,*,#1259,.F.);
#2061=ORIENTED_EDGE('',*,*,#1153,.T.);
#2062=ORIENTED_EDGE('',*,*,#1328,.F.);
#2063=ORIENTED_EDGE('',*,*,#1242,.T.);
#2064=ORIENTED_EDGE('',*,*,#1257,.F.);
#2065=ORIENTED_EDGE('',*,*,#1260,.T.);
#2066=ORIENTED_EDGE('',*,*,#1444,.T.);
#2067=ORIENTED_EDGE('',*,*,#1306,.F.);
#2068=ORIENTED_EDGE('',*,*,#1445,.F.);
#2069=ORIENTED_EDGE('',*,*,#1191,.F.);
#2070=ORIENTED_EDGE('',*,*,#1177,.T.);
#2071=ORIENTED_EDGE('',*,*,#1308,.F.);
#2072=ORIENTED_EDGE('',*,*,#1121,.T.);
#2073=ORIENTED_EDGE('',*,*,#1189,.F.);
#2074=ORIENTED_EDGE('',*,*,#1192,.T.);
#2075=ORIENTED_EDGE('',*,*,#1445,.T.);
#2076=ORIENTED_EDGE('',*,*,#1297,.F.);
#2077=ORIENTED_EDGE('',*,*,#1446,.F.);
#2078=ORIENTED_EDGE('',*,*,#1293,.F.);
#2079=ORIENTED_EDGE('',*,*,#1141,.T.);
#2080=ORIENTED_EDGE('',*,*,#1299,.F.);
#2081=ORIENTED_EDGE('',*,*,#1276,.T.);
#2082=ORIENTED_EDGE('',*,*,#1291,.F.);
#2083=ORIENTED_EDGE('',*,*,#1294,.T.);
#2084=ORIENTED_EDGE('',*,*,#1446,.T.);
#2085=ORIENTED_EDGE('',*,*,#1285,.F.);
#2086=ORIENTED_EDGE('',*,*,#1273,.F.);
#2087=ORIENTED_EDGE('',*,*,#1447,.T.);
#2088=ORIENTED_EDGE('',*,*,#1448,.F.);
#2089=ORIENTED_EDGE('',*,*,#1447,.F.);
#2090=ORIENTED_EDGE('',*,*,#1272,.F.);
#2091=ORIENTED_EDGE('',*,*,#1130,.F.);
#2092=ORIENTED_EDGE('',*,*,#1118,.F.);
#2093=ORIENTED_EDGE('',*,*,#1131,.F.);
#2094=ORIENTED_EDGE('',*,*,#1449,.T.);
#2095=ORIENTED_EDGE('',*,*,#1450,.F.);
#2096=ORIENTED_EDGE('',*,*,#1449,.F.);
#2097=ORIENTED_EDGE('',*,*,#1217,.F.);
#2098=ORIENTED_EDGE('',*,*,#1205,.F.);
#2099=ORIENTED_EDGE('',*,*,#1451,.T.);
#2100=ORIENTED_EDGE('',*,*,#1452,.F.);
#2101=ORIENTED_EDGE('',*,*,#1451,.F.);
#2102=ORIENTED_EDGE('',*,*,#1204,.F.);
#2103=ORIENTED_EDGE('',*,*,#1251,.F.);
#2104=ORIENTED_EDGE('',*,*,#1239,.F.);
#2105=ORIENTED_EDGE('',*,*,#1453,.T.);
#2106=ORIENTED_EDGE('',*,*,#1454,.F.);
#2107=ORIENTED_EDGE('',*,*,#1453,.F.);
#2108=ORIENTED_EDGE('',*,*,#1238,.F.);
#2109=ORIENTED_EDGE('',*,*,#1452,.T.);
#2110=ORIENTED_EDGE('',*,*,#1455,.F.);
#2111=ORIENTED_EDGE('',*,*,#1455,.T.);
#2112=ORIENTED_EDGE('',*,*,#1456,.T.);
#2113=ORIENTED_EDGE('',*,*,#1184,.F.);
#2114=ORIENTED_EDGE('',*,*,#1456,.F.);
#2115=ORIENTED_EDGE('',*,*,#1450,.T.);
#2116=ORIENTED_EDGE('',*,*,#1457,.F.);
#2117=ORIENTED_EDGE('',*,*,#1457,.T.);
#2118=ORIENTED_EDGE('',*,*,#1458,.T.);
#2119=ORIENTED_EDGE('',*,*,#1183,.F.);
#2120=ORIENTED_EDGE('',*,*,#1458,.F.);
#2121=ORIENTED_EDGE('',*,*,#1448,.T.);
#2122=ORIENTED_EDGE('',*,*,#1459,.F.);
#2123=ORIENTED_EDGE('',*,*,#1459,.T.);
#2124=ORIENTED_EDGE('',*,*,#1460,.T.);
#2125=ORIENTED_EDGE('',*,*,#1182,.F.);
#2126=ORIENTED_EDGE('',*,*,#1460,.F.);
#2127=ORIENTED_EDGE('',*,*,#1454,.T.);
#2128=ORIENTED_EDGE('',*,*,#1461,.F.);
#2129=ORIENTED_EDGE('',*,*,#1461,.T.);
#2130=ORIENTED_EDGE('',*,*,#1462,.T.);
#2131=ORIENTED_EDGE('',*,*,#1181,.F.);
#2132=ORIENTED_EDGE('',*,*,#1462,.F.);
#2133=ORIENTED_EDGE('',*,*,#1376,.F.);
#2134=ORIENTED_EDGE('',*,*,#1399,.F.);
#2135=ORIENTED_EDGE('',*,*,#1393,.F.);
#2136=ORIENTED_EDGE('',*,*,#1389,.F.);
#2137=ORIENTED_EDGE('',*,*,#1412,.F.);
#2138=ORIENTED_EDGE('',*,*,#1404,.F.);
#2139=ORIENTED_EDGE('',*,*,#1400,.F.);
#2140=ORIENTED_EDGE('',*,*,#1443,.F.);
#2141=ORIENTED_EDGE('',*,*,#1417,.F.);
#2142=ORIENTED_EDGE('',*,*,#1463,.T.);
#2143=ORIENTED_EDGE('',*,*,#1180,.T.);
#2144=ORIENTED_EDGE('',*,*,#1463,.F.);
#2145=ORIENTED_EDGE('',*,*,#1415,.F.);
#2146=ORIENTED_EDGE('',*,*,#1387,.F.);
#2147=ORIENTED_EDGE('',*,*,#1380,.F.);
#2148=ORIENTED_EDGE('',*,*,#1423,.T.);
#2149=ORIENTED_EDGE('',*,*,#1424,.T.);
#2150=ORIENTED_EDGE('',*,*,#1429,.T.);
#2151=ORIENTED_EDGE('',*,*,#1430,.T.);
#2152=ORIENTED_EDGE('',*,*,#1435,.T.);
#2153=ORIENTED_EDGE('',*,*,#1436,.T.);
#2154=ORIENTED_EDGE('',*,*,#1441,.T.);
#2155=ORIENTED_EDGE('',*,*,#1442,.T.);
#2156=ORIENTED_EDGE('',*,*,#1109,.F.);
#2157=ORIENTED_EDGE('',*,*,#1322,.F.);
#2158=ORIENTED_EDGE('',*,*,#1323,.F.);
#2159=ORIENTED_EDGE('',*,*,#1134,.T.);
#2160=ORIENTED_EDGE('',*,*,#1115,.F.);
#2161=ORIENTED_EDGE('',*,*,#1112,.F.);
#2162=ORIENTED_EDGE('',*,*,#1268,.F.);
#2163=ORIENTED_EDGE('',*,*,#1342,.F.);
#2164=ORIENTED_EDGE('',*,*,#1343,.F.);
#2165=ORIENTED_EDGE('',*,*,#1146,.T.);
#2166=ORIENTED_EDGE('',*,*,#1263,.F.);
#2167=ORIENTED_EDGE('',*,*,#1266,.F.);
#2168=ORIENTED_EDGE('',*,*,#1234,.F.);
#2169=ORIENTED_EDGE('',*,*,#1353,.F.);
#2170=ORIENTED_EDGE('',*,*,#1354,.F.);
#2171=ORIENTED_EDGE('',*,*,#1158,.T.);
#2172=ORIENTED_EDGE('',*,*,#1229,.F.);
#2173=ORIENTED_EDGE('',*,*,#1232,.F.);
#2174=ORIENTED_EDGE('',*,*,#1196,.F.);
#2175=ORIENTED_EDGE('',*,*,#1364,.F.);
#2176=ORIENTED_EDGE('',*,*,#1365,.F.);
#2177=ORIENTED_EDGE('',*,*,#1170,.T.);
#2178=ORIENTED_EDGE('',*,*,#1201,.F.);
#2179=ORIENTED_EDGE('',*,*,#1199,.F.);
#2180=CYLINDRICAL_SURFACE('',#2398,0.5);
#2181=CYLINDRICAL_SURFACE('',#2401,0.5);
#2182=CYLINDRICAL_SURFACE('',#2411,22.);
#2183=CYLINDRICAL_SURFACE('',#2445,0.5);
#2184=CYLINDRICAL_SURFACE('',#2448,0.5);
#2185=CYLINDRICAL_SURFACE('',#2450,0.5);
#2186=CYLINDRICAL_SURFACE('',#2453,0.5);
#2187=CYLINDRICAL_SURFACE('',#2463,22.);
#2188=CYLINDRICAL_SURFACE('',#2464,0.5);
#2189=CYLINDRICAL_SURFACE('',#2467,0.5);
#2190=CYLINDRICAL_SURFACE('',#2469,0.5);
#2191=CYLINDRICAL_SURFACE('',#2472,0.5);
#2192=CYLINDRICAL_SURFACE('',#2482,22.);
#2193=CYLINDRICAL_SURFACE('',#2483,0.5);
#2194=CYLINDRICAL_SURFACE('',#2486,0.5);
#2195=CYLINDRICAL_SURFACE('',#2488,0.5);
#2196=CYLINDRICAL_SURFACE('',#2491,0.5);
#2197=CYLINDRICAL_SURFACE('',#2501,22.);
#2198=CYLINDRICAL_SURFACE('',#2502,0.5);
#2199=CYLINDRICAL_SURFACE('',#2505,0.5);
#2200=CYLINDRICAL_SURFACE('',#2507,0.5);
#2201=CYLINDRICAL_SURFACE('',#2510,0.5);
#2202=CYLINDRICAL_SURFACE('',#2513,0.5);
#2203=CYLINDRICAL_SURFACE('',#2516,0.5);
#2204=CYLINDRICAL_SURFACE('',#2519,0.5);
#2205=CYLINDRICAL_SURFACE('',#2523,0.5);
#2206=CYLINDRICAL_SURFACE('',#2526,18.);
#2207=CYLINDRICAL_SURFACE('',#2527,0.5);
#2208=CYLINDRICAL_SURFACE('',#2530,0.5);
#2209=CYLINDRICAL_SURFACE('',#2533,0.5);
#2210=CYLINDRICAL_SURFACE('',#2537,0.5);
#2211=CYLINDRICAL_SURFACE('',#2540,18.);
#2212=CYLINDRICAL_SURFACE('',#2541,0.5);
#2213=CYLINDRICAL_SURFACE('',#2545,0.5);
#2214=CYLINDRICAL_SURFACE('',#2548,18.);
#2215=CYLINDRICAL_SURFACE('',#2549,0.5);
#2216=CYLINDRICAL_SURFACE('',#2553,0.5);
#2217=CYLINDRICAL_SURFACE('',#2556,18.);
#2218=CYLINDRICAL_SURFACE('',#2557,0.5);
#2219=CYLINDRICAL_SURFACE('',#2560,0.5);
#2220=CYLINDRICAL_SURFACE('',#2563,18.);
#2221=CYLINDRICAL_SURFACE('',#2565,2.);
#2222=CYLINDRICAL_SURFACE('',#2568,2.);
#2223=CYLINDRICAL_SURFACE('',#2575,2.);
#2224=CYLINDRICAL_SURFACE('',#2578,2.);
#2225=CYLINDRICAL_SURFACE('',#2584,2.);
#2226=CYLINDRICAL_SURFACE('',#2587,2.);
#2227=CYLINDRICAL_SURFACE('',#2596,2.);
#2228=CYLINDRICAL_SURFACE('',#2598,2.);
#2229=CYLINDRICAL_SURFACE('',#2602,1.45);
#2230=CYLINDRICAL_SURFACE('',#2606,1.45);
#2231=CYLINDRICAL_SURFACE('',#2610,1.45);
#2232=CYLINDRICAL_SURFACE('',#2614,1.45);
#2233=CYLINDRICAL_SURFACE('',#2622,18.);
#2234=CYLINDRICAL_SURFACE('',#2625,18.);
#2235=CYLINDRICAL_SURFACE('',#2628,18.);
#2236=CYLINDRICAL_SURFACE('',#2631,2.25);
#2237=CYLINDRICAL_SURFACE('',#2633,2.25);
#2238=CYLINDRICAL_SURFACE('',#2635,2.25);
#2239=CYLINDRICAL_SURFACE('',#2637,2.25);
#2240=CYLINDRICAL_SURFACE('',#2641,1.3);
#2241=CYLINDRICAL_SURFACE('',#2644,1.3);
#2242=CYLINDRICAL_SURFACE('',#2647,1.3);
#2243=CYLINDRICAL_SURFACE('',#2650,1.3);
#2244=CYLINDRICAL_SURFACE('',#2651,4.05);
#2245=ADVANCED_FACE('',(#109),#2180,.T.);
#2246=ADVANCED_FACE('',(#110),#93,.F.);
#2247=ADVANCED_FACE('',(#111),#2181,.T.);
#2248=ADVANCED_FACE('',(#112),#60,.T.);
#2249=ADVANCED_FACE('',(#113),#48,.T.);
#2250=ADVANCED_FACE('',(#114),#2182,.T.);
#2251=ADVANCED_FACE('',(#115,#31,#32,#33,#34,#35),#61,.F.);
#2252=ADVANCED_FACE('',(#116),#2183,.T.);
#2253=ADVANCED_FACE('',(#117),#94,.F.);
#2254=ADVANCED_FACE('',(#118),#2184,.T.);
#2255=ADVANCED_FACE('',(#119),#62,.T.);
#2256=ADVANCED_FACE('',(#120),#2185,.T.);
#2257=ADVANCED_FACE('',(#121),#95,.F.);
#2258=ADVANCED_FACE('',(#122),#2186,.T.);
#2259=ADVANCED_FACE('',(#123),#63,.T.);
#2260=ADVANCED_FACE('',(#124),#49,.T.);
#2261=ADVANCED_FACE('',(#125),#2187,.T.);
#2262=ADVANCED_FACE('',(#126),#2188,.T.);
#2263=ADVANCED_FACE('',(#127),#96,.F.);
#2264=ADVANCED_FACE('',(#128),#2189,.T.);
#2265=ADVANCED_FACE('',(#129),#64,.T.);
#2266=ADVANCED_FACE('',(#130),#2190,.T.);
#2267=ADVANCED_FACE('',(#131),#97,.F.);
#2268=ADVANCED_FACE('',(#132),#2191,.T.);
#2269=ADVANCED_FACE('',(#133),#65,.T.);
#2270=ADVANCED_FACE('',(#134),#50,.T.);
#2271=ADVANCED_FACE('',(#135),#2192,.T.);
#2272=ADVANCED_FACE('',(#136),#2193,.T.);
#2273=ADVANCED_FACE('',(#137),#98,.F.);
#2274=ADVANCED_FACE('',(#138),#2194,.T.);
#2275=ADVANCED_FACE('',(#139),#66,.T.);
#2276=ADVANCED_FACE('',(#140),#2195,.T.);
#2277=ADVANCED_FACE('',(#141),#99,.F.);
#2278=ADVANCED_FACE('',(#142),#2196,.T.);
#2279=ADVANCED_FACE('',(#143),#67,.T.);
#2280=ADVANCED_FACE('',(#144),#51,.T.);
#2281=ADVANCED_FACE('',(#145),#2197,.T.);
#2282=ADVANCED_FACE('',(#146),#2198,.T.);
#2283=ADVANCED_FACE('',(#147),#100,.F.);
#2284=ADVANCED_FACE('',(#148),#2199,.T.);
#2285=ADVANCED_FACE('',(#149),#68,.T.);
#2286=ADVANCED_FACE('',(#150),#2200,.T.);
#2287=ADVANCED_FACE('',(#151),#101,.F.);
#2288=ADVANCED_FACE('',(#152),#2201,.T.);
#2289=ADVANCED_FACE('',(#153),#69,.F.);
#2290=ADVANCED_FACE('',(#154),#2202,.T.);
#2291=ADVANCED_FACE('',(#155),#102,.F.);
#2292=ADVANCED_FACE('',(#156),#2203,.T.);
#2293=ADVANCED_FACE('',(#157),#70,.F.);
#2294=ADVANCED_FACE('',(#158),#2204,.T.);
#2295=ADVANCED_FACE('',(#159),#103,.F.);
#2296=ADVANCED_FACE('',(#160),#2205,.T.);
#2297=ADVANCED_FACE('',(#161),#52,.T.);
#2298=ADVANCED_FACE('',(#162),#2206,.T.);
#2299=ADVANCED_FACE('',(#163),#2207,.T.);
#2300=ADVANCED_FACE('',(#164),#104,.F.);
#2301=ADVANCED_FACE('',(#165),#2208,.T.);
#2302=ADVANCED_FACE('',(#166),#71,.F.);
#2303=ADVANCED_FACE('',(#167),#2209,.T.);
#2304=ADVANCED_FACE('',(#168),#105,.F.);
#2305=ADVANCED_FACE('',(#169),#2210,.T.);
#2306=ADVANCED_FACE('',(#170),#53,.T.);
#2307=ADVANCED_FACE('',(#171),#2211,.T.);
#2308=ADVANCED_FACE('',(#172),#2212,.T.);
#2309=ADVANCED_FACE('',(#173),#106,.F.);
#2310=ADVANCED_FACE('',(#174),#2213,.T.);
#2311=ADVANCED_FACE('',(#175),#54,.T.);
#2312=ADVANCED_FACE('',(#176),#2214,.T.);
#2313=ADVANCED_FACE('',(#177),#2215,.T.);
#2314=ADVANCED_FACE('',(#178),#107,.F.);
#2315=ADVANCED_FACE('',(#179),#2216,.T.);
#2316=ADVANCED_FACE('',(#180),#55,.T.);
#2317=ADVANCED_FACE('',(#181),#2217,.T.);
#2318=ADVANCED_FACE('',(#182),#2218,.T.);
#2319=ADVANCED_FACE('',(#183),#108,.F.);
#2320=ADVANCED_FACE('',(#184),#2219,.T.);
#2321=ADVANCED_FACE('',(#185),#72,.F.);
#2322=ADVANCED_FACE('',(#186),#2220,.T.);
#2323=ADVANCED_FACE('',(#187),#2221,.T.);
#2324=ADVANCED_FACE('',(#188),#2222,.T.);
#2325=ADVANCED_FACE('',(#189,#36),#73,.F.);
#2326=ADVANCED_FACE('',(#190),#74,.T.);
#2327=ADVANCED_FACE('',(#191),#2223,.T.);
#2328=ADVANCED_FACE('',(#192),#2224,.T.);
#2329=ADVANCED_FACE('',(#193,#37),#75,.F.);
#2330=ADVANCED_FACE('',(#194),#76,.T.);
#2331=ADVANCED_FACE('',(#195),#2225,.T.);
#2332=ADVANCED_FACE('',(#196),#2226,.T.);
#2333=ADVANCED_FACE('',(#197,#38),#77,.F.);
#2334=ADVANCED_FACE('',(#198),#78,.T.);
#2335=ADVANCED_FACE('',(#199,#39),#79,.F.);
#2336=ADVANCED_FACE('',(#200),#2227,.T.);
#2337=ADVANCED_FACE('',(#201),#2228,.T.);
#2338=ADVANCED_FACE('',(#202),#15,.F.);
#2339=ADVANCED_FACE('',(#203),#2229,.F.);
#2340=ADVANCED_FACE('',(#204),#16,.F.);
#2341=ADVANCED_FACE('',(#205),#2230,.F.);
#2342=ADVANCED_FACE('',(#206),#17,.F.);
#2343=ADVANCED_FACE('',(#207),#2231,.F.);
#2344=ADVANCED_FACE('',(#208),#18,.F.);
#2345=ADVANCED_FACE('',(#209),#2232,.F.);
#2346=ADVANCED_FACE('',(#210),#80,.T.);
#2347=ADVANCED_FACE('',(#211),#81,.F.);
#2348=ADVANCED_FACE('',(#212),#82,.F.);
#2349=ADVANCED_FACE('',(#213),#83,.F.);
#2350=ADVANCED_FACE('',(#214),#84,.F.);
#2351=ADVANCED_FACE('',(#215),#56,.T.);
#2352=ADVANCED_FACE('',(#216),#2233,.T.);
#2353=ADVANCED_FACE('',(#217),#57,.T.);
#2354=ADVANCED_FACE('',(#218),#2234,.T.);
#2355=ADVANCED_FACE('',(#219),#58,.T.);
#2356=ADVANCED_FACE('',(#220),#2235,.T.);
#2357=ADVANCED_FACE('',(#221),#59,.T.);
#2358=ADVANCED_FACE('',(#222),#2236,.F.);
#2359=ADVANCED_FACE('',(#223),#2237,.F.);
#2360=ADVANCED_FACE('',(#224),#2238,.F.);
#2361=ADVANCED_FACE('',(#225),#2239,.F.);
#2362=ADVANCED_FACE('',(#226,#40),#85,.T.);
#2363=ADVANCED_FACE('',(#227),#2240,.F.);
#2364=ADVANCED_FACE('',(#228,#41),#86,.T.);
#2365=ADVANCED_FACE('',(#229),#2241,.F.);
#2366=ADVANCED_FACE('',(#230,#42),#87,.T.);
#2367=ADVANCED_FACE('',(#231),#2242,.F.);
#2368=ADVANCED_FACE('',(#232,#43),#88,.T.);
#2369=ADVANCED_FACE('',(#233),#2243,.F.);
#2370=ADVANCED_FACE('',(#234,#44,#45,#46,#47),#2244,.F.);
#2371=ADVANCED_FACE('',(#235),#89,.T.);
#2372=ADVANCED_FACE('',(#236),#90,.T.);
#2373=ADVANCED_FACE('',(#237),#91,.T.);
#2374=ADVANCED_FACE('',(#238),#92,.T.);
#2375=CLOSED_SHELL('',(#2245,#2246,#2247,#2248,#2249,#2250,#2251,#2252,
#2253,#2254,#2255,#2256,#2257,#2258,#2259,#2260,#2261,#2262,#2263,#2264,
#2265,#2266,#2267,#2268,#2269,#2270,#2271,#2272,#2273,#2274,#2275,#2276,
#2277,#2278,#2279,#2280,#2281,#2282,#2283,#2284,#2285,#2286,#2287,#2288,
#2289,#2290,#2291,#2292,#2293,#2294,#2295,#2296,#2297,#2298,#2299,#2300,
#2301,#2302,#2303,#2304,#2305,#2306,#2307,#2308,#2309,#2310,#2311,#2312,
#2313,#2314,#2315,#2316,#2317,#2318,#2319,#2320,#2321,#2322,#2323,#2324,
#2325,#2326,#2327,#2328,#2329,#2330,#2331,#2332,#2333,#2334,#2335,#2336,
#2337,#2338,#2339,#2340,#2341,#2342,#2343,#2344,#2345,#2346,#2347,#2348,
#2349,#2350,#2351,#2352,#2353,#2354,#2355,#2356,#2357,#2358,#2359,#2360,
#2361,#2362,#2363,#2364,#2365,#2366,#2367,#2368,#2369,#2370,#2371,#2372,
#2373,#2374));
#2376=DERIVED_UNIT_ELEMENT(#2379,1.);
#2377=DERIVED_UNIT_ELEMENT(#4940,-3.);
#2378=DIMENSIONAL_EXPONENTS(0.,1.,0.,0.,0.,0.,0.);
#2379=(
CONVERSION_BASED_UNIT('gram',#2381)
MASS_UNIT()
NAMED_UNIT(#2378)
);
#2380=(
MASS_UNIT()
NAMED_UNIT(*)
SI_UNIT(.KILO.,.GRAM.)
);
#2381=MASS_MEASURE_WITH_UNIT(MASS_MEASURE(0.001),#2380);
#2382=DERIVED_UNIT((#2376,#2377));
#2383=MEASURE_REPRESENTATION_ITEM('density measure',
POSITIVE_RATIO_MEASURE(1.),#2382);
#2384=PROPERTY_DEFINITION_REPRESENTATION(#2389,#2386);
#2385=PROPERTY_DEFINITION_REPRESENTATION(#2390,#2387);
#2386=REPRESENTATION('material name',(#2388),#4937);
#2387=REPRESENTATION('density',(#2383),#4937);
#2388=DESCRIPTIVE_REPRESENTATION_ITEM('Og\X\F3lny','Og\X\F3lny');
#2389=PROPERTY_DEFINITION('material property','material name',#4947);
#2390=PROPERTY_DEFINITION('material property','density of part',#4947);
#2391=DATE_TIME_ROLE('creation_date');
#2392=APPLIED_DATE_AND_TIME_ASSIGNMENT(#2393,#2391,(#4947));
#2393=DATE_AND_TIME(#2394,#2395);
#2394=CALENDAR_DATE(2026,4,8);
#2395=LOCAL_TIME(0,0,0.,#2396);
#2396=COORDINATED_UNIVERSAL_TIME_OFFSET(0,0,.BEHIND.);
#2397=AXIS2_PLACEMENT_3D('',#3319,#2656,#2657);
#2398=AXIS2_PLACEMENT_3D('',#3320,#2658,#2659);
#2399=AXIS2_PLACEMENT_3D('',#3323,#2660,#2661);
#2400=AXIS2_PLACEMENT_3D('',#3370,#2664,#2665);
#2401=AXIS2_PLACEMENT_3D('',#3383,#2666,#2667);
#2402=AXIS2_PLACEMENT_3D('',#3386,#2668,#2669);
#2403=AXIS2_PLACEMENT_3D('',#3389,#2672,#2673);
#2404=AXIS2_PLACEMENT_3D('',#3391,#2674,#2675);
#2405=AXIS2_PLACEMENT_3D('',#3393,#2676,#2677);
#2406=AXIS2_PLACEMENT_3D('',#3395,#2678,#2679);
#2407=AXIS2_PLACEMENT_3D('',#3397,#2680,#2681);
#2408=AXIS2_PLACEMENT_3D('',#3401,#2683,#2684);
#2409=AXIS2_PLACEMENT_3D('',#3413,#2691,#2692);
#2410=AXIS2_PLACEMENT_3D('',#3415,#2693,#2694);
#2411=AXIS2_PLACEMENT_3D('',#3438,#2695,#2696);
#2412=AXIS2_PLACEMENT_3D('',#3440,#2697,#2698);
#2413=AXIS2_PLACEMENT_3D('',#3442,#2700,#2701);
#2414=AXIS2_PLACEMENT_3D('',#3446,#2703,#2704);
#2415=AXIS2_PLACEMENT_3D('',#3448,#2705,#2706);
#2416=AXIS2_PLACEMENT_3D('',#3456,#2710,#2711);
#2417=AXIS2_PLACEMENT_3D('',#3458,#2712,#2713);
#2418=AXIS2_PLACEMENT_3D('',#3462,#2715,#2716);
#2419=AXIS2_PLACEMENT_3D('',#3464,#2717,#2718);
#2420=AXIS2_PLACEMENT_3D('',#3466,#2719,#2720);
#2421=AXIS2_PLACEMENT_3D('',#3470,#2722,#2723);
#2422=AXIS2_PLACEMENT_3D('',#3472,#2724,#2725);
#2423=AXIS2_PLACEMENT_3D('',#3480,#2729,#2730);
#2424=AXIS2_PLACEMENT_3D('',#3482,#2731,#2732);
#2425=AXIS2_PLACEMENT_3D('',#3486,#2734,#2735);
#2426=AXIS2_PLACEMENT_3D('',#3488,#2736,#2737);
#2427=AXIS2_PLACEMENT_3D('',#3490,#2738,#2739);
#2428=AXIS2_PLACEMENT_3D('',#3494,#2741,#2742);
#2429=AXIS2_PLACEMENT_3D('',#3496,#2743,#2744);
#2430=AXIS2_PLACEMENT_3D('',#3504,#2748,#2749);
#2431=AXIS2_PLACEMENT_3D('',#3506,#2750,#2751);
#2432=AXIS2_PLACEMENT_3D('',#3510,#2753,#2754);
#2433=AXIS2_PLACEMENT_3D('',#3512,#2755,#2756);
#2434=AXIS2_PLACEMENT_3D('',#3514,#2757,#2758);
#2435=AXIS2_PLACEMENT_3D('',#3518,#2760,#2761);
#2436=AXIS2_PLACEMENT_3D('',#3520,#2762,#2763);
#2437=AXIS2_PLACEMENT_3D('',#3528,#2767,#2768);
#2438=AXIS2_PLACEMENT_3D('',#3530,#2769,#2770);
#2439=AXIS2_PLACEMENT_3D('',#3533,#2772,#2773);
#2440=AXIS2_PLACEMENT_3D('',#3535,#2774,#2775);
#2441=AXIS2_PLACEMENT_3D('',#3537,#2776,#2777);
#2442=AXIS2_PLACEMENT_3D('',#3539,#2778,#2779);
#2443=AXIS2_PLACEMENT_3D('',#3541,#2780,#2781);
#2444=AXIS2_PLACEMENT_3D('',#3543,#2782,#2783);
#2445=AXIS2_PLACEMENT_3D('',#3544,#2784,#2785);
#2446=AXIS2_PLACEMENT_3D('',#3547,#2787,#2788);
#2447=AXIS2_PLACEMENT_3D('',#3574,#2789,#2790);
#2448=AXIS2_PLACEMENT_3D('',#3580,#2791,#2792);
#2449=AXIS2_PLACEMENT_3D('',#3593,#2794,#2795);
#2450=AXIS2_PLACEMENT_3D('',#3604,#2797,#2798);
#2451=AXIS2_PLACEMENT_3D('',#3607,#2799,#2800);
#2452=AXIS2_PLACEMENT_3D('',#3654,#2803,#2804);
#2453=AXIS2_PLACEMENT_3D('',#3667,#2805,#2806);
#2454=AXIS2_PLACEMENT_3D('',#3670,#2809,#2810);
#2455=AXIS2_PLACEMENT_3D('',#3672,#2811,#2812);
#2456=AXIS2_PLACEMENT_3D('',#3674,#2813,#2814);
#2457=AXIS2_PLACEMENT_3D('',#3676,#2815,#2816);
#2458=AXIS2_PLACEMENT_3D('',#3678,#2817,#2818);
#2459=AXIS2_PLACEMENT_3D('',#3680,#2819,#2820);
#2460=AXIS2_PLACEMENT_3D('',#3684,#2822,#2823);
#2461=AXIS2_PLACEMENT_3D('',#3696,#2830,#2831);
#2462=AXIS2_PLACEMENT_3D('',#3698,#2832,#2833);
#2463=AXIS2_PLACEMENT_3D('',#3716,#2834,#2835);
#2464=AXIS2_PLACEMENT_3D('',#3718,#2837,#2838);
#2465=AXIS2_PLACEMENT_3D('',#3721,#2840,#2841);
#2466=AXIS2_PLACEMENT_3D('',#3748,#2842,#2843);
#2467=AXIS2_PLACEMENT_3D('',#3754,#2844,#2845);
#2468=AXIS2_PLACEMENT_3D('',#3767,#2847,#2848);
#2469=AXIS2_PLACEMENT_3D('',#3778,#2850,#2851);
#2470=AXIS2_PLACEMENT_3D('',#3782,#2853,#2854);
#2471=AXIS2_PLACEMENT_3D('',#3822,#2856,#2857);
#2472=AXIS2_PLACEMENT_3D('',#3829,#2858,#2859);
#2473=AXIS2_PLACEMENT_3D('',#3844,#2862,#2863);
#2474=AXIS2_PLACEMENT_3D('',#3846,#2864,#2865);
#2475=AXIS2_PLACEMENT_3D('',#3848,#2866,#2867);
#2476=AXIS2_PLACEMENT_3D('',#3850,#2868,#2869);
#2477=AXIS2_PLACEMENT_3D('',#3852,#2870,#2871);
#2478=AXIS2_PLACEMENT_3D('',#3854,#2872,#2873);
#2479=AXIS2_PLACEMENT_3D('',#3858,#2875,#2876);
#2480=AXIS2_PLACEMENT_3D('',#3870,#2883,#2884);
#2481=AXIS2_PLACEMENT_3D('',#3872,#2885,#2886);
#2482=AXIS2_PLACEMENT_3D('',#3890,#2887,#2888);
#2483=AXIS2_PLACEMENT_3D('',#3892,#2890,#2891);
#2484=AXIS2_PLACEMENT_3D('',#3895,#2893,#2894);
#2485=AXIS2_PLACEMENT_3D('',#3922,#2895,#2896);
#2486=AXIS2_PLACEMENT_3D('',#3928,#2897,#2898);
#2487=AXIS2_PLACEMENT_3D('',#3941,#2900,#2901);
#2488=AXIS2_PLACEMENT_3D('',#3952,#2903,#2904);
#2489=AXIS2_PLACEMENT_3D('',#3956,#2906,#2907);
#2490=AXIS2_PLACEMENT_3D('',#3996,#2909,#2910);
#2491=AXIS2_PLACEMENT_3D('',#4003,#2911,#2912);
#2492=AXIS2_PLACEMENT_3D('',#4018,#2915,#2916);
#2493=AXIS2_PLACEMENT_3D('',#4020,#2917,#2918);
#2494=AXIS2_PLACEMENT_3D('',#4022,#2919,#2920);
#2495=AXIS2_PLACEMENT_3D('',#4024,#2921,#2922);
#2496=AXIS2_PLACEMENT_3D('',#4026,#2923,#2924);
#2497=AXIS2_PLACEMENT_3D('',#4028,#2925,#2926);
#2498=AXIS2_PLACEMENT_3D('',#4032,#2928,#2929);
#2499=AXIS2_PLACEMENT_3D('',#4044,#2936,#2937);
#2500=AXIS2_PLACEMENT_3D('',#4046,#2938,#2939);
#2501=AXIS2_PLACEMENT_3D('',#4065,#2940,#2941);
#2502=AXIS2_PLACEMENT_3D('',#4067,#2943,#2944);
#2503=AXIS2_PLACEMENT_3D('',#4070,#2946,#2947);
#2504=AXIS2_PLACEMENT_3D('',#4102,#2948,#2949);
#2505=AXIS2_PLACEMENT_3D('',#4109,#2950,#2951);
#2506=AXIS2_PLACEMENT_3D('',#4122,#2953,#2954);
#2507=AXIS2_PLACEMENT_3D('',#4133,#2956,#2957);
#2508=AXIS2_PLACEMENT_3D('',#4137,#2959,#2960);
#2509=AXIS2_PLACEMENT_3D('',#4165,#2962,#2963);
#2510=AXIS2_PLACEMENT_3D('',#4176,#2964,#2965);
#2511=AXIS2_PLACEMENT_3D('',#4178,#2966,#2967);
#2512=AXIS2_PLACEMENT_3D('',#4180,#2969,#2970);
#2513=AXIS2_PLACEMENT_3D('',#4182,#2972,#2973);
#2514=AXIS2_PLACEMENT_3D('',#4186,#2975,#2976);
#2515=AXIS2_PLACEMENT_3D('',#4214,#2978,#2979);
#2516=AXIS2_PLACEMENT_3D('',#4225,#2980,#2981);
#2517=AXIS2_PLACEMENT_3D('',#4227,#2982,#2983);
#2518=AXIS2_PLACEMENT_3D('',#4229,#2985,#2986);
#2519=AXIS2_PLACEMENT_3D('',#4231,#2988,#2989);
#2520=AXIS2_PLACEMENT_3D('',#4233,#2990,#2991);
#2521=AXIS2_PLACEMENT_3D('',#4236,#2993,#2994);
#2522=AXIS2_PLACEMENT_3D('',#4264,#2995,#2996);
#2523=AXIS2_PLACEMENT_3D('',#4275,#2997,#2998);
#2524=AXIS2_PLACEMENT_3D('',#4278,#3001,#3002);
#2525=AXIS2_PLACEMENT_3D('',#4280,#3003,#3004);
#2526=AXIS2_PLACEMENT_3D('',#4289,#3005,#3006);
#2527=AXIS2_PLACEMENT_3D('',#4291,#3008,#3009);
#2528=AXIS2_PLACEMENT_3D('',#4295,#3011,#3012);
#2529=AXIS2_PLACEMENT_3D('',#4323,#3014,#3015);
#2530=AXIS2_PLACEMENT_3D('',#4334,#3016,#3017);
#2531=AXIS2_PLACEMENT_3D('',#4336,#3018,#3019);
#2532=AXIS2_PLACEMENT_3D('',#4338,#3021,#3022);
#2533=AXIS2_PLACEMENT_3D('',#4340,#3024,#3025);
#2534=AXIS2_PLACEMENT_3D('',#4342,#3026,#3027);
#2535=AXIS2_PLACEMENT_3D('',#4345,#3029,#3030);
#2536=AXIS2_PLACEMENT_3D('',#4373,#3031,#3032);
#2537=AXIS2_PLACEMENT_3D('',#4384,#3033,#3034);
#2538=AXIS2_PLACEMENT_3D('',#4387,#3037,#3038);
#2539=AXIS2_PLACEMENT_3D('',#4389,#3039,#3040);
#2540=AXIS2_PLACEMENT_3D('',#4398,#3041,#3042);
#2541=AXIS2_PLACEMENT_3D('',#4400,#3044,#3045);
#2542=AXIS2_PLACEMENT_3D('',#4402,#3046,#3047);
#2543=AXIS2_PLACEMENT_3D('',#4405,#3049,#3050);
#2544=AXIS2_PLACEMENT_3D('',#4433,#3051,#3052);
#2545=AXIS2_PLACEMENT_3D('',#4444,#3053,#3054);
#2546=AXIS2_PLACEMENT_3D('',#4447,#3057,#3058);
#2547=AXIS2_PLACEMENT_3D('',#4449,#3059,#3060);
#2548=AXIS2_PLACEMENT_3D('',#4458,#3061,#3062);
#2549=AXIS2_PLACEMENT_3D('',#4460,#3064,#3065);
#2550=AXIS2_PLACEMENT_3D('',#4462,#3066,#3067);
#2551=AXIS2_PLACEMENT_3D('',#4465,#3069,#3070);
#2552=AXIS2_PLACEMENT_3D('',#4493,#3071,#3072);
#2553=AXIS2_PLACEMENT_3D('',#4504,#3073,#3074);
#2554=AXIS2_PLACEMENT_3D('',#4507,#3077,#3078);
#2555=AXIS2_PLACEMENT_3D('',#4509,#3079,#3080);
#2556=AXIS2_PLACEMENT_3D('',#4518,#3081,#3082);
#2557=AXIS2_PLACEMENT_3D('',#4520,#3084,#3085);
#2558=AXIS2_PLACEMENT_3D('',#4524,#3087,#3088);
#2559=AXIS2_PLACEMENT_3D('',#4552,#3090,#3091);
#2560=AXIS2_PLACEMENT_3D('',#4563,#3092,#3093);
#2561=AXIS2_PLACEMENT_3D('',#4565,#3094,#3095);
#2562=AXIS2_PLACEMENT_3D('',#4567,#3097,#3098);
#2563=AXIS2_PLACEMENT_3D('',#4569,#3100,#3101);
#2564=AXIS2_PLACEMENT_3D('',#4570,#3102,#3103);
#2565=AXIS2_PLACEMENT_3D('',#4571,#3104,#3105);
#2566=AXIS2_PLACEMENT_3D('',#4580,#3106,#3107);
#2567=AXIS2_PLACEMENT_3D('',#4582,#3108,#3109);
#2568=AXIS2_PLACEMENT_3D('',#4584,#3111,#3112);
#2569=AXIS2_PLACEMENT_3D('',#4594,#3114,#3115);
#2570=AXIS2_PLACEMENT_3D('',#4595,#3116,#3117);
#2571=AXIS2_PLACEMENT_3D('',#4598,#3119,#3120);
#2572=AXIS2_PLACEMENT_3D('',#4601,#3122,#3123);
#2573=AXIS2_PLACEMENT_3D('',#4602,#3124,#3125);
#2574=AXIS2_PLACEMENT_3D('',#4604,#3126,#3127);
#2575=AXIS2_PLACEMENT_3D('',#4606,#3129,#3130);
#2576=AXIS2_PLACEMENT_3D('',#4615,#3131,#3132);
#2577=AXIS2_PLACEMENT_3D('',#4617,#3133,#3134);
#2578=AXIS2_PLACEMENT_3D('',#4619,#3136,#3137);
#2579=AXIS2_PLACEMENT_3D('',#4629,#3139,#3140);
#2580=AXIS2_PLACEMENT_3D('',#4630,#3141,#3142);
#2581=AXIS2_PLACEMENT_3D('',#4634,#3145,#3146);
#2582=AXIS2_PLACEMENT_3D('',#4635,#3147,#3148);
#2583=AXIS2_PLACEMENT_3D('',#4636,#3149,#3150);
#2584=AXIS2_PLACEMENT_3D('',#4637,#3151,#3152);
#2585=AXIS2_PLACEMENT_3D('',#4646,#3153,#3154);
#2586=AXIS2_PLACEMENT_3D('',#4648,#3155,#3156);
#2587=AXIS2_PLACEMENT_3D('',#4650,#3158,#3159);
#2588=AXIS2_PLACEMENT_3D('',#4660,#3161,#3162);
#2589=AXIS2_PLACEMENT_3D('',#4661,#3163,#3164);
#2590=AXIS2_PLACEMENT_3D('',#4664,#3166,#3167);
#2591=AXIS2_PLACEMENT_3D('',#4667,#3169,#3170);
#2592=AXIS2_PLACEMENT_3D('',#4668,#3171,#3172);
#2593=AXIS2_PLACEMENT_3D('',#4670,#3174,#3175);
#2594=AXIS2_PLACEMENT_3D('',#4671,#3176,#3177);
#2595=AXIS2_PLACEMENT_3D('',#4674,#3179,#3180);
#2596=AXIS2_PLACEMENT_3D('',#4675,#3181,#3182);
#2597=AXIS2_PLACEMENT_3D('',#4683,#3183,#3184);
#2598=AXIS2_PLACEMENT_3D('',#4684,#3185,#3186);
#2599=AXIS2_PLACEMENT_3D('',#4693,#3188,#3189);
#2600=AXIS2_PLACEMENT_3D('',#4697,#3191,#3192);
#2601=AXIS2_PLACEMENT_3D('',#4698,#3193,#3194);
#2602=AXIS2_PLACEMENT_3D('',#4699,#3195,#3196);
#2603=AXIS2_PLACEMENT_3D('',#4739,#3198,#3199);
#2604=AXIS2_PLACEMENT_3D('',#4743,#3201,#3202);
#2605=AXIS2_PLACEMENT_3D('',#4744,#3203,#3204);
#2606=AXIS2_PLACEMENT_3D('',#4745,#3205,#3206);
#2607=AXIS2_PLACEMENT_3D('',#4785,#3208,#3209);
#2608=AXIS2_PLACEMENT_3D('',#4789,#3211,#3212);
#2609=AXIS2_PLACEMENT_3D('',#4790,#3213,#3214);
#2610=AXIS2_PLACEMENT_3D('',#4791,#3215,#3216);
#2611=AXIS2_PLACEMENT_3D('',#4831,#3218,#3219);
#2612=AXIS2_PLACEMENT_3D('',#4835,#3221,#3222);
#2613=AXIS2_PLACEMENT_3D('',#4836,#3223,#3224);
#2614=AXIS2_PLACEMENT_3D('',#4837,#3225,#3226);
#2615=AXIS2_PLACEMENT_3D('',#4877,#3228,#3229);
#2616=AXIS2_PLACEMENT_3D('',#4878,#3230,#3231);
#2617=AXIS2_PLACEMENT_3D('',#4879,#3232,#3233);
#2618=AXIS2_PLACEMENT_3D('',#4880,#3234,#3235);
#2619=AXIS2_PLACEMENT_3D('',#4881,#3236,#3237);
#2620=AXIS2_PLACEMENT_3D('',#4882,#3238,#3239);
#2621=AXIS2_PLACEMENT_3D('',#4883,#3240,#3241);
#2622=AXIS2_PLACEMENT_3D('',#4884,#3242,#3243);
#2623=AXIS2_PLACEMENT_3D('',#4885,#3244,#3245);
#2624=AXIS2_PLACEMENT_3D('',#4886,#3246,#3247);
#2625=AXIS2_PLACEMENT_3D('',#4887,#3248,#3249);
#2626=AXIS2_PLACEMENT_3D('',#4888,#3250,#3251);
#2627=AXIS2_PLACEMENT_3D('',#4889,#3252,#3253);
#2628=AXIS2_PLACEMENT_3D('',#4890,#3254,#3255);
#2629=AXIS2_PLACEMENT_3D('',#4891,#3256,#3257);
#2630=AXIS2_PLACEMENT_3D('',#4892,#3258,#3259);
#2631=AXIS2_PLACEMENT_3D('',#4893,#3260,#3261);
#2632=AXIS2_PLACEMENT_3D('',#4896,#3263,#3264);
#2633=AXIS2_PLACEMENT_3D('',#4897,#3265,#3266);
#2634=AXIS2_PLACEMENT_3D('',#4900,#3268,#3269);
#2635=AXIS2_PLACEMENT_3D('',#4901,#3270,#3271);
#2636=AXIS2_PLACEMENT_3D('',#4904,#3273,#3274);
#2637=AXIS2_PLACEMENT_3D('',#4905,#3275,#3276);
#2638=AXIS2_PLACEMENT_3D('',#4908,#3278,#3279);
#2639=AXIS2_PLACEMENT_3D('',#4909,#3280,#3281);
#2640=AXIS2_PLACEMENT_3D('',#4911,#3282,#3283);
#2641=AXIS2_PLACEMENT_3D('',#4912,#3284,#3285);
#2642=AXIS2_PLACEMENT_3D('',#4914,#3287,#3288);
#2643=AXIS2_PLACEMENT_3D('',#4916,#3289,#3290);
#2644=AXIS2_PLACEMENT_3D('',#4917,#3291,#3292);
#2645=AXIS2_PLACEMENT_3D('',#4919,#3294,#3295);
#2646=AXIS2_PLACEMENT_3D('',#4921,#3296,#3297);
#2647=AXIS2_PLACEMENT_3D('',#4922,#3298,#3299);
#2648=AXIS2_PLACEMENT_3D('',#4924,#3301,#3302);
#2649=AXIS2_PLACEMENT_3D('',#4926,#3303,#3304);
#2650=AXIS2_PLACEMENT_3D('',#4927,#3305,#3306);
#2651=AXIS2_PLACEMENT_3D('',#4929,#3308,#3309);
#2652=AXIS2_PLACEMENT_3D('',#4931,#3311,#3312);
#2653=AXIS2_PLACEMENT_3D('',#4932,#3313,#3314);
#2654=AXIS2_PLACEMENT_3D('',#4933,#3315,#3316);
#2655=AXIS2_PLACEMENT_3D('',#4934,#3317,#3318);
#2656=DIRECTION('axis',(0.,0.,1.));
#2657=DIRECTION('refdir',(1.,0.,0.));
#2658=DIRECTION('center_axis',(-0.970587701142456,0.,0.240747823232118));
#2659=DIRECTION('ref_axis',(-0.170234418363333,0.707106781186547,-0.686309145214093));
#2660=DIRECTION('center_axis',(0.970587701142455,-4.84484280586679E-15,
-0.240747823232121));
#2661=DIRECTION('ref_axis',(-0.240747823232121,0.,-0.970587701142455));
#2662=DIRECTION('',(0.970587701142456,0.,-0.240747823232118));
#2663=DIRECTION('',(-0.970587701142456,0.,0.240747823232118));
#2664=DIRECTION('center_axis',(-6.45956787090273E-17,1.,5.87955916482627E-16));
#2665=DIRECTION('ref_axis',(-0.240747823232113,5.5511151231258E-16,-0.970587701142457));
#2666=DIRECTION('center_axis',(0.,1.,0.));
#2667=DIRECTION('ref_axis',(-0.752765641667447,0.,-0.658288605951065));
#2668=DIRECTION('center_axis',(0.,1.,0.));
#2669=DIRECTION('ref_axis',(-0.752765641667447,0.,-0.658288605951065));
#2670=DIRECTION('',(0.,1.,0.));
#2671=DIRECTION('',(0.,-1.,0.));
#2672=DIRECTION('center_axis',(0.,1.,0.));
#2673=DIRECTION('ref_axis',(0.,0.,1.));
#2674=DIRECTION('center_axis',(0.,-1.,0.));
#2675=DIRECTION('ref_axis',(-0.707106781186547,0.,-0.707106781186548));
#2676=DIRECTION('center_axis',(0.,-1.,0.));
#2677=DIRECTION('ref_axis',(-1.,0.,-9.71445146547012E-17));
#2678=DIRECTION('center_axis',(0.,-1.,0.));
#2679=DIRECTION('ref_axis',(1.,0.,0.));
#2680=DIRECTION('center_axis',(0.,-1.,0.));
#2681=DIRECTION('ref_axis',(-1.,0.,-9.71445146547012E-17));
#2682=DIRECTION('',(-0.970587701142456,0.,-0.240747823232118));
#2683=DIRECTION('center_axis',(0.,-1.,0.));
#2684=DIRECTION('ref_axis',(-0.707106781186548,0.,0.707106781186548));
#2685=DIRECTION('',(-0.985208149505588,0.,0.171361904015374));
#2686=DIRECTION('',(-0.707106781186548,0.,-0.707106781186547));
#2687=DIRECTION('',(0.707106781186547,0.,-0.707106781186548));
#2688=DIRECTION('',(-0.707106781186546,0.,-0.707106781186549));
#2689=DIRECTION('',(0.707106781186547,0.,-0.707106781186548));
#2690=DIRECTION('',(0.985208149505589,0.,0.171361904015373));
#2691=DIRECTION('center_axis',(0.,1.,0.));
#2692=DIRECTION('ref_axis',(0.,0.,1.));
#2693=DIRECTION('center_axis',(0.,1.,0.));
#2694=DIRECTION('ref_axis',(-1.,0.,-9.71445146547012E-17));
#2695=DIRECTION('center_axis',(0.,1.,0.));
#2696=DIRECTION('ref_axis',(-1.,0.,0.));
#2697=DIRECTION('center_axis',(0.,1.,0.));
#2698=DIRECTION('ref_axis',(-1.,0.,0.));
#2699=DIRECTION('',(0.,-1.,0.));
#2700=DIRECTION('center_axis',(0.,1.,0.));
#2701=DIRECTION('ref_axis',(0.,0.,1.));
#2702=DIRECTION('',(-0.970587701142456,0.,0.240747823232118));
#2703=DIRECTION('center_axis',(0.,1.,0.));
#2704=DIRECTION('ref_axis',(-1.,0.,0.));
#2705=DIRECTION('center_axis',(0.,1.,0.));
#2706=DIRECTION('ref_axis',(-0.535123159509929,0.,-0.844774055091722));
#2707=DIRECTION('',(0.985208149505589,0.,0.171361904015373));
#2708=DIRECTION('',(0.707106781186547,0.,-0.707106781186548));
#2709=DIRECTION('',(-0.171361904015374,0.,-0.985208149505588));
#2710=DIRECTION('center_axis',(0.,1.,0.));
#2711=DIRECTION('ref_axis',(-0.844774055091724,0.,-0.535123159509925));
#2712=DIRECTION('center_axis',(0.,1.,0.));
#2713=DIRECTION('ref_axis',(-1.,0.,0.));
#2714=DIRECTION('',(-0.240747823232118,0.,0.970587701142456));
#2715=DIRECTION('center_axis',(0.,1.,0.));
#2716=DIRECTION('ref_axis',(-0.658288605951066,0.,-0.752765641667447));
#2717=DIRECTION('center_axis',(0.,1.,0.));
#2718=DIRECTION('ref_axis',(-1.,0.,0.));
#2719=DIRECTION('center_axis',(0.,1.,0.));
#2720=DIRECTION('ref_axis',(0.658288605951066,0.,-0.752765641667446));
#2721=DIRECTION('',(-0.240747823232118,0.,-0.970587701142456));
#2722=DIRECTION('center_axis',(0.,1.,0.));
#2723=DIRECTION('ref_axis',(-1.,0.,0.));
#2724=DIRECTION('center_axis',(0.,1.,0.));
#2725=DIRECTION('ref_axis',(0.844774055091721,0.,-0.53512315950993));
#2726=DIRECTION('',(-0.171361904015373,0.,0.985208149505589));
#2727=DIRECTION('',(0.707106781186548,0.,0.707106781186547));
#2728=DIRECTION('',(0.985208149505588,0.,-0.171361904015374));
#2729=DIRECTION('center_axis',(0.,1.,0.));
#2730=DIRECTION('ref_axis',(0.535123159509931,0.,-0.84477405509172));
#2731=DIRECTION('center_axis',(0.,1.,0.));
#2732=DIRECTION('ref_axis',(-1.,0.,0.));
#2733=DIRECTION('',(-0.970587701142456,0.,-0.240747823232118));
#2734=DIRECTION('center_axis',(0.,1.,0.));
#2735=DIRECTION('ref_axis',(0.752765641667447,0.,-0.658288605951066));
#2736=DIRECTION('center_axis',(0.,1.,0.));
#2737=DIRECTION('ref_axis',(-1.,0.,0.));
#2738=DIRECTION('center_axis',(0.,1.,0.));
#2739=DIRECTION('ref_axis',(0.752765641667447,0.,0.658288605951066));
#2740=DIRECTION('',(0.970587701142456,0.,-0.240747823232118));
#2741=DIRECTION('center_axis',(0.,1.,0.));
#2742=DIRECTION('ref_axis',(-1.,0.,0.));
#2743=DIRECTION('center_axis',(0.,1.,0.));
#2744=DIRECTION('ref_axis',(0.535123159509925,0.,0.844774055091724));
#2745=DIRECTION('',(-0.985208149505589,0.,-0.171361904015373));
#2746=DIRECTION('',(-0.707106781186547,0.,0.707106781186548));
#2747=DIRECTION('',(0.171361904015374,0.,0.985208149505588));
#2748=DIRECTION('center_axis',(0.,1.,0.));
#2749=DIRECTION('ref_axis',(0.844774055091724,0.,0.535123159509925));
#2750=DIRECTION('center_axis',(0.,1.,0.));
#2751=DIRECTION('ref_axis',(-1.,0.,0.));
#2752=DIRECTION('',(0.240747823232118,0.,-0.970587701142456));
#2753=DIRECTION('center_axis',(0.,1.,0.));
#2754=DIRECTION('ref_axis',(0.658288605951066,0.,0.752765641667446));
#2755=DIRECTION('center_axis',(0.,1.,0.));
#2756=DIRECTION('ref_axis',(-1.,0.,0.));
#2757=DIRECTION('center_axis',(0.,1.,0.));
#2758=DIRECTION('ref_axis',(-0.658288605951066,0.,0.752765641667447));
#2759=DIRECTION('',(0.240747823232118,0.,0.970587701142456));
#2760=DIRECTION('center_axis',(0.,1.,0.));
#2761=DIRECTION('ref_axis',(-1.,0.,0.));
#2762=DIRECTION('center_axis',(0.,1.,0.));
#2763=DIRECTION('ref_axis',(-0.844774055091724,0.,0.535123159509925));
#2764=DIRECTION('',(0.171361904015373,0.,-0.985208149505589));
#2765=DIRECTION('',(-0.707106781186548,0.,-0.707106781186547));
#2766=DIRECTION('',(-0.985208149505588,0.,0.171361904015374));
#2767=DIRECTION('center_axis',(0.,1.,0.));
#2768=DIRECTION('ref_axis',(-0.535123159509926,0.,0.844774055091724));
#2769=DIRECTION('center_axis',(0.,1.,0.));
#2770=DIRECTION('ref_axis',(-1.,0.,0.));
#2771=DIRECTION('',(0.970587701142456,0.,0.240747823232118));
#2772=DIRECTION('center_axis',(0.,1.,0.));
#2773=DIRECTION('ref_axis',(-0.752765641667446,0.,0.658288605951066));
#2774=DIRECTION('center_axis',(0.,-1.,0.));
#2775=DIRECTION('ref_axis',(1.,0.,0.));
#2776=DIRECTION('center_axis',(0.,1.,0.));
#2777=DIRECTION('ref_axis',(1.,0.,0.));
#2778=DIRECTION('center_axis',(0.,1.,0.));
#2779=DIRECTION('ref_axis',(1.,0.,0.));
#2780=DIRECTION('center_axis',(0.,1.,0.));
#2781=DIRECTION('ref_axis',(1.,0.,0.));
#2782=DIRECTION('center_axis',(0.,1.,0.));
#2783=DIRECTION('ref_axis',(1.,0.,0.));
#2784=DIRECTION('center_axis',(0.,1.,0.));
#2785=DIRECTION('ref_axis',(-0.752765641667446,0.,0.658288605951066));
#2786=DIRECTION('',(0.,1.,0.));
#2787=DIRECTION('center_axis',(0.,-1.,0.));
#2788=DIRECTION('ref_axis',(-0.240747823232121,0.,0.970587701142455));
#2789=DIRECTION('center_axis',(-0.970587701142455,-2.67283776480689E-16,
-0.240747823232121));
#2790=DIRECTION('ref_axis',(-0.240747823232121,1.11022302462516E-15,0.970587701142455));
#2791=DIRECTION('center_axis',(0.970587701142456,0.,0.240747823232118));
#2792=DIRECTION('ref_axis',(-0.170234418363333,0.707106781186547,0.686309145214093));
#2793=DIRECTION('',(0.970587701142456,0.,0.240747823232118));
#2794=DIRECTION('center_axis',(-0.240747823232118,0.,0.970587701142456));
#2795=DIRECTION('ref_axis',(0.970587701142456,0.,0.240747823232118));
#2796=DIRECTION('',(0.,1.,0.));
#2797=DIRECTION('center_axis',(0.240747823232118,0.,0.970587701142456));
#2798=DIRECTION('ref_axis',(-0.686309145214093,0.707106781186547,0.170234418363333));
#2799=DIRECTION('center_axis',(-0.240747823232116,-4.5775590293861E-15,
-0.970587701142456));
#2800=DIRECTION('ref_axis',(-0.970587701142456,0.,0.240747823232116));
#2801=DIRECTION('',(-0.240747823232118,0.,-0.970587701142456));
#2802=DIRECTION('',(0.240747823232118,0.,0.970587701142456));
#2803=DIRECTION('center_axis',(5.87955916482626E-16,1.,6.45956787090252E-17));
#2804=DIRECTION('ref_axis',(-0.970587701142455,5.55111512312578E-16,0.240747823232121));
#2805=DIRECTION('center_axis',(0.,1.,0.));
#2806=DIRECTION('ref_axis',(-0.658288605951066,0.,0.752765641667447));
#2807=DIRECTION('',(0.,1.,0.));
#2808=DIRECTION('',(0.,-1.,0.));
#2809=DIRECTION('center_axis',(0.,1.,0.));
#2810=DIRECTION('ref_axis',(0.,0.,1.));
#2811=DIRECTION('center_axis',(0.,-1.,0.));
#2812=DIRECTION('ref_axis',(-0.707106781186548,0.,0.707106781186548));
#2813=DIRECTION('center_axis',(0.,-1.,0.));
#2814=DIRECTION('ref_axis',(-6.12323399573677E-17,0.,1.));
#2815=DIRECTION('center_axis',(0.,-1.,0.));
#2816=DIRECTION('ref_axis',(1.,0.,0.));
#2817=DIRECTION('center_axis',(0.,-1.,0.));
#2818=DIRECTION('ref_axis',(1.,0.,0.));
#2819=DIRECTION('center_axis',(0.,-1.,0.));
#2820=DIRECTION('ref_axis',(-6.12323399573677E-17,0.,1.));
#2821=DIRECTION('',(-0.240747823232118,0.,0.970587701142456));
#2822=DIRECTION('center_axis',(0.,-1.,0.));
#2823=DIRECTION('ref_axis',(0.707106781186547,0.,0.707106781186548));
#2824=DIRECTION('',(0.171361904015374,0.,0.985208149505588));
#2825=DIRECTION('',(-0.707106781186547,0.,0.707106781186548));
#2826=DIRECTION('',(-0.707106781186548,0.,-0.707106781186547));
#2827=DIRECTION('',(-0.707106781186549,0.,0.707106781186546));
#2828=DIRECTION('',(-0.707106781186548,0.,-0.707106781186547));
#2829=DIRECTION('',(0.171361904015373,0.,-0.985208149505589));
#2830=DIRECTION('center_axis',(0.,1.,0.));
#2831=DIRECTION('ref_axis',(0.,0.,1.));
#2832=DIRECTION('center_axis',(0.,1.,0.));
#2833=DIRECTION('ref_axis',(-6.12323399573677E-17,0.,1.));
#2834=DIRECTION('center_axis',(0.,1.,0.));
#2835=DIRECTION('ref_axis',(-1.,0.,0.));
#2836=DIRECTION('',(0.,-1.,0.));
#2837=DIRECTION('center_axis',(0.,1.,0.));
#2838=DIRECTION('ref_axis',(0.658288605951066,0.,0.752765641667446));
#2839=DIRECTION('',(0.,1.,0.));
#2840=DIRECTION('center_axis',(0.,-1.,0.));
#2841=DIRECTION('ref_axis',(0.970587701142455,0.,0.240747823232121));
#2842=DIRECTION('center_axis',(-0.240747823232117,-2.67283776480684E-16,
0.970587701142456));
#2843=DIRECTION('ref_axis',(0.970587701142456,1.11022302462516E-15,0.240747823232117));
#2844=DIRECTION('center_axis',(0.240747823232118,0.,-0.970587701142456));
#2845=DIRECTION('ref_axis',(0.686309145214093,0.707106781186548,0.170234418363327));
#2846=DIRECTION('',(0.240747823232118,0.,-0.970587701142456));
#2847=DIRECTION('center_axis',(0.970587701142456,0.,0.240747823232118));
#2848=DIRECTION('ref_axis',(0.240747823232118,0.,-0.970587701142456));
#2849=DIRECTION('',(0.,1.,0.));
#2850=DIRECTION('center_axis',(0.,1.,0.));
#2851=DIRECTION('ref_axis',(0.752765641667447,0.,0.658288605951066));
#2852=DIRECTION('',(0.,1.,0.));
#2853=DIRECTION('center_axis',(0.,-1.,0.));
#2854=DIRECTION('ref_axis',(0.994018949794517,0.,0.109207726143373));
#2855=DIRECTION('',(0.,-1.,0.));
#2856=DIRECTION('center_axis',(0.970587701142455,8.62055050581084E-15,-0.240747823232121));
#2857=DIRECTION('ref_axis',(-8.88178419700126E-15,1.,0.));
#2858=DIRECTION('center_axis',(0.970587701142456,0.,-0.240747823232118));
#2859=DIRECTION('ref_axis',(0.17023441836333,0.707106781186547,0.686309145214093));
#2860=DIRECTION('',(0.970587701142456,0.,-0.240747823232118));
#2861=DIRECTION('',(-0.970587701142456,0.,0.240747823232118));
#2862=DIRECTION('center_axis',(0.,1.,0.));
#2863=DIRECTION('ref_axis',(0.,0.,1.));
#2864=DIRECTION('center_axis',(0.,-1.,0.));
#2865=DIRECTION('ref_axis',(0.707106781186547,0.,0.707106781186548));
#2866=DIRECTION('center_axis',(0.,-1.,0.));
#2867=DIRECTION('ref_axis',(1.,0.,1.22464679914735E-16));
#2868=DIRECTION('center_axis',(0.,-1.,0.));
#2869=DIRECTION('ref_axis',(1.,0.,0.));
#2870=DIRECTION('center_axis',(0.,-1.,0.));
#2871=DIRECTION('ref_axis',(1.,0.,0.));
#2872=DIRECTION('center_axis',(0.,-1.,0.));
#2873=DIRECTION('ref_axis',(1.,0.,1.22464679914735E-16));
#2874=DIRECTION('',(0.970587701142456,0.,0.240747823232118));
#2875=DIRECTION('center_axis',(0.,-1.,0.));
#2876=DIRECTION('ref_axis',(0.707106781186547,0.,-0.707106781186548));
#2877=DIRECTION('',(0.985208149505588,0.,-0.171361904015374));
#2878=DIRECTION('',(0.707106781186548,0.,0.707106781186547));
#2879=DIRECTION('',(-0.707106781186547,0.,0.707106781186548));
#2880=DIRECTION('',(0.707106781186546,0.,0.707106781186549));
#2881=DIRECTION('',(-0.707106781186547,0.,0.707106781186548));
#2882=DIRECTION('',(-0.985208149505589,0.,-0.171361904015373));
#2883=DIRECTION('center_axis',(0.,1.,0.));
#2884=DIRECTION('ref_axis',(0.,0.,1.));
#2885=DIRECTION('center_axis',(0.,1.,0.));
#2886=DIRECTION('ref_axis',(1.,0.,1.22464679914735E-16));
#2887=DIRECTION('center_axis',(0.,1.,0.));
#2888=DIRECTION('ref_axis',(1.,0.,1.22464679914735E-16));
#2889=DIRECTION('',(0.,-1.,0.));
#2890=DIRECTION('center_axis',(0.,1.,0.));
#2891=DIRECTION('ref_axis',(0.752765641667447,0.,-0.658288605951066));
#2892=DIRECTION('',(0.,1.,0.));
#2893=DIRECTION('center_axis',(0.,-1.,0.));
#2894=DIRECTION('ref_axis',(0.240747823232121,0.,-0.970587701142455));
#2895=DIRECTION('center_axis',(0.970587701142456,4.31027525290542E-15,0.240747823232117));
#2896=DIRECTION('ref_axis',(0.240747823232117,1.11022302462516E-15,-0.970587701142456));
#2897=DIRECTION('center_axis',(-0.970587701142456,0.,-0.240747823232118));
#2898=DIRECTION('ref_axis',(0.170234418363333,0.707106781186548,-0.686309145214092));
#2899=DIRECTION('',(-0.970587701142456,0.,-0.240747823232118));
#2900=DIRECTION('center_axis',(0.240747823232118,0.,-0.970587701142456));
#2901=DIRECTION('ref_axis',(-0.970587701142456,0.,-0.240747823232118));
#2902=DIRECTION('',(0.,1.,0.));
#2903=DIRECTION('center_axis',(0.,1.,0.));
#2904=DIRECTION('ref_axis',(0.658288605951066,0.,-0.752765641667446));
#2905=DIRECTION('',(0.,1.,0.));
#2906=DIRECTION('center_axis',(0.,-1.,0.));
#2907=DIRECTION('ref_axis',(0.109207726143373,0.,-0.994018949794517));
#2908=DIRECTION('',(0.,-1.,0.));
#2909=DIRECTION('center_axis',(-0.240747823232117,8.08598295284947E-15,
-0.970587701142456));
#2910=DIRECTION('ref_axis',(-2.22044604925031E-15,1.,8.88178419700124E-15));
#2911=DIRECTION('center_axis',(-0.240747823232118,0.,-0.970587701142456));
#2912=DIRECTION('ref_axis',(0.686309145214093,0.707106781186547,-0.17023441836333));
#2913=DIRECTION('',(-0.240747823232118,0.,-0.970587701142456));
#2914=DIRECTION('',(0.240747823232118,0.,0.970587701142456));
#2915=DIRECTION('center_axis',(0.,1.,0.));
#2916=DIRECTION('ref_axis',(0.,0.,1.));
#2917=DIRECTION('center_axis',(0.,-1.,0.));
#2918=DIRECTION('ref_axis',(0.707106781186547,0.,-0.707106781186548));
#2919=DIRECTION('center_axis',(0.,-1.,0.));
#2920=DIRECTION('ref_axis',(-6.12323399573677E-17,0.,-1.));
#2921=DIRECTION('center_axis',(0.,-1.,0.));
#2922=DIRECTION('ref_axis',(1.,0.,0.));
#2923=DIRECTION('center_axis',(0.,-1.,0.));
#2924=DIRECTION('ref_axis',(1.,0.,0.));
#2925=DIRECTION('center_axis',(0.,-1.,0.));
#2926=DIRECTION('ref_axis',(-6.12323399573677E-17,0.,-1.));
#2927=DIRECTION('',(0.240747823232118,0.,-0.970587701142456));
#2928=DIRECTION('center_axis',(0.,-1.,0.));
#2929=DIRECTION('ref_axis',(-0.707106781186547,0.,-0.707106781186548));
#2930=DIRECTION('',(-0.171361904015374,0.,-0.985208149505588));
#2931=DIRECTION('',(0.707106781186547,0.,-0.707106781186548));
#2932=DIRECTION('',(0.707106781186548,0.,0.707106781186547));
#2933=DIRECTION('',(0.707106781186549,0.,-0.707106781186546));
#2934=DIRECTION('',(0.707106781186548,0.,0.707106781186547));
#2935=DIRECTION('',(-0.171361904015373,0.,0.985208149505589));
#2936=DIRECTION('center_axis',(0.,1.,0.));
#2937=DIRECTION('ref_axis',(1.22464679914735E-16,0.,-1.));
#2938=DIRECTION('center_axis',(0.,1.,0.));
#2939=DIRECTION('ref_axis',(-6.12323399573677E-17,0.,-1.));
#2940=DIRECTION('center_axis',(0.,1.,0.));
#2941=DIRECTION('ref_axis',(-1.,0.,0.));
#2942=DIRECTION('',(0.,-1.,0.));
#2943=DIRECTION('center_axis',(0.,1.,0.));
#2944=DIRECTION('ref_axis',(-0.658288605951066,0.,-0.752765641667447));
#2945=DIRECTION('',(0.,1.,0.));
#2946=DIRECTION('center_axis',(0.,-1.,0.));
#2947=DIRECTION('ref_axis',(-0.970587701142455,0.,-0.240747823232121));
#2948=DIRECTION('center_axis',(0.240747823232117,-4.5775590293861E-15,-0.970587701142456));
#2949=DIRECTION('ref_axis',(-0.970587701142456,1.11022302462516E-15,-0.240747823232117));
#2950=DIRECTION('center_axis',(-0.240747823232118,0.,0.970587701142456));
#2951=DIRECTION('ref_axis',(-0.686309145214093,0.707106781186548,-0.170234418363327));
#2952=DIRECTION('',(-0.240747823232118,0.,0.970587701142456));
#2953=DIRECTION('center_axis',(-0.970587701142456,0.,-0.240747823232118));
#2954=DIRECTION('ref_axis',(-0.240747823232118,0.,0.970587701142456));
#2955=DIRECTION('',(0.,1.,0.));
#2956=DIRECTION('center_axis',(0.,1.,0.));
#2957=DIRECTION('ref_axis',(-0.844774055091724,0.,-0.535123159509925));
#2958=DIRECTION('',(0.,1.,0.));
#2959=DIRECTION('center_axis',(0.,-1.,0.));
#2960=DIRECTION('ref_axis',(-0.985208149505588,0.,0.171361904015375));
#2961=DIRECTION('',(0.,-1.,0.));
#2962=DIRECTION('center_axis',(-0.171361904015375,2.15908041360936E-13,
-0.985208149505588));
#2963=DIRECTION('ref_axis',(-0.985208149505588,0.,0.171361904015375));
#2964=DIRECTION('center_axis',(0.171361904015374,0.,0.985208149505588));
#2965=DIRECTION('ref_axis',(-0.696647363395652,0.707106781186547,0.12117116436631));
#2966=DIRECTION('center_axis',(0.707106781186548,0.,0.707106781186547));
#2967=DIRECTION('ref_axis',(-0.707106781186547,-1.13495119935797E-16,0.707106781186548));
#2968=DIRECTION('',(0.171361904015374,0.,0.985208149505588));
#2969=DIRECTION('center_axis',(0.985208149505588,0.,-0.171361904015374));
#2970=DIRECTION('ref_axis',(0.171361904015374,0.,0.985208149505588));
#2971=DIRECTION('',(0.,-1.,0.));
#2972=DIRECTION('center_axis',(0.,1.,0.));
#2973=DIRECTION('ref_axis',(-0.535123159509926,0.,0.844774055091724));
#2974=DIRECTION('',(0.,1.,0.));
#2975=DIRECTION('center_axis',(0.,-1.,0.));
#2976=DIRECTION('ref_axis',(0.171361904015375,0.,0.985208149505588));
#2977=DIRECTION('',(0.,-1.,0.));
#2978=DIRECTION('center_axis',(-0.985208149505588,2.20092994516072E-13,
0.171361904015375));
#2979=DIRECTION('ref_axis',(0.171361904015375,0.,0.985208149505588));
#2980=DIRECTION('center_axis',(0.985208149505588,0.,-0.171361904015374));
#2981=DIRECTION('ref_axis',(0.12117116436631,0.707106781186547,0.696647363395652));
#2982=DIRECTION('center_axis',(0.707106781186547,0.,-0.707106781186548));
#2983=DIRECTION('ref_axis',(0.707106781186548,1.13495119935797E-16,0.707106781186547));
#2984=DIRECTION('',(0.985208149505588,0.,-0.171361904015374));
#2985=DIRECTION('center_axis',(-0.171361904015374,0.,-0.985208149505588));
#2986=DIRECTION('ref_axis',(0.985208149505588,0.,-0.171361904015374));
#2987=DIRECTION('',(0.,-1.,0.));
#2988=DIRECTION('center_axis',(-0.985208149505589,0.,-0.171361904015373));
#2989=DIRECTION('ref_axis',(0.12117116436631,0.707106781186547,-0.696647363395652));
#2990=DIRECTION('center_axis',(0.707106781186548,0.,0.707106781186547));
#2991=DIRECTION('ref_axis',(0.707106781186547,1.13495119935797E-16,-0.707106781186548));
#2992=DIRECTION('',(-0.985208149505589,0.,-0.171361904015373));
#2993=DIRECTION('center_axis',(0.985208149505588,0.,0.171361904015374));
#2994=DIRECTION('ref_axis',(0.171361904015374,0.,-0.985208149505588));
#2995=DIRECTION('center_axis',(0.,1.,0.));
#2996=DIRECTION('ref_axis',(0.17136190401537,0.,-0.985208149505589));
#2997=DIRECTION('center_axis',(0.,-1.,0.));
#2998=DIRECTION('ref_axis',(-0.535123159509929,0.,-0.844774055091722));
#2999=DIRECTION('',(0.,1.,0.));
#3000=DIRECTION('',(0.,-1.,0.));
#3001=DIRECTION('center_axis',(0.,1.,0.));
#3002=DIRECTION('ref_axis',(0.,0.,1.));
#3003=DIRECTION('center_axis',(0.,1.,0.));
#3004=DIRECTION('ref_axis',(-0.707106781186547,0.,-0.707106781186548));
#3005=DIRECTION('center_axis',(0.,1.,0.));
#3006=DIRECTION('ref_axis',(-1.,0.,0.));
#3007=DIRECTION('',(0.,1.,0.));
#3008=DIRECTION('center_axis',(0.,1.,0.));
#3009=DIRECTION('ref_axis',(0.535123159509931,0.,-0.84477405509172));
#3010=DIRECTION('',(0.,1.,0.));
#3011=DIRECTION('center_axis',(0.,-1.,0.));
#3012=DIRECTION('ref_axis',(-0.171361904015372,0.,-0.985208149505589));
#3013=DIRECTION('',(0.,-1.,0.));
#3014=DIRECTION('center_axis',(0.985208149505588,2.1990274458469E-13,-0.171361904015375));
#3015=DIRECTION('ref_axis',(-0.171361904015375,0.,-0.985208149505588));
#3016=DIRECTION('center_axis',(-0.985208149505588,0.,0.171361904015374));
#3017=DIRECTION('ref_axis',(-0.12117116436631,0.707106781186548,-0.696647363395651));
#3018=DIRECTION('center_axis',(-0.707106781186547,0.,0.707106781186548));
#3019=DIRECTION('ref_axis',(-0.707106781186548,-5.67475599678985E-17,-0.707106781186547));
#3020=DIRECTION('',(-0.985208149505588,0.,0.171361904015374));
#3021=DIRECTION('center_axis',(0.171361904015374,0.,0.985208149505588));
#3022=DIRECTION('ref_axis',(-0.985208149505588,0.,0.171361904015374));
#3023=DIRECTION('',(0.,-1.,0.));
#3024=DIRECTION('center_axis',(0.171361904015373,0.,-0.985208149505589));
#3025=DIRECTION('ref_axis',(0.696647363395652,0.707106781186547,0.12117116436631));
#3026=DIRECTION('center_axis',(-0.707106781186547,0.,0.707106781186548));
#3027=DIRECTION('ref_axis',(0.707106781186548,3.40485359807391E-16,0.707106781186547));
#3028=DIRECTION('',(0.171361904015373,0.,-0.985208149505589));
#3029=DIRECTION('center_axis',(-0.171361904015375,0.,0.985208149505588));
#3030=DIRECTION('ref_axis',(0.985208149505588,0.,0.171361904015375));
#3031=DIRECTION('center_axis',(-9.55748521526553E-17,1.,5.49486910580439E-16));
#3032=DIRECTION('ref_axis',(0.985208149505589,0.,0.171361904015371));
#3033=DIRECTION('center_axis',(0.,-1.,0.));
#3034=DIRECTION('ref_axis',(0.844774055091721,0.,-0.53512315950993));
#3035=DIRECTION('',(0.,1.,0.));
#3036=DIRECTION('',(0.,-1.,0.));
#3037=DIRECTION('center_axis',(0.,1.,0.));
#3038=DIRECTION('ref_axis',(0.,0.,1.));
#3039=DIRECTION('center_axis',(0.,1.,0.));
#3040=DIRECTION('ref_axis',(0.707106781186547,0.,-0.707106781186548));
#3041=DIRECTION('center_axis',(0.,1.,0.));
#3042=DIRECTION('ref_axis',(-1.,0.,0.));
#3043=DIRECTION('',(0.,1.,0.));
#3044=DIRECTION('center_axis',(0.985208149505589,0.,0.171361904015373));
#3045=DIRECTION('ref_axis',(-0.121171164366308,0.707106781186547,0.696647363395652));
#3046=DIRECTION('center_axis',(-0.707106781186548,0.,-0.707106781186547));
#3047=DIRECTION('ref_axis',(-0.707106781186547,-1.70242679903696E-16,0.707106781186548));
#3048=DIRECTION('',(0.985208149505589,0.,0.171361904015373));
#3049=DIRECTION('center_axis',(-0.985208149505588,-4.37520308651779E-15,
-0.171361904015374));
#3050=DIRECTION('ref_axis',(-0.171361904015374,0.,0.985208149505588));
#3051=DIRECTION('center_axis',(2.52731901480772E-16,1.,1.17085069286852E-15));
#3052=DIRECTION('ref_axis',(-0.171361904015379,-1.11022302462516E-15,0.985208149505588));
#3053=DIRECTION('center_axis',(0.,-1.,0.));
#3054=DIRECTION('ref_axis',(0.535123159509925,0.,0.844774055091724));
#3055=DIRECTION('',(0.,1.,0.));
#3056=DIRECTION('',(0.,-1.,0.));
#3057=DIRECTION('center_axis',(0.,1.,0.));
#3058=DIRECTION('ref_axis',(0.,0.,1.));
#3059=DIRECTION('center_axis',(0.,1.,0.));
#3060=DIRECTION('ref_axis',(0.707106781186547,0.,0.707106781186548));
#3061=DIRECTION('center_axis',(0.,1.,0.));
#3062=DIRECTION('ref_axis',(-1.,0.,0.));
#3063=DIRECTION('',(0.,1.,0.));
#3064=DIRECTION('center_axis',(-0.171361904015373,0.,0.985208149505589));
#3065=DIRECTION('ref_axis',(-0.696647363395651,0.707106781186548,-0.12117116436631));
#3066=DIRECTION('center_axis',(0.707106781186547,0.,-0.707106781186548));
#3067=DIRECTION('ref_axis',(-0.707106781186548,-6.80970719614782E-16,-0.707106781186547));
#3068=DIRECTION('',(-0.171361904015373,0.,0.985208149505589));
#3069=DIRECTION('center_axis',(0.171361904015375,-8.94065610441706E-15,
-0.985208149505588));
#3070=DIRECTION('ref_axis',(-0.985208149505588,0.,-0.171361904015375));
#3071=DIRECTION('center_axis',(-6.33212772510588E-16,1.,4.01109406030605E-16));
#3072=DIRECTION('ref_axis',(-0.985208149505588,-5.55111512312579E-16,-0.171361904015375));
#3073=DIRECTION('center_axis',(0.,-1.,0.));
#3074=DIRECTION('ref_axis',(-0.844774055091724,0.,0.535123159509925));
#3075=DIRECTION('',(0.,1.,0.));
#3076=DIRECTION('',(0.,-1.,0.));
#3077=DIRECTION('center_axis',(0.,1.,0.));
#3078=DIRECTION('ref_axis',(0.,0.,1.));
#3079=DIRECTION('center_axis',(0.,1.,0.));
#3080=DIRECTION('ref_axis',(-0.707106781186547,0.,0.707106781186547));
#3081=DIRECTION('center_axis',(0.,1.,0.));
#3082=DIRECTION('ref_axis',(-1.,0.,0.));
#3083=DIRECTION('',(0.,1.,0.));
#3084=DIRECTION('center_axis',(0.,1.,0.));
#3085=DIRECTION('ref_axis',(0.844774055091724,0.,0.535123159509925));
#3086=DIRECTION('',(0.,1.,0.));
#3087=DIRECTION('center_axis',(0.,-1.,0.));
#3088=DIRECTION('ref_axis',(0.985208149505588,0.,-0.171361904015375));
#3089=DIRECTION('',(0.,-1.,0.));
#3090=DIRECTION('center_axis',(0.171361904015375,2.20473494378835E-13,0.985208149505588));
#3091=DIRECTION('ref_axis',(0.985208149505588,0.,-0.171361904015375));
#3092=DIRECTION('center_axis',(-0.171361904015374,0.,-0.985208149505588));
#3093=DIRECTION('ref_axis',(0.696647363395652,0.707106781186547,-0.12117116436631));
#3094=DIRECTION('center_axis',(-0.707106781186548,0.,-0.707106781186547));
#3095=DIRECTION('ref_axis',(0.707106781186547,1.13495119935797E-16,-0.707106781186548));
#3096=DIRECTION('',(-0.171361904015374,0.,-0.985208149505588));
#3097=DIRECTION('center_axis',(-0.985208149505588,0.,0.171361904015374));
#3098=DIRECTION('ref_axis',(-0.171361904015374,0.,-0.985208149505588));
#3099=DIRECTION('',(0.,-1.,0.));
#3100=DIRECTION('center_axis',(0.,1.,0.));
#3101=DIRECTION('ref_axis',(-1.,0.,0.));
#3102=DIRECTION('center_axis',(0.,1.,0.));
#3103=DIRECTION('ref_axis',(0.707106781186547,0.,0.707106781186548));
#3104=DIRECTION('center_axis',(0.707106781186548,0.,0.707106781186547));
#3105=DIRECTION('ref_axis',(-0.5,0.707106781186548,0.5));
#3106=DIRECTION('center_axis',(1.,2.03830008427275E-16,6.34783474506918E-16));
#3107=DIRECTION('ref_axis',(6.34783474506918E-16,2.03830008427275E-16,-1.));
#3108=DIRECTION('center_axis',(-0.707106781186548,0.,-0.707106781186547));
#3109=DIRECTION('ref_axis',(-0.5,0.707106781186548,0.5));
#3110=DIRECTION('',(-0.707106781186548,0.,-0.707106781186547));
#3111=DIRECTION('center_axis',(0.707106781186549,0.,-0.707106781186546));
#3112=DIRECTION('ref_axis',(0.499999999999999,0.707106781186548,0.500000000000001));
#3113=DIRECTION('',(-0.707106781186549,0.,0.707106781186546));
#3114=DIRECTION('center_axis',(0.707106781186547,0.,-0.707106781186548));
#3115=DIRECTION('ref_axis',(0.499999999999999,0.707106781186548,0.500000000000001));
#3116=DIRECTION('center_axis',(0.707106781186547,0.,-0.707106781186548));
#3117=DIRECTION('ref_axis',(0.707106781186548,0.,0.707106781186547));
#3118=DIRECTION('',(0.707106781186548,0.,0.707106781186548));
#3119=DIRECTION('center_axis',(0.707106781186547,0.,-0.707106781186548));
#3120=DIRECTION('ref_axis',(-0.5,0.707106781186548,-0.5));
#3121=DIRECTION('',(0.,-1.,0.));
#3122=DIRECTION('center_axis',(-0.707106781186547,0.,0.707106781186548));
#3123=DIRECTION('ref_axis',(-0.707106781186548,0.,-0.707106781186547));
#3124=DIRECTION('center_axis',(0.,1.,0.));
#3125=DIRECTION('ref_axis',(0.,0.,1.));
#3126=DIRECTION('center_axis',(0.,-1.,0.));
#3127=DIRECTION('ref_axis',(-1.,0.,0.));
#3128=DIRECTION('',(0.707106781186547,0.,-0.707106781186548));
#3129=DIRECTION('center_axis',(0.707106781186547,0.,-0.707106781186548));
#3130=DIRECTION('ref_axis',(0.5,0.707106781186548,0.5));
#3131=DIRECTION('center_axis',(1.71728862668538E-16,1.04083408558608E-16,
-1.));
#3132=DIRECTION('ref_axis',(-1.,1.04083408558608E-16,-1.71728862668538E-16));
#3133=DIRECTION('center_axis',(-0.707106781186547,0.,0.707106781186548));
#3134=DIRECTION('ref_axis',(0.5,0.707106781186548,0.5));
#3135=DIRECTION('',(-0.707106781186547,0.,0.707106781186548));
#3136=DIRECTION('center_axis',(-0.707106781186546,0.,-0.707106781186549));
#3137=DIRECTION('ref_axis',(0.5,0.707106781186548,-0.499999999999999));
#3138=DIRECTION('',(0.707106781186546,0.,0.707106781186549));
#3139=DIRECTION('center_axis',(-0.707106781186548,0.,-0.707106781186547));
#3140=DIRECTION('ref_axis',(0.5,0.707106781186548,-0.499999999999999));
#3141=DIRECTION('center_axis',(-0.707106781186548,0.,-0.707106781186547));
#3142=DIRECTION('ref_axis',(0.707106781186547,0.,-0.707106781186548));
#3143=DIRECTION('',(0.,-1.,0.));
#3144=DIRECTION('',(0.707106781186547,0.,-0.707106781186548));
#3145=DIRECTION('center_axis',(0.707106781186548,0.,0.707106781186547));
#3146=DIRECTION('ref_axis',(-0.707106781186547,0.,0.707106781186548));
#3147=DIRECTION('center_axis',(0.,1.,0.));
#3148=DIRECTION('ref_axis',(0.,0.,1.));
#3149=DIRECTION('center_axis',(0.,-1.,0.));
#3150=DIRECTION('ref_axis',(-1.,0.,0.));
#3151=DIRECTION('center_axis',(-0.707106781186548,0.,-0.707106781186547));
#3152=DIRECTION('ref_axis',(0.5,0.707106781186548,-0.5));
#3153=DIRECTION('center_axis',(-1.,-3.90312782094782E-17,-5.61185390506115E-16));
#3154=DIRECTION('ref_axis',(-5.61185390506115E-16,-3.90312782094782E-17,
1.));
#3155=DIRECTION('center_axis',(0.707106781186548,0.,0.707106781186547));
#3156=DIRECTION('ref_axis',(0.5,0.707106781186548,-0.5));
#3157=DIRECTION('',(0.707106781186548,0.,0.707106781186547));
#3158=DIRECTION('center_axis',(-0.707106781186549,0.,0.707106781186546));
#3159=DIRECTION('ref_axis',(-0.499999999999999,0.707106781186548,-0.5));
#3160=DIRECTION('',(0.707106781186549,0.,-0.707106781186546));
#3161=DIRECTION('center_axis',(-0.707106781186547,0.,0.707106781186548));
#3162=DIRECTION('ref_axis',(-0.499999999999999,0.707106781186548,-0.5));
#3163=DIRECTION('center_axis',(0.707106781186548,0.,0.707106781186547));
#3164=DIRECTION('ref_axis',(-0.707106781186547,0.,0.707106781186548));
#3165=DIRECTION('',(0.,-1.,0.));
#3166=DIRECTION('center_axis',(0.707106781186548,0.,0.707106781186547));
#3167=DIRECTION('ref_axis',(-0.5,0.707106781186548,0.499999999999999));
#3168=DIRECTION('',(-0.707106781186547,0.,0.707106781186548));
#3169=DIRECTION('center_axis',(-0.707106781186548,0.,-0.707106781186547));
#3170=DIRECTION('ref_axis',(0.707106781186547,0.,-0.707106781186548));
#3171=DIRECTION('center_axis',(0.,1.,0.));
#3172=DIRECTION('ref_axis',(0.,0.,1.));
#3173=DIRECTION('',(-0.707106781186548,0.,-0.707106781186547));
#3174=DIRECTION('center_axis',(0.,-1.,0.));
#3175=DIRECTION('ref_axis',(-1.,0.,0.));
#3176=DIRECTION('center_axis',(-0.707106781186547,0.,0.707106781186548));
#3177=DIRECTION('ref_axis',(-0.707106781186548,0.,-0.707106781186547));
#3178=DIRECTION('',(0.,-1.,0.));
#3179=DIRECTION('center_axis',(0.707106781186547,0.,-0.707106781186548));
#3180=DIRECTION('ref_axis',(0.707106781186548,0.,0.707106781186547));
#3181=DIRECTION('center_axis',(-0.707106781186547,0.,0.707106781186548));
#3182=DIRECTION('ref_axis',(-0.5,0.707106781186548,-0.5));
#3183=DIRECTION('center_axis',(-7.69713295175055E-16,-2.16840434497101E-17,
1.));
#3184=DIRECTION('ref_axis',(1.,-2.16840434497101E-17,7.69713295175054E-16));
#3185=DIRECTION('center_axis',(0.707106781186546,0.,0.707106781186549));
#3186=DIRECTION('ref_axis',(-0.5,0.707106781186548,0.499999999999999));
#3187=DIRECTION('',(-0.707106781186546,0.,-0.707106781186549));
#3188=DIRECTION('center_axis',(0.707106781186548,0.,-0.707106781186548));
#3189=DIRECTION('ref_axis',(0.707106781186548,0.,0.707106781186547));
#3190=DIRECTION('',(4.89804275569922E-16,-8.65956056235494E-17,1.));
#3191=DIRECTION('center_axis',(-0.707106781186547,0.,0.707106781186548));
#3192=DIRECTION('ref_axis',(0.707106781186548,0.,0.707106781186547));
#3193=DIRECTION('center_axis',(-0.707106781186547,0.,0.707106781186548));
#3194=DIRECTION('ref_axis',(0.707106781186548,0.,0.707106781186547));
#3195=DIRECTION('center_axis',(0.707106781186547,0.,-0.707106781186548));
#3196=DIRECTION('ref_axis',(-0.707106781186548,0.,-0.707106781186547));
#3197=DIRECTION('',(-0.707106781186547,0.,0.707106781186548));
#3198=DIRECTION('center_axis',(0.707106781186548,0.,0.707106781186548));
#3199=DIRECTION('ref_axis',(-0.707106781186547,0.,0.707106781186548));
#3200=DIRECTION('',(-1.,-8.65956056235494E-17,4.08170229641602E-16));
#3201=DIRECTION('center_axis',(-0.707106781186548,0.,-0.707106781186547));
#3202=DIRECTION('ref_axis',(-0.707106781186547,0.,0.707106781186548));
#3203=DIRECTION('center_axis',(-0.707106781186548,0.,-0.707106781186547));
#3204=DIRECTION('ref_axis',(-0.707106781186547,0.,0.707106781186548));
#3205=DIRECTION('center_axis',(0.707106781186548,0.,0.707106781186547));
#3206=DIRECTION('ref_axis',(0.707106781186547,0.,-0.707106781186548));
#3207=DIRECTION('',(-0.707106781186548,0.,-0.707106781186547));
#3208=DIRECTION('center_axis',(-0.707106781186548,0.,0.707106781186548));
#3209=DIRECTION('ref_axis',(-0.707106781186548,0.,-0.707106781186547));
#3210=DIRECTION('',(-4.08170229641602E-16,-8.65956056235494E-17,-1.));
#3211=DIRECTION('center_axis',(0.707106781186547,0.,-0.707106781186548));
#3212=DIRECTION('ref_axis',(-0.707106781186548,0.,-0.707106781186547));
#3213=DIRECTION('center_axis',(0.707106781186547,0.,-0.707106781186548));
#3214=DIRECTION('ref_axis',(-0.707106781186548,0.,-0.707106781186547));
#3215=DIRECTION('center_axis',(-0.707106781186547,0.,0.707106781186548));
#3216=DIRECTION('ref_axis',(0.707106781186548,0.,0.707106781186547));
#3217=DIRECTION('',(0.707106781186547,0.,-0.707106781186548));
#3218=DIRECTION('center_axis',(-0.707106781186548,0.,-0.707106781186548));
#3219=DIRECTION('ref_axis',(0.707106781186547,0.,-0.707106781186548));
#3220=DIRECTION('',(1.,-8.65956056235494E-17,-4.08170229641602E-16));
#3221=DIRECTION('center_axis',(0.707106781186548,0.,0.707106781186547));
#3222=DIRECTION('ref_axis',(0.707106781186547,0.,-0.707106781186548));
#3223=DIRECTION('center_axis',(0.707106781186548,0.,0.707106781186547));
#3224=DIRECTION('ref_axis',(0.707106781186547,0.,-0.707106781186548));
#3225=DIRECTION('center_axis',(-0.707106781186548,0.,-0.707106781186547));
#3226=DIRECTION('ref_axis',(-0.707106781186547,0.,0.707106781186548));
#3227=DIRECTION('',(0.707106781186548,0.,0.707106781186547));
#3228=DIRECTION('center_axis',(0.,1.,0.));
#3229=DIRECTION('ref_axis',(0.,0.,1.));
#3230=DIRECTION('center_axis',(0.,-1.,0.));
#3231=DIRECTION('ref_axis',(-1.,0.,0.));
#3232=DIRECTION('center_axis',(0.171361904015373,0.,-0.985208149505589));
#3233=DIRECTION('ref_axis',(0.985208149505589,0.,0.171361904015373));
#3234=DIRECTION('center_axis',(-0.985208149505589,0.,-0.171361904015373));
#3235=DIRECTION('ref_axis',(0.171361904015373,0.,-0.985208149505589));
#3236=DIRECTION('center_axis',(0.985208149505589,0.,0.171361904015373));
#3237=DIRECTION('ref_axis',(-0.171361904015373,0.,0.985208149505589));
#3238=DIRECTION('center_axis',(-0.171361904015373,0.,0.985208149505589));
#3239=DIRECTION('ref_axis',(-0.985208149505589,0.,-0.171361904015373));
#3240=DIRECTION('center_axis',(0.,1.,0.));
#3241=DIRECTION('ref_axis',(0.,0.,1.));
#3242=DIRECTION('center_axis',(0.,1.,0.));
#3243=DIRECTION('ref_axis',(-1.,0.,0.));
#3244=DIRECTION('center_axis',(0.,1.,0.));
#3245=DIRECTION('ref_axis',(0.707106781186547,0.,-0.707106781186548));
#3246=DIRECTION('center_axis',(0.,1.,0.));
#3247=DIRECTION('ref_axis',(0.,0.,1.));
#3248=DIRECTION('center_axis',(0.,1.,0.));
#3249=DIRECTION('ref_axis',(-1.,0.,0.));
#3250=DIRECTION('center_axis',(0.,1.,0.));
#3251=DIRECTION('ref_axis',(-0.707106781186547,0.,0.707106781186547));
#3252=DIRECTION('center_axis',(0.,1.,0.));
#3253=DIRECTION('ref_axis',(0.,0.,1.));
#3254=DIRECTION('center_axis',(0.,1.,0.));
#3255=DIRECTION('ref_axis',(-1.,0.,0.));
#3256=DIRECTION('center_axis',(0.,1.,0.));
#3257=DIRECTION('ref_axis',(-0.707106781186547,0.,-0.707106781186548));
#3258=DIRECTION('center_axis',(0.,1.,0.));
#3259=DIRECTION('ref_axis',(0.,0.,1.));
#3260=DIRECTION('center_axis',(0.,1.,0.));
#3261=DIRECTION('ref_axis',(1.,0.,0.));
#3262=DIRECTION('',(0.,-1.,0.));
#3263=DIRECTION('center_axis',(0.,1.,0.));
#3264=DIRECTION('ref_axis',(1.,0.,0.));
#3265=DIRECTION('center_axis',(0.,1.,0.));
#3266=DIRECTION('ref_axis',(1.,0.,0.));
#3267=DIRECTION('',(0.,-1.,0.));
#3268=DIRECTION('center_axis',(0.,1.,0.));
#3269=DIRECTION('ref_axis',(1.,0.,0.));
#3270=DIRECTION('center_axis',(0.,1.,0.));
#3271=DIRECTION('ref_axis',(1.,0.,0.));
#3272=DIRECTION('',(0.,-1.,0.));
#3273=DIRECTION('center_axis',(0.,1.,0.));
#3274=DIRECTION('ref_axis',(1.,0.,0.));
#3275=DIRECTION('center_axis',(0.,1.,0.));
#3276=DIRECTION('ref_axis',(1.,0.,0.));
#3277=DIRECTION('',(0.,-1.,0.));
#3278=DIRECTION('center_axis',(0.,1.,0.));
#3279=DIRECTION('ref_axis',(1.,0.,0.));
#3280=DIRECTION('center_axis',(0.,1.,0.));
#3281=DIRECTION('ref_axis',(1.,0.,0.));
#3282=DIRECTION('center_axis',(0.,1.,0.));
#3283=DIRECTION('ref_axis',(1.,0.,0.));
#3284=DIRECTION('center_axis',(0.,1.,0.));
#3285=DIRECTION('ref_axis',(1.,0.,0.));
#3286=DIRECTION('',(0.,-1.,0.));
#3287=DIRECTION('center_axis',(0.,1.,0.));
#3288=DIRECTION('ref_axis',(1.,0.,0.));
#3289=DIRECTION('center_axis',(0.,1.,0.));
#3290=DIRECTION('ref_axis',(1.,0.,0.));
#3291=DIRECTION('center_axis',(0.,1.,0.));
#3292=DIRECTION('ref_axis',(1.,0.,0.));
#3293=DIRECTION('',(0.,-1.,0.));
#3294=DIRECTION('center_axis',(0.,1.,0.));
#3295=DIRECTION('ref_axis',(1.,0.,0.));
#3296=DIRECTION('center_axis',(0.,1.,0.));
#3297=DIRECTION('ref_axis',(1.,0.,0.));
#3298=DIRECTION('center_axis',(0.,1.,0.));
#3299=DIRECTION('ref_axis',(1.,0.,0.));
#3300=DIRECTION('',(0.,-1.,0.));
#3301=DIRECTION('center_axis',(0.,1.,0.));
#3302=DIRECTION('ref_axis',(1.,0.,0.));
#3303=DIRECTION('center_axis',(0.,1.,0.));
#3304=DIRECTION('ref_axis',(1.,0.,0.));
#3305=DIRECTION('center_axis',(0.,1.,0.));
#3306=DIRECTION('ref_axis',(1.,0.,0.));
#3307=DIRECTION('',(0.,-1.,0.));
#3308=DIRECTION('center_axis',(0.,1.,0.));
#3309=DIRECTION('ref_axis',(1.,0.,0.));
#3310=DIRECTION('',(0.,-1.,0.));
#3311=DIRECTION('center_axis',(-0.240747823232118,0.,-0.970587701142456));
#3312=DIRECTION('ref_axis',(-0.970587701142456,0.,0.240747823232118));
#3313=DIRECTION('center_axis',(0.970587701142456,0.,-0.240747823232118));
#3314=DIRECTION('ref_axis',(-0.240747823232118,0.,-0.970587701142456));
#3315=DIRECTION('center_axis',(0.240747823232118,0.,0.970587701142456));
#3316=DIRECTION('ref_axis',(0.970587701142456,0.,-0.240747823232118));
#3317=DIRECTION('center_axis',(-0.970587701142456,0.,0.240747823232118));
#3318=DIRECTION('ref_axis',(0.240747823232118,0.,0.970587701142456));
#3319=CARTESIAN_POINT('',(0.,0.,0.));
#3320=CARTESIAN_POINT('Origin',(-9.63063082790264,3.,-5.26018765003842));
#3321=CARTESIAN_POINT('',(-19.9325230414543,3.,-3.22002360998961));
#3322=CARTESIAN_POINT('',(-19.8121491298383,3.5,-2.73472975941839));
#3323=CARTESIAN_POINT('Origin',(-19.8121491298383,3.,-2.73472975941838));
#3324=CARTESIAN_POINT('',(-15.5437966462452,3.5,-3.79346620126994));
#3325=CARTESIAN_POINT('',(-9.63063082790264,3.5,-5.26018765003842));
#3326=CARTESIAN_POINT('',(-16.8588962088955,2.99999999999999,-3.98241630103172));
#3327=CARTESIAN_POINT('Ctrl Pts',(-16.8588962088955,2.99999999999999,-3.98241630103173));
#3328=CARTESIAN_POINT('Ctrl Pts',(-16.7376652877466,3.09795526452161,-4.01248682463374));
#3329=CARTESIAN_POINT('Ctrl Pts',(-16.5997312170625,3.19326349161839,-4.01713170038485));
#3330=CARTESIAN_POINT('Ctrl Pts',(-16.3021345731004,3.34730269464207,-3.98664407714084));
#3331=CARTESIAN_POINT('Ctrl Pts',(-16.1558319681627,3.4037526668879,-3.95691194216493));
#3332=CARTESIAN_POINT('Ctrl Pts',(-15.8558151875624,3.47989903061763,-3.88314653315499));
#3333=CARTESIAN_POINT('Ctrl Pts',(-15.70362330734,3.49940782590331,-3.8394213608112));
#3334=CARTESIAN_POINT('Ctrl Pts',(-15.5484695112544,3.49999557461386,-3.79480983576082));
#3335=CARTESIAN_POINT('Ctrl Pts',(-15.5461330795848,3.5,-3.79413801848733));
#3336=CARTESIAN_POINT('Ctrl Pts',(-15.5437966462452,3.5,-3.79346620126994));
#3337=CARTESIAN_POINT('',(-9.7510047395187,3.,-5.74548150060965));
#3338=CARTESIAN_POINT('Ctrl Pts',(-19.9325230414543,3.,-3.22002360998961));
#3339=CARTESIAN_POINT('Ctrl Pts',(-20.2710422802563,3.,-3.13605616452556));
#3340=CARTESIAN_POINT('Ctrl Pts',(-20.8365932028175,2.82068722630544,-2.99577502004653));
#3341=CARTESIAN_POINT('Ctrl Pts',(-21.3767972455697,2.19662068145634,-2.86178100050488));
#3342=CARTESIAN_POINT('Ctrl Pts',(-21.4917813321982,1.73251839299942,-2.83325996265372));
#3343=CARTESIAN_POINT('Ctrl Pts',(-21.4917813321982,1.5,-2.83325996265372));
#3344=CARTESIAN_POINT('Ctrl Pts',(-19.9325230414543,3.13089969389958,-3.22002360998961));
#3345=CARTESIAN_POINT('Ctrl Pts',(-20.2965076821249,3.12415540883497,-3.12951529833146));
#3346=CARTESIAN_POINT('Ctrl Pts',(-20.8984474184601,2.92145929645084,-2.98046135675538));
#3347=CARTESIAN_POINT('Ctrl Pts',(-21.4691434578071,2.24688741116632,-2.83870656316077));
#3348=CARTESIAN_POINT('Ctrl Pts',(-21.5903149176296,1.74929698724044,-2.80881936220108));
#3349=CARTESIAN_POINT('Ctrl Pts',(-21.5903149176296,1.5,-2.80881936220108));
#3350=CARTESIAN_POINT('Ctrl Pts',(-19.9064403213882,3.39165958090082,-3.11486973167533));
#3351=CARTESIAN_POINT('Ctrl Pts',(-20.3238871347719,3.37203344762799,-3.02340020878067));
#3352=CARTESIAN_POINT('Ctrl Pts',(-21.0024707329078,3.12245188679123,-2.87208651139876));
#3353=CARTESIAN_POINT('Ctrl Pts',(-21.6375835134234,2.34747840317972,-2.72863836703797));
#3354=CARTESIAN_POINT('Ctrl Pts',(-21.7717578041456,1.78275136019882,-2.69806989113406));
#3355=CARTESIAN_POINT('Ctrl Pts',(-21.7717578041456,1.5,-2.69806989113406));
#3356=CARTESIAN_POINT('Ctrl Pts',(-19.8436629462063,3.5,-2.86177939240063));
#3357=CARTESIAN_POINT('Ctrl Pts',(-20.2877222574189,3.48927203201715,-2.78605815656376));
#3358=CARTESIAN_POINT('Ctrl Pts',(-21.0192518876477,3.23763916673175,-2.65694807319477));
#3359=CARTESIAN_POINT('Ctrl Pts',(-21.7108149147773,2.4114496619765,-2.5305941708204));
#3360=CARTESIAN_POINT('Ctrl Pts',(-21.8573301809032,1.80428899091525,-2.50348228940952));
#3361=CARTESIAN_POINT('Ctrl Pts',(-21.8573301809032,1.5,-2.50348228940952));
#3362=CARTESIAN_POINT('Ctrl Pts',(-19.8121491298383,3.5,-2.73472975941839));
#3363=CARTESIAN_POINT('Ctrl Pts',(-20.2576071738565,3.5,-2.66552339470057));
#3364=CARTESIAN_POINT('Ctrl Pts',(-21.0031100657369,3.26091630174053,-2.54613542996461));
#3365=CARTESIAN_POINT('Ctrl Pts',(-21.7164687633973,2.42882757527515,-2.42806164825109));
#3366=CARTESIAN_POINT('Ctrl Pts',(-21.8684168954794,1.81002452399922,-2.40256997515418));
#3367=CARTESIAN_POINT('Ctrl Pts',(-21.8684168954794,1.5,-2.40256997515418));
#3368=CARTESIAN_POINT('',(-21.4917813321982,1.5,-2.83325996265372));
#3369=CARTESIAN_POINT('',(-21.8684168954794,1.5,-2.40256997515418));
#3370=CARTESIAN_POINT('Origin',(-21.3714074205821,1.5,-2.3479661120825));
#3371=CARTESIAN_POINT('Ctrl Pts',(-21.8684168954794,1.5,-2.40256997515418));
#3372=CARTESIAN_POINT('Ctrl Pts',(-21.8684168954794,1.81002452399922,-2.40256997515418));
#3373=CARTESIAN_POINT('Ctrl Pts',(-21.7164687633973,2.42882757527515,-2.42806164825109));
#3374=CARTESIAN_POINT('Ctrl Pts',(-21.0031100657369,3.26091630174053,-2.54613542996461));
#3375=CARTESIAN_POINT('Ctrl Pts',(-20.2576071738565,3.5,-2.66552339470057));
#3376=CARTESIAN_POINT('Ctrl Pts',(-19.8121491298383,3.5,-2.73472975941839));
#3377=CARTESIAN_POINT('Ctrl Pts',(-19.9325230414543,3.,-3.22002360998961));
#3378=CARTESIAN_POINT('Ctrl Pts',(-20.2710422802563,3.,-3.13605616452556));
#3379=CARTESIAN_POINT('Ctrl Pts',(-20.8365932028175,2.82068722630544,-2.99577502004653));
#3380=CARTESIAN_POINT('Ctrl Pts',(-21.3767972455697,2.19662068145634,-2.86178100050488));
#3381=CARTESIAN_POINT('Ctrl Pts',(-21.4917813321982,1.73251839299942,-2.83325996265372));
#3382=CARTESIAN_POINT('Ctrl Pts',(-21.4917813321982,1.5,-2.83325996265372));
#3383=CARTESIAN_POINT('Origin',(-21.3714074205821,0.,-2.3479661120825));
#3384=CARTESIAN_POINT('',(-21.4917813321982,0.,-2.83325996265372));
#3385=CARTESIAN_POINT('',(-21.8684168954794,0.,-2.40256997515418));
#3386=CARTESIAN_POINT('Origin',(-21.3714074205821,0.,-2.3479661120825));
#3387=CARTESIAN_POINT('',(-21.8684168954794,0.,-2.40256997515418));
#3388=CARTESIAN_POINT('',(-21.4917813321982,0.,-2.83325996265372));
#3389=CARTESIAN_POINT('Origin',(0.,3.5,0.));
#3390=CARTESIAN_POINT('',(-15.3838972609268,3.5,-4.39723834528539));
#3391=CARTESIAN_POINT('Origin',(0.,3.5,0.));
#3392=CARTESIAN_POINT('',(-19.9239864864865,3.5,-1.74205696987896));
#3393=CARTESIAN_POINT('Origin',(0.,3.5,0.));
#3394=CARTESIAN_POINT('',(-19.9239864864865,3.5,1.74205696987897));
#3395=CARTESIAN_POINT('Origin',(-18.5,3.5,2.2655965784226E-15));
#3396=CARTESIAN_POINT('',(-19.8121491298383,3.5,2.73472975941838));
#3397=CARTESIAN_POINT('Origin',(0.,3.5,0.));
#3398=CARTESIAN_POINT('',(-15.5437966462452,3.5,3.79346620126994));
#3399=CARTESIAN_POINT('',(-11.7471963538492,3.5,4.73518765003842));
#3400=CARTESIAN_POINT('',(-15.383897260927,3.5,4.39723834528542));
#3401=CARTESIAN_POINT('Origin',(0.,3.5,0.));
#3402=CARTESIAN_POINT('',(-9.66760158993989,3.5,3.40297605605572));
#3403=CARTESIAN_POINT('',(-8.51001327859197,3.5,3.20163125678861));
#3404=CARTESIAN_POINT('',(-9.23528882299781,3.5,3.8352888229978));
#3405=CARTESIAN_POINT('',(-7.8852888229978,3.5,5.1852888229978));
#3406=CARTESIAN_POINT('',(-5.40000000000001,3.5,5.55111512312578E-16));
#3407=CARTESIAN_POINT('',(-4.05,3.5,-1.35));
#3408=CARTESIAN_POINT('',(-9.2352888229978,3.5,-3.8352888229978));
#3409=CARTESIAN_POINT('',(-5.96764441149891,3.5,-0.5676444114989));
#3410=CARTESIAN_POINT('',(-9.66760158993988,3.5,-3.40297605605572));
#3411=CARTESIAN_POINT('',(-5.1852888229978,3.5,-7.8852888229978));
#3412=CARTESIAN_POINT('',(-4.51517160992995,3.5,-2.50678958812661));
#3413=CARTESIAN_POINT('Origin',(0.,1.5,0.));
#3414=CARTESIAN_POINT('',(-21.8684168954794,1.5,2.40256997515417));
#3415=CARTESIAN_POINT('Origin',(0.,1.5,0.));
#3416=CARTESIAN_POINT('Ctrl Pts',(-19.8121491298383,3.5,2.73472975941838));
#3417=CARTESIAN_POINT('Ctrl Pts',(-20.4060938030829,3.5,2.64245451098421));
#3418=CARTESIAN_POINT('Ctrl Pts',(-21.4546166204715,3.04120053659833,2.47246290027219));
#3419=CARTESIAN_POINT('Ctrl Pts',(-21.8684168954794,1.96503726717202,2.40256997515418));
#3420=CARTESIAN_POINT('Ctrl Pts',(-21.8684168954794,1.5,2.40256997515418));
#3421=CARTESIAN_POINT('',(-20.75,3.35404962177392,2.85133782159924E-15));
#3422=CARTESIAN_POINT('Ctrl Pts',(-19.9239864864865,3.5,1.74205696987897));
#3423=CARTESIAN_POINT('Ctrl Pts',(-20.1047774054189,3.5,1.59427545073775));
#3424=CARTESIAN_POINT('Ctrl Pts',(-20.2614307975492,3.47931233517186,1.41923923840229));
#3425=CARTESIAN_POINT('Ctrl Pts',(-20.5445741230413,3.42355204352821,0.982275818132804));
#3426=CARTESIAN_POINT('Ctrl Pts',(-20.6593954320635,3.38548087044057,0.70378493547741));
#3427=CARTESIAN_POINT('Ctrl Pts',(-20.7381694683296,3.35841848695452,0.266810046887909));
#3428=CARTESIAN_POINT('Ctrl Pts',(-20.75,3.35404962177392,0.133367486697488));
#3429=CARTESIAN_POINT('Ctrl Pts',(-20.75,3.35404962177392,3.05311331771918E-15));
#3430=CARTESIAN_POINT('Ctrl Pts',(-20.75,3.35404962177392,3.33066907387547E-15));
#3431=CARTESIAN_POINT('Ctrl Pts',(-20.75,3.35404962177392,-0.148202141335975));
#3432=CARTESIAN_POINT('Ctrl Pts',(-20.7353986201928,3.35946982686404,-0.296311584271849));
#3433=CARTESIAN_POINT('Ctrl Pts',(-20.6491823296555,3.38874928850026,-0.725887008315966));
#3434=CARTESIAN_POINT('Ctrl Pts',(-20.5405243468111,3.42391866689941,-0.985728005569353));
#3435=CARTESIAN_POINT('Ctrl Pts',(-20.2668349348716,3.47860906576269,-1.41324339391457));
#3436=CARTESIAN_POINT('Ctrl Pts',(-20.107785786011,3.5,-1.59181635015523));
#3437=CARTESIAN_POINT('Ctrl Pts',(-19.9239864864865,3.5,-1.74205696987896));
#3438=CARTESIAN_POINT('Origin',(0.,0.,0.));
#3439=CARTESIAN_POINT('',(-21.8684168954794,0.,2.40256997515417));
#3440=CARTESIAN_POINT('Origin',(0.,0.,0.));
#3441=CARTESIAN_POINT('',(-21.8684168954794,0.,2.40256997515417));
#3442=CARTESIAN_POINT('Origin',(0.,0.,0.));
#3443=CARTESIAN_POINT('',(-17.5943172643897,0.,-3.8));
#3444=CARTESIAN_POINT('',(-17.5943172643897,0.,-3.8));
#3445=CARTESIAN_POINT('',(-17.3513408737731,0.,-4.78862922788256));
#3446=CARTESIAN_POINT('Origin',(0.,0.,0.));
#3447=CARTESIAN_POINT('',(-16.7836782308273,0.,-5.14821582408306));
#3448=CARTESIAN_POINT('Origin',(-16.869359182835,0.,-4.65561174933027));
#3449=CARTESIAN_POINT('',(-9.2352888229978,0.,-3.8352888229978));
#3450=CARTESIAN_POINT('',(-4.42949065792226,0.,-2.9993936628794));
#3451=CARTESIAN_POINT('',(-3.8352888229978,0.,-9.23528882299781));
#3452=CARTESIAN_POINT('',(-5.1852888229978,-2.77555756156289E-16,-7.8852888229978));
#3453=CARTESIAN_POINT('',(-5.14821582408307,-2.77555756156289E-16,-16.7836782308273));
#3454=CARTESIAN_POINT('',(-3.6942353315414,-2.77555756156289E-16,-8.42433232658428));
#3455=CARTESIAN_POINT('',(-4.78862922788257,0.,-17.3513408737731));
#3456=CARTESIAN_POINT('Origin',(-4.65561174933027,0.,-16.869359182835));
#3457=CARTESIAN_POINT('',(-3.8,0.,-17.5943172643897));
#3458=CARTESIAN_POINT('Origin',(0.,0.,0.));
#3459=CARTESIAN_POINT('',(-2.83325996265372,0.,-21.4917813321982));
#3460=CARTESIAN_POINT('',(-2.75,0.,-21.8274483162829));
#3461=CARTESIAN_POINT('',(-2.40256997515418,0.,-21.8684168954794));
#3462=CARTESIAN_POINT('Origin',(-2.34796611208249,0.,-21.3714074205821));
#3463=CARTESIAN_POINT('',(2.40256997515418,0.,-21.8684168954794));
#3464=CARTESIAN_POINT('Origin',(0.,0.,0.));
#3465=CARTESIAN_POINT('',(2.83325996265372,0.,-21.4917813321982));
#3466=CARTESIAN_POINT('Origin',(2.34796611208249,0.,-21.3714074205821));
#3467=CARTESIAN_POINT('',(3.8,0.,-17.5943172643897));
#3468=CARTESIAN_POINT('',(3.8,0.,-17.5943172643897));
#3469=CARTESIAN_POINT('',(4.78862922788256,0.,-17.3513408737731));
#3470=CARTESIAN_POINT('Origin',(0.,0.,0.));
#3471=CARTESIAN_POINT('',(5.14821582408306,0.,-16.7836782308273));
#3472=CARTESIAN_POINT('Origin',(4.65561174933027,0.,-16.869359182835));
#3473=CARTESIAN_POINT('',(3.8352888229978,0.,-9.2352888229978));
#3474=CARTESIAN_POINT('',(2.9993936628794,0.,-4.42949065792226));
#3475=CARTESIAN_POINT('',(9.23528882299781,0.,-3.8352888229978));
#3476=CARTESIAN_POINT('',(7.8852888229978,-2.77555756156289E-16,-5.1852888229978));
#3477=CARTESIAN_POINT('',(16.7836782308273,0.,-5.14821582408306));
#3478=CARTESIAN_POINT('',(8.42433232658428,0.,-3.6942353315414));
#3479=CARTESIAN_POINT('',(17.3513408737731,0.,-4.78862922788257));
#3480=CARTESIAN_POINT('Origin',(16.869359182835,0.,-4.65561174933027));
#3481=CARTESIAN_POINT('',(17.5943172643897,0.,-3.8));
#3482=CARTESIAN_POINT('Origin',(0.,0.,0.));
#3483=CARTESIAN_POINT('',(21.4917813321982,0.,-2.83325996265372));
#3484=CARTESIAN_POINT('',(21.8274483162829,0.,-2.75));
#3485=CARTESIAN_POINT('',(21.8684168954794,0.,-2.40256997515418));
#3486=CARTESIAN_POINT('Origin',(21.3714074205821,0.,-2.34796611208249));
#3487=CARTESIAN_POINT('',(21.8684168954794,0.,2.40256997515418));
#3488=CARTESIAN_POINT('Origin',(0.,0.,0.));
#3489=CARTESIAN_POINT('',(21.4917813321982,0.,2.83325996265372));
#3490=CARTESIAN_POINT('Origin',(21.3714074205821,0.,2.34796611208249));
#3491=CARTESIAN_POINT('',(17.5943172643897,0.,3.8));
#3492=CARTESIAN_POINT('',(17.5943172643897,0.,3.8));
#3493=CARTESIAN_POINT('',(17.3513408737731,0.,4.78862922788257));
#3494=CARTESIAN_POINT('Origin',(0.,0.,0.));
#3495=CARTESIAN_POINT('',(16.7836782308273,2.77555756156289E-16,5.14821582408307));
#3496=CARTESIAN_POINT('Origin',(16.869359182835,0.,4.65561174933027));
#3497=CARTESIAN_POINT('',(9.2352888229978,0.,3.8352888229978));
#3498=CARTESIAN_POINT('',(4.42949065792227,2.77555756156289E-16,2.9993936628794));
#3499=CARTESIAN_POINT('',(3.8352888229978,0.,9.23528882299781));
#3500=CARTESIAN_POINT('',(5.1852888229978,0.,7.8852888229978));
#3501=CARTESIAN_POINT('',(5.14821582408306,0.,16.7836782308273));
#3502=CARTESIAN_POINT('',(3.6942353315414,0.,8.42433232658428));
#3503=CARTESIAN_POINT('',(4.78862922788256,0.,17.3513408737731));
#3504=CARTESIAN_POINT('Origin',(4.65561174933027,0.,16.869359182835));
#3505=CARTESIAN_POINT('',(3.8,0.,17.5943172643897));
#3506=CARTESIAN_POINT('Origin',(0.,0.,0.));
#3507=CARTESIAN_POINT('',(2.83325996265372,0.,21.4917813321982));
#3508=CARTESIAN_POINT('',(2.75,0.,21.8274483162829));
#3509=CARTESIAN_POINT('',(2.40256997515418,0.,21.8684168954794));
#3510=CARTESIAN_POINT('Origin',(2.34796611208249,0.,21.3714074205821));
#3511=CARTESIAN_POINT('',(-2.40256997515418,0.,21.8684168954794));
#3512=CARTESIAN_POINT('Origin',(0.,0.,0.));
#3513=CARTESIAN_POINT('',(-2.83325996265372,0.,21.4917813321982));
#3514=CARTESIAN_POINT('Origin',(-2.34796611208249,0.,21.3714074205821));
#3515=CARTESIAN_POINT('',(-3.8,0.,17.5943172643897));
#3516=CARTESIAN_POINT('',(-3.8,0.,17.5943172643897));
#3517=CARTESIAN_POINT('',(-4.78862922788257,0.,17.3513408737731));
#3518=CARTESIAN_POINT('Origin',(0.,0.,0.));
#3519=CARTESIAN_POINT('',(-5.14821582408307,-2.77555756156289E-16,16.7836782308273));
#3520=CARTESIAN_POINT('Origin',(-4.65561174933027,0.,16.869359182835));
#3521=CARTESIAN_POINT('',(-3.8352888229978,0.,9.2352888229978));
#3522=CARTESIAN_POINT('',(-2.9993936628794,-2.77555756156289E-16,4.42949065792226));
#3523=CARTESIAN_POINT('',(-9.23528882299781,0.,3.8352888229978));
#3524=CARTESIAN_POINT('',(-7.8852888229978,0.,5.1852888229978));
#3525=CARTESIAN_POINT('',(-16.7836782308273,-2.77555756156289E-16,5.14821582408307));
#3526=CARTESIAN_POINT('',(-8.42433232658428,-2.77555756156289E-16,3.6942353315414));
#3527=CARTESIAN_POINT('',(-17.3513408737731,0.,4.78862922788257));
#3528=CARTESIAN_POINT('Origin',(-16.869359182835,0.,4.65561174933027));
#3529=CARTESIAN_POINT('',(-17.5943172643897,0.,3.8));
#3530=CARTESIAN_POINT('Origin',(0.,0.,0.));
#3531=CARTESIAN_POINT('',(-21.4917813321982,0.,2.83325996265372));
#3532=CARTESIAN_POINT('',(-21.8274483162829,0.,2.75));
#3533=CARTESIAN_POINT('Origin',(-21.3714074205821,0.,2.34796611208249));
#3534=CARTESIAN_POINT('',(-4.05,0.,4.95981953654678E-16));
#3535=CARTESIAN_POINT('Origin',(0.,0.,0.));
#3536=CARTESIAN_POINT('',(17.2,0.,1.59204083889156E-16));
#3537=CARTESIAN_POINT('Origin',(18.5,0.,0.));
#3538=CARTESIAN_POINT('',(-1.3,0.,-18.5));
#3539=CARTESIAN_POINT('Origin',(1.1327982892113E-15,0.,-18.5));
#3540=CARTESIAN_POINT('',(-19.8,0.,2.42480066231176E-15));
#3541=CARTESIAN_POINT('Origin',(-18.5,0.,2.2655965784226E-15));
#3542=CARTESIAN_POINT('',(-1.3,0.,18.5));
#3543=CARTESIAN_POINT('Origin',(1.1327982892113E-15,0.,18.5));
#3544=CARTESIAN_POINT('Origin',(-21.3714074205821,0.,2.34796611208249));
#3545=CARTESIAN_POINT('',(-21.4917813321982,1.5,2.83325996265372));
#3546=CARTESIAN_POINT('',(-21.4917813321982,0.,2.83325996265372));
#3547=CARTESIAN_POINT('Origin',(-21.3714074205821,1.5,2.34796611208249));
#3548=CARTESIAN_POINT('Ctrl Pts',(-21.4917813321982,1.5,2.83325996265372));
#3549=CARTESIAN_POINT('Ctrl Pts',(-21.4917813321982,1.84877795037904,2.83325996265372));
#3550=CARTESIAN_POINT('Ctrl Pts',(-21.1787603022301,2.65590040244875,2.91090274702239));
#3551=CARTESIAN_POINT('Ctrl Pts',(-20.3838824935444,3.,3.10806690019612));
#3552=CARTESIAN_POINT('Ctrl Pts',(-19.9325230414543,3.,3.22002360998961));
#3553=CARTESIAN_POINT('Ctrl Pts',(-21.5903149176296,1.5,2.80881936220107));
#3554=CARTESIAN_POINT('Ctrl Pts',(-21.5903149176296,1.87394586778177,2.80881936220107));
#3555=CARTESIAN_POINT('Ctrl Pts',(-21.2608372767776,2.73933935256467,2.89039485688174));
#3556=CARTESIAN_POINT('Ctrl Pts',(-20.4178363978347,3.12190730450902,3.09934573624688));
#3557=CARTESIAN_POINT('Ctrl Pts',(-19.9325230414543,3.13089969389958,3.22002360998961));
#3558=CARTESIAN_POINT('Ctrl Pts',(-21.771757804146,1.5,2.69806989113447));
#3559=CARTESIAN_POINT('Ctrl Pts',(-21.771757804146,1.92412747914215,2.69806989113447));
#3560=CARTESIAN_POINT('Ctrl Pts',(-21.4076250300598,2.90614742778206,2.78111145159646));
#3561=CARTESIAN_POINT('Ctrl Pts',(-20.4630366484762,3.36549137612871,2.99291024162564));
#3562=CARTESIAN_POINT('Ctrl Pts',(-19.9064403213885,3.39165958090201,3.11486973167648));
#3563=CARTESIAN_POINT('Ctrl Pts',(-21.8573301809032,1.5,2.50348228940952));
#3564=CARTESIAN_POINT('Ctrl Pts',(-21.8573301809032,1.95643395864424,2.50348228940952));
#3565=CARTESIAN_POINT('Ctrl Pts',(-21.4590153581542,3.01262788872079,2.57772035982793));
#3566=CARTESIAN_POINT('Ctrl Pts',(-20.4357426404471,3.48569602788924,2.76081764015315));
#3567=CARTESIAN_POINT('Ctrl Pts',(-19.8436629462064,3.5,2.86177939240062));
#3568=CARTESIAN_POINT('Ctrl Pts',(-21.8684168954794,1.5,2.40256997515418));
#3569=CARTESIAN_POINT('Ctrl Pts',(-21.8684168954794,1.96503726717202,2.40256997515418));
#3570=CARTESIAN_POINT('Ctrl Pts',(-21.4546166204715,3.04120053659833,2.47246290027219));
#3571=CARTESIAN_POINT('Ctrl Pts',(-20.4060938030829,3.5,2.64245451098421));
#3572=CARTESIAN_POINT('Ctrl Pts',(-19.8121491298383,3.5,2.73472975941838));
#3573=CARTESIAN_POINT('',(-19.9325230414543,3.,3.22002360998961));
#3574=CARTESIAN_POINT('Origin',(-19.8121491298383,3.,2.73472975941838));
#3575=CARTESIAN_POINT('Ctrl Pts',(-21.4917813321982,1.5,2.83325996265372));
#3576=CARTESIAN_POINT('Ctrl Pts',(-21.4917813321982,1.84877795037904,2.83325996265372));
#3577=CARTESIAN_POINT('Ctrl Pts',(-21.1787603022301,2.65590040244875,2.91090274702239));
#3578=CARTESIAN_POINT('Ctrl Pts',(-20.3838824935444,3.,3.10806690019612));
#3579=CARTESIAN_POINT('Ctrl Pts',(-19.9325230414543,3.,3.22002360998961));
#3580=CARTESIAN_POINT('Origin',(-11.7471963538492,3.,4.73518765003842));
#3581=CARTESIAN_POINT('',(-16.8588962088955,2.99999999999999,3.98241630103172));
#3582=CARTESIAN_POINT('Ctrl Pts',(-15.5437966462452,3.5,3.79346620126993));
#3583=CARTESIAN_POINT('Ctrl Pts',(-15.5461330795848,3.5,3.79413801848732));
#3584=CARTESIAN_POINT('Ctrl Pts',(-15.5484695112544,3.49999557461386,3.79480983576082));
#3585=CARTESIAN_POINT('Ctrl Pts',(-15.7036233073399,3.49940782590331,3.83942136081121));
#3586=CARTESIAN_POINT('Ctrl Pts',(-15.8558151875624,3.47989903061762,3.88314653315499));
#3587=CARTESIAN_POINT('Ctrl Pts',(-16.1558319681628,3.40375266688789,3.95691194216493));
#3588=CARTESIAN_POINT('Ctrl Pts',(-16.3021345731004,3.34730269464206,3.98664407714083));
#3589=CARTESIAN_POINT('Ctrl Pts',(-16.5997312170622,3.19326349161854,4.01713170038481));
#3590=CARTESIAN_POINT('Ctrl Pts',(-16.7376652877463,3.09795526452179,4.01248682463379));
#3591=CARTESIAN_POINT('Ctrl Pts',(-16.8588962088955,2.99999999999999,3.98241630103172));
#3592=CARTESIAN_POINT('',(-11.8675702654653,3.,5.22048150060965));
#3593=CARTESIAN_POINT('Origin',(-21.8274483162829,0.,2.75));
#3594=CARTESIAN_POINT('',(-17.5943172643897,1.5,3.8));
#3595=CARTESIAN_POINT('',(-17.5943172643897,0.,3.8));
#3596=CARTESIAN_POINT('Ctrl Pts',(-17.5943172643897,1.5,3.8));
#3597=CARTESIAN_POINT('Ctrl Pts',(-17.5943172643897,1.73762051153794,3.8));
#3598=CARTESIAN_POINT('Ctrl Pts',(-17.5362704204775,2.01642278639952,3.81439813352352));
#3599=CARTESIAN_POINT('Ctrl Pts',(-17.3451075052953,2.4638828706341,3.86181482308044));
#3600=CARTESIAN_POINT('Ctrl Pts',(-17.1734076192896,2.70805640190994,3.90440383771189));
#3601=CARTESIAN_POINT('Ctrl Pts',(-16.9529621066737,2.92042142352817,3.95908388078383));
#3602=CARTESIAN_POINT('Ctrl Pts',(-16.9072741989227,2.96091031260645,3.97041646240025));
#3603=CARTESIAN_POINT('Ctrl Pts',(-16.8588962088955,2.99999999999998,3.98241630103172));
#3604=CARTESIAN_POINT('Origin',(-5.26018765003842,3.,9.63063082790264));
#3605=CARTESIAN_POINT('',(-3.22002360998961,3.,19.9325230414543));
#3606=CARTESIAN_POINT('',(-2.73472975941838,3.5,19.8121491298383));
#3607=CARTESIAN_POINT('Origin',(-2.73472975941838,3.,19.8121491298383));
#3608=CARTESIAN_POINT('',(-3.79346620126994,3.5,15.5437966462452));
#3609=CARTESIAN_POINT('',(-5.26018765003842,3.5,9.63063082790264));
#3610=CARTESIAN_POINT('',(-3.98241630103172,2.99999999999999,16.8588962088955));
#3611=CARTESIAN_POINT('Ctrl Pts',(-3.98241630103172,3.,16.8588962088955));
#3612=CARTESIAN_POINT('Ctrl Pts',(-4.01248682463397,3.09795526452237,16.7376652877456));
#3613=CARTESIAN_POINT('Ctrl Pts',(-4.01713170038472,3.19326349161902,16.5997312170613));
#3614=CARTESIAN_POINT('Ctrl Pts',(-3.98664407714084,3.34730269464207,16.3021345731004));
#3615=CARTESIAN_POINT('Ctrl Pts',(-3.95691194216493,3.4037526668879,16.1558319681627));
#3616=CARTESIAN_POINT('Ctrl Pts',(-3.88314653315498,3.47989903061763,15.8558151875624));
#3617=CARTESIAN_POINT('Ctrl Pts',(-3.83942136081118,3.49940782590331,15.70362330734));
#3618=CARTESIAN_POINT('Ctrl Pts',(-3.79480983576082,3.49999557461386,15.5484695112544));
#3619=CARTESIAN_POINT('Ctrl Pts',(-3.79413801848732,3.5,15.5461330795848));
#3620=CARTESIAN_POINT('Ctrl Pts',(-3.79346620126994,3.5,15.5437966462452));
#3621=CARTESIAN_POINT('',(-5.74548150060965,3.,9.7510047395187));
#3622=CARTESIAN_POINT('Ctrl Pts',(-3.22002360998961,3.,19.9325230414543));
#3623=CARTESIAN_POINT('Ctrl Pts',(-3.13605616452556,3.,20.2710422802563));
#3624=CARTESIAN_POINT('Ctrl Pts',(-2.99577502004652,2.82068722630544,20.8365932028175));
#3625=CARTESIAN_POINT('Ctrl Pts',(-2.86178100050487,2.19662068145633,21.3767972455697));
#3626=CARTESIAN_POINT('Ctrl Pts',(-2.83325996265372,1.73251839299942,21.4917813321982));
#3627=CARTESIAN_POINT('Ctrl Pts',(-2.83325996265372,1.5,21.4917813321982));
#3628=CARTESIAN_POINT('Ctrl Pts',(-3.22002360998961,3.13089969389958,19.9325230414543));
#3629=CARTESIAN_POINT('Ctrl Pts',(-3.12951529833146,3.12415540883496,20.2965076821249));
#3630=CARTESIAN_POINT('Ctrl Pts',(-2.98046135675538,2.92145929645086,20.89844741846));
#3631=CARTESIAN_POINT('Ctrl Pts',(-2.83870656316077,2.24688741116629,21.4691434578071));
#3632=CARTESIAN_POINT('Ctrl Pts',(-2.80881936220107,1.74929698724044,21.5903149176296));
#3633=CARTESIAN_POINT('Ctrl Pts',(-2.80881936220107,1.5,21.5903149176296));
#3634=CARTESIAN_POINT('Ctrl Pts',(-3.11486973167532,3.39165958090082,19.9064403213882));
#3635=CARTESIAN_POINT('Ctrl Pts',(-3.02340020878066,3.37203344762799,20.3238871347719));
#3636=CARTESIAN_POINT('Ctrl Pts',(-2.87208651139877,3.12245188679128,21.0024707329077));
#3637=CARTESIAN_POINT('Ctrl Pts',(-2.72863836703795,2.34747840317967,21.6375835134234));
#3638=CARTESIAN_POINT('Ctrl Pts',(-2.69806989113406,1.78275136019882,21.7717578041455));
#3639=CARTESIAN_POINT('Ctrl Pts',(-2.69806989113406,1.5,21.7717578041455));
#3640=CARTESIAN_POINT('Ctrl Pts',(-2.86177939240062,3.5,19.8436629462064));
#3641=CARTESIAN_POINT('Ctrl Pts',(-2.78605815656374,3.48927203201715,20.287722257419));
#3642=CARTESIAN_POINT('Ctrl Pts',(-2.65694807319478,3.23763916673183,21.0192518876477));
#3643=CARTESIAN_POINT('Ctrl Pts',(-2.53059417082038,2.41144966197643,21.7108149147774));
#3644=CARTESIAN_POINT('Ctrl Pts',(-2.50348228940952,1.80428899091525,21.8573301809032));
#3645=CARTESIAN_POINT('Ctrl Pts',(-2.50348228940952,1.5,21.8573301809032));
#3646=CARTESIAN_POINT('Ctrl Pts',(-2.73472975941838,3.5,19.8121491298383));
#3647=CARTESIAN_POINT('Ctrl Pts',(-2.66552339470055,3.5,20.2576071738565));
#3648=CARTESIAN_POINT('Ctrl Pts',(-2.54613542996463,3.26091630174062,21.0031100657368));
#3649=CARTESIAN_POINT('Ctrl Pts',(-2.42806164825107,2.42882757527508,21.7164687633974));
#3650=CARTESIAN_POINT('Ctrl Pts',(-2.40256997515418,1.81002452399922,21.8684168954794));
#3651=CARTESIAN_POINT('Ctrl Pts',(-2.40256997515418,1.5,21.8684168954794));
#3652=CARTESIAN_POINT('',(-2.83325996265372,1.5,21.4917813321982));
#3653=CARTESIAN_POINT('',(-2.40256997515418,1.5,21.8684168954794));
#3654=CARTESIAN_POINT('Origin',(-2.34796611208249,1.5,21.3714074205821));
#3655=CARTESIAN_POINT('Ctrl Pts',(-2.40256997515418,1.5,21.8684168954794));
#3656=CARTESIAN_POINT('Ctrl Pts',(-2.40256997515418,1.81002452399922,21.8684168954794));
#3657=CARTESIAN_POINT('Ctrl Pts',(-2.42806164825107,2.42882757527508,21.7164687633974));
#3658=CARTESIAN_POINT('Ctrl Pts',(-2.54613542996463,3.26091630174062,21.0031100657368));
#3659=CARTESIAN_POINT('Ctrl Pts',(-2.66552339470055,3.5,20.2576071738565));
#3660=CARTESIAN_POINT('Ctrl Pts',(-2.73472975941838,3.5,19.8121491298383));
#3661=CARTESIAN_POINT('Ctrl Pts',(-3.22002360998961,3.,19.9325230414543));
#3662=CARTESIAN_POINT('Ctrl Pts',(-3.13605616452556,3.,20.2710422802563));
#3663=CARTESIAN_POINT('Ctrl Pts',(-2.99577502004652,2.82068722630544,20.8365932028175));
#3664=CARTESIAN_POINT('Ctrl Pts',(-2.86178100050487,2.19662068145633,21.3767972455697));
#3665=CARTESIAN_POINT('Ctrl Pts',(-2.83325996265372,1.73251839299942,21.4917813321982));
#3666=CARTESIAN_POINT('Ctrl Pts',(-2.83325996265372,1.5,21.4917813321982));
#3667=CARTESIAN_POINT('Origin',(-2.34796611208249,0.,21.3714074205821));
#3668=CARTESIAN_POINT('',(-2.40256997515418,0.,21.8684168954794));
#3669=CARTESIAN_POINT('',(-2.83325996265372,0.,21.4917813321982));
#3670=CARTESIAN_POINT('Origin',(0.,3.5,0.));
#3671=CARTESIAN_POINT('',(-4.3972383452854,3.5,15.3838972609268));
#3672=CARTESIAN_POINT('Origin',(0.,3.5,0.));
#3673=CARTESIAN_POINT('',(-1.74205696987896,3.5,19.9239864864865));
#3674=CARTESIAN_POINT('Origin',(0.,3.5,0.));
#3675=CARTESIAN_POINT('',(-2.25,3.5,18.5));
#3676=CARTESIAN_POINT('Origin',(1.1327982892113E-15,3.5,18.5));
#3677=CARTESIAN_POINT('',(1.74205696987896,3.5,19.9239864864865));
#3678=CARTESIAN_POINT('Origin',(1.1327982892113E-15,3.5,18.5));
#3679=CARTESIAN_POINT('',(2.73472975941838,3.5,19.8121491298383));
#3680=CARTESIAN_POINT('Origin',(0.,3.5,0.));
#3681=CARTESIAN_POINT('',(3.79346620126994,3.5,15.5437966462452));
#3682=CARTESIAN_POINT('',(4.73518765003842,3.5,11.7471963538492));
#3683=CARTESIAN_POINT('',(4.39723834528542,3.5,15.383897260927));
#3684=CARTESIAN_POINT('Origin',(0.,3.5,0.));
#3685=CARTESIAN_POINT('',(3.40297605605572,3.5,9.66760158993989));
#3686=CARTESIAN_POINT('',(3.20163125678861,3.5,8.51001327859197));
#3687=CARTESIAN_POINT('',(3.8352888229978,3.5,9.23528882299781));
#3688=CARTESIAN_POINT('',(5.1852888229978,3.5,7.8852888229978));
#3689=CARTESIAN_POINT('',(1.11022302462516E-15,3.5,5.4));
#3690=CARTESIAN_POINT('',(-1.35,3.5,4.05000000000001));
#3691=CARTESIAN_POINT('',(-3.8352888229978,3.5,9.2352888229978));
#3692=CARTESIAN_POINT('',(-0.5676444114989,3.5,5.96764441149891));
#3693=CARTESIAN_POINT('',(-3.40297605605572,3.5,9.66760158993988));
#3694=CARTESIAN_POINT('',(-7.8852888229978,3.5,5.1852888229978));
#3695=CARTESIAN_POINT('',(-2.50678958812661,3.5,4.51517160992995));
#3696=CARTESIAN_POINT('Origin',(0.,1.5,0.));
#3697=CARTESIAN_POINT('',(2.40256997515418,1.5,21.8684168954794));
#3698=CARTESIAN_POINT('Origin',(0.,1.5,0.));
#3699=CARTESIAN_POINT('Ctrl Pts',(2.73472975941838,3.5,19.8121491298383));
#3700=CARTESIAN_POINT('Ctrl Pts',(2.64245451098421,3.5,20.4060938030829));
#3701=CARTESIAN_POINT('Ctrl Pts',(2.4724629002722,3.04120053659835,21.4546166204715));
#3702=CARTESIAN_POINT('Ctrl Pts',(2.40256997515418,1.96503726717201,21.8684168954794));
#3703=CARTESIAN_POINT('Ctrl Pts',(2.40256997515418,1.5,21.8684168954794));
#3704=CARTESIAN_POINT('Ctrl Pts',(1.74205696987896,3.5,19.9239864864865));
#3705=CARTESIAN_POINT('Ctrl Pts',(1.59427545073775,3.5,20.1047774054189));
#3706=CARTESIAN_POINT('Ctrl Pts',(1.41923923840228,3.47931233517186,20.2614307975492));
#3707=CARTESIAN_POINT('Ctrl Pts',(0.982275818132977,3.42355204352823,20.5445741230412));
#3708=CARTESIAN_POINT('Ctrl Pts',(0.703784935477611,3.38548087044058,20.6593954320635));
#3709=CARTESIAN_POINT('Ctrl Pts',(0.119720679309841,3.34930906447726,20.7646854615331));
#3710=CARTESIAN_POINT('Ctrl Pts',(-0.164532628049611,3.3504878956892,20.7618468109888));
#3711=CARTESIAN_POINT('Ctrl Pts',(-0.725887008315899,3.38874928850025,20.6491823296555));
#3712=CARTESIAN_POINT('Ctrl Pts',(-0.985728005569296,3.4239186668994,20.5405243468111));
#3713=CARTESIAN_POINT('Ctrl Pts',(-1.41324339391458,3.47860906576269,20.2668349348716));
#3714=CARTESIAN_POINT('Ctrl Pts',(-1.59181635015524,3.5,20.107785786011));
#3715=CARTESIAN_POINT('Ctrl Pts',(-1.74205696987896,3.5,19.9239864864865));
#3716=CARTESIAN_POINT('Origin',(0.,0.,0.));
#3717=CARTESIAN_POINT('',(2.40256997515418,0.,21.8684168954794));
#3718=CARTESIAN_POINT('Origin',(2.34796611208249,0.,21.3714074205821));
#3719=CARTESIAN_POINT('',(2.83325996265372,1.5,21.4917813321982));
#3720=CARTESIAN_POINT('',(2.83325996265372,0.,21.4917813321982));
#3721=CARTESIAN_POINT('Origin',(2.34796611208249,1.5,21.3714074205821));
#3722=CARTESIAN_POINT('Ctrl Pts',(2.83325996265372,1.5,21.4917813321982));
#3723=CARTESIAN_POINT('Ctrl Pts',(2.83325996265372,1.84877795037903,21.4917813321982));
#3724=CARTESIAN_POINT('Ctrl Pts',(2.91090274702241,2.65590040244877,21.17876030223));
#3725=CARTESIAN_POINT('Ctrl Pts',(3.10806690019613,3.,20.3838824935444));
#3726=CARTESIAN_POINT('Ctrl Pts',(3.22002360998961,3.,19.9325230414543));
#3727=CARTESIAN_POINT('Ctrl Pts',(2.80881936220108,1.5,21.5903149176296));
#3728=CARTESIAN_POINT('Ctrl Pts',(2.80881936220108,1.87394586778176,21.5903149176296));
#3729=CARTESIAN_POINT('Ctrl Pts',(2.89039485688175,2.73933935256469,21.2608372767776));
#3730=CARTESIAN_POINT('Ctrl Pts',(3.09934573624688,3.12190730450902,20.4178363978347));
#3731=CARTESIAN_POINT('Ctrl Pts',(3.22002360998961,3.13089969389958,19.9325230414543));
#3732=CARTESIAN_POINT('Ctrl Pts',(2.69806989113448,1.5,21.771757804146));
#3733=CARTESIAN_POINT('Ctrl Pts',(2.69806989113448,1.92412747914213,21.771757804146));
#3734=CARTESIAN_POINT('Ctrl Pts',(2.78111145159647,2.90614742778208,21.4076250300598));
#3735=CARTESIAN_POINT('Ctrl Pts',(2.99291024162564,3.36549137612871,20.4630366484761));
#3736=CARTESIAN_POINT('Ctrl Pts',(3.11486973167649,3.39165958090201,19.9064403213884));
#3737=CARTESIAN_POINT('Ctrl Pts',(2.50348228940952,1.5,21.8573301809032));
#3738=CARTESIAN_POINT('Ctrl Pts',(2.50348228940952,1.95643395864422,21.8573301809032));
#3739=CARTESIAN_POINT('Ctrl Pts',(2.57772035982794,3.01262788872081,21.4590153581541));
#3740=CARTESIAN_POINT('Ctrl Pts',(2.76081764015315,3.48569602788924,20.4357426404471));
#3741=CARTESIAN_POINT('Ctrl Pts',(2.86177939240062,3.5,19.8436629462064));
#3742=CARTESIAN_POINT('Ctrl Pts',(2.40256997515418,1.5,21.8684168954794));
#3743=CARTESIAN_POINT('Ctrl Pts',(2.40256997515418,1.96503726717201,21.8684168954794));
#3744=CARTESIAN_POINT('Ctrl Pts',(2.4724629002722,3.04120053659835,21.4546166204715));
#3745=CARTESIAN_POINT('Ctrl Pts',(2.64245451098421,3.5,20.4060938030829));
#3746=CARTESIAN_POINT('Ctrl Pts',(2.73472975941838,3.5,19.8121491298383));
#3747=CARTESIAN_POINT('',(3.22002360998961,3.,19.9325230414543));
#3748=CARTESIAN_POINT('Origin',(2.73472975941838,3.,19.8121491298383));
#3749=CARTESIAN_POINT('Ctrl Pts',(2.83325996265372,1.5,21.4917813321982));
#3750=CARTESIAN_POINT('Ctrl Pts',(2.83325996265372,1.84877795037903,21.4917813321982));
#3751=CARTESIAN_POINT('Ctrl Pts',(2.91090274702241,2.65590040244877,21.17876030223));
#3752=CARTESIAN_POINT('Ctrl Pts',(3.10806690019613,3.,20.3838824935444));
#3753=CARTESIAN_POINT('Ctrl Pts',(3.22002360998961,3.,19.9325230414543));
#3754=CARTESIAN_POINT('Origin',(4.73518765003842,3.,11.7471963538492));
#3755=CARTESIAN_POINT('',(3.98241630103172,2.99999999999999,16.8588962088955));
#3756=CARTESIAN_POINT('Ctrl Pts',(3.79346620126994,3.5,15.5437966462452));
#3757=CARTESIAN_POINT('Ctrl Pts',(3.79413801848732,3.5,15.5461330795848));
#3758=CARTESIAN_POINT('Ctrl Pts',(3.79480983576082,3.49999557461386,15.5484695112544));
#3759=CARTESIAN_POINT('Ctrl Pts',(3.83942136081156,3.49940782590331,15.7036233073395));
#3760=CARTESIAN_POINT('Ctrl Pts',(3.88314653315505,3.47989903061756,15.8558151875627));
#3761=CARTESIAN_POINT('Ctrl Pts',(3.95691194216494,3.40375266688789,16.1558319681628));
#3762=CARTESIAN_POINT('Ctrl Pts',(3.98664407714084,3.34730269464206,16.3021345731004));
#3763=CARTESIAN_POINT('Ctrl Pts',(4.01713170038478,3.19326349161869,16.5997312170619));
#3764=CARTESIAN_POINT('Ctrl Pts',(4.01248682463385,3.09795526452198,16.7376652877461));
#3765=CARTESIAN_POINT('Ctrl Pts',(3.98241630103172,2.99999999999999,16.8588962088955));
#3766=CARTESIAN_POINT('',(5.22048150060965,3.,11.8675702654653));
#3767=CARTESIAN_POINT('Origin',(2.75,0.,21.8274483162829));
#3768=CARTESIAN_POINT('',(3.8,1.5,17.5943172643897));
#3769=CARTESIAN_POINT('',(3.8,0.,17.5943172643897));
#3770=CARTESIAN_POINT('Ctrl Pts',(3.8,1.5,17.5943172643897));
#3771=CARTESIAN_POINT('Ctrl Pts',(3.8,1.73762051153794,17.5943172643897));
#3772=CARTESIAN_POINT('Ctrl Pts',(3.81439813352353,2.01642278639952,17.5362704204775));
#3773=CARTESIAN_POINT('Ctrl Pts',(3.86181482308045,2.4638828706341,17.3451075052953));
#3774=CARTESIAN_POINT('Ctrl Pts',(3.9044038377119,2.70805640190994,17.1734076192896));
#3775=CARTESIAN_POINT('Ctrl Pts',(3.95908388078384,2.92042142352817,16.9529621066737));
#3776=CARTESIAN_POINT('Ctrl Pts',(3.97041646240025,2.96091031260646,16.9072741989227));
#3777=CARTESIAN_POINT('Ctrl Pts',(3.98241630103172,2.99999999999999,16.8588962088955));
#3778=CARTESIAN_POINT('Origin',(21.3714074205821,0.,2.34796611208249));
#3779=CARTESIAN_POINT('',(21.8684168954794,1.5,2.40256997515418));
#3780=CARTESIAN_POINT('',(21.8684168954794,0.,2.40256997515418));
#3781=CARTESIAN_POINT('',(21.4917813321982,1.5,2.83325996265372));
#3782=CARTESIAN_POINT('Origin',(21.3714074205821,1.5,2.34796611208249));
#3783=CARTESIAN_POINT('',(21.4917813321982,0.,2.83325996265372));
#3784=CARTESIAN_POINT('Ctrl Pts',(19.9325230414543,3.,3.22002360998961));
#3785=CARTESIAN_POINT('Ctrl Pts',(20.2710426305219,3.,3.1360560776445));
#3786=CARTESIAN_POINT('Ctrl Pts',(20.8365584226285,2.8206864129617,2.99578364704106));
#3787=CARTESIAN_POINT('Ctrl Pts',(21.3767860356075,2.19665071909721,2.86178378106142));
#3788=CARTESIAN_POINT('Ctrl Pts',(21.4917813321982,1.73251863358603,2.83325996265372));
#3789=CARTESIAN_POINT('Ctrl Pts',(21.4917813321982,1.5,2.83325996265372));
#3790=CARTESIAN_POINT('Ctrl Pts',(19.9325230414543,3.13089969389958,3.22002360998961));
#3791=CARTESIAN_POINT('Ctrl Pts',(20.2965080587396,3.12415540185666,3.12951520468257));
#3792=CARTESIAN_POINT('Ctrl Pts',(20.8984104190827,2.92145904175981,2.98047054957311));
#3793=CARTESIAN_POINT('Ctrl Pts',(21.4691317146988,2.24691960245475,2.8387094773708));
#3794=CARTESIAN_POINT('Ctrl Pts',(21.5903149176296,1.74929724518786,2.80881936220107));
#3795=CARTESIAN_POINT('Ctrl Pts',(21.5903149176296,1.5,2.80881936220107));
#3796=CARTESIAN_POINT('Ctrl Pts',(19.9064403213884,3.39165958090201,3.11486973167648));
#3797=CARTESIAN_POINT('Ctrl Pts',(20.3238875667041,3.37203342732204,3.02340011413837));
#3798=CARTESIAN_POINT('Ctrl Pts',(21.0024290531175,3.12245270888843,2.87209580339687));
#3799=CARTESIAN_POINT('Ctrl Pts',(21.6375706422267,2.3475148930201,2.72864132338057));
#3800=CARTESIAN_POINT('Ctrl Pts',(21.771757804146,1.78275165276146,2.69806989113448));
#3801=CARTESIAN_POINT('Ctrl Pts',(21.771757804146,1.5,2.69806989113448));
#3802=CARTESIAN_POINT('Ctrl Pts',(19.8436629462064,3.5,2.86177939240062));
#3803=CARTESIAN_POINT('Ctrl Pts',(20.2877227168868,3.48927202091693,2.78605807821505));
#3804=CARTESIAN_POINT('Ctrl Pts',(21.0192069185935,3.23763913556042,2.65695604253869));
#3805=CARTESIAN_POINT('Ctrl Pts',(21.7108007391488,2.4114889587419,2.53059686009636));
#3806=CARTESIAN_POINT('Ctrl Pts',(21.8573301809032,1.80428930576286,2.50348228940952));
#3807=CARTESIAN_POINT('Ctrl Pts',(21.8573301809032,1.5,2.50348228940952));
#3808=CARTESIAN_POINT('Ctrl Pts',(19.8121491298383,3.5,2.73472975941838));
#3809=CARTESIAN_POINT('Ctrl Pts',(20.2576076347716,3.5,2.66552332309279));
#3810=CARTESIAN_POINT('Ctrl Pts',(21.0030642096771,3.26091521728227,2.54614280358476));
#3811=CARTESIAN_POINT('Ctrl Pts',(21.7164539309935,2.42886762546294,2.42806419176957));
#3812=CARTESIAN_POINT('Ctrl Pts',(21.8684168954794,1.81002484478138,2.40256997515418));
#3813=CARTESIAN_POINT('Ctrl Pts',(21.8684168954794,1.5,2.40256997515418));
#3814=CARTESIAN_POINT('',(19.8121491298383,3.5,2.73472975941838));
#3815=CARTESIAN_POINT('Ctrl Pts',(21.8684168954794,1.5,2.40256997515418));
#3816=CARTESIAN_POINT('Ctrl Pts',(21.8684168954794,1.81002484478138,2.40256997515418));
#3817=CARTESIAN_POINT('Ctrl Pts',(21.7164539309935,2.42886762546294,2.42806419176957));
#3818=CARTESIAN_POINT('Ctrl Pts',(21.0030642096771,3.26091521728227,2.54614280358476));
#3819=CARTESIAN_POINT('Ctrl Pts',(20.2576076347716,3.5,2.66552332309279));
#3820=CARTESIAN_POINT('Ctrl Pts',(19.8121491298383,3.5,2.73472975941838));
#3821=CARTESIAN_POINT('',(19.9325230414543,3.,3.22002360998961));
#3822=CARTESIAN_POINT('Origin',(19.8121491298383,3.,2.73472975941838));
#3823=CARTESIAN_POINT('Ctrl Pts',(19.9325230414543,3.,3.22002360998961));
#3824=CARTESIAN_POINT('Ctrl Pts',(20.2710426305219,3.,3.1360560776445));
#3825=CARTESIAN_POINT('Ctrl Pts',(20.8365584226285,2.8206864129617,2.99578364704106));
#3826=CARTESIAN_POINT('Ctrl Pts',(21.3767860356075,2.19665071909721,2.86178378106142));
#3827=CARTESIAN_POINT('Ctrl Pts',(21.4917813321982,1.73251863358603,2.83325996265372));
#3828=CARTESIAN_POINT('Ctrl Pts',(21.4917813321982,1.5,2.83325996265372));
#3829=CARTESIAN_POINT('Origin',(9.63063082790264,3.,5.26018765003842));
#3830=CARTESIAN_POINT('',(15.5437966462452,3.5,3.79346620126994));
#3831=CARTESIAN_POINT('',(16.8588962088955,2.99999999999999,3.98241630103172));
#3832=CARTESIAN_POINT('Ctrl Pts',(16.8588962088955,2.99999999999999,3.98241630103172));
#3833=CARTESIAN_POINT('Ctrl Pts',(16.7376652877462,3.09795526452187,4.01248682463381));
#3834=CARTESIAN_POINT('Ctrl Pts',(16.5997312170621,3.1932634916186,4.0171317003848));
#3835=CARTESIAN_POINT('Ctrl Pts',(16.3021345731004,3.34730269464206,3.98664407714084));
#3836=CARTESIAN_POINT('Ctrl Pts',(16.1558319681628,3.40375266688789,3.95691194216494));
#3837=CARTESIAN_POINT('Ctrl Pts',(15.8558151875627,3.47989903061757,3.88314653315504));
#3838=CARTESIAN_POINT('Ctrl Pts',(15.7036233073398,3.49940782590331,3.83942136081151));
#3839=CARTESIAN_POINT('Ctrl Pts',(15.5484695112544,3.49999557461386,3.79480983576082));
#3840=CARTESIAN_POINT('Ctrl Pts',(15.5461330795848,3.5,3.79413801848732));
#3841=CARTESIAN_POINT('Ctrl Pts',(15.5437966462452,3.5,3.79346620126994));
#3842=CARTESIAN_POINT('',(9.7510047395187,3.,5.74548150060965));
#3843=CARTESIAN_POINT('',(9.63063082790264,3.5,5.26018765003842));
#3844=CARTESIAN_POINT('Origin',(0.,3.5,0.));
#3845=CARTESIAN_POINT('',(15.3838972609268,3.5,4.3972383452854));
#3846=CARTESIAN_POINT('Origin',(0.,3.5,0.));
#3847=CARTESIAN_POINT('',(19.9239864864865,3.5,1.74205696987896));
#3848=CARTESIAN_POINT('Origin',(0.,3.5,0.));
#3849=CARTESIAN_POINT('',(16.25,3.5,2.75545529808154E-16));
#3850=CARTESIAN_POINT('Origin',(18.5,3.5,0.));
#3851=CARTESIAN_POINT('',(19.9239864864865,3.5,-1.74205696987896));
#3852=CARTESIAN_POINT('Origin',(18.5,3.5,0.));
#3853=CARTESIAN_POINT('',(19.8121491298383,3.5,-2.73472975941838));
#3854=CARTESIAN_POINT('Origin',(0.,3.5,0.));
#3855=CARTESIAN_POINT('',(15.5437966462452,3.5,-3.79346620126994));
#3856=CARTESIAN_POINT('',(11.7471963538492,3.5,-4.73518765003842));
#3857=CARTESIAN_POINT('',(15.383897260927,3.5,-4.39723834528542));
#3858=CARTESIAN_POINT('Origin',(0.,3.5,0.));
#3859=CARTESIAN_POINT('',(9.66760158993989,3.5,-3.40297605605572));
#3860=CARTESIAN_POINT('',(8.51001327859197,3.5,-3.20163125678861));
#3861=CARTESIAN_POINT('',(9.23528882299781,3.5,-3.8352888229978));
#3862=CARTESIAN_POINT('',(7.8852888229978,3.5,-5.1852888229978));
#3863=CARTESIAN_POINT('',(5.40000000000001,3.5,-2.22044604925031E-15));
#3864=CARTESIAN_POINT('',(4.05000000000001,3.5,1.35));
#3865=CARTESIAN_POINT('',(9.2352888229978,3.5,3.8352888229978));
#3866=CARTESIAN_POINT('',(5.96764441149891,3.5,0.5676444114989));
#3867=CARTESIAN_POINT('',(9.66760158993988,3.5,3.40297605605572));
#3868=CARTESIAN_POINT('',(5.1852888229978,3.5,7.8852888229978));
#3869=CARTESIAN_POINT('',(4.51517160992995,3.5,2.50678958812661));
#3870=CARTESIAN_POINT('Origin',(0.,1.5,0.));
#3871=CARTESIAN_POINT('',(21.8684168954794,1.5,-2.40256997515418));
#3872=CARTESIAN_POINT('Origin',(0.,1.5,0.));
#3873=CARTESIAN_POINT('Ctrl Pts',(19.8121491298383,3.5,-2.73472975941838));
#3874=CARTESIAN_POINT('Ctrl Pts',(20.4060938030831,3.5,-2.64245451098416));
#3875=CARTESIAN_POINT('Ctrl Pts',(21.4546166204714,3.04120053659836,-2.47246290027222));
#3876=CARTESIAN_POINT('Ctrl Pts',(21.8684168954794,1.96503726717199,-2.40256997515418));
#3877=CARTESIAN_POINT('Ctrl Pts',(21.8684168954794,1.5,-2.40256997515418));
#3878=CARTESIAN_POINT('Ctrl Pts',(19.9239864864865,3.5,-1.74205696987896));
#3879=CARTESIAN_POINT('Ctrl Pts',(20.1047774054189,3.5,-1.59427545073775));
#3880=CARTESIAN_POINT('Ctrl Pts',(20.2614307975492,3.47931233517186,-1.41923923840228));
#3881=CARTESIAN_POINT('Ctrl Pts',(20.5445741230412,3.42355204352822,-0.98227581813293));
#3882=CARTESIAN_POINT('Ctrl Pts',(20.6593954320635,3.38548087044058,-0.703784935477555));
#3883=CARTESIAN_POINT('Ctrl Pts',(20.7646854615331,3.34930906447726,-0.11972067930984));
#3884=CARTESIAN_POINT('Ctrl Pts',(20.7618468109888,3.3504878956892,0.164532628049613));
#3885=CARTESIAN_POINT('Ctrl Pts',(20.6491823296555,3.38874928850025,0.72588700831596));
#3886=CARTESIAN_POINT('Ctrl Pts',(20.5405243468111,3.42391866689941,0.985728005569348));
#3887=CARTESIAN_POINT('Ctrl Pts',(20.2668349348716,3.47860906576269,1.41324339391458));
#3888=CARTESIAN_POINT('Ctrl Pts',(20.107785786011,3.5,1.59181635015524));
#3889=CARTESIAN_POINT('Ctrl Pts',(19.9239864864865,3.5,1.74205696987896));
#3890=CARTESIAN_POINT('Origin',(0.,0.,0.));
#3891=CARTESIAN_POINT('',(21.8684168954794,0.,-2.40256997515418));
#3892=CARTESIAN_POINT('Origin',(21.3714074205821,0.,-2.34796611208249));
#3893=CARTESIAN_POINT('',(21.4917813321982,1.5,-2.83325996265372));
#3894=CARTESIAN_POINT('',(21.4917813321982,0.,-2.83325996265372));
#3895=CARTESIAN_POINT('Origin',(21.3714074205821,1.5,-2.34796611208249));
#3896=CARTESIAN_POINT('Ctrl Pts',(21.4917813321982,1.5,-2.83325996265372));
#3897=CARTESIAN_POINT('Ctrl Pts',(21.4917813321982,1.84877795037904,-2.83325996265372));
#3898=CARTESIAN_POINT('Ctrl Pts',(21.17876030223,2.65590040244877,-2.91090274702241));
#3899=CARTESIAN_POINT('Ctrl Pts',(20.3838824935444,3.,-3.10806690019613));
#3900=CARTESIAN_POINT('Ctrl Pts',(19.9325230414543,3.,-3.22002360998961));
#3901=CARTESIAN_POINT('Ctrl Pts',(21.5903149176296,1.5,-2.80881936220107));
#3902=CARTESIAN_POINT('Ctrl Pts',(21.5903149176296,1.87394586778176,-2.80881936220107));
#3903=CARTESIAN_POINT('Ctrl Pts',(21.2608372767776,2.7393393525647,-2.89039485688175));
#3904=CARTESIAN_POINT('Ctrl Pts',(20.4178363978347,3.12190730450902,-3.09934573624687));
#3905=CARTESIAN_POINT('Ctrl Pts',(19.9325230414543,3.13089969389958,-3.22002360998961));
#3906=CARTESIAN_POINT('Ctrl Pts',(21.771757804146,1.5,-2.69806989113448));
#3907=CARTESIAN_POINT('Ctrl Pts',(21.771757804146,1.92412747914213,-2.69806989113448));
#3908=CARTESIAN_POINT('Ctrl Pts',(21.4076250300597,2.90614742778209,-2.78111145159648));
#3909=CARTESIAN_POINT('Ctrl Pts',(20.4630366484763,3.36549137612871,-2.9929102416256));
#3910=CARTESIAN_POINT('Ctrl Pts',(19.9064403213884,3.39165958090201,-3.11486973167648));
#3911=CARTESIAN_POINT('Ctrl Pts',(21.8573301809032,1.5,-2.50348228940952));
#3912=CARTESIAN_POINT('Ctrl Pts',(21.8573301809032,1.95643395864421,-2.50348228940952));
#3913=CARTESIAN_POINT('Ctrl Pts',(21.4590153581541,3.01262788872082,-2.57772035982796));
#3914=CARTESIAN_POINT('Ctrl Pts',(20.4357426404473,3.48569602788924,-2.76081764015309));
#3915=CARTESIAN_POINT('Ctrl Pts',(19.8436629462064,3.5,-2.86177939240062));
#3916=CARTESIAN_POINT('Ctrl Pts',(21.8684168954794,1.5,-2.40256997515418));
#3917=CARTESIAN_POINT('Ctrl Pts',(21.8684168954794,1.96503726717199,-2.40256997515418));
#3918=CARTESIAN_POINT('Ctrl Pts',(21.4546166204714,3.04120053659836,-2.47246290027222));
#3919=CARTESIAN_POINT('Ctrl Pts',(20.4060938030831,3.5,-2.64245451098416));
#3920=CARTESIAN_POINT('Ctrl Pts',(19.8121491298383,3.5,-2.73472975941838));
#3921=CARTESIAN_POINT('',(19.9325230414543,3.,-3.22002360998961));
#3922=CARTESIAN_POINT('Origin',(19.8121491298383,3.,-2.73472975941838));
#3923=CARTESIAN_POINT('Ctrl Pts',(21.4917813321982,1.5,-2.83325996265372));
#3924=CARTESIAN_POINT('Ctrl Pts',(21.4917813321982,1.84877795037904,-2.83325996265372));
#3925=CARTESIAN_POINT('Ctrl Pts',(21.17876030223,2.65590040244877,-2.91090274702241));
#3926=CARTESIAN_POINT('Ctrl Pts',(20.3838824935444,3.,-3.10806690019613));
#3927=CARTESIAN_POINT('Ctrl Pts',(19.9325230414543,3.,-3.22002360998961));
#3928=CARTESIAN_POINT('Origin',(11.7471963538492,3.,-4.73518765003842));
#3929=CARTESIAN_POINT('',(16.8588962088955,2.99999999999999,-3.98241630103172));
#3930=CARTESIAN_POINT('Ctrl Pts',(15.5437966462452,3.5,-3.79346620126994));
#3931=CARTESIAN_POINT('Ctrl Pts',(15.5461330795848,3.5,-3.79413801848733));
#3932=CARTESIAN_POINT('Ctrl Pts',(15.5484695112544,3.49999557461386,-3.79480983576082));
#3933=CARTESIAN_POINT('Ctrl Pts',(15.7036233073398,3.49940782590331,-3.83942136081121));
#3934=CARTESIAN_POINT('Ctrl Pts',(15.8558151875624,3.47989903061763,-3.88314653315499));
#3935=CARTESIAN_POINT('Ctrl Pts',(16.1558319681627,3.4037526668879,-3.95691194216493));
#3936=CARTESIAN_POINT('Ctrl Pts',(16.3021345731004,3.34730269464206,-3.98664407714084));
#3937=CARTESIAN_POINT('Ctrl Pts',(16.5997312170618,3.19326349161875,-4.01713170038477));
#3938=CARTESIAN_POINT('Ctrl Pts',(16.737665287746,3.09795526452205,-4.01248682463387));
#3939=CARTESIAN_POINT('Ctrl Pts',(16.8588962088955,3.,-3.98241630103172));
#3940=CARTESIAN_POINT('',(11.8675702654653,3.,-5.22048150060965));
#3941=CARTESIAN_POINT('Origin',(21.8274483162829,0.,-2.75));
#3942=CARTESIAN_POINT('',(17.5943172643897,1.5,-3.8));
#3943=CARTESIAN_POINT('',(17.5943172643897,0.,-3.8));
#3944=CARTESIAN_POINT('Ctrl Pts',(17.5943172643897,1.5,-3.8));
#3945=CARTESIAN_POINT('Ctrl Pts',(17.5943172643897,1.73762051153794,-3.8));
#3946=CARTESIAN_POINT('Ctrl Pts',(17.5362704204775,2.01642278639952,-3.81439813352353));
#3947=CARTESIAN_POINT('Ctrl Pts',(17.3451075052953,2.4638828706341,-3.86181482308044));
#3948=CARTESIAN_POINT('Ctrl Pts',(17.1734076192896,2.70805640190994,-3.90440383771189));
#3949=CARTESIAN_POINT('Ctrl Pts',(16.9529621066737,2.92042142352817,-3.95908388078383));
#3950=CARTESIAN_POINT('Ctrl Pts',(16.9072741989227,2.96091031260645,-3.97041646240025));
#3951=CARTESIAN_POINT('Ctrl Pts',(16.8588962088955,2.99999999999998,-3.98241630103172));
#3952=CARTESIAN_POINT('Origin',(2.34796611208249,0.,-21.3714074205821));
#3953=CARTESIAN_POINT('',(2.40256997515418,1.5,-21.8684168954794));
#3954=CARTESIAN_POINT('',(2.40256997515418,0.,-21.8684168954794));
#3955=CARTESIAN_POINT('',(2.83325996265372,1.5,-21.4917813321982));
#3956=CARTESIAN_POINT('Origin',(2.34796611208249,1.5,-21.3714074205821));
#3957=CARTESIAN_POINT('',(2.83325996265372,0.,-21.4917813321982));
#3958=CARTESIAN_POINT('Ctrl Pts',(3.22002360998961,3.,-19.9325230414543));
#3959=CARTESIAN_POINT('Ctrl Pts',(3.1360560776445,3.,-20.2710426305219));
#3960=CARTESIAN_POINT('Ctrl Pts',(2.99578364704106,2.8206864129617,-20.8365584226285));
#3961=CARTESIAN_POINT('Ctrl Pts',(2.86178378106142,2.1966507190972,-21.3767860356075));
#3962=CARTESIAN_POINT('Ctrl Pts',(2.83325996265372,1.73251863358603,-21.4917813321982));
#3963=CARTESIAN_POINT('Ctrl Pts',(2.83325996265372,1.5,-21.4917813321982));
#3964=CARTESIAN_POINT('Ctrl Pts',(3.22002360998961,3.13089969389958,-19.9325230414543));
#3965=CARTESIAN_POINT('Ctrl Pts',(3.12951520468258,3.12415540185666,-20.2965080587395));
#3966=CARTESIAN_POINT('Ctrl Pts',(2.98047054957311,2.92145904175981,-20.8984104190827));
#3967=CARTESIAN_POINT('Ctrl Pts',(2.8387094773708,2.24691960245474,-21.4691317146988));
#3968=CARTESIAN_POINT('Ctrl Pts',(2.80881936220108,1.74929724518785,-21.5903149176296));
#3969=CARTESIAN_POINT('Ctrl Pts',(2.80881936220108,1.5,-21.5903149176296));
#3970=CARTESIAN_POINT('Ctrl Pts',(3.11486973167649,3.39165958090201,-19.9064403213885));
#3971=CARTESIAN_POINT('Ctrl Pts',(3.0234001141384,3.37203342732204,-20.323887566704));
#3972=CARTESIAN_POINT('Ctrl Pts',(2.87209580339687,3.12245270888843,-21.0024290531175));
#3973=CARTESIAN_POINT('Ctrl Pts',(2.72864132338058,2.34751489302009,-21.6375706422267));
#3974=CARTESIAN_POINT('Ctrl Pts',(2.69806989113448,1.78275165276145,-21.771757804146));
#3975=CARTESIAN_POINT('Ctrl Pts',(2.69806989113448,1.5,-21.771757804146));
#3976=CARTESIAN_POINT('Ctrl Pts',(2.86177939240062,3.5,-19.8436629462064));
#3977=CARTESIAN_POINT('Ctrl Pts',(2.78605807821508,3.48927202091693,-20.2877227168867));
#3978=CARTESIAN_POINT('Ctrl Pts',(2.65695604253869,3.23763913556042,-21.0192069185935));
#3979=CARTESIAN_POINT('Ctrl Pts',(2.53059686009636,2.41148895874188,-21.7108007391488));
#3980=CARTESIAN_POINT('Ctrl Pts',(2.50348228940952,1.80428930576285,-21.8573301809032));
#3981=CARTESIAN_POINT('Ctrl Pts',(2.50348228940952,1.5,-21.8573301809032));
#3982=CARTESIAN_POINT('Ctrl Pts',(2.73472975941838,3.5,-19.8121491298383));
#3983=CARTESIAN_POINT('Ctrl Pts',(2.66552332309282,3.5,-20.2576076347715));
#3984=CARTESIAN_POINT('Ctrl Pts',(2.54614280358476,3.26091521728226,-21.0030642096771));
#3985=CARTESIAN_POINT('Ctrl Pts',(2.42806419176957,2.42886762546293,-21.7164539309935));
#3986=CARTESIAN_POINT('Ctrl Pts',(2.40256997515418,1.81002484478137,-21.8684168954794));
#3987=CARTESIAN_POINT('Ctrl Pts',(2.40256997515418,1.5,-21.8684168954794));
#3988=CARTESIAN_POINT('',(2.73472975941838,3.5,-19.8121491298383));
#3989=CARTESIAN_POINT('Ctrl Pts',(2.40256997515418,1.5,-21.8684168954794));
#3990=CARTESIAN_POINT('Ctrl Pts',(2.40256997515418,1.81002484478137,-21.8684168954794));
#3991=CARTESIAN_POINT('Ctrl Pts',(2.42806419176957,2.42886762546293,-21.7164539309935));
#3992=CARTESIAN_POINT('Ctrl Pts',(2.54614280358476,3.26091521728226,-21.0030642096771));
#3993=CARTESIAN_POINT('Ctrl Pts',(2.66552332309282,3.5,-20.2576076347715));
#3994=CARTESIAN_POINT('Ctrl Pts',(2.73472975941838,3.5,-19.8121491298383));
#3995=CARTESIAN_POINT('',(3.22002360998961,3.,-19.9325230414543));
#3996=CARTESIAN_POINT('Origin',(2.73472975941838,3.,-19.8121491298383));
#3997=CARTESIAN_POINT('Ctrl Pts',(3.22002360998961,3.,-19.9325230414543));
#3998=CARTESIAN_POINT('Ctrl Pts',(3.1360560776445,3.,-20.2710426305219));
#3999=CARTESIAN_POINT('Ctrl Pts',(2.99578364704106,2.8206864129617,-20.8365584226285));
#4000=CARTESIAN_POINT('Ctrl Pts',(2.86178378106142,2.1966507190972,-21.3767860356075));
#4001=CARTESIAN_POINT('Ctrl Pts',(2.83325996265372,1.73251863358603,-21.4917813321982));
#4002=CARTESIAN_POINT('Ctrl Pts',(2.83325996265372,1.5,-21.4917813321982));
#4003=CARTESIAN_POINT('Origin',(5.26018765003842,3.,-9.63063082790264));
#4004=CARTESIAN_POINT('',(3.79346620126994,3.5,-15.5437966462452));
#4005=CARTESIAN_POINT('',(3.98241630103172,2.99999999999999,-16.8588962088955));
#4006=CARTESIAN_POINT('Ctrl Pts',(3.98241630103172,2.99999999999999,-16.8588962088955));
#4007=CARTESIAN_POINT('Ctrl Pts',(4.01248682463373,3.0979552645216,-16.7376652877466));
#4008=CARTESIAN_POINT('Ctrl Pts',(4.01713170038484,3.19326349161838,-16.5997312170625));
#4009=CARTESIAN_POINT('Ctrl Pts',(3.98664407714084,3.34730269464206,-16.3021345731004));
#4010=CARTESIAN_POINT('Ctrl Pts',(3.95691194216494,3.40375266688789,-16.1558319681628));
#4011=CARTESIAN_POINT('Ctrl Pts',(3.88314653315504,3.47989903061757,-15.8558151875627));
#4012=CARTESIAN_POINT('Ctrl Pts',(3.83942136081152,3.49940782590331,-15.7036233073397));
#4013=CARTESIAN_POINT('Ctrl Pts',(3.79480983576082,3.49999557461386,-15.5484695112544));
#4014=CARTESIAN_POINT('Ctrl Pts',(3.79413801848732,3.5,-15.5461330795848));
#4015=CARTESIAN_POINT('Ctrl Pts',(3.79346620126994,3.5,-15.5437966462452));
#4016=CARTESIAN_POINT('',(5.74548150060965,3.,-9.7510047395187));
#4017=CARTESIAN_POINT('',(5.26018765003842,3.5,-9.63063082790264));
#4018=CARTESIAN_POINT('Origin',(0.,3.5,0.));
#4019=CARTESIAN_POINT('',(4.39723834528539,3.5,-15.3838972609268));
#4020=CARTESIAN_POINT('Origin',(0.,3.5,0.));
#4021=CARTESIAN_POINT('',(1.74205696987896,3.5,-19.9239864864865));
#4022=CARTESIAN_POINT('Origin',(0.,3.5,0.));
#4023=CARTESIAN_POINT('',(-2.25,3.5,-18.5));
#4024=CARTESIAN_POINT('Origin',(1.1327982892113E-15,3.5,-18.5));
#4025=CARTESIAN_POINT('',(-1.74205696987896,3.5,-19.9239864864865));
#4026=CARTESIAN_POINT('Origin',(1.1327982892113E-15,3.5,-18.5));
#4027=CARTESIAN_POINT('',(-2.73472975941838,3.5,-19.8121491298383));
#4028=CARTESIAN_POINT('Origin',(0.,3.5,0.));
#4029=CARTESIAN_POINT('',(-3.79346620126994,3.5,-15.5437966462452));
#4030=CARTESIAN_POINT('',(-4.73518765003842,3.5,-11.7471963538492));
#4031=CARTESIAN_POINT('',(-4.39723834528542,3.5,-15.383897260927));
#4032=CARTESIAN_POINT('Origin',(0.,3.5,0.));
#4033=CARTESIAN_POINT('',(-3.40297605605572,3.5,-9.66760158993989));
#4034=CARTESIAN_POINT('',(-3.20163125678861,3.5,-8.51001327859197));
#4035=CARTESIAN_POINT('',(-3.8352888229978,3.5,-9.23528882299781));
#4036=CARTESIAN_POINT('',(-5.1852888229978,3.5,-7.8852888229978));
#4037=CARTESIAN_POINT('',(-1.11022302462516E-15,3.5,-5.40000000000001));
#4038=CARTESIAN_POINT('',(1.35,3.5,-4.05000000000001));
#4039=CARTESIAN_POINT('',(3.8352888229978,3.5,-9.2352888229978));
#4040=CARTESIAN_POINT('',(0.5676444114989,3.5,-5.96764441149891));
#4041=CARTESIAN_POINT('',(3.40297605605572,3.5,-9.66760158993988));
#4042=CARTESIAN_POINT('',(7.8852888229978,3.5,-5.1852888229978));
#4043=CARTESIAN_POINT('',(2.50678958812661,3.5,-4.51517160992995));
#4044=CARTESIAN_POINT('Origin',(0.,1.5,0.));
#4045=CARTESIAN_POINT('',(-2.40256997515418,1.5,-21.8684168954794));
#4046=CARTESIAN_POINT('Origin',(0.,1.5,0.));
#4047=CARTESIAN_POINT('Ctrl Pts',(-2.73472975941838,3.5,-19.8121491298383));
#4048=CARTESIAN_POINT('Ctrl Pts',(-2.66552332309283,3.5,-20.2576076347714));
#4049=CARTESIAN_POINT('Ctrl Pts',(-2.54614280358476,3.26091521728227,-21.0030642096771));
#4050=CARTESIAN_POINT('Ctrl Pts',(-2.42806419176958,2.42886762546295,-21.7164539309935));
#4051=CARTESIAN_POINT('Ctrl Pts',(-2.40256997515418,1.81002484478137,-21.8684168954794));
#4052=CARTESIAN_POINT('Ctrl Pts',(-2.40256997515418,1.5,-21.8684168954794));
#4053=CARTESIAN_POINT('Ctrl Pts',(-1.74205696987896,3.5,-19.9239864864865));
#4054=CARTESIAN_POINT('Ctrl Pts',(-1.59427545073775,3.5,-20.1047774054189));
#4055=CARTESIAN_POINT('Ctrl Pts',(-1.41923923840229,3.47931233517186,-20.2614307975492));
#4056=CARTESIAN_POINT('Ctrl Pts',(-0.982275818132959,3.42355204352823,-20.5445741230412));
#4057=CARTESIAN_POINT('Ctrl Pts',(-0.703784935477588,3.38548087044058,-20.6593954320635));
#4058=CARTESIAN_POINT('Ctrl Pts',(-0.119720679309816,3.34930906447726,-20.7646854615331));
#4059=CARTESIAN_POINT('Ctrl Pts',(0.16453262804965,3.3504878956892,-20.7618468109888));
#4060=CARTESIAN_POINT('Ctrl Pts',(0.725887008315826,3.38874928850025,-20.6491823296555));
#4061=CARTESIAN_POINT('Ctrl Pts',(0.985728005569236,3.4239186668994,-20.5405243468111));
#4062=CARTESIAN_POINT('Ctrl Pts',(1.41324339391459,3.47860906576269,-20.2668349348716));
#4063=CARTESIAN_POINT('Ctrl Pts',(1.59181635015524,3.5,-20.107785786011));
#4064=CARTESIAN_POINT('Ctrl Pts',(1.74205696987896,3.5,-19.9239864864865));
#4065=CARTESIAN_POINT('Origin',(0.,0.,0.));
#4066=CARTESIAN_POINT('',(-2.40256997515418,0.,-21.8684168954794));
#4067=CARTESIAN_POINT('Origin',(-2.34796611208249,0.,-21.3714074205821));
#4068=CARTESIAN_POINT('',(-2.83325996265372,1.5,-21.4917813321982));
#4069=CARTESIAN_POINT('',(-2.83325996265372,0.,-21.4917813321982));
#4070=CARTESIAN_POINT('Origin',(-2.34796611208249,1.5,-21.3714074205821));
#4071=CARTESIAN_POINT('Ctrl Pts',(-2.83325996265372,1.5,-21.4917813321982));
#4072=CARTESIAN_POINT('Ctrl Pts',(-2.83325996265372,1.73251863358602,-21.4917813321982));
#4073=CARTESIAN_POINT('Ctrl Pts',(-2.86178378106142,2.19665071909721,-21.3767860356075));
#4074=CARTESIAN_POINT('Ctrl Pts',(-2.99578364704106,2.8206864129617,-20.8365584226285));
#4075=CARTESIAN_POINT('Ctrl Pts',(-3.1360560776445,3.,-20.2710426305219));
#4076=CARTESIAN_POINT('Ctrl Pts',(-3.22002360998961,3.,-19.9325230414543));
#4077=CARTESIAN_POINT('Ctrl Pts',(-2.80881936220107,1.5,-21.5903149176296));
#4078=CARTESIAN_POINT('Ctrl Pts',(-2.80881936220107,1.74929724518785,-21.5903149176296));
#4079=CARTESIAN_POINT('Ctrl Pts',(-2.8387094773708,2.24691960245475,-21.4691317146988));
#4080=CARTESIAN_POINT('Ctrl Pts',(-2.98047054957311,2.9214590417598,-20.8984104190827));
#4081=CARTESIAN_POINT('Ctrl Pts',(-3.12951520468258,3.12415540185666,-20.2965080587395));
#4082=CARTESIAN_POINT('Ctrl Pts',(-3.22002360998961,3.13089969389958,-19.9325230414543));
#4083=CARTESIAN_POINT('Ctrl Pts',(-2.69806989113448,1.5,-21.771757804146));
#4084=CARTESIAN_POINT('Ctrl Pts',(-2.69806989113448,1.78275165276145,-21.771757804146));
#4085=CARTESIAN_POINT('Ctrl Pts',(-2.72864132338058,2.3475148930201,-21.6375706422267));
#4086=CARTESIAN_POINT('Ctrl Pts',(-2.87209580339687,3.12245270888843,-21.0024290531176));
#4087=CARTESIAN_POINT('Ctrl Pts',(-3.0234001141384,3.37203342732204,-20.323887566704));
#4088=CARTESIAN_POINT('Ctrl Pts',(-3.11486973167648,3.39165958090201,-19.9064403213884));
#4089=CARTESIAN_POINT('Ctrl Pts',(-2.50348228940952,1.5,-21.8573301809032));
#4090=CARTESIAN_POINT('Ctrl Pts',(-2.50348228940952,1.80428930576285,-21.8573301809032));
#4091=CARTESIAN_POINT('Ctrl Pts',(-2.53059686009636,2.4114889587419,-21.7108007391488));
#4092=CARTESIAN_POINT('Ctrl Pts',(-2.65695604253868,3.23763913556042,-21.0192069185935));
#4093=CARTESIAN_POINT('Ctrl Pts',(-2.78605807821509,3.48927202091693,-20.2877227168866));
#4094=CARTESIAN_POINT('Ctrl Pts',(-2.86177939240062,3.5,-19.8436629462063));
#4095=CARTESIAN_POINT('Ctrl Pts',(-2.40256997515418,1.5,-21.8684168954794));
#4096=CARTESIAN_POINT('Ctrl Pts',(-2.40256997515418,1.81002484478137,-21.8684168954794));
#4097=CARTESIAN_POINT('Ctrl Pts',(-2.42806419176958,2.42886762546295,-21.7164539309935));
#4098=CARTESIAN_POINT('Ctrl Pts',(-2.54614280358476,3.26091521728227,-21.0030642096771));
#4099=CARTESIAN_POINT('Ctrl Pts',(-2.66552332309283,3.5,-20.2576076347714));
#4100=CARTESIAN_POINT('Ctrl Pts',(-2.73472975941838,3.5,-19.8121491298383));
#4101=CARTESIAN_POINT('',(-3.22002360998961,3.,-19.9325230414543));
#4102=CARTESIAN_POINT('Origin',(-2.73472975941838,3.,-19.8121491298383));
#4103=CARTESIAN_POINT('Ctrl Pts',(-2.83325996265372,1.5,-21.4917813321982));
#4104=CARTESIAN_POINT('Ctrl Pts',(-2.83325996265372,1.73251863358602,-21.4917813321982));
#4105=CARTESIAN_POINT('Ctrl Pts',(-2.86178378106142,2.19665071909721,-21.3767860356075));
#4106=CARTESIAN_POINT('Ctrl Pts',(-2.99578364704106,2.8206864129617,-20.8365584226285));
#4107=CARTESIAN_POINT('Ctrl Pts',(-3.1360560776445,3.,-20.2710426305219));
#4108=CARTESIAN_POINT('Ctrl Pts',(-3.22002360998961,3.,-19.9325230414543));
#4109=CARTESIAN_POINT('Origin',(-4.73518765003842,3.,-11.7471963538492));
#4110=CARTESIAN_POINT('',(-3.98241630103172,2.99999999999999,-16.8588962088955));
#4111=CARTESIAN_POINT('Ctrl Pts',(-3.79346620126994,3.5,-15.5437966462452));
#4112=CARTESIAN_POINT('Ctrl Pts',(-3.79413801848732,3.5,-15.5461330795848));
#4113=CARTESIAN_POINT('Ctrl Pts',(-3.79480983576082,3.49999557461386,-15.5484695112544));
#4114=CARTESIAN_POINT('Ctrl Pts',(-3.83942136081157,3.49940782590331,-15.7036233073393));
#4115=CARTESIAN_POINT('Ctrl Pts',(-3.88314653315505,3.47989903061756,-15.8558151875627));
#4116=CARTESIAN_POINT('Ctrl Pts',(-3.95691194216494,3.40375266688789,-16.1558319681628));
#4117=CARTESIAN_POINT('Ctrl Pts',(-3.98664407714084,3.34730269464205,-16.3021345731004));
#4118=CARTESIAN_POINT('Ctrl Pts',(-4.01713170038488,3.19326349161817,-16.599731217063));
#4119=CARTESIAN_POINT('Ctrl Pts',(-4.01248682463365,3.09795526452134,-16.7376652877469));
#4120=CARTESIAN_POINT('Ctrl Pts',(-3.98241630103171,2.99999999999998,-16.8588962088955));
#4121=CARTESIAN_POINT('',(-5.22048150060965,3.,-11.8675702654653));
#4122=CARTESIAN_POINT('Origin',(-2.75,0.,-21.8274483162829));
#4123=CARTESIAN_POINT('',(-3.8,1.5,-17.5943172643897));
#4124=CARTESIAN_POINT('',(-3.8,0.,-17.5943172643897));
#4125=CARTESIAN_POINT('Ctrl Pts',(-3.8,1.5,-17.5943172643897));
#4126=CARTESIAN_POINT('Ctrl Pts',(-3.8,1.73762051153794,-17.5943172643897));
#4127=CARTESIAN_POINT('Ctrl Pts',(-3.81439813352353,2.01642278639952,-17.5362704204775));
#4128=CARTESIAN_POINT('Ctrl Pts',(-3.86181482308044,2.4638828706341,-17.3451075052953));
#4129=CARTESIAN_POINT('Ctrl Pts',(-3.90440383771189,2.70805640190994,-17.1734076192896));
#4130=CARTESIAN_POINT('Ctrl Pts',(-3.95908388078383,2.92042142352817,-16.9529621066737));
#4131=CARTESIAN_POINT('Ctrl Pts',(-3.97041646240025,2.96091031260645,-16.9072741989227));
#4132=CARTESIAN_POINT('Ctrl Pts',(-3.98241630103172,2.99999999999998,-16.8588962088955));
#4133=CARTESIAN_POINT('Origin',(-4.65561174933027,0.,-16.869359182835));
#4134=CARTESIAN_POINT('',(-5.14821582408307,1.5,-16.7836782308273));
#4135=CARTESIAN_POINT('',(-5.14821582408307,0.,-16.7836782308273));
#4136=CARTESIAN_POINT('',(-4.78862922788257,1.5,-17.3513408737731));
#4137=CARTESIAN_POINT('Origin',(-4.65561174933027,1.5,-16.869359182835));
#4138=CARTESIAN_POINT('',(-4.78862922788257,0.,-17.3513408737731));
#4139=CARTESIAN_POINT('Ctrl Pts',(-5.14821582408307,1.5,-16.7836782308273));
#4140=CARTESIAN_POINT('Ctrl Pts',(-5.14821582408307,1.83747044218147,-16.7836782308273));
#4141=CARTESIAN_POINT('Ctrl Pts',(-5.1005945137505,2.6255948538296,-16.5098898220245));
#4142=CARTESIAN_POINT('Ctrl Pts',(-4.96694852339975,2.9999999999999,-15.7415211487254));
#4143=CARTESIAN_POINT('Ctrl Pts',(-4.88984242003825,3.,-15.2982163089195));
#4144=CARTESIAN_POINT('Ctrl Pts',(-5.16926093331999,1.5,-16.9046725279354));
#4145=CARTESIAN_POINT('Ctrl Pts',(-5.16926093331999,1.86527002766721,-16.9046725279354));
#4146=CARTESIAN_POINT('Ctrl Pts',(-5.11797299565219,2.71822957915826,-16.6100615834665));
#4147=CARTESIAN_POINT('Ctrl Pts',(-4.97352933380022,3.1282390100199,-15.7798573834629));
#4148=CARTESIAN_POINT('Ctrl Pts',(-4.88984242003825,3.13089969389957,-15.2982163089195));
#4149=CARTESIAN_POINT('Ctrl Pts',(-5.11787309728447,1.5,-17.1621791996733));
#4150=CARTESIAN_POINT('Ctrl Pts',(-5.11787309728447,1.92049519749368,-17.1621791996733));
#4151=CARTESIAN_POINT('Ctrl Pts',(-5.05728713354349,2.90271636534748,-16.8261525801103));
#4152=CARTESIAN_POINT('Ctrl Pts',(-4.88465762386401,3.38392925938574,-15.8735846062641));
#4153=CARTESIAN_POINT('Ctrl Pts',(-4.7831167458274,3.39167195352126,-15.3167796092224));
#4154=CARTESIAN_POINT('Ctrl Pts',(-4.90701443601003,1.5,-17.3186688819131));
#4155=CARTESIAN_POINT('Ctrl Pts',(-4.90701443601003,1.94744910455966,-17.3186688819131));
#4156=CARTESIAN_POINT('Ctrl Pts',(-4.83816733709032,2.9920458256369,-16.9601740634196));
#4157=CARTESIAN_POINT('Ctrl Pts',(-4.6417610560652,3.49576771574749,-15.9489274062631));
#4158=CARTESIAN_POINT('Ctrl Pts',(-4.52620179048313,3.5,-15.3614660401456));
#4159=CARTESIAN_POINT('Ctrl Pts',(-4.78862922788257,1.5,-17.3513408737731));
#4160=CARTESIAN_POINT('Ctrl Pts',(-4.78862922788257,1.94996058957531,-17.3513408737731));
#4161=CARTESIAN_POINT('Ctrl Pts',(-4.71744183711991,3.00079313843946,-16.988401014956));
#4162=CARTESIAN_POINT('Ctrl Pts',(-4.51533272201859,3.49999999999987,-15.9706010563816));
#4163=CARTESIAN_POINT('Ctrl Pts',(-4.39723834528548,3.5,-15.3838972609273));
#4164=CARTESIAN_POINT('',(-4.88984242003825,3.,-15.2982163089195));
#4165=CARTESIAN_POINT('Origin',(-4.39723834528545,3.,-15.3838972609271));
#4166=CARTESIAN_POINT('Ctrl Pts',(-4.39723834528548,3.5,-15.3838972609273));
#4167=CARTESIAN_POINT('Ctrl Pts',(-4.51533272201859,3.49999999999987,-15.9706010563816));
#4168=CARTESIAN_POINT('Ctrl Pts',(-4.71744183711991,3.00079313843946,-16.988401014956));
#4169=CARTESIAN_POINT('Ctrl Pts',(-4.78862922788257,1.94996058957531,-17.3513408737731));
#4170=CARTESIAN_POINT('Ctrl Pts',(-4.78862922788257,1.5,-17.3513408737731));
#4171=CARTESIAN_POINT('Ctrl Pts',(-5.14821582408307,1.5,-16.7836782308273));
#4172=CARTESIAN_POINT('Ctrl Pts',(-5.14821582408307,1.83747044218147,-16.7836782308273));
#4173=CARTESIAN_POINT('Ctrl Pts',(-5.1005945137505,2.6255948538296,-16.5098898220245));
#4174=CARTESIAN_POINT('Ctrl Pts',(-4.96694852339975,2.9999999999999,-15.7415211487254));
#4175=CARTESIAN_POINT('Ctrl Pts',(-4.88984242003825,3.,-15.2982163089195));
#4176=CARTESIAN_POINT('Origin',(-3.20163125678861,3.,-8.51001327859197));
#4177=CARTESIAN_POINT('',(-3.8352888229978,3.,-9.23528882299781));
#4178=CARTESIAN_POINT('Origin',(-3.40297605605572,3.,-9.66760158993989));
#4179=CARTESIAN_POINT('',(-3.69423533154141,3.,-8.42433232658428));
#4180=CARTESIAN_POINT('Origin',(-5.22497216032182,3.5,-17.2249721603218));
#4181=CARTESIAN_POINT('',(-3.8352888229978,3.5,-9.23528882299781));
#4182=CARTESIAN_POINT('Origin',(-16.869359182835,0.,4.65561174933027));
#4183=CARTESIAN_POINT('',(-16.7836782308273,1.5,5.14821582408307));
#4184=CARTESIAN_POINT('',(-16.7836782308273,0.,5.14821582408307));
#4185=CARTESIAN_POINT('',(-17.3513408737731,1.5,4.78862922788257));
#4186=CARTESIAN_POINT('Origin',(-16.869359182835,1.5,4.65561174933027));
#4187=CARTESIAN_POINT('',(-17.3513408737731,0.,4.78862922788257));
#4188=CARTESIAN_POINT('Ctrl Pts',(-16.7836782308273,1.5,5.14821582408307));
#4189=CARTESIAN_POINT('Ctrl Pts',(-16.7836782308273,1.83747044218147,5.14821582408307));
#4190=CARTESIAN_POINT('Ctrl Pts',(-16.5098898220245,2.6255948538296,5.1005945137505));
#4191=CARTESIAN_POINT('Ctrl Pts',(-15.7415211487254,2.9999999999999,4.96694852339975));
#4192=CARTESIAN_POINT('Ctrl Pts',(-15.2982163089195,3.,4.88984242003825));
#4193=CARTESIAN_POINT('Ctrl Pts',(-16.9046725279354,1.5,5.16926093331999));
#4194=CARTESIAN_POINT('Ctrl Pts',(-16.9046725279354,1.86527002766721,5.16926093331999));
#4195=CARTESIAN_POINT('Ctrl Pts',(-16.6100615834664,2.71822957915825,5.11797299565218));
#4196=CARTESIAN_POINT('Ctrl Pts',(-15.779857383463,3.1282390100199,4.97352933380024));
#4197=CARTESIAN_POINT('Ctrl Pts',(-15.2982163089195,3.13089969389957,4.88984242003825));
#4198=CARTESIAN_POINT('Ctrl Pts',(-17.1621791996733,1.5,5.11787309728447));
#4199=CARTESIAN_POINT('Ctrl Pts',(-17.1621791996733,1.92049519749368,5.11787309728447));
#4200=CARTESIAN_POINT('Ctrl Pts',(-16.8261525801102,2.90271636534748,5.05728713354348));
#4201=CARTESIAN_POINT('Ctrl Pts',(-15.8735846062644,3.38392925938574,4.88465762386408));
#4202=CARTESIAN_POINT('Ctrl Pts',(-15.3167796092224,3.39167195352126,4.7831167458274));
#4203=CARTESIAN_POINT('Ctrl Pts',(-17.3186688819131,1.5,4.90701443601003));
#4204=CARTESIAN_POINT('Ctrl Pts',(-17.3186688819131,1.94744910455966,4.90701443601003));
#4205=CARTESIAN_POINT('Ctrl Pts',(-16.9601740634194,2.99204582563691,4.83816733709029));
#4206=CARTESIAN_POINT('Ctrl Pts',(-15.9489274062636,3.49576771574749,4.64176105606529));
#4207=CARTESIAN_POINT('Ctrl Pts',(-15.3614660401456,3.5,4.52620179048313));
#4208=CARTESIAN_POINT('Ctrl Pts',(-17.3513408737731,1.5,4.78862922788257));
#4209=CARTESIAN_POINT('Ctrl Pts',(-17.3513408737731,1.94996058957531,4.78862922788257));
#4210=CARTESIAN_POINT('Ctrl Pts',(-16.9884010149559,3.00079313843946,4.71744183711989));
#4211=CARTESIAN_POINT('Ctrl Pts',(-15.9706010563821,3.49999999999987,4.51533272201867));
#4212=CARTESIAN_POINT('Ctrl Pts',(-15.3838972609273,3.5,4.39723834528548));
#4213=CARTESIAN_POINT('',(-15.2982163089195,3.,4.88984242003825));
#4214=CARTESIAN_POINT('Origin',(-15.3838972609271,3.,4.39723834528545));
#4215=CARTESIAN_POINT('Ctrl Pts',(-15.3838972609273,3.5,4.39723834528548));
#4216=CARTESIAN_POINT('Ctrl Pts',(-15.9706010563821,3.49999999999987,4.51533272201867));
#4217=CARTESIAN_POINT('Ctrl Pts',(-16.9884010149559,3.00079313843946,4.71744183711989));
#4218=CARTESIAN_POINT('Ctrl Pts',(-17.3513408737731,1.94996058957531,4.78862922788257));
#4219=CARTESIAN_POINT('Ctrl Pts',(-17.3513408737731,1.5,4.78862922788257));
#4220=CARTESIAN_POINT('Ctrl Pts',(-16.7836782308273,1.5,5.14821582408307));
#4221=CARTESIAN_POINT('Ctrl Pts',(-16.7836782308273,1.83747044218147,5.14821582408307));
#4222=CARTESIAN_POINT('Ctrl Pts',(-16.5098898220245,2.6255948538296,5.1005945137505));
#4223=CARTESIAN_POINT('Ctrl Pts',(-15.7415211487254,2.9999999999999,4.96694852339975));
#4224=CARTESIAN_POINT('Ctrl Pts',(-15.2982163089195,3.,4.88984242003825));
#4225=CARTESIAN_POINT('Origin',(-8.51001327859197,3.,3.20163125678861));
#4226=CARTESIAN_POINT('',(-9.23528882299781,3.,3.8352888229978));
#4227=CARTESIAN_POINT('Origin',(-9.66760158993989,3.,3.40297605605572));
#4228=CARTESIAN_POINT('',(-8.42433232658428,3.,3.69423533154141));
#4229=CARTESIAN_POINT('Origin',(-17.2249721603218,3.5,5.22497216032182));
#4230=CARTESIAN_POINT('',(-9.23528882299781,3.5,3.8352888229978));
#4231=CARTESIAN_POINT('Origin',(-4.51517160992995,3.,-2.50678958812661));
#4232=CARTESIAN_POINT('',(-9.2352888229978,3.,-3.8352888229978));
#4233=CARTESIAN_POINT('Origin',(-9.66760158993988,3.,-3.40297605605572));
#4234=CARTESIAN_POINT('',(-15.2982163089191,3.,-4.88984242003819));
#4235=CARTESIAN_POINT('',(-4.42949065792226,3.,-2.9993936628794));
#4236=CARTESIAN_POINT('Origin',(-15.3838972609268,3.,-4.39723834528539));
#4237=CARTESIAN_POINT('Ctrl Pts',(-15.2982163089191,3.,-4.88984242003819));
#4238=CARTESIAN_POINT('Ctrl Pts',(-15.6306905272238,3.,-4.94767123023764));
#4239=CARTESIAN_POINT('Ctrl Pts',(-16.4081457577314,2.7276738346454,-5.0828976883758));
#4240=CARTESIAN_POINT('Ctrl Pts',(-16.7836782308273,1.94995461919601,-5.14821582408306));
#4241=CARTESIAN_POINT('Ctrl Pts',(-16.7836782308273,1.5,-5.14821582408306));
#4242=CARTESIAN_POINT('Ctrl Pts',(-15.2982163089191,3.13089969389957,-4.88984242003819));
#4243=CARTESIAN_POINT('Ctrl Pts',(-15.6594423217738,3.1289042074677,-4.95260677254903));
#4244=CARTESIAN_POINT('Ctrl Pts',(-16.5006421355859,2.82905549184264,-5.09888365992522));
#4245=CARTESIAN_POINT('Ctrl Pts',(-16.9046725279354,1.98702024135893,-5.16926093331998));
#4246=CARTESIAN_POINT('Ctrl Pts',(-16.9046725279354,1.5,-5.16926093331998));
#4247=CARTESIAN_POINT('Ctrl Pts',(-15.3167796092213,3.39167195352515,-4.78311674583115));
#4248=CARTESIAN_POINT('Ctrl Pts',(-15.7343778159556,3.38586500997505,-4.85927139387419));
#4249=CARTESIAN_POINT('Ctrl Pts',(-16.7012851287559,3.03126126894038,-5.03479147335632));
#4250=CARTESIAN_POINT('Ctrl Pts',(-17.1621791996756,2.06065282410806,-5.11787309728811));
#4251=CARTESIAN_POINT('Ctrl Pts',(-17.1621791996756,1.5,-5.11787309728811));
#4252=CARTESIAN_POINT('Ctrl Pts',(-15.3614660401452,3.5,-4.52620179048304));
#4253=CARTESIAN_POINT('Ctrl Pts',(-15.8020562186094,3.49682582892831,-4.61287008968115));
#4254=CARTESIAN_POINT('Ctrl Pts',(-16.8271123453133,3.12776021382584,-4.81260704435594));
#4255=CARTESIAN_POINT('Ctrl Pts',(-17.3186688819131,2.096590890006,-4.90701443601003));
#4256=CARTESIAN_POINT('Ctrl Pts',(-17.3186688819131,1.5,-4.90701443601003));
#4257=CARTESIAN_POINT('Ctrl Pts',(-15.3838972609268,3.5,-4.39723834528539));
#4258=CARTESIAN_POINT('Ctrl Pts',(-15.8239192689326,3.5,-4.48580795261861));
#4259=CARTESIAN_POINT('Ctrl Pts',(-16.8535291517815,3.13689844619386,-4.69097470550867));
#4260=CARTESIAN_POINT('Ctrl Pts',(-17.3513408737731,2.09993949226143,-4.78862922788256));
#4261=CARTESIAN_POINT('Ctrl Pts',(-17.3513408737731,1.5,-4.78862922788256));
#4262=CARTESIAN_POINT('',(-16.7836782308273,1.5,-5.14821582408306));
#4263=CARTESIAN_POINT('',(-17.3513408737731,1.5,-4.78862922788256));
#4264=CARTESIAN_POINT('Origin',(-16.869359182835,1.5,-4.65561174933027));
#4265=CARTESIAN_POINT('Ctrl Pts',(-17.3513408737731,1.5,-4.78862922788256));
#4266=CARTESIAN_POINT('Ctrl Pts',(-17.3513408737731,2.09993949226143,-4.78862922788256));
#4267=CARTESIAN_POINT('Ctrl Pts',(-16.8535291517815,3.13689844619386,-4.69097470550867));
#4268=CARTESIAN_POINT('Ctrl Pts',(-15.8239192689326,3.5,-4.48580795261861));
#4269=CARTESIAN_POINT('Ctrl Pts',(-15.3838972609268,3.5,-4.39723834528539));
#4270=CARTESIAN_POINT('Ctrl Pts',(-15.2982163089191,3.,-4.88984242003819));
#4271=CARTESIAN_POINT('Ctrl Pts',(-15.6306905272238,3.,-4.94767123023764));
#4272=CARTESIAN_POINT('Ctrl Pts',(-16.4081457577314,2.7276738346454,-5.0828976883758));
#4273=CARTESIAN_POINT('Ctrl Pts',(-16.7836782308273,1.94995461919601,-5.14821582408306));
#4274=CARTESIAN_POINT('Ctrl Pts',(-16.7836782308273,1.5,-5.14821582408306));
#4275=CARTESIAN_POINT('Origin',(-16.869359182835,0.,-4.65561174933027));
#4276=CARTESIAN_POINT('',(-17.3513408737731,0.,-4.78862922788256));
#4277=CARTESIAN_POINT('',(-16.7836782308273,0.,-5.14821582408306));
#4278=CARTESIAN_POINT('Origin',(0.,1.5,0.));
#4279=CARTESIAN_POINT('',(-17.5943172643897,1.5,-3.8));
#4280=CARTESIAN_POINT('Origin',(0.,1.5,0.));
#4281=CARTESIAN_POINT('Ctrl Pts',(-16.8588962088955,2.99999999999999,-3.98241630103172));
#4282=CARTESIAN_POINT('Ctrl Pts',(-16.9072741989227,2.96091031260646,-3.97041646240025));
#4283=CARTESIAN_POINT('Ctrl Pts',(-16.9529621066737,2.92042142352817,-3.95908388078384));
#4284=CARTESIAN_POINT('Ctrl Pts',(-17.1734076192896,2.70805640190994,-3.9044038377119));
#4285=CARTESIAN_POINT('Ctrl Pts',(-17.3451075052953,2.4638828706341,-3.86181482308045));
#4286=CARTESIAN_POINT('Ctrl Pts',(-17.5362704204775,2.01642278639952,-3.81439813352353));
#4287=CARTESIAN_POINT('Ctrl Pts',(-17.5943172643897,1.73762051153794,-3.8));
#4288=CARTESIAN_POINT('Ctrl Pts',(-17.5943172643897,1.5,-3.8));
#4289=CARTESIAN_POINT('Origin',(0.,0.,0.));
#4290=CARTESIAN_POINT('',(-17.5943172643897,0.,-3.8));
#4291=CARTESIAN_POINT('Origin',(16.869359182835,0.,-4.65561174933027));
#4292=CARTESIAN_POINT('',(16.7836782308273,1.5,-5.14821582408306));
#4293=CARTESIAN_POINT('',(16.7836782308273,0.,-5.14821582408306));
#4294=CARTESIAN_POINT('',(17.3513408737731,1.5,-4.78862922788257));
#4295=CARTESIAN_POINT('Origin',(16.869359182835,1.5,-4.65561174933027));
#4296=CARTESIAN_POINT('',(17.3513408737731,0.,-4.78862922788257));
#4297=CARTESIAN_POINT('Ctrl Pts',(16.7836782308273,1.5,-5.14821582408307));
#4298=CARTESIAN_POINT('Ctrl Pts',(16.7836782308273,1.83747044218147,-5.14821582408307));
#4299=CARTESIAN_POINT('Ctrl Pts',(16.5098898220245,2.6255948538296,-5.1005945137505));
#4300=CARTESIAN_POINT('Ctrl Pts',(15.7415211487254,2.9999999999999,-4.96694852339975));
#4301=CARTESIAN_POINT('Ctrl Pts',(15.2982163089195,3.,-4.88984242003824));
#4302=CARTESIAN_POINT('Ctrl Pts',(16.9046725279354,1.5,-5.16926093331999));
#4303=CARTESIAN_POINT('Ctrl Pts',(16.9046725279354,1.86527002766721,-5.16926093331999));
#4304=CARTESIAN_POINT('Ctrl Pts',(16.6100615834664,2.71822957915825,-5.11797299565218));
#4305=CARTESIAN_POINT('Ctrl Pts',(15.779857383463,3.1282390100199,-4.97352933380022));
#4306=CARTESIAN_POINT('Ctrl Pts',(15.2982163089195,3.13089969389957,-4.88984242003825));
#4307=CARTESIAN_POINT('Ctrl Pts',(17.1621791996733,1.5,-5.11787309728446));
#4308=CARTESIAN_POINT('Ctrl Pts',(17.1621791996733,1.92049519749368,-5.11787309728446));
#4309=CARTESIAN_POINT('Ctrl Pts',(16.8261525801103,2.90271636534748,-5.05728713354348));
#4310=CARTESIAN_POINT('Ctrl Pts',(15.8735846062642,3.38392925938574,-4.88465762386403));
#4311=CARTESIAN_POINT('Ctrl Pts',(15.3167796092224,3.39167195352126,-4.7831167458274));
#4312=CARTESIAN_POINT('Ctrl Pts',(17.3186688819131,1.5,-4.90701443601003));
#4313=CARTESIAN_POINT('Ctrl Pts',(17.3186688819131,1.94744910455966,-4.90701443601003));
#4314=CARTESIAN_POINT('Ctrl Pts',(16.9601740634195,2.9920458256369,-4.8381673370903));
#4315=CARTESIAN_POINT('Ctrl Pts',(15.9489274062633,3.49576771574749,-4.64176105606523));
#4316=CARTESIAN_POINT('Ctrl Pts',(15.3614660401456,3.5,-4.52620179048313));
#4317=CARTESIAN_POINT('Ctrl Pts',(17.3513408737731,1.5,-4.78862922788256));
#4318=CARTESIAN_POINT('Ctrl Pts',(17.3513408737731,1.9499605895753,-4.78862922788256));
#4319=CARTESIAN_POINT('Ctrl Pts',(16.988401014956,3.00079313843945,-4.71744183711989));
#4320=CARTESIAN_POINT('Ctrl Pts',(15.9706010563817,3.49999999999987,-4.51533272201861));
#4321=CARTESIAN_POINT('Ctrl Pts',(15.3838972609273,3.5,-4.39723834528548));
#4322=CARTESIAN_POINT('',(15.2982163089195,3.,-4.88984242003824));
#4323=CARTESIAN_POINT('Origin',(15.3838972609272,3.,-4.39723834528545));
#4324=CARTESIAN_POINT('Ctrl Pts',(15.3838972609273,3.5,-4.39723834528548));
#4325=CARTESIAN_POINT('Ctrl Pts',(15.9706010563817,3.49999999999987,-4.51533272201861));
#4326=CARTESIAN_POINT('Ctrl Pts',(16.988401014956,3.00079313843945,-4.71744183711989));
#4327=CARTESIAN_POINT('Ctrl Pts',(17.3513408737731,1.9499605895753,-4.78862922788256));
#4328=CARTESIAN_POINT('Ctrl Pts',(17.3513408737731,1.5,-4.78862922788256));
#4329=CARTESIAN_POINT('Ctrl Pts',(16.7836782308273,1.5,-5.14821582408307));
#4330=CARTESIAN_POINT('Ctrl Pts',(16.7836782308273,1.83747044218147,-5.14821582408307));
#4331=CARTESIAN_POINT('Ctrl Pts',(16.5098898220245,2.6255948538296,-5.1005945137505));
#4332=CARTESIAN_POINT('Ctrl Pts',(15.7415211487254,2.9999999999999,-4.96694852339975));
#4333=CARTESIAN_POINT('Ctrl Pts',(15.2982163089195,3.,-4.88984242003824));
#4334=CARTESIAN_POINT('Origin',(8.51001327859197,3.,-3.20163125678861));
#4335=CARTESIAN_POINT('',(9.23528882299781,3.,-3.8352888229978));
#4336=CARTESIAN_POINT('Origin',(9.66760158993989,3.,-3.40297605605572));
#4337=CARTESIAN_POINT('',(8.42433232658428,3.,-3.6942353315414));
#4338=CARTESIAN_POINT('Origin',(17.2249721603218,3.5,-5.22497216032182));
#4339=CARTESIAN_POINT('',(9.23528882299781,3.5,-3.8352888229978));
#4340=CARTESIAN_POINT('Origin',(2.50678958812661,3.,-4.51517160992995));
#4341=CARTESIAN_POINT('',(3.8352888229978,3.,-9.2352888229978));
#4342=CARTESIAN_POINT('Origin',(3.40297605605572,3.,-9.66760158993988));
#4343=CARTESIAN_POINT('',(4.88984242003819,3.,-15.2982163089191));
#4344=CARTESIAN_POINT('',(2.9993936628794,3.,-4.42949065792226));
#4345=CARTESIAN_POINT('Origin',(4.39723834528539,3.,-15.3838972609268));
#4346=CARTESIAN_POINT('Ctrl Pts',(4.88984242003819,3.,-15.2982163089191));
#4347=CARTESIAN_POINT('Ctrl Pts',(4.94767123023764,3.,-15.6306905272238));
#4348=CARTESIAN_POINT('Ctrl Pts',(5.0828976883758,2.7276738346454,-16.4081457577314));
#4349=CARTESIAN_POINT('Ctrl Pts',(5.14821582408306,1.94995461919601,-16.7836782308273));
#4350=CARTESIAN_POINT('Ctrl Pts',(5.14821582408306,1.5,-16.7836782308273));
#4351=CARTESIAN_POINT('Ctrl Pts',(4.88984242003819,3.13089969389957,-15.2982163089191));
#4352=CARTESIAN_POINT('Ctrl Pts',(4.95260677254903,3.1289042074677,-15.6594423217738));
#4353=CARTESIAN_POINT('Ctrl Pts',(5.09888365992521,2.82905549184263,-16.5006421355859));
#4354=CARTESIAN_POINT('Ctrl Pts',(5.16926093331998,1.98702024135892,-16.9046725279354));
#4355=CARTESIAN_POINT('Ctrl Pts',(5.16926093331998,1.5,-16.9046725279354));
#4356=CARTESIAN_POINT('Ctrl Pts',(4.78311674583115,3.39167195352515,-15.3167796092213));
#4357=CARTESIAN_POINT('Ctrl Pts',(4.85927139387418,3.38586500997505,-15.7343778159555));
#4358=CARTESIAN_POINT('Ctrl Pts',(5.03479147335631,3.03126126894037,-16.7012851287558));
#4359=CARTESIAN_POINT('Ctrl Pts',(5.11787309728811,2.06065282410804,-17.1621791996756));
#4360=CARTESIAN_POINT('Ctrl Pts',(5.11787309728811,1.5,-17.1621791996756));
#4361=CARTESIAN_POINT('Ctrl Pts',(4.52620179048304,3.5,-15.3614660401452));
#4362=CARTESIAN_POINT('Ctrl Pts',(4.61287008968113,3.49682582892831,-15.8020562186093));
#4363=CARTESIAN_POINT('Ctrl Pts',(4.81260704435594,3.12776021382583,-16.8271123453133));
#4364=CARTESIAN_POINT('Ctrl Pts',(4.90701443601002,2.09659089000597,-17.3186688819131));
#4365=CARTESIAN_POINT('Ctrl Pts',(4.90701443601002,1.5,-17.3186688819131));
#4366=CARTESIAN_POINT('Ctrl Pts',(4.39723834528539,3.5,-15.3838972609268));
#4367=CARTESIAN_POINT('Ctrl Pts',(4.48580795261858,3.5,-15.8239192689325));
#4368=CARTESIAN_POINT('Ctrl Pts',(4.69097470550866,3.13689844619385,-16.8535291517815));
#4369=CARTESIAN_POINT('Ctrl Pts',(4.78862922788256,2.0999394922614,-17.3513408737731));
#4370=CARTESIAN_POINT('Ctrl Pts',(4.78862922788256,1.5,-17.3513408737731));
#4371=CARTESIAN_POINT('',(5.14821582408306,1.5,-16.7836782308273));
#4372=CARTESIAN_POINT('',(4.78862922788256,1.5,-17.3513408737731));
#4373=CARTESIAN_POINT('Origin',(4.65561174933027,1.5,-16.869359182835));
#4374=CARTESIAN_POINT('Ctrl Pts',(4.78862922788256,1.5,-17.3513408737731));
#4375=CARTESIAN_POINT('Ctrl Pts',(4.78862922788256,2.0999394922614,-17.3513408737731));
#4376=CARTESIAN_POINT('Ctrl Pts',(4.69097470550866,3.13689844619385,-16.8535291517815));
#4377=CARTESIAN_POINT('Ctrl Pts',(4.48580795261858,3.5,-15.8239192689325));
#4378=CARTESIAN_POINT('Ctrl Pts',(4.39723834528539,3.5,-15.3838972609268));
#4379=CARTESIAN_POINT('Ctrl Pts',(4.88984242003819,3.,-15.2982163089191));
#4380=CARTESIAN_POINT('Ctrl Pts',(4.94767123023764,3.,-15.6306905272238));
#4381=CARTESIAN_POINT('Ctrl Pts',(5.0828976883758,2.7276738346454,-16.4081457577314));
#4382=CARTESIAN_POINT('Ctrl Pts',(5.14821582408306,1.94995461919601,-16.7836782308273));
#4383=CARTESIAN_POINT('Ctrl Pts',(5.14821582408306,1.5,-16.7836782308273));
#4384=CARTESIAN_POINT('Origin',(4.65561174933027,0.,-16.869359182835));
#4385=CARTESIAN_POINT('',(4.78862922788256,0.,-17.3513408737731));
#4386=CARTESIAN_POINT('',(5.14821582408306,0.,-16.7836782308273));
#4387=CARTESIAN_POINT('Origin',(0.,1.5,0.));
#4388=CARTESIAN_POINT('',(3.8,1.5,-17.5943172643897));
#4389=CARTESIAN_POINT('Origin',(0.,1.5,0.));
#4390=CARTESIAN_POINT('Ctrl Pts',(3.98241630103172,2.99999999999999,-16.8588962088955));
#4391=CARTESIAN_POINT('Ctrl Pts',(3.97041646240025,2.96091031260646,-16.9072741989227));
#4392=CARTESIAN_POINT('Ctrl Pts',(3.95908388078384,2.92042142352817,-16.9529621066737));
#4393=CARTESIAN_POINT('Ctrl Pts',(3.9044038377119,2.70805640190994,-17.1734076192896));
#4394=CARTESIAN_POINT('Ctrl Pts',(3.86181482308045,2.4638828706341,-17.3451075052953));
#4395=CARTESIAN_POINT('Ctrl Pts',(3.81439813352353,2.01642278639952,-17.5362704204775));
#4396=CARTESIAN_POINT('Ctrl Pts',(3.8,1.73762051153794,-17.5943172643897));
#4397=CARTESIAN_POINT('Ctrl Pts',(3.8,1.5,-17.5943172643897));
#4398=CARTESIAN_POINT('Origin',(0.,0.,0.));
#4399=CARTESIAN_POINT('',(3.8,0.,-17.5943172643897));
#4400=CARTESIAN_POINT('Origin',(4.51517160992995,3.,2.50678958812661));
#4401=CARTESIAN_POINT('',(9.2352888229978,3.,3.8352888229978));
#4402=CARTESIAN_POINT('Origin',(9.66760158993988,3.,3.40297605605572));
#4403=CARTESIAN_POINT('',(15.2982163089191,3.,4.88984242003819));
#4404=CARTESIAN_POINT('',(4.42949065792226,3.,2.9993936628794));
#4405=CARTESIAN_POINT('Origin',(15.3838972609268,3.,4.3972383452854));
#4406=CARTESIAN_POINT('Ctrl Pts',(15.2982163089191,3.,4.88984242003819));
#4407=CARTESIAN_POINT('Ctrl Pts',(15.6306905272238,3.,4.94767123023765));
#4408=CARTESIAN_POINT('Ctrl Pts',(16.4081457577314,2.72767383464539,5.08289768837581));
#4409=CARTESIAN_POINT('Ctrl Pts',(16.7836782308273,1.94995461919601,5.14821582408307));
#4410=CARTESIAN_POINT('Ctrl Pts',(16.7836782308273,1.5,5.14821582408307));
#4411=CARTESIAN_POINT('Ctrl Pts',(15.2982163089191,3.13089969389957,4.88984242003819));
#4412=CARTESIAN_POINT('Ctrl Pts',(15.6594423217738,3.12890420746771,4.95260677254904));
#4413=CARTESIAN_POINT('Ctrl Pts',(16.500642135586,2.82905549184263,5.09888365992522));
#4414=CARTESIAN_POINT('Ctrl Pts',(16.9046725279354,1.9870202413589,5.16926093331999));
#4415=CARTESIAN_POINT('Ctrl Pts',(16.9046725279354,1.5,5.16926093331999));
#4416=CARTESIAN_POINT('Ctrl Pts',(15.3167796092213,3.39167195352515,4.78311674583115));
#4417=CARTESIAN_POINT('Ctrl Pts',(15.7343778159556,3.38586500997505,4.85927139387419));
#4418=CARTESIAN_POINT('Ctrl Pts',(16.7012851287559,3.03126126894038,5.03479147335633));
#4419=CARTESIAN_POINT('Ctrl Pts',(17.1621791996756,2.06065282410798,5.11787309728811));
#4420=CARTESIAN_POINT('Ctrl Pts',(17.1621791996756,1.5,5.11787309728811));
#4421=CARTESIAN_POINT('Ctrl Pts',(15.3614660401452,3.5,4.52620179048305));
#4422=CARTESIAN_POINT('Ctrl Pts',(15.8020562186093,3.49682582892831,4.61287008968115));
#4423=CARTESIAN_POINT('Ctrl Pts',(16.8271123453133,3.12776021382584,4.81260704435595));
#4424=CARTESIAN_POINT('Ctrl Pts',(17.3186688819131,2.09659089000589,4.90701443601003));
#4425=CARTESIAN_POINT('Ctrl Pts',(17.3186688819131,1.5,4.90701443601003));
#4426=CARTESIAN_POINT('Ctrl Pts',(15.3838972609268,3.5,4.3972383452854));
#4427=CARTESIAN_POINT('Ctrl Pts',(15.8239192689326,3.5,4.4858079526186));
#4428=CARTESIAN_POINT('Ctrl Pts',(16.8535291517816,3.13689844619386,4.69097470550868));
#4429=CARTESIAN_POINT('Ctrl Pts',(17.3513408737731,2.09993949226132,4.78862922788257));
#4430=CARTESIAN_POINT('Ctrl Pts',(17.3513408737731,1.5,4.78862922788257));
#4431=CARTESIAN_POINT('',(16.7836782308273,1.5,5.14821582408307));
#4432=CARTESIAN_POINT('',(17.3513408737731,1.5,4.78862922788257));
#4433=CARTESIAN_POINT('Origin',(16.869359182835,1.5,4.65561174933027));
#4434=CARTESIAN_POINT('Ctrl Pts',(17.3513408737731,1.5,4.78862922788257));
#4435=CARTESIAN_POINT('Ctrl Pts',(17.3513408737731,2.09993949226132,4.78862922788257));
#4436=CARTESIAN_POINT('Ctrl Pts',(16.8535291517816,3.13689844619386,4.69097470550868));
#4437=CARTESIAN_POINT('Ctrl Pts',(15.8239192689326,3.5,4.4858079526186));
#4438=CARTESIAN_POINT('Ctrl Pts',(15.3838972609268,3.5,4.3972383452854));
#4439=CARTESIAN_POINT('Ctrl Pts',(15.2982163089191,3.,4.88984242003819));
#4440=CARTESIAN_POINT('Ctrl Pts',(15.6306905272238,3.,4.94767123023765));
#4441=CARTESIAN_POINT('Ctrl Pts',(16.4081457577314,2.72767383464539,5.08289768837581));
#4442=CARTESIAN_POINT('Ctrl Pts',(16.7836782308273,1.94995461919601,5.14821582408307));
#4443=CARTESIAN_POINT('Ctrl Pts',(16.7836782308273,1.5,5.14821582408307));
#4444=CARTESIAN_POINT('Origin',(16.869359182835,0.,4.65561174933027));
#4445=CARTESIAN_POINT('',(17.3513408737731,0.,4.78862922788257));
#4446=CARTESIAN_POINT('',(16.7836782308273,0.,5.14821582408307));
#4447=CARTESIAN_POINT('Origin',(0.,1.5,0.));
#4448=CARTESIAN_POINT('',(17.5943172643897,1.5,3.8));
#4449=CARTESIAN_POINT('Origin',(0.,1.5,0.));
#4450=CARTESIAN_POINT('Ctrl Pts',(16.8588962088955,2.99999999999998,3.98241630103172));
#4451=CARTESIAN_POINT('Ctrl Pts',(16.9072741989227,2.96091031260646,3.97041646240025));
#4452=CARTESIAN_POINT('Ctrl Pts',(16.9529621066737,2.92042142352817,3.95908388078383));
#4453=CARTESIAN_POINT('Ctrl Pts',(17.1734076192896,2.70805640190994,3.90440383771189));
#4454=CARTESIAN_POINT('Ctrl Pts',(17.3451075052953,2.4638828706341,3.86181482308044));
#4455=CARTESIAN_POINT('Ctrl Pts',(17.5362704204775,2.01642278639952,3.81439813352353));
#4456=CARTESIAN_POINT('Ctrl Pts',(17.5943172643897,1.73762051153794,3.8));
#4457=CARTESIAN_POINT('Ctrl Pts',(17.5943172643897,1.5,3.8));
#4458=CARTESIAN_POINT('Origin',(0.,0.,0.));
#4459=CARTESIAN_POINT('',(17.5943172643897,0.,3.8));
#4460=CARTESIAN_POINT('Origin',(-2.50678958812661,3.,4.51517160992995));
#4461=CARTESIAN_POINT('',(-3.8352888229978,3.,9.2352888229978));
#4462=CARTESIAN_POINT('Origin',(-3.40297605605572,3.,9.66760158993988));
#4463=CARTESIAN_POINT('',(-4.88984242003819,3.,15.2982163089191));
#4464=CARTESIAN_POINT('',(-2.9993936628794,3.,4.42949065792226));
#4465=CARTESIAN_POINT('Origin',(-4.3972383452854,3.,15.3838972609268));
#4466=CARTESIAN_POINT('Ctrl Pts',(-4.88984242003819,3.,15.2982163089191));
#4467=CARTESIAN_POINT('Ctrl Pts',(-4.94767123023765,3.,15.6306905272238));
#4468=CARTESIAN_POINT('Ctrl Pts',(-5.0828976883758,2.7276738346454,16.4081457577314));
#4469=CARTESIAN_POINT('Ctrl Pts',(-5.14821582408307,1.94995461919601,16.7836782308273));
#4470=CARTESIAN_POINT('Ctrl Pts',(-5.14821582408307,1.5,16.7836782308273));
#4471=CARTESIAN_POINT('Ctrl Pts',(-4.88984242003819,3.13089969389958,15.2982163089191));
#4472=CARTESIAN_POINT('Ctrl Pts',(-4.95260677254904,3.1289042074677,15.6594423217738));
#4473=CARTESIAN_POINT('Ctrl Pts',(-5.09888365992521,2.82905549184263,16.5006421355859));
#4474=CARTESIAN_POINT('Ctrl Pts',(-5.16926093331999,1.98702024135892,16.9046725279354));
#4475=CARTESIAN_POINT('Ctrl Pts',(-5.16926093331999,1.5,16.9046725279354));
#4476=CARTESIAN_POINT('Ctrl Pts',(-4.78311674583115,3.39167195352515,15.3167796092213));
#4477=CARTESIAN_POINT('Ctrl Pts',(-4.8592713938742,3.38586500997505,15.7343778159556));
#4478=CARTESIAN_POINT('Ctrl Pts',(-5.03479147335631,3.03126126894038,16.7012851287558));
#4479=CARTESIAN_POINT('Ctrl Pts',(-5.11787309728811,2.06065282410806,17.1621791996756));
#4480=CARTESIAN_POINT('Ctrl Pts',(-5.11787309728811,1.5,17.1621791996756));
#4481=CARTESIAN_POINT('Ctrl Pts',(-4.52620179048304,3.5,15.3614660401452));
#4482=CARTESIAN_POINT('Ctrl Pts',(-4.61287008968116,3.49682582892831,15.8020562186094));
#4483=CARTESIAN_POINT('Ctrl Pts',(-4.81260704435594,3.12776021382584,16.8271123453132));
#4484=CARTESIAN_POINT('Ctrl Pts',(-4.90701443601003,2.09659089000599,17.3186688819131));
#4485=CARTESIAN_POINT('Ctrl Pts',(-4.90701443601003,1.5,17.3186688819131));
#4486=CARTESIAN_POINT('Ctrl Pts',(-4.3972383452854,3.5,15.3838972609268));
#4487=CARTESIAN_POINT('Ctrl Pts',(-4.48580795261861,3.5,15.8239192689327));
#4488=CARTESIAN_POINT('Ctrl Pts',(-4.69097470550866,3.13689844619386,16.8535291517815));
#4489=CARTESIAN_POINT('Ctrl Pts',(-4.78862922788257,2.09993949226142,17.3513408737731));
#4490=CARTESIAN_POINT('Ctrl Pts',(-4.78862922788257,1.5,17.3513408737731));
#4491=CARTESIAN_POINT('',(-5.14821582408307,1.5,16.7836782308273));
#4492=CARTESIAN_POINT('',(-4.78862922788257,1.5,17.3513408737731));
#4493=CARTESIAN_POINT('Origin',(-4.65561174933027,1.5,16.869359182835));
#4494=CARTESIAN_POINT('Ctrl Pts',(-4.78862922788257,1.5,17.3513408737731));
#4495=CARTESIAN_POINT('Ctrl Pts',(-4.78862922788257,2.09993949226142,17.3513408737731));
#4496=CARTESIAN_POINT('Ctrl Pts',(-4.69097470550866,3.13689844619386,16.8535291517815));
#4497=CARTESIAN_POINT('Ctrl Pts',(-4.48580795261861,3.5,15.8239192689327));
#4498=CARTESIAN_POINT('Ctrl Pts',(-4.3972383452854,3.5,15.3838972609268));
#4499=CARTESIAN_POINT('Ctrl Pts',(-4.88984242003819,3.,15.2982163089191));
#4500=CARTESIAN_POINT('Ctrl Pts',(-4.94767123023765,3.,15.6306905272238));
#4501=CARTESIAN_POINT('Ctrl Pts',(-5.0828976883758,2.7276738346454,16.4081457577314));
#4502=CARTESIAN_POINT('Ctrl Pts',(-5.14821582408307,1.94995461919601,16.7836782308273));
#4503=CARTESIAN_POINT('Ctrl Pts',(-5.14821582408307,1.5,16.7836782308273));
#4504=CARTESIAN_POINT('Origin',(-4.65561174933027,0.,16.869359182835));
#4505=CARTESIAN_POINT('',(-4.78862922788257,0.,17.3513408737731));
#4506=CARTESIAN_POINT('',(-5.14821582408307,0.,16.7836782308273));
#4507=CARTESIAN_POINT('Origin',(0.,1.5,0.));
#4508=CARTESIAN_POINT('',(-3.8,1.5,17.5943172643897));
#4509=CARTESIAN_POINT('Origin',(0.,1.5,0.));
#4510=CARTESIAN_POINT('Ctrl Pts',(-3.98241630103172,2.99999999999998,16.8588962088955));
#4511=CARTESIAN_POINT('Ctrl Pts',(-3.97041646240025,2.96091031260645,16.9072741989227));
#4512=CARTESIAN_POINT('Ctrl Pts',(-3.95908388078383,2.92042142352817,16.9529621066737));
#4513=CARTESIAN_POINT('Ctrl Pts',(-3.90440383771189,2.70805640190994,17.1734076192896));
#4514=CARTESIAN_POINT('Ctrl Pts',(-3.86181482308044,2.4638828706341,17.3451075052953));
#4515=CARTESIAN_POINT('Ctrl Pts',(-3.81439813352352,2.01642278639952,17.5362704204775));
#4516=CARTESIAN_POINT('Ctrl Pts',(-3.8,1.73762051153794,17.5943172643897));
#4517=CARTESIAN_POINT('Ctrl Pts',(-3.8,1.5,17.5943172643897));
#4518=CARTESIAN_POINT('Origin',(0.,0.,0.));
#4519=CARTESIAN_POINT('',(-3.8,0.,17.5943172643897));
#4520=CARTESIAN_POINT('Origin',(4.65561174933027,0.,16.869359182835));
#4521=CARTESIAN_POINT('',(5.14821582408306,1.5,16.7836782308273));
#4522=CARTESIAN_POINT('',(5.14821582408306,0.,16.7836782308273));
#4523=CARTESIAN_POINT('',(4.78862922788256,1.5,17.3513408737731));
#4524=CARTESIAN_POINT('Origin',(4.65561174933027,1.5,16.869359182835));
#4525=CARTESIAN_POINT('',(4.78862922788256,0.,17.3513408737731));
#4526=CARTESIAN_POINT('Ctrl Pts',(5.14821582408307,1.5,16.7836782308273));
#4527=CARTESIAN_POINT('Ctrl Pts',(5.14821582408307,1.83747044218147,16.7836782308273));
#4528=CARTESIAN_POINT('Ctrl Pts',(5.1005945137505,2.62559485382959,16.5098898220245));
#4529=CARTESIAN_POINT('Ctrl Pts',(4.96694852339974,2.9999999999999,15.7415211487254));
#4530=CARTESIAN_POINT('Ctrl Pts',(4.88984242003824,3.,15.2982163089195));
#4531=CARTESIAN_POINT('Ctrl Pts',(5.16926093331999,1.5,16.9046725279354));
#4532=CARTESIAN_POINT('Ctrl Pts',(5.16926093331999,1.86527002766722,16.9046725279354));
#4533=CARTESIAN_POINT('Ctrl Pts',(5.11797299565218,2.71822957915824,16.6100615834664));
#4534=CARTESIAN_POINT('Ctrl Pts',(4.97352933380022,3.1282390100199,15.7798573834629));
#4535=CARTESIAN_POINT('Ctrl Pts',(4.88984242003825,3.13089969389957,15.2982163089195));
#4536=CARTESIAN_POINT('Ctrl Pts',(5.11787309728446,1.5,17.1621791996733));
#4537=CARTESIAN_POINT('Ctrl Pts',(5.11787309728446,1.92049519749372,17.1621791996733));
#4538=CARTESIAN_POINT('Ctrl Pts',(5.05728713354349,2.90271636534747,16.8261525801103));
#4539=CARTESIAN_POINT('Ctrl Pts',(4.88465762386402,3.38392925938574,15.8735846062641));
#4540=CARTESIAN_POINT('Ctrl Pts',(4.7831167458274,3.39167195352126,15.3167796092224));
#4541=CARTESIAN_POINT('Ctrl Pts',(4.90701443601003,1.5,17.3186688819131));
#4542=CARTESIAN_POINT('Ctrl Pts',(4.90701443601003,1.9474491045597,17.3186688819131));
#4543=CARTESIAN_POINT('Ctrl Pts',(4.83816733709031,2.99204582563689,16.9601740634195));
#4544=CARTESIAN_POINT('Ctrl Pts',(4.64176105606521,3.49576771574749,15.9489274062632));
#4545=CARTESIAN_POINT('Ctrl Pts',(4.52620179048313,3.5,15.3614660401456));
#4546=CARTESIAN_POINT('Ctrl Pts',(4.78862922788257,1.5,17.3513408737731));
#4547=CARTESIAN_POINT('Ctrl Pts',(4.78862922788257,1.94996058957535,17.3513408737731));
#4548=CARTESIAN_POINT('Ctrl Pts',(4.7174418371199,3.00079313843944,16.988401014956));
#4549=CARTESIAN_POINT('Ctrl Pts',(4.5153327220186,3.49999999999987,15.9706010563816));
#4550=CARTESIAN_POINT('Ctrl Pts',(4.39723834528548,3.5,15.3838972609273));
#4551=CARTESIAN_POINT('',(4.88984242003824,3.,15.2982163089195));
#4552=CARTESIAN_POINT('Origin',(4.39723834528545,3.,15.3838972609271));
#4553=CARTESIAN_POINT('Ctrl Pts',(4.39723834528548,3.5,15.3838972609273));
#4554=CARTESIAN_POINT('Ctrl Pts',(4.5153327220186,3.49999999999987,15.9706010563816));
#4555=CARTESIAN_POINT('Ctrl Pts',(4.7174418371199,3.00079313843944,16.988401014956));
#4556=CARTESIAN_POINT('Ctrl Pts',(4.78862922788257,1.94996058957535,17.3513408737731));
#4557=CARTESIAN_POINT('Ctrl Pts',(4.78862922788257,1.5,17.3513408737731));
#4558=CARTESIAN_POINT('Ctrl Pts',(5.14821582408307,1.5,16.7836782308273));
#4559=CARTESIAN_POINT('Ctrl Pts',(5.14821582408307,1.83747044218147,16.7836782308273));
#4560=CARTESIAN_POINT('Ctrl Pts',(5.1005945137505,2.62559485382959,16.5098898220245));
#4561=CARTESIAN_POINT('Ctrl Pts',(4.96694852339974,2.9999999999999,15.7415211487254));
#4562=CARTESIAN_POINT('Ctrl Pts',(4.88984242003824,3.,15.2982163089195));
#4563=CARTESIAN_POINT('Origin',(3.20163125678861,3.,8.51001327859197));
#4564=CARTESIAN_POINT('',(3.8352888229978,3.,9.23528882299781));
#4565=CARTESIAN_POINT('Origin',(3.40297605605572,3.,9.66760158993989));
#4566=CARTESIAN_POINT('',(3.6942353315414,3.,8.42433232658428));
#4567=CARTESIAN_POINT('Origin',(5.22497216032182,3.5,17.2249721603218));
#4568=CARTESIAN_POINT('',(3.8352888229978,3.5,9.23528882299781));
#4569=CARTESIAN_POINT('Origin',(0.,0.,0.));
#4570=CARTESIAN_POINT('Origin',(0.,1.5,0.));
#4571=CARTESIAN_POINT('Origin',(0.0642135623730934,3.5,2.63578643762691));
#4572=CARTESIAN_POINT('',(1.27312021108357,5.5,3.84469308633739));
#4573=CARTESIAN_POINT('',(1.61964447673548E-15,5.20502979985904,4.05));
#4574=CARTESIAN_POINT('Ctrl Pts',(1.27312021108357,5.5,3.84469308633739));
#4575=CARTESIAN_POINT('Ctrl Pts',(0.948329636798532,5.5,3.95224326920144));
#4576=CARTESIAN_POINT('Ctrl Pts',(0.594535225518646,5.4276867804695,4.0207818733296));
#4577=CARTESIAN_POINT('Ctrl Pts',(0.16725726680385,5.27447710336968,4.04743943979589));
#4578=CARTESIAN_POINT('Ctrl Pts',(0.0829965888967014,5.24101286839439,4.05));
#4579=CARTESIAN_POINT('Ctrl Pts',(1.5390417636565E-15,5.20502979985904,
4.05));
#4580=CARTESIAN_POINT('Origin',(2.90566182226115E-15,3.5,2.57157287525382));
#4581=CARTESIAN_POINT('',(5.2495023853709,5.5,7.82107526062471));
#4582=CARTESIAN_POINT('Origin',(5.2495023853709,3.5,7.82107526062471));
#4583=CARTESIAN_POINT('',(0.0642135623730934,5.5,2.63578643762691));
#4584=CARTESIAN_POINT('Origin',(-1.98185797387199,3.5,4.55343084912581));
#4585=CARTESIAN_POINT('',(-1.27312021108357,5.5,3.84469308633739));
#4586=CARTESIAN_POINT('Ctrl Pts',(1.73666371494836E-15,5.20502979985904,
4.05));
#4587=CARTESIAN_POINT('Ctrl Pts',(-0.0829965888966976,5.24101286839439,
4.05));
#4588=CARTESIAN_POINT('Ctrl Pts',(-0.167257266803847,5.27447710336968,4.04743943979589));
#4589=CARTESIAN_POINT('Ctrl Pts',(-0.594535225518643,5.4276867804695,4.02078187332959));
#4590=CARTESIAN_POINT('Ctrl Pts',(-0.94832963679853,5.5,3.95224326920144));
#4591=CARTESIAN_POINT('Ctrl Pts',(-1.27312021108357,5.5,3.84469308633739));
#4592=CARTESIAN_POINT('',(-5.2495023853709,5.5,7.8210752606247));
#4593=CARTESIAN_POINT('',(-1.98185797387199,5.5,4.55343084912581));
#4594=CARTESIAN_POINT('Origin',(-5.24950238537091,3.5,7.82107526062471));
#4595=CARTESIAN_POINT('Origin',(-9.23528882299781,3.5,3.8352888229978));
#4596=CARTESIAN_POINT('',(-7.82107526062471,5.5,5.24950238537089));
#4597=CARTESIAN_POINT('',(-9.23528882299781,5.5,3.8352888229978));
#4598=CARTESIAN_POINT('Origin',(-7.82107526062471,3.5,5.24950238537089));
#4599=CARTESIAN_POINT('',(-3.8352888229978,3.5,9.2352888229978));
#4600=CARTESIAN_POINT('',(-5.15643059968403,2.5,7.91414704631157));
#4601=CARTESIAN_POINT('Origin',(-6.5352888229978,2.5,6.5352888229978));
#4602=CARTESIAN_POINT('Origin',(5.55111512312578E-16,5.5,0.));
#4603=CARTESIAN_POINT('',(-3.84469308633739,5.5,1.27312021108357));
#4604=CARTESIAN_POINT('Origin',(0.,5.5,0.));
#4605=CARTESIAN_POINT('',(-2.63578643762691,5.5,0.0642135623730934));
#4606=CARTESIAN_POINT('Origin',(2.63578643762691,3.5,-0.0642135623730944));
#4607=CARTESIAN_POINT('',(3.84469308633739,5.5,-1.27312021108357));
#4608=CARTESIAN_POINT('',(4.05,5.20502979985904,-2.27481470058951E-15));
#4609=CARTESIAN_POINT('Ctrl Pts',(3.84469308633739,5.5,-1.27312021108357));
#4610=CARTESIAN_POINT('Ctrl Pts',(3.95224326920144,5.5,-0.948329636798534));
#4611=CARTESIAN_POINT('Ctrl Pts',(4.02078187332959,5.4276867804695,-0.594535225518648));
#4612=CARTESIAN_POINT('Ctrl Pts',(4.04743943979589,5.27447710336968,-0.167257266803851));
#4613=CARTESIAN_POINT('Ctrl Pts',(4.05,5.24101286839439,-0.0829965888967023));
#4614=CARTESIAN_POINT('Ctrl Pts',(4.05,5.20502979985904,-2.17838029533499E-15));
#4615=CARTESIAN_POINT('Origin',(2.57157287525382,3.5,-2.70616862252382E-15));
#4616=CARTESIAN_POINT('',(7.82107526062471,5.5,-5.24950238537089));
#4617=CARTESIAN_POINT('Origin',(7.82107526062471,3.5,-5.2495023853709));
#4618=CARTESIAN_POINT('',(2.63578643762691,5.5,-0.0642135623730944));
#4619=CARTESIAN_POINT('Origin',(4.55343084912581,3.5,1.98185797387199));
#4620=CARTESIAN_POINT('',(3.84469308633739,5.5,1.27312021108357));
#4621=CARTESIAN_POINT('Ctrl Pts',(4.05,5.20502979985904,-1.8829933394592E-15));
#4622=CARTESIAN_POINT('Ctrl Pts',(4.05,5.24101286839439,0.0829965888966981));
#4623=CARTESIAN_POINT('Ctrl Pts',(4.04743943979589,5.27447710336968,0.167257266803847));
#4624=CARTESIAN_POINT('Ctrl Pts',(4.02078187332959,5.4276867804695,0.594535225518644));
#4625=CARTESIAN_POINT('Ctrl Pts',(3.95224326920144,5.5,0.948329636798531));
#4626=CARTESIAN_POINT('Ctrl Pts',(3.84469308633739,5.5,1.27312021108357));
#4627=CARTESIAN_POINT('',(7.8210752606247,5.5,5.2495023853709));
#4628=CARTESIAN_POINT('',(4.55343084912581,5.5,1.98185797387199));
#4629=CARTESIAN_POINT('Origin',(7.82107526062471,3.5,5.24950238537091));
#4630=CARTESIAN_POINT('Origin',(3.8352888229978,3.5,9.23528882299781));
#4631=CARTESIAN_POINT('',(9.2352888229978,3.5,3.8352888229978));
#4632=CARTESIAN_POINT('',(3.8352888229978,5.5,9.23528882299781));
#4633=CARTESIAN_POINT('',(7.91414704631157,2.5,5.15643059968403));
#4634=CARTESIAN_POINT('Origin',(6.5352888229978,2.5,6.5352888229978));
#4635=CARTESIAN_POINT('Origin',(5.55111512312578E-16,5.5,0.));
#4636=CARTESIAN_POINT('Origin',(0.,5.5,0.));
#4637=CARTESIAN_POINT('Origin',(-0.064213562373094,3.5,-2.63578643762691));
#4638=CARTESIAN_POINT('',(-1.27312021108357,5.5,-3.84469308633739));
#4639=CARTESIAN_POINT('',(-1.93437279428217E-15,5.20502979985904,-4.05));
#4640=CARTESIAN_POINT('Ctrl Pts',(-1.27312021108357,5.5,-3.84469308633739));
#4641=CARTESIAN_POINT('Ctrl Pts',(-0.948329636798533,5.5,-3.95224326920144));
#4642=CARTESIAN_POINT('Ctrl Pts',(-0.594535225518647,5.4276867804695,-4.0207818733296));
#4643=CARTESIAN_POINT('Ctrl Pts',(-0.167257266803851,5.27447710336968,-4.04743943979589));
#4644=CARTESIAN_POINT('Ctrl Pts',(-0.0829965888967024,5.24101286839439,
-4.05));
#4645=CARTESIAN_POINT('Ctrl Pts',(-2.31893940146328E-15,5.20502979985904,
-4.05));
#4646=CARTESIAN_POINT('Origin',(-2.69749500514394E-15,3.5,-2.57157287525382));
#4647=CARTESIAN_POINT('',(-5.24950238537089,5.5,-7.82107526062471));
#4648=CARTESIAN_POINT('Origin',(-5.2495023853709,3.5,-7.82107526062471));
#4649=CARTESIAN_POINT('',(-0.064213562373094,5.5,-2.63578643762691));
#4650=CARTESIAN_POINT('Origin',(1.98185797387199,3.5,-4.55343084912581));
#4651=CARTESIAN_POINT('',(1.27312021108357,5.5,-3.84469308633739));
#4652=CARTESIAN_POINT('Ctrl Pts',(-1.53054353841983E-15,5.20502979985904,
-4.05));
#4653=CARTESIAN_POINT('Ctrl Pts',(0.0829965888966983,5.24101286839439,-4.05));
#4654=CARTESIAN_POINT('Ctrl Pts',(0.167257266803847,5.27447710336968,-4.04743943979589));
#4655=CARTESIAN_POINT('Ctrl Pts',(0.594535225518643,5.4276867804695,-4.0207818733296));
#4656=CARTESIAN_POINT('Ctrl Pts',(0.94832963679853,5.5,-3.95224326920144));
#4657=CARTESIAN_POINT('Ctrl Pts',(1.27312021108357,5.5,-3.84469308633739));
#4658=CARTESIAN_POINT('',(5.2495023853709,5.5,-7.8210752606247));
#4659=CARTESIAN_POINT('',(1.98185797387199,5.5,-4.55343084912581));
#4660=CARTESIAN_POINT('Origin',(5.24950238537091,3.5,-7.82107526062471));
#4661=CARTESIAN_POINT('Origin',(-3.8352888229978,3.5,-9.23528882299781));
#4662=CARTESIAN_POINT('',(-9.2352888229978,3.5,-3.8352888229978));
#4663=CARTESIAN_POINT('',(-7.8210752606247,5.5,-5.2495023853709));
#4664=CARTESIAN_POINT('Origin',(-7.82107526062471,3.5,-5.24950238537091));
#4665=CARTESIAN_POINT('',(-3.8352888229978,5.5,-9.23528882299781));
#4666=CARTESIAN_POINT('',(-7.91414704631157,2.5,-5.15643059968403));
#4667=CARTESIAN_POINT('Origin',(-6.5352888229978,2.5,-6.5352888229978));
#4668=CARTESIAN_POINT('Origin',(5.55111512312578E-16,5.5,0.));
#4669=CARTESIAN_POINT('',(9.23528882299781,5.5,-3.8352888229978));
#4670=CARTESIAN_POINT('Origin',(0.,5.5,0.));
#4671=CARTESIAN_POINT('Origin',(9.23528882299781,3.5,-3.8352888229978));
#4672=CARTESIAN_POINT('',(3.8352888229978,3.5,-9.2352888229978));
#4673=CARTESIAN_POINT('',(5.15643059968403,2.5,-7.91414704631157));
#4674=CARTESIAN_POINT('Origin',(6.5352888229978,2.5,-6.5352888229978));
#4675=CARTESIAN_POINT('Origin',(-2.63578643762691,3.5,0.0642135623730934));
#4676=CARTESIAN_POINT('',(-4.05,5.20502979985904,1.6311964010621E-15));
#4677=CARTESIAN_POINT('Ctrl Pts',(-3.84469308633739,5.5,1.27312021108358));
#4678=CARTESIAN_POINT('Ctrl Pts',(-3.94337035306816,5.5,0.97512493783632));
#4679=CARTESIAN_POINT('Ctrl Pts',(-4.01031152353191,5.43866127032498,0.649040881112429));
#4680=CARTESIAN_POINT('Ctrl Pts',(-4.04560571759543,5.2949914189229,0.219619783433408));
#4681=CARTESIAN_POINT('Ctrl Pts',(-4.05,5.25207649193624,0.108515341248477));
#4682=CARTESIAN_POINT('Ctrl Pts',(-4.05,5.20502979985904,1.76941794549634E-15));
#4683=CARTESIAN_POINT('Origin',(-2.57157287525382,3.5,2.73218947466347E-15));
#4684=CARTESIAN_POINT('Origin',(-4.55343084912581,3.5,-1.98185797387199));
#4685=CARTESIAN_POINT('',(-3.84469308633739,5.5,-1.27312021108357));
#4686=CARTESIAN_POINT('Ctrl Pts',(-4.05,5.20502979985904,1.23142094554445E-15));
#4687=CARTESIAN_POINT('Ctrl Pts',(-4.05,5.24101286839439,-0.0829965888966984));
#4688=CARTESIAN_POINT('Ctrl Pts',(-4.04743943979589,5.27447710336968,-0.167257266803846));
#4689=CARTESIAN_POINT('Ctrl Pts',(-4.02078187332959,5.4276867804695,-0.594535225518643));
#4690=CARTESIAN_POINT('Ctrl Pts',(-3.95224326920144,5.5,-0.94832963679853));
#4691=CARTESIAN_POINT('Ctrl Pts',(-3.84469308633739,5.5,-1.27312021108357));
#4692=CARTESIAN_POINT('',(-4.55343084912581,5.5,-1.98185797387199));
#4693=CARTESIAN_POINT('Origin',(6.35851212770116,2.5,-6.35851212770117));
#4694=CARTESIAN_POINT('',(5.15643059968403,2.5,-7.20704026512502));
#4695=CARTESIAN_POINT('',(5.15643059968403,2.5,-7.5605936557183));
#4696=CARTESIAN_POINT('',(7.20704026512502,2.5,-5.15643059968403));
#4697=CARTESIAN_POINT('Origin',(6.18173543240453,2.5,-6.18173543240453));
#4698=CARTESIAN_POINT('Origin',(6.18173543240453,2.5,-6.18173543240453));
#4699=CARTESIAN_POINT('Origin',(4.06041508884489,2.5,-4.06041508884489));
#4700=CARTESIAN_POINT('',(3.69925322414468,2.5,-1.64864355870369));
#4701=CARTESIAN_POINT('',(5.08571992156538,2.5,-3.03511025612439));
#4702=CARTESIAN_POINT('',(1.64864355870369,2.5,-3.69925322414468));
#4703=CARTESIAN_POINT('Ctrl Pts',(1.64864355870369,2.5,-3.69925322414468));
#4704=CARTESIAN_POINT('Ctrl Pts',(1.64864355870369,2.68390305123379,-3.69925322414468));
#4705=CARTESIAN_POINT('Ctrl Pts',(1.68535461948397,2.87881075792133,-3.68351260524478));
#4706=CARTESIAN_POINT('Ctrl Pts',(1.82708793549429,3.23549606264471,-3.6153056071772));
#4707=CARTESIAN_POINT('Ctrl Pts',(1.93141440686326,3.39743641342302,-3.56224765963296));
#4708=CARTESIAN_POINT('Ctrl Pts',(2.15949760649515,3.65309293585307,-3.42877793793513));
#4709=CARTESIAN_POINT('Ctrl Pts',(2.29892603207584,3.76444204827067,-3.33914364643509));
#4710=CARTESIAN_POINT('Ctrl Pts',(2.58626539251396,3.91293855030933,-3.12188605053384));
#4711=CARTESIAN_POINT('Ctrl Pts',(2.7338250487974,3.95,-2.99373987881363));
#4712=CARTESIAN_POINT('Ctrl Pts',(2.99373987881363,3.95,-2.7338250487974));
#4713=CARTESIAN_POINT('Ctrl Pts',(3.12188605053384,3.91293855030933,-2.58626539251395));
#4714=CARTESIAN_POINT('Ctrl Pts',(3.33914364643509,3.76444204827067,-2.29892603207583));
#4715=CARTESIAN_POINT('Ctrl Pts',(3.42877793793513,3.65309293585307,-2.15949760649515));
#4716=CARTESIAN_POINT('Ctrl Pts',(3.56224765963296,3.39743641342302,-1.93141440686326));
#4717=CARTESIAN_POINT('Ctrl Pts',(3.6153056071772,3.23549606264471,-1.82708793549428));
#4718=CARTESIAN_POINT('Ctrl Pts',(3.68351260524478,2.87881075792133,-1.68535461948397));
#4719=CARTESIAN_POINT('Ctrl Pts',(3.69925322414468,2.68390305123379,-1.64864355870369));
#4720=CARTESIAN_POINT('Ctrl Pts',(3.69925322414468,2.5,-1.64864355870369));
#4721=CARTESIAN_POINT('Ctrl Pts',(3.69925322414468,2.5,-1.64864355870369));
#4722=CARTESIAN_POINT('Ctrl Pts',(3.69925322414468,2.31609694876621,-1.64864355870369));
#4723=CARTESIAN_POINT('Ctrl Pts',(3.68351260524478,2.12118924207867,-1.68535461948397));
#4724=CARTESIAN_POINT('Ctrl Pts',(3.6153056071772,1.76450393735529,-1.82708793549428));
#4725=CARTESIAN_POINT('Ctrl Pts',(3.56224765963296,1.60256358657698,-1.93141440686326));
#4726=CARTESIAN_POINT('Ctrl Pts',(3.42877793793513,1.34690706414693,-2.15949760649515));
#4727=CARTESIAN_POINT('Ctrl Pts',(3.33914364643509,1.23555795172933,-2.29892603207583));
#4728=CARTESIAN_POINT('Ctrl Pts',(3.12188605053384,1.08706144969067,-2.58626539251395));
#4729=CARTESIAN_POINT('Ctrl Pts',(2.99373987881363,1.05,-2.7338250487974));
#4730=CARTESIAN_POINT('Ctrl Pts',(2.7338250487974,1.05,-2.99373987881363));
#4731=CARTESIAN_POINT('Ctrl Pts',(2.58626539251395,1.08706144969067,-3.12188605053384));
#4732=CARTESIAN_POINT('Ctrl Pts',(2.29892603207584,1.23555795172933,-3.33914364643509));
#4733=CARTESIAN_POINT('Ctrl Pts',(2.15949760649515,1.34690706414693,-3.42877793793513));
#4734=CARTESIAN_POINT('Ctrl Pts',(1.93141440686326,1.60256358657698,-3.56224765963296));
#4735=CARTESIAN_POINT('Ctrl Pts',(1.82708793549429,1.76450393735529,-3.6153056071772));
#4736=CARTESIAN_POINT('Ctrl Pts',(1.68535461948397,2.12118924207867,-3.68351260524478));
#4737=CARTESIAN_POINT('Ctrl Pts',(1.64864355870369,2.31609694876621,-3.69925322414468));
#4738=CARTESIAN_POINT('Ctrl Pts',(1.64864355870369,2.5,-3.69925322414468));
#4739=CARTESIAN_POINT('Origin',(6.35851212770117,2.5,6.35851212770116));
#4740=CARTESIAN_POINT('',(7.20704026512502,2.5,5.15643059968403));
#4741=CARTESIAN_POINT('',(7.5605936557183,2.5,5.15643059968403));
#4742=CARTESIAN_POINT('',(5.15643059968404,2.5,7.20704026512502));
#4743=CARTESIAN_POINT('Origin',(6.18173543240453,2.5,6.18173543240453));
#4744=CARTESIAN_POINT('Origin',(6.18173543240453,2.5,6.18173543240453));
#4745=CARTESIAN_POINT('Origin',(4.06041508884489,2.5,4.06041508884489));
#4746=CARTESIAN_POINT('',(1.64864355870369,2.5,3.69925322414468));
#4747=CARTESIAN_POINT('',(3.03511025612439,2.5,5.08571992156538));
#4748=CARTESIAN_POINT('',(3.69925322414468,2.5,1.64864355870369));
#4749=CARTESIAN_POINT('Ctrl Pts',(3.69925322414468,2.5,1.64864355870369));
#4750=CARTESIAN_POINT('Ctrl Pts',(3.69925322414468,2.68390305123379,1.64864355870369));
#4751=CARTESIAN_POINT('Ctrl Pts',(3.68351260524478,2.87881075792133,1.68535461948397));
#4752=CARTESIAN_POINT('Ctrl Pts',(3.6153056071772,3.23549606264471,1.82708793549429));
#4753=CARTESIAN_POINT('Ctrl Pts',(3.56224765963296,3.39743641342302,1.93141440686326));
#4754=CARTESIAN_POINT('Ctrl Pts',(3.42877793793513,3.65309293585307,2.15949760649515));
#4755=CARTESIAN_POINT('Ctrl Pts',(3.33914364643509,3.76444204827067,2.29892603207584));
#4756=CARTESIAN_POINT('Ctrl Pts',(3.12188605053384,3.91293855030933,2.58626539251395));
#4757=CARTESIAN_POINT('Ctrl Pts',(2.99373987881363,3.95,2.7338250487974));
#4758=CARTESIAN_POINT('Ctrl Pts',(2.7338250487974,3.95,2.99373987881363));
#4759=CARTESIAN_POINT('Ctrl Pts',(2.58626539251395,3.91293855030933,3.12188605053384));
#4760=CARTESIAN_POINT('Ctrl Pts',(2.29892603207584,3.76444204827067,3.33914364643509));
#4761=CARTESIAN_POINT('Ctrl Pts',(2.15949760649515,3.65309293585307,3.42877793793513));
#4762=CARTESIAN_POINT('Ctrl Pts',(1.93141440686326,3.39743641342302,3.56224765963296));
#4763=CARTESIAN_POINT('Ctrl Pts',(1.82708793549428,3.23549606264471,3.6153056071772));
#4764=CARTESIAN_POINT('Ctrl Pts',(1.68535461948397,2.87881075792133,3.68351260524478));
#4765=CARTESIAN_POINT('Ctrl Pts',(1.64864355870369,2.68390305123379,3.69925322414468));
#4766=CARTESIAN_POINT('Ctrl Pts',(1.64864355870369,2.5,3.69925322414468));
#4767=CARTESIAN_POINT('Ctrl Pts',(1.64864355870369,2.5,3.69925322414468));
#4768=CARTESIAN_POINT('Ctrl Pts',(1.64864355870369,2.31609694876621,3.69925322414468));
#4769=CARTESIAN_POINT('Ctrl Pts',(1.68535461948397,2.12118924207867,3.68351260524478));
#4770=CARTESIAN_POINT('Ctrl Pts',(1.82708793549429,1.76450393735529,3.6153056071772));
#4771=CARTESIAN_POINT('Ctrl Pts',(1.93141440686326,1.60256358657698,3.56224765963296));
#4772=CARTESIAN_POINT('Ctrl Pts',(2.15949760649515,1.34690706414693,3.42877793793513));
#4773=CARTESIAN_POINT('Ctrl Pts',(2.29892603207584,1.23555795172933,3.33914364643509));
#4774=CARTESIAN_POINT('Ctrl Pts',(2.58626539251395,1.08706144969067,3.12188605053384));
#4775=CARTESIAN_POINT('Ctrl Pts',(2.7338250487974,1.05,2.99373987881363));
#4776=CARTESIAN_POINT('Ctrl Pts',(2.99373987881363,1.05,2.7338250487974));
#4777=CARTESIAN_POINT('Ctrl Pts',(3.12188605053384,1.08706144969067,2.58626539251395));
#4778=CARTESIAN_POINT('Ctrl Pts',(3.33914364643509,1.23555795172933,2.29892603207584));
#4779=CARTESIAN_POINT('Ctrl Pts',(3.42877793793513,1.34690706414693,2.15949760649515));
#4780=CARTESIAN_POINT('Ctrl Pts',(3.56224765963296,1.60256358657698,1.93141440686326));
#4781=CARTESIAN_POINT('Ctrl Pts',(3.6153056071772,1.76450393735529,1.82708793549429));
#4782=CARTESIAN_POINT('Ctrl Pts',(3.68351260524478,2.12118924207867,1.68535461948397));
#4783=CARTESIAN_POINT('Ctrl Pts',(3.69925322414468,2.31609694876621,1.64864355870369));
#4784=CARTESIAN_POINT('Ctrl Pts',(3.69925322414468,2.5,1.64864355870369));
#4785=CARTESIAN_POINT('Origin',(-6.35851212770116,2.5,6.35851212770117));
#4786=CARTESIAN_POINT('',(-5.15643059968403,2.5,7.20704026512502));
#4787=CARTESIAN_POINT('',(-5.15643059968403,2.5,7.5605936557183));
#4788=CARTESIAN_POINT('',(-7.20704026512502,2.5,5.15643059968404));
#4789=CARTESIAN_POINT('Origin',(-6.18173543240453,2.5,6.18173543240453));
#4790=CARTESIAN_POINT('Origin',(-6.18173543240453,2.5,6.18173543240453));
#4791=CARTESIAN_POINT('Origin',(-4.06041508884489,2.5,4.06041508884489));
#4792=CARTESIAN_POINT('',(-3.69925322414468,2.5,1.64864355870369));
#4793=CARTESIAN_POINT('',(-5.08571992156538,2.5,3.03511025612439));
#4794=CARTESIAN_POINT('',(-1.64864355870369,2.5,3.69925322414468));
#4795=CARTESIAN_POINT('Ctrl Pts',(-1.64864355870369,2.5,3.69925322414468));
#4796=CARTESIAN_POINT('Ctrl Pts',(-1.64864355870369,2.68390305123379,3.69925322414468));
#4797=CARTESIAN_POINT('Ctrl Pts',(-1.68535461948397,2.87881075792133,3.68351260524478));
#4798=CARTESIAN_POINT('Ctrl Pts',(-1.82708793549429,3.23549606264471,3.6153056071772));
#4799=CARTESIAN_POINT('Ctrl Pts',(-1.93141440686326,3.39743641342302,3.56224765963296));
#4800=CARTESIAN_POINT('Ctrl Pts',(-2.15949760649515,3.65309293585307,3.42877793793513));
#4801=CARTESIAN_POINT('Ctrl Pts',(-2.29892603207584,3.76444204827067,3.33914364643509));
#4802=CARTESIAN_POINT('Ctrl Pts',(-2.58626539251395,3.91293855030933,3.12188605053384));
#4803=CARTESIAN_POINT('Ctrl Pts',(-2.7338250487974,3.95,2.99373987881363));
#4804=CARTESIAN_POINT('Ctrl Pts',(-2.99373987881363,3.95,2.7338250487974));
#4805=CARTESIAN_POINT('Ctrl Pts',(-3.12188605053384,3.91293855030933,2.58626539251395));
#4806=CARTESIAN_POINT('Ctrl Pts',(-3.33914364643509,3.76444204827067,2.29892603207584));
#4807=CARTESIAN_POINT('Ctrl Pts',(-3.42877793793513,3.65309293585307,2.15949760649515));
#4808=CARTESIAN_POINT('Ctrl Pts',(-3.56224765963296,3.39743641342302,1.93141440686326));
#4809=CARTESIAN_POINT('Ctrl Pts',(-3.6153056071772,3.23549606264471,1.82708793549428));
#4810=CARTESIAN_POINT('Ctrl Pts',(-3.68351260524478,2.87881075792133,1.68535461948397));
#4811=CARTESIAN_POINT('Ctrl Pts',(-3.69925322414468,2.68390305123379,1.64864355870369));
#4812=CARTESIAN_POINT('Ctrl Pts',(-3.69925322414468,2.5,1.64864355870369));
#4813=CARTESIAN_POINT('Ctrl Pts',(-3.69925322414468,2.5,1.64864355870369));
#4814=CARTESIAN_POINT('Ctrl Pts',(-3.69925322414468,2.31609694876621,1.64864355870369));
#4815=CARTESIAN_POINT('Ctrl Pts',(-3.68351260524478,2.12118924207867,1.68535461948397));
#4816=CARTESIAN_POINT('Ctrl Pts',(-3.6153056071772,1.76450393735529,1.82708793549429));
#4817=CARTESIAN_POINT('Ctrl Pts',(-3.56224765963296,1.60256358657698,1.93141440686326));
#4818=CARTESIAN_POINT('Ctrl Pts',(-3.42877793793513,1.34690706414693,2.15949760649515));
#4819=CARTESIAN_POINT('Ctrl Pts',(-3.33914364643509,1.23555795172933,2.29892603207584));
#4820=CARTESIAN_POINT('Ctrl Pts',(-3.12188605053384,1.08706144969067,2.58626539251395));
#4821=CARTESIAN_POINT('Ctrl Pts',(-2.99373987881363,1.05,2.7338250487974));
#4822=CARTESIAN_POINT('Ctrl Pts',(-2.7338250487974,1.05,2.99373987881363));
#4823=CARTESIAN_POINT('Ctrl Pts',(-2.58626539251395,1.08706144969067,3.12188605053384));
#4824=CARTESIAN_POINT('Ctrl Pts',(-2.29892603207584,1.23555795172933,3.33914364643509));
#4825=CARTESIAN_POINT('Ctrl Pts',(-2.15949760649515,1.34690706414693,3.42877793793513));
#4826=CARTESIAN_POINT('Ctrl Pts',(-1.93141440686326,1.60256358657698,3.56224765963296));
#4827=CARTESIAN_POINT('Ctrl Pts',(-1.82708793549429,1.76450393735529,3.6153056071772));
#4828=CARTESIAN_POINT('Ctrl Pts',(-1.68535461948397,2.12118924207867,3.68351260524478));
#4829=CARTESIAN_POINT('Ctrl Pts',(-1.64864355870369,2.31609694876621,3.69925322414468));
#4830=CARTESIAN_POINT('Ctrl Pts',(-1.64864355870369,2.5,3.69925322414468));
#4831=CARTESIAN_POINT('Origin',(-6.35851212770117,2.5,-6.35851212770117));
#4832=CARTESIAN_POINT('',(-7.20704026512502,2.5,-5.15643059968403));
#4833=CARTESIAN_POINT('',(-7.5605936557183,2.5,-5.15643059968403));
#4834=CARTESIAN_POINT('',(-5.15643059968404,2.5,-7.20704026512502));
#4835=CARTESIAN_POINT('Origin',(-6.18173543240453,2.5,-6.18173543240453));
#4836=CARTESIAN_POINT('Origin',(-6.18173543240453,2.5,-6.18173543240453));
#4837=CARTESIAN_POINT('Origin',(-4.06041508884489,2.5,-4.06041508884489));
#4838=CARTESIAN_POINT('',(-1.64864355870369,2.5,-3.69925322414468));
#4839=CARTESIAN_POINT('',(-3.03511025612439,2.5,-5.08571992156538));
#4840=CARTESIAN_POINT('',(-3.69925322414468,2.5,-1.64864355870369));
#4841=CARTESIAN_POINT('Ctrl Pts',(-3.69925322414468,2.5,-1.64864355870369));
#4842=CARTESIAN_POINT('Ctrl Pts',(-3.69925322414468,2.68390305123379,-1.64864355870369));
#4843=CARTESIAN_POINT('Ctrl Pts',(-3.68351260524478,2.87881075792133,-1.68535461948397));
#4844=CARTESIAN_POINT('Ctrl Pts',(-3.6153056071772,3.23549606264471,-1.82708793549429));
#4845=CARTESIAN_POINT('Ctrl Pts',(-3.56224765963296,3.39743641342302,-1.93141440686326));
#4846=CARTESIAN_POINT('Ctrl Pts',(-3.42877793793513,3.65309293585307,-2.15949760649515));
#4847=CARTESIAN_POINT('Ctrl Pts',(-3.33914364643509,3.76444204827067,-2.29892603207584));
#4848=CARTESIAN_POINT('Ctrl Pts',(-3.12188605053384,3.91293855030933,-2.58626539251395));
#4849=CARTESIAN_POINT('Ctrl Pts',(-2.99373987881363,3.95,-2.7338250487974));
#4850=CARTESIAN_POINT('Ctrl Pts',(-2.7338250487974,3.95,-2.99373987881363));
#4851=CARTESIAN_POINT('Ctrl Pts',(-2.58626539251395,3.91293855030933,-3.12188605053384));
#4852=CARTESIAN_POINT('Ctrl Pts',(-2.29892603207584,3.76444204827067,-3.33914364643509));
#4853=CARTESIAN_POINT('Ctrl Pts',(-2.15949760649515,3.65309293585307,-3.42877793793513));
#4854=CARTESIAN_POINT('Ctrl Pts',(-1.93141440686326,3.39743641342302,-3.56224765963296));
#4855=CARTESIAN_POINT('Ctrl Pts',(-1.82708793549428,3.23549606264471,-3.6153056071772));
#4856=CARTESIAN_POINT('Ctrl Pts',(-1.68535461948397,2.87881075792133,-3.68351260524478));
#4857=CARTESIAN_POINT('Ctrl Pts',(-1.64864355870369,2.68390305123379,-3.69925322414468));
#4858=CARTESIAN_POINT('Ctrl Pts',(-1.64864355870369,2.5,-3.69925322414468));
#4859=CARTESIAN_POINT('Ctrl Pts',(-1.64864355870369,2.5,-3.69925322414468));
#4860=CARTESIAN_POINT('Ctrl Pts',(-1.64864355870369,2.31609694876621,-3.69925322414468));
#4861=CARTESIAN_POINT('Ctrl Pts',(-1.68535461948397,2.12118924207867,-3.68351260524478));
#4862=CARTESIAN_POINT('Ctrl Pts',(-1.82708793549429,1.76450393735529,-3.6153056071772));
#4863=CARTESIAN_POINT('Ctrl Pts',(-1.93141440686326,1.60256358657698,-3.56224765963296));
#4864=CARTESIAN_POINT('Ctrl Pts',(-2.15949760649515,1.34690706414693,-3.42877793793513));
#4865=CARTESIAN_POINT('Ctrl Pts',(-2.29892603207584,1.23555795172933,-3.33914364643509));
#4866=CARTESIAN_POINT('Ctrl Pts',(-2.58626539251395,1.08706144969067,-3.12188605053384));
#4867=CARTESIAN_POINT('Ctrl Pts',(-2.7338250487974,1.05,-2.99373987881363));
#4868=CARTESIAN_POINT('Ctrl Pts',(-2.99373987881363,1.05,-2.7338250487974));
#4869=CARTESIAN_POINT('Ctrl Pts',(-3.12188605053384,1.08706144969067,-2.58626539251395));
#4870=CARTESIAN_POINT('Ctrl Pts',(-3.33914364643509,1.23555795172933,-2.29892603207584));
#4871=CARTESIAN_POINT('Ctrl Pts',(-3.42877793793513,1.34690706414693,-2.15949760649515));
#4872=CARTESIAN_POINT('Ctrl Pts',(-3.56224765963296,1.60256358657698,-1.93141440686326));
#4873=CARTESIAN_POINT('Ctrl Pts',(-3.6153056071772,1.76450393735529,-1.82708793549429));
#4874=CARTESIAN_POINT('Ctrl Pts',(-3.68351260524478,2.12118924207867,-1.68535461948397));
#4875=CARTESIAN_POINT('Ctrl Pts',(-3.69925322414468,2.31609694876621,-1.64864355870369));
#4876=CARTESIAN_POINT('Ctrl Pts',(-3.69925322414468,2.5,-1.64864355870369));
#4877=CARTESIAN_POINT('Origin',(5.55111512312578E-16,5.5,0.));
#4878=CARTESIAN_POINT('Origin',(0.,5.5,0.));
#4879=CARTESIAN_POINT('Origin',(9.2352888229978,3.5,3.83528882299781));
#4880=CARTESIAN_POINT('Origin',(3.8352888229978,3.5,-9.2352888229978));
#4881=CARTESIAN_POINT('Origin',(-3.8352888229978,3.5,9.2352888229978));
#4882=CARTESIAN_POINT('Origin',(-9.2352888229978,3.5,-3.8352888229978));
#4883=CARTESIAN_POINT('Origin',(0.,1.5,0.));
#4884=CARTESIAN_POINT('Origin',(0.,0.,0.));
#4885=CARTESIAN_POINT('Origin',(0.,1.5,0.));
#4886=CARTESIAN_POINT('Origin',(0.,1.5,0.));
#4887=CARTESIAN_POINT('Origin',(0.,0.,0.));
#4888=CARTESIAN_POINT('Origin',(0.,1.5,0.));
#4889=CARTESIAN_POINT('Origin',(0.,1.5,0.));
#4890=CARTESIAN_POINT('Origin',(0.,0.,0.));
#4891=CARTESIAN_POINT('Origin',(0.,1.5,0.));
#4892=CARTESIAN_POINT('Origin',(0.,1.5,0.));
#4893=CARTESIAN_POINT('Origin',(1.1327982892113E-15,2.75,-18.5));
#4894=CARTESIAN_POINT('',(-2.25,2.,-18.5));
#4895=CARTESIAN_POINT('',(-2.25,2.75,-18.5));
#4896=CARTESIAN_POINT('Origin',(1.1327982892113E-15,2.,-18.5));
#4897=CARTESIAN_POINT('Origin',(-18.5,2.75,2.2655965784226E-15));
#4898=CARTESIAN_POINT('',(-20.75,2.,2.54114210823076E-15));
#4899=CARTESIAN_POINT('',(-20.75,2.75,2.54114210823076E-15));
#4900=CARTESIAN_POINT('Origin',(-18.5,2.,2.2655965784226E-15));
#4901=CARTESIAN_POINT('Origin',(1.1327982892113E-15,2.75,18.5));
#4902=CARTESIAN_POINT('',(-2.25,2.,18.5));
#4903=CARTESIAN_POINT('',(-2.25,2.75,18.5));
#4904=CARTESIAN_POINT('Origin',(1.1327982892113E-15,2.,18.5));
#4905=CARTESIAN_POINT('Origin',(18.5,2.75,0.));
#4906=CARTESIAN_POINT('',(16.25,2.,2.75545529808154E-16));
#4907=CARTESIAN_POINT('',(16.25,2.75,2.75545529808154E-16));
#4908=CARTESIAN_POINT('Origin',(18.5,2.,0.));
#4909=CARTESIAN_POINT('Origin',(1.1327982892113E-15,2.,18.5));
#4910=CARTESIAN_POINT('',(-1.3,2.,18.5));
#4911=CARTESIAN_POINT('Origin',(1.1327982892113E-15,2.,18.5));
#4912=CARTESIAN_POINT('Origin',(1.1327982892113E-15,-58.8237514917066,18.5));
#4913=CARTESIAN_POINT('',(-1.3,-58.8237514917066,18.5));
#4914=CARTESIAN_POINT('Origin',(-18.5,2.,2.2655965784226E-15));
#4915=CARTESIAN_POINT('',(-19.8,2.,2.42480066231176E-15));
#4916=CARTESIAN_POINT('Origin',(-18.5,2.,2.2655965784226E-15));
#4917=CARTESIAN_POINT('Origin',(-18.5,-58.8237514917066,2.2655965784226E-15));
#4918=CARTESIAN_POINT('',(-19.8,-58.8237514917066,2.42480066231176E-15));
#4919=CARTESIAN_POINT('Origin',(1.1327982892113E-15,2.,-18.5));
#4920=CARTESIAN_POINT('',(-1.3,2.,-18.5));
#4921=CARTESIAN_POINT('Origin',(1.1327982892113E-15,2.,-18.5));
#4922=CARTESIAN_POINT('Origin',(1.1327982892113E-15,-58.8237514917066,-18.5));
#4923=CARTESIAN_POINT('',(-1.3,-58.8237514917066,-18.5));
#4924=CARTESIAN_POINT('Origin',(18.5,2.,0.));
#4925=CARTESIAN_POINT('',(17.2,2.,1.59204083889156E-16));
#4926=CARTESIAN_POINT('Origin',(18.5,2.,0.));
#4927=CARTESIAN_POINT('Origin',(18.5,-58.8237514917066,0.));
#4928=CARTESIAN_POINT('',(17.2,-58.8237514917066,1.59204083889156E-16));
#4929=CARTESIAN_POINT('Origin',(0.,0.,0.));
#4930=CARTESIAN_POINT('',(-4.05,0.,4.95981953654678E-16));
#4931=CARTESIAN_POINT('Origin',(-17.5943172643897,0.,-3.8));
#4932=CARTESIAN_POINT('Origin',(3.8,0.,-17.5943172643897));
#4933=CARTESIAN_POINT('Origin',(17.5943172643897,0.,3.8));
#4934=CARTESIAN_POINT('Origin',(-3.8,0.,17.5943172643897));
#4935=UNCERTAINTY_MEASURE_WITH_UNIT(LENGTH_MEASURE(0.01),#4939,
'DISTANCE_ACCURACY_VALUE',
'Maximum model space distance between geometric entities at asserted c
onnectivities');
#4936=UNCERTAINTY_MEASURE_WITH_UNIT(LENGTH_MEASURE(0.01),#4939,
'DISTANCE_ACCURACY_VALUE',
'Maximum model space distance between geometric entities at asserted c
onnectivities');
#4937=(
GEOMETRIC_REPRESENTATION_CONTEXT(3)
GLOBAL_UNCERTAINTY_ASSIGNED_CONTEXT((#4935))
GLOBAL_UNIT_ASSIGNED_CONTEXT((#4939,#4941,#4942))
REPRESENTATION_CONTEXT('','3D')
);
#4938=(
GEOMETRIC_REPRESENTATION_CONTEXT(3)
GLOBAL_UNCERTAINTY_ASSIGNED_CONTEXT((#4936))
GLOBAL_UNIT_ASSIGNED_CONTEXT((#4939,#4941,#4942))
REPRESENTATION_CONTEXT('','3D')
);
#4939=(
LENGTH_UNIT()
NAMED_UNIT(*)
SI_UNIT(.MILLI.,.METRE.)
);
#4940=(
LENGTH_UNIT()
NAMED_UNIT(*)
SI_UNIT(.CENTI.,.METRE.)
);
#4941=(
NAMED_UNIT(*)
PLANE_ANGLE_UNIT()
SI_UNIT($,.RADIAN.)
);
#4942=(
NAMED_UNIT(*)
SI_UNIT($,.STERADIAN.)
SOLID_ANGLE_UNIT()
);
#4943=SHAPE_DEFINITION_REPRESENTATION(#4944,#4945);
#4944=PRODUCT_DEFINITION_SHAPE('',$,#4947);
#4945=SHAPE_REPRESENTATION('',(#2397),#4937);
#4946=PRODUCT_DEFINITION_CONTEXT('part definition',#4951,'design');
#4947=PRODUCT_DEFINITION('shaft_lock_2','shaft_lock_2',#4948,#4946);
#4948=PRODUCT_DEFINITION_FORMATION('',$,#4953);
#4949=PRODUCT_RELATED_PRODUCT_CATEGORY('shaft_lock_2','shaft_lock_2',(#4953));
#4950=APPLICATION_PROTOCOL_DEFINITION('international standard',
'automotive_design',2009,#4951);
#4951=APPLICATION_CONTEXT(
'Core Data for Automotive Mechanical Design Process');
#4952=PRODUCT_CONTEXT('part definition',#4951,'mechanical');
#4953=PRODUCT('shaft_lock_2','shaft_lock_2',$,(#4952));
#4954=PRESENTATION_STYLE_ASSIGNMENT((#4955));
#4955=SURFACE_STYLE_USAGE(.BOTH.,#4958);
#4956=SURFACE_STYLE_RENDERING_WITH_PROPERTIES($,#4962,(#4957));
#4957=SURFACE_STYLE_TRANSPARENT(0.);
#4958=SURFACE_SIDE_STYLE('',(#4959,#4956));
#4959=SURFACE_STYLE_FILL_AREA(#4960);
#4960=FILL_AREA_STYLE('',(#4961));
#4961=FILL_AREA_STYLE_COLOUR('',#4962);
#4962=COLOUR_RGB('',0.0196078431372549,0.0196078431372549,0.0196078431372549);
ENDSEC;
END-ISO-10303-21;
